time,totalAgents,preyCount,predatorCount,preyJuvenileCount,preyAdultCount,predatorJuvenileCount,predatorAdultCount,avgPreyEnergy,avgPredatorEnergy,minPreyEnergy,maxPreyEnergy,minPredatorEnergy,maxPredatorEnergy,totalBirths,totalDeaths,totalKills,availableGrassPatches,totalGrassPatches,totalGrassFood,maxGrassFood,shelterOccupancy,shelterCapacity
0.333,40,32,8,11,21,3,5,80,80,80,80,80,80,0,0,0,6,6,600,600,0,0
1.333,40,32,8,11,21,3,5,80,80,80,80,80,80,0,0,0,6,6,600,600,0,0
2.333,40,32,8,11,21,3,5,80,80,80,80,80,80,0,0,0,6,6,600,600,0,0
3.333,40,32,8,11,21,3,5,80,80,80,80,80,80,0,0,0,6,6,600,600,0,0
4.333,40,32,8,11,21,3,5,80,80,80,80,80,80,0,0,0,6,6,600,600,0,0
5.333,40,32,8,11,21,3,5,80,80,80,80,80,80,0,0,0,6,6,600,600,0,0
6.333,40,32,8,11,21,3,5,80,80,80,80,80,80,0,0,0,6,6,600,600,0,0
7.333,40,32,8,11,21,3,5,80,80,80,80,80,80,0,0,0,6,6,600,600,0,0
8.333,40,32,8,11,21,3,5,80,80,80,80,80,80,0,0,0,6,6,600,600,0,0
9.333,40,32,8,11,21,3,5,80,80,80,80,80,80,0,0,0,6,6,600,600,0,0
10.333,40,32,8,11,21,3,5,80,80,80,80,80,80,0,0,0,6,6,600,600,0,0
11.333,40,32,8,11,21,3,5,80,80,80,80,80,80,0,0,0,6,6,600,600,0,0
12.333,40,32,8,11,21,3,5,80,80,80,80,80,80,0,0,0,6,6,600,600,0,0
13.333,40,32,8,11,21,3,5,80,80,80,80,80,80,0,0,0,6,6,600,600,0,0
14.333,40,32,8,11,21,3,5,80,80,80,80,80,80,0,0,0,6,6,600,600,0,0
15.333,40,32,8,11,21,3,5,80,80,80,80,80,80,0,0,0,6,6,600,600,0,0
16.333,40,32,8,11,21,3,5,80,80,80,80,80,80,0,0,0,6,6,600,600,0,0
17.333,40,32,8,11,21,3,5,80,80,80,80,80,80,0,0,0,6,6,600,600,0,0
18.333,40,32,8,11,21,3,5,80,80,80,80,80,80,0,0,0,6,6,600,600,0,0
19.333,40,32,8,11,21,3,5,80,80,80,80,80,80,0,0,0,6,6,600,600,0,0
20.333,40,32,8,11,21,3,5,80,80,80,80,80,80,0,0,0,6,6,600,600,0,0
21.333,40,32,8,11,21,3,5,80,80,80,80,80,80,0,0,0,6,6,600,600,0,0
22.333,40,32,8,11,21,3,5,80,80,80,80,80,80,0,0,0,6,6,600,600,0,0
23.333,40,32,8,11,21,3,5,80,80,80,80,80,80,0,0,0,6,6,600,600,0,0
24.333,40,32,8,11,21,3,5,80,80,80,80,80,80,0,0,0,6,6,600,600,0,0
25.333,40,32,8,11,21,3,5,80,80,80,80,80,80,0,0,0,6,6,600,600,0,0
26.333,40,32,8,11,21,3,5,80,80,80,80,80,80,0,0,0,6,6,600,600,0,0
27.333,40,32,8,11,21,3,5,80,80,80,80,80,80,0,0,0,6,6,600,600,0,0
28.333,40,32,8,11,21,3,5,80,80,80,80,80,80,0,0,0,6,6,600,600,0,0
29.333,40,32,8,11,21,3,5,80,80,80,80,80,80,0,0,0,6,6,600,600,0,0
30.333,40,32,8,11,21,3,5,80,80,80,80,80,80,0,0,0,6,6,600,600,0,0
31.333,40,32,8,11,21,3,5,80,80,80,80,80,80,0,0,0,6,6,600,600,0,0
32.333,40,32,8,11,21,3,5,80,80,80,80,80,80,0,0,0,6,6,600,600,0,0
33.333,40,32,8,11,21,3,5,80,80,80,80,80,80,0,0,0,6,6,600,600,0,0
34.333,40,32,8,11,21,3,5,80,80,80,80,80,80,0,0,0,6,6,600,600,0,0
35.333,40,32,8,11,21,3,5,80,80,80,80,80,80,0,0,0,6,6,600,600,0,0
36.333,40,32,8,11,21,3,5,80,80,80,80,80,80,0,0,0,6,6,600,600,0,0
37.333,40,32,8,11,21,3,5,80,80,80,80,80,80,0,0,0,6,6,600,600,0,0
38.333,40,32,8,11,21,3,5,80,80,80,80,80,80,0,0,0,6,6,600,600,0,0
39.333,40,32,8,11,21,3,5,80,80,80,80,80,80,0,0,0,6,6,600,600,0,0
40.333,40,32,8,11,21,3,5,80,80,80,80,80,80,0,0,0,6,6,600,600,0,0
41.333,40,32,8,11,21,3,5,80,80,80,80,80,80,0,0,0,6,6,600,600,0,0
42.333,40,32,8,11,21,3,5,80,80,80,80,80,80,0,0,0,6,6,600,600,0,0
43.333,40,32,8,11,21,3,5,80,80,80,80,80,80,0,0,0,6,6,600,600,0,0
44.333,40,32,8,11,21,3,5,80,80,80,80,80,80,0,0,0,6,6,600,600,0,0
45.333,40,32,8,11,21,3,5,80,80,80,80,80,80,0,0,0,6,6,600,600,0,0
46.333,40,32,8,11,21,3,5,80,80,80,80,80,80,0,0,0,6,6,600,600,0,0
47.333,40,32,8,11,21,3,5,80,80,80,80,80,80,0,0,0,6,6,600,600,0,0
48.333,40,32,8,11,21,3,5,80,80,80,80,80,80,0,0,0,6,6,600,600,0,0
49.333,40,32,8,11,21,3,5,80,80,80,80,80,80,0,0,0,6,6,600,600,0,0
50.333,40,32,8,11,21,3,5,80,80,80,80,80,80,0,0,0,6,6,600,600,0,0
51.333,40,32,8,11,21,3,5,80,80,80,80,80,80,0,0,0,6,6,600,600,0,0
52.333,40,32,8,11,21,3,5,80,80,80,80,80,80,0,0,0,6,6,600,600,0,0
53.333,40,32,8,11,21,3,5,80,80,80,80,80,80,0,0,0,6,6,600,600,0,0
54.333,40,32,8,11,21,3,5,80,80,80,80,80,80,0,0,0,6,6,600,600,0,0
55.333,40,32,8,11,21,3,5,80,80,80,80,80,80,0,0,0,6,6,600,600,0,0
56.333,40,32,8,11,21,3,5,80,80,80,80,80,80,0,0,0,6,6,600,600,0,0
57.333,40,32,8,11,21,3,5,80,80,80,80,80,80,0,0,0,6,6,600,600,0,0
58.333,40,32,8,11,21,3,5,80,80,80,80,80,80,0,0,0,6,6,600,600,0,0
59.333,40,32,8,11,21,3,5,80,80,80,80,80,80,0,0,0,6,6,600,600,0,0
60.333,40,32,8,11,21,3,5,80,80,80,80,80,80,0,0,0,6,6,600,600,0,0
61.333,40,32,8,11,21,3,5,80,80,80,80,80,80,0,0,0,6,6,600,600,0,0
62.333,40,32,8,11,21,3,5,80,80,80,80,80,80,0,0,0,6,6,600,600,0,0
63.333,40,32,8,11,21,3,5,80,80,80,80,80,80,0,0,0,6,6,600,600,0,0
64.333,40,32,8,11,21,3,5,80,80,80,80,80,80,0,0,0,6,6,600,600,0,0
65.333,40,32,8,11,21,3,5,80,80,80,80,80,80,0,0,0,6,6,600,600,0,0
66.333,40,32,8,11,21,3,5,80,80,80,80,80,80,0,0,0,6,6,600,600,0,0
67.333,40,32,8,11,21,3,5,80,80,80,80,80,80,0,0,0,6,6,600,600,0,0
68.333,40,32,8,11,21,3,5,80,80,80,80,80,80,0,0,0,6,6,600,600,0,0
69.333,40,32,8,11,21,3,5,80,80,80,80,80,80,0,0,0,6,6,600,600,0,0
70.333,40,32,8,11,21,3,5,80,80,80,80,80,80,0,0,0,6,6,600,600,0,0
71.333,40,32,8,11,21,3,5,80,80,80,80,80,80,0,0,0,6,6,600,600,0,0
72.333,40,32,8,11,21,3,5,80,80,80,80,80,80,0,0,0,6,6,600,600,0,0
73.333,40,32,8,11,21,3,5,80,80,80,80,80,80,0,0,0,6,6,600,600,0,0
74.333,40,32,8,11,21,3,5,80,80,80,80,80,80,0,0,0,6,6,600,600,0,0
75.333,40,32,8,11,21,3,5,80,80,80,80,80,80,0,0,0,6,6,600,600,0,0
76.333,40,32,8,11,21,3,5,80,80,80,80,80,80,0,0,0,6,6,600,600,0,0
77.333,40,32,8,11,21,3,5,80,80,80,80,80,80,0,0,0,6,6,600,600,0,0
78.333,40,32,8,11,21,3,5,80,80,80,80,80,80,0,0,0,6,6,600,600,0,0
79.333,40,32,8,11,21,3,5,80,80,80,80,80,80,0,0,0,6,6,600,600,0,0
80.333,40,32,8,11,21,3,5,80,80,80,80,80,80,0,0,0,6,6,600,600,0,0
81.333,40,32,8,11,21,3,5,80,80,80,80,80,80,0,0,0,6,6,600,600,0,0
82.333,40,32,8,11,21,3,5,80,80,80,80,80,80,0,0,0,6,6,600,600,0,0
83.333,40,32,8,11,21,3,5,80,80,80,80,80,80,0,0,0,6,6,600,600,0,0
84.333,40,32,8,11,21,3,5,80,80,80,80,80,80,0,0,0,6,6,600,600,0,0
85.333,40,32,8,11,21,3,5,80,80,80,80,80,80,0,0,0,6,6,600,600,0,0
86.333,40,32,8,11,21,3,5,80,80,80,80,80,80,0,0,0,6,6,600,600,0,0
87.333,40,32,8,11,21,3,5,80,80,80,80,80,80,0,0,0,6,6,600,600,0,0
88.333,40,32,8,11,21,3,5,80,80,80,80,80,80,0,0,0,6,6,600,600,0,0
89.333,40,32,8,11,21,3,5,80,80,80,80,80,80,0,0,0,6,6,600,600,0,0
90.333,40,32,8,11,21,3,5,80,80,80,80,80,80,0,0,0,6,6,600,600,0,0
91.333,40,32,8,11,21,3,5,80,80,80,80,80,80,0,0,0,6,6,600,600,0,0
92.333,40,32,8,11,21,3,5,80,80,80,80,80,80,0,0,0,6,6,600,600,0,0
93.333,40,32,8,11,21,3,5,80,80,80,80,80,80,0,0,0,6,6,600,600,0,0
94.333,40,32,8,11,21,3,5,80,80,80,80,80,80,0,0,0,6,6,600,600,0,0
95.333,40,32,8,11,21,3,5,80,80,80,80,80,80,0,0,0,6,6,600,600,0,0
96.333,40,32,8,11,21,3,5,80,80,80,80,80,80,0,0,0,6,6,600,600,0,0
97.333,40,32,8,11,21,3,5,80,80,80,80,80,80,0,0,0,6,6,600,600,0,0
98.334,40,32,8,11,21,3,5,80,80,80,80,80,80,0,0,0,6,6,600,600,0,0
99.334,40,32,8,11,21,3,5,80,80,80,80,80,80,0,0,0,6,6,600,600,0,0
100.334,40,32,8,11,21,3,5,80,80,80,80,80,80,0,0,0,6,6,600,600,0,0
101.334,40,32,8,11,21,3,5,80,80,80,80,80,80,0,0,0,6,6,600,600,0,0
102.334,40,32,8,11,21,3,5,80,80,80,80,80,80,0,0,0,6,6,600,600,0,0
103.334,40,32,8,11,21,3,5,80,80,80,80,80,80,0,0,0,6,6,600,600,0,0
104.334,40,32,8,11,21,3,5,80,80,80,80,80,80,0,0,0,6,6,600,600,0,0
105.334,40,32,8,11,21,3,5,80,80,80,80,80,80,0,0,0,6,6,600,600,0,0
106.334,40,32,8,11,21,3,5,80,80,80,80,80,80,0,0,0,6,6,600,600,0,0
107.334,40,32,8,11,21,3,5,80,80,80,80,80,80,0,0,0,6,6,600,600,0,0
108.334,40,32,8,11,21,3,5,80,80,80,80,80,80,0,0,0,6,6,600,600,0,0
109.334,40,32,8,11,21,3,5,80,80,80,80,80,80,0,0,0,6,6,600,600,0,0
110.334,40,32,8,11,21,3,5,80,80,80,80,80,80,0,0,0,6,6,600,600,0,0
111.334,40,32,8,11,21,3,5,80,80,80,80,80,80,0,0,0,6,6,600,600,0,0
112.334,40,32,8,11,21,3,5,80,80,80,80,80,80,0,0,0,6,6,600,600,0,0
113.334,40,32,8,11,21,3,5,80,80,80,80,80,80,0,0,0,6,6,600,600,0,0
114.334,40,32,8,11,21,3,5,80,80,80,80,80,80,0,0,0,6,6,600,600,0,0
115.334,40,32,8,11,21,3,5,80,80,80,80,80,80,0,0,0,6,6,600,600,0,0
116.334,40,32,8,11,21,3,5,80,80,80,80,80,80,0,0,0,6,6,600,600,0,0
117.334,40,32,8,11,21,3,5,80,80,80,80,80,80,0,0,0,6,6,600,600,0,0
118.334,40,32,8,11,21,3,5,80,80,80,80,80,80,0,0,0,6,6,600,600,0,0
119.334,40,32,8,11,21,3,5,80,80,80,80,80,80,0,0,0,6,6,600,600,0,0
120.334,40,32,8,11,21,3,5,80,80,80,80,80,80,0,0,0,6,6,600,600,0,0
121.334,40,32,8,11,21,3,5,80,80,80,80,80,80,0,0,0,6,6,600,600,0,0
122.334,40,32,8,11,21,3,5,80,80,80,80,80,80,0,0,0,6,6,600,600,0,0
123.334,40,32,8,11,21,3,5,80,80,80,80,80,80,0,0,0,6,6,600,600,0,0
124.334,40,32,8,11,21,3,5,80,80,80,80,80,80,0,0,0,6,6,600,600,0,0
125.334,40,32,8,11,21,3,5,80,80,80,80,80,80,0,0,0,6,6,600,600,0,0
126.334,40,32,8,11,21,3,5,80,80,80,80,80,80,0,0,0,6,6,600,600,0,0
127.334,40,32,8,11,21,3,5,80,80,80,80,80,80,0,0,0,6,6,600,600,0,0
128.334,40,32,8,11,21,3,5,80,80,80,80,80,80,0,0,0,6,6,600,600,0,0
129.334,40,32,8,11,21,3,5,80,80,80,80,80,80,0,0,0,6,6,600,600,0,0
130.334,40,32,8,11,21,3,5,80,80,80,80,80,80,0,0,0,6,6,600,600,0,0
131.334,40,32,8,11,21,3,5,80,80,80,80,80,80,0,0,0,6,6,600,600,0,0
132.334,40,32,8,11,21,3,5,80,80,80,80,80,80,0,0,0,6,6,600,600,0,0
133.334,40,32,8,11,21,3,5,80,80,80,80,80,80,0,0,0,6,6,600,600,0,0
134.334,40,32,8,11,21,3,5,80,80,80,80,80,80,0,0,0,6,6,600,600,0,0
135.334,40,32,8,11,21,3,5,80,80,80,80,80,80,0,0,0,6,6,600,600,0,0
136.334,40,32,8,11,21,3,5,80,80,80,80,80,80,0,0,0,6,6,600,600,0,0
137.334,40,32,8,11,21,3,5,80,80,80,80,80,80,0,0,0,6,6,600,600,0,0
138.334,40,32,8,11,21,3,5,80,80,80,80,80,80,0,0,0,6,6,600,600,0,0
139.334,40,32,8,11,21,3,5,80,80,80,80,80,80,0,0,0,6,6,600,600,0,0
140.334,40,32,8,11,21,3,5,80,80,80,80,80,80,0,0,0,6,6,600,600,0,0
141.334,40,32,8,11,21,3,5,80,80,80,80,80,80,0,0,0,6,6,600,600,0,0
142.334,40,32,8,11,21,3,5,80,80,80,80,80,80,0,0,0,6,6,600,600,0,0
143.334,40,32,8,11,21,3,5,80,80,80,80,80,80,0,0,0,6,6,600,600,0,0
144.334,40,32,8,11,21,3,5,80,80,80,80,80,80,0,0,0,6,6,600,600,0,0
145.334,40,32,8,11,21,3,5,80,80,80,80,80,80,0,0,0,6,6,600,600,0,0
146.333,40,32,8,11,21,3,5,80,80,80,80,80,80,0,0,0,6,6,600,600,0,0
147.333,40,32,8,11,21,3,5,80,80,80,80,80,80,0,0,0,6,6,600,600,0,0
148.333,40,32,8,11,21,3,5,80,80,80,80,80,80,0,0,0,6,6,600,600,0,0
149.333,40,32,8,11,21,3,5,80,80,80,80,80,80,0,0,0,6,6,600,600,0,0
150.333,40,32,8,11,21,3,5,80,80,80,80,80,80,0,0,0,6,6,600,600,0,0
151.333,40,32,8,11,21,3,5,80,80,80,80,80,80,0,0,0,6,6,600,600,0,0
152.333,40,32,8,11,21,3,5,80,80,80,80,80,80,0,0,0,6,6,600,600,0,0
153.333,40,32,8,11,21,3,5,80,80,80,80,80,80,0,0,0,6,6,600,600,0,0
154.333,40,32,8,11,21,3,5,80,80,80,80,80,80,0,0,0,6,6,600,600,0,0
155.333,40,32,8,11,21,3,5,80,80,80,80,80,80,0,0,0,6,6,600,600,0,0
156.333,40,32,8,11,21,3,5,80,80,80,80,80,80,0,0,0,6,6,600,600,0,0
157.333,40,32,8,11,21,3,5,80,80,80,80,80,80,0,0,0,6,6,600,600,0,0
158.333,40,32,8,11,21,3,5,80,80,80,80,80,80,0,0,0,6,6,600,600,0,0
159.333,40,32,8,11,21,3,5,80,80,80,80,80,80,0,0,0,6,6,600,600,0,0
160.333,40,32,8,11,21,3,5,80,80,80,80,80,80,0,0,0,6,6,600,600,0,0
161.333,40,32,8,11,21,3,5,80,80,80,80,80,80,0,0,0,6,6,600,600,0,0
162.333,40,32,8,11,21,3,5,80,80,80,80,80,80,0,0,0,6,6,600,600,0,0
163.333,40,32,8,11,21,3,5,80,80,80,80,80,80,0,0,0,6,6,600,600,0,0
164.333,40,32,8,11,21,3,5,80,80,80,80,80,80,0,0,0,6,6,600,600,0,0
165.333,40,32,8,11,21,3,5,80,80,80,80,80,80,0,0,0,6,6,600,600,0,0
166.333,40,32,8,11,21,3,5,80,80,80,80,80,80,0,0,0,6,6,600,600,0,0
167.333,40,32,8,11,21,3,5,80,80,80,80,80,80,0,0,0,6,6,600,600,0,0
168.333,40,32,8,11,21,3,5,80,80,80,80,80,80,0,0,0,6,6,600,600,0,0
169.333,40,32,8,11,21,3,5,80,80,80,80,80,80,0,0,0,6,6,600,600,0,0
170.333,40,32,8,11,21,3,5,80,80,80,80,80,80,0,0,0,6,6,600,600,0,0
171.333,40,32,8,11,21,3,5,80,80,80,80,80,80,0,0,0,6,6,600,600,0,0
172.333,40,32,8,11,21,3,5,80,80,80,80,80,80,0,0,0,6,6,600,600,0,0
173.333,40,32,8,11,21,3,5,80,80,80,80,80,80,0,0,0,6,6,600,600,0,0
174.333,40,32,8,11,21,3,5,80,80,80,80,80,80,0,0,0,6,6,600,600,0,0
175.333,40,32,8,11,21,3,5,80,80,80,80,80,80,0,0,0,6,6,600,600,0,0
176.333,40,32,8,11,21,3,5,80,80,80,80,80,80,0,0,0,6,6,600,600,0,0
177.333,40,32,8,11,21,3,5,80,80,80,80,80,80,0,0,0,6,6,600,600,0,0
178.333,40,32,8,11,21,3,5,80,80,80,80,80,80,0,0,0,6,6,600,600,0,0
179.333,40,32,8,11,21,3,5,80,80,80,80,80,80,0,0,0,6,6,600,600,0,0
180.333,40,32,8,11,21,3,5,80,80,80,80,80,80,0,0,0,6,6,600,600,0,0
181.333,40,32,8,11,21,3,5,80,80,80,80,80,80,0,0,0,6,6,600,600,0,0
182.333,40,32,8,11,21,3,5,80,80,80,80,80,80,0,0,0,6,6,600,600,0,0
183.333,40,32,8,11,21,3,5,80,80,80,80,80,80,0,0,0,6,6,600,600,0,0
184.333,40,32,8,11,21,3,5,80,80,80,80,80,80,0,0,0,6,6,600,600,0,0
185.333,40,32,8,11,21,3,5,80,80,80,80,80,80,0,0,0,6,6,600,600,0,0
186.333,40,32,8,11,21,3,5,80,80,80,80,80,80,0,0,0,6,6,600,600,0,0
187.333,40,32,8,11,21,3,5,80,80,80,80,80,80,0,0,0,6,6,600,600,0,0
188.333,40,32,8,11,21,3,5,80,80,80,80,80,80,0,0,0,6,6,600,600,0,0
189.333,40,32,8,11,21,3,5,80,80,80,80,80,80,0,0,0,6,6,600,600,0,0
190.333,40,32,8,11,21,3,5,80,80,80,80,80,80,0,0,0,6,6,600,600,0,0
191.333,40,32,8,11,21,3,5,80,80,80,80,80,80,0,0,0,6,6,600,600,0,0
192.333,40,32,8,11,21,3,5,80,80,80,80,80,80,0,0,0,6,6,600,600,0,0
193.333,40,32,8,11,21,3,5,80,80,80,80,80,80,0,0,0,6,6,600,600,0,0
194.333,40,32,8,11,21,3,5,80,80,80,80,80,80,0,0,0,6,6,600,600,0,0
195.333,40,32,8,11,21,3,5,80,80,80,80,80,80,0,0,0,6,6,600,600,0,0
196.333,40,32,8,11,21,3,5,80,80,80,80,80,80,0,0,0,6,6,600,600,0,0
197.333,40,32,8,11,21,3,5,80,80,80,80,80,80,0,0,0,6,6,600,600,0,0
198.333,40,32,8,11,21,3,5,80,80,80,80,80,80,0,0,0,6,6,600,600,0,0
199.333,40,32,8,11,21,3,5,80,80,80,80,80,80,0,0,0,6,6,600,600,0,0
200.333,40,32,8,11,21,3,5,80,80,80,80,80,80,0,0,0,6,6,600,600,0,0
201.333,40,32,8,11,21,3,5,80,80,80,80,80,80,0,0,0,6,6,600,600,0,0
202.333,40,32,8,11,21,3,5,80,80,80,80,80,80,0,0,0,6,6,600,600,0,0
203.333,40,32,8,11,21,3,5,80,80,80,80,80,80,0,0,0,6,6,600,600,0,0
204.333,40,32,8,11,21,3,5,80,80,80,80,80,80,0,0,0,6,6,600,600,0,0
205.333,40,32,8,11,21,3,5,80,80,80,80,80,80,0,0,0,6,6,600,600,0,0
206.333,40,32,8,11,21,3,5,80,80,80,80,80,80,0,0,0,6,6,600,600,0,0
207.333,40,32,8,11,21,3,5,80,80,80,80,80,80,0,0,0,6,6,600,600,0,0
208.333,40,32,8,11,21,3,5,80,80,80,80,80,80,0,0,0,6,6,600,600,0,0
209.333,40,32,8,11,21,3,5,80,80,80,80,80,80,0,0,0,6,6,600,600,0,0
210.333,40,32,8,11,21,3,5,80,80,80,80,80,80,0,0,0,6,6,600,600,0,0
211.332,40,32,8,11,21,3,5,80,80,80,80,80,80,0,0,0,6,6,600,600,0,0
212.332,40,32,8,11,21,3,5,80,80,80,80,80,80,0,0,0,6,6,600,600,0,0
213.332,40,32,8,11,21,3,5,80,80,80,80,80,80,0,0,0,6,6,600,600,0,0
214.332,40,32,8,11,21,3,5,80,80,80,80,80,80,0,0,0,6,6,600,600,0,0
215.332,40,32,8,11,21,3,5,80,80,80,80,80,80,0,0,0,6,6,600,600,0,0
216.332,40,32,8,11,21,3,5,80,80,80,80,80,80,0,0,0,6,6,600,600,0,0
217.332,40,32,8,11,21,3,5,80,80,80,80,80,80,0,0,0,6,6,600,600,0,0
218.332,40,32,8,11,21,3,5,80,80,80,80,80,80,0,0,0,6,6,600,600,0,0
219.332,40,32,8,11,21,3,5,80,80,80,80,80,80,0,0,0,6,6,600,600,0,0
220.332,40,32,8,11,21,3,5,80,80,80,80,80,80,0,0,0,6,6,600,600,0,0
221.332,40,32,8,11,21,3,5,80,80,80,80,80,80,0,0,0,6,6,600,600,0,0
222.332,40,32,8,11,21,3,5,80,80,80,80,80,80,0,0,0,6,6,600,600,0,0
223.332,40,32,8,11,21,3,5,80,80,80,80,80,80,0,0,0,6,6,600,600,0,0
224.332,40,32,8,11,21,3,5,80,80,80,80,80,80,0,0,0,6,6,600,600,0,0
225.332,40,32,8,11,21,3,5,80,80,80,80,80,80,0,0,0,6,6,600,600,0,0
226.332,40,32,8,11,21,3,5,80,80,80,80,80,80,0,0,0,6,6,600,600,0,0
227.332,40,32,8,11,21,3,5,80,80,80,80,80,80,0,0,0,6,6,600,600,0,0
228.332,40,32,8,11,21,3,5,80,80,80,80,80,80,0,0,0,6,6,600,600,0,0
229.332,40,32,8,11,21,3,5,80,80,80,80,80,80,0,0,0,6,6,600,600,0,0
230.332,40,32,8,11,21,3,5,80,80,80,80,80,80,0,0,0,6,6,600,600,0,0
231.332,40,32,8,11,21,3,5,80,80,80,80,80,80,0,0,0,6,6,600,600,0,0
232.332,40,32,8,11,21,3,5,80,80,80,80,80,80,0,0,0,6,6,600,600,0,0
233.332,40,32,8,11,21,3,5,80,80,80,80,80,80,0,0,0,6,6,600,600,0,0
234.332,40,32,8,11,21,3,5,80,80,80,80,80,80,0,0,0,6,6,600,600,0,0
235.332,40,32,8,11,21,3,5,80,80,80,80,80,80,0,0,0,6,6,600,600,0,0
236.332,40,32,8,11,21,3,5,80,80,80,80,80,80,0,0,0,6,6,600,600,0,0
237.332,40,32,8,11,21,3,5,80,80,80,80,80,80,0,0,0,6,6,600,600,0,0
238.332,40,32,8,11,21,3,5,80,80,80,80,80,80,0,0,0,6,6,600,600,0,0
239.332,40,32,8,11,21,3,5,80,80,80,80,80,80,0,0,0,6,6,600,600,0,0
240.332,40,32,8,11,21,3,5,80,80,80,80,80,80,0,0,0,6,6,600,600,0,0
241.332,40,32,8,11,21,3,5,80,80,80,80,80,80,0,0,0,6,6,600,600,0,0
242.332,40,32,8,11,21,3,5,80,80,80,80,80,80,0,0,0,6,6,600,600,0,0
243.332,40,32,8,11,21,3,5,80,80,80,80,80,80,0,0,0,6,6,600,600,0,0
244.332,40,32,8,11,21,3,5,80,80,80,80,80,80,0,0,0,6,6,600,600,0,0
245.332,40,32,8,11,21,3,5,80,80,80,80,80,80,0,0,0,6,6,600,600,0,0
246.332,40,32,8,11,21,3,5,80,80,80,80,80,80,0,0,0,6,6,600,600,0,0
247.332,40,32,8,11,21,3,5,80,80,80,80,80,80,0,0,0,6,6,600,600,0,0
248.332,40,32,8,11,21,3,5,80,80,80,80,80,80,0,0,0,6,6,600,600,0,0
249.332,40,32,8,11,21,3,5,80,80,80,80,80,80,0,0,0,6,6,600,600,0,0
250.332,40,32,8,11,21,3,5,80,80,80,80,80,80,0,0,0,6,6,600,600,0,0
251.332,40,32,8,11,21,3,5,80,80,80,80,80,80,0,0,0,6,6,600,600,0,0
252.332,40,32,8,11,21,3,5,80,80,80,80,80,80,0,0,0,6,6,600,600,0,0
253.332,40,32,8,11,21,3,5,80,80,80,80,80,80,0,0,0,6,6,600,600,0,0
254.332,40,32,8,11,21,3,5,80,80,80,80,80,80,0,0,0,6,6,600,600,0,0
255.332,40,32,8,11,21,3,5,80,80,80,80,80,80,0,0,0,6,6,600,600,0,0
256.332,40,32,8,11,21,3,5,80,80,80,80,80,80,0,0,0,6,6,600,600,0,0
257.332,40,32,8,11,21,3,5,80,80,80,80,80,80,0,0,0,6,6,600,600,0,0
258.332,40,32,8,11,21,3,5,80,80,80,80,80,80,0,0,0,6,6,600,600,0,0
259.332,40,32,8,11,21,3,5,80,80,80,80,80,80,0,0,0,6,6,600,600,0,0
260.332,40,32,8,11,21,3,5,80,80,80,80,80,80,0,0,0,6,6,600,600,0,0
261.332,40,32,8,11,21,3,5,80,80,80,80,80,80,0,0,0,6,6,600,600,0,0
262.332,40,32,8,11,21,3,5,80,80,80,80,80,80,0,0,0,6,6,600,600,0,0
263.332,40,32,8,11,21,3,5,80,80,80,80,80,80,0,0,0,6,6,600,600,0,0
264.332,40,32,8,11,21,3,5,80,80,80,80,80,80,0,0,0,6,6,600,600,0,0
265.332,40,32,8,11,21,3,5,80,80,80,80,80,80,0,0,0,6,6,600,600,0,0
266.332,40,32,8,11,21,3,5,80,80,80,80,80,80,0,0,0,6,6,600,600,0,0
267.332,40,32,8,11,21,3,5,80,80,80,80,80,80,0,0,0,6,6,600,600,0,0
268.332,40,32,8,11,21,3,5,80,80,80,80,80,80,0,0,0,6,6,600,600,0,0
269.332,40,32,8,11,21,3,5,80,80,80,80,80,80,0,0,0,6,6,600,600,0,0
270.332,40,32,8,11,21,3,5,80,80,80,80,80,80,0,0,0,6,6,600,600,0,0
271.332,40,32,8,11,21,3,5,80,80,80,80,80,80,0,0,0,6,6,600,600,0,0
272.332,40,32,8,11,21,3,5,80,80,80,80,80,80,0,0,0,6,6,600,600,0,0
273.332,40,32,8,11,21,3,5,80,80,80,80,80,80,0,0,0,6,6,600,600,0,0
274.332,40,32,8,11,21,3,5,80,80,80,80,80,80,0,0,0,6,6,600,600,0,0
275.332,40,32,8,11,21,3,5,80,80,80,80,80,80,0,0,0,6,6,600,600,0,0
276.332,40,32,8,11,21,3,5,80,80,80,80,80,80,0,0,0,6,6,600,600,0,0
277.332,40,32,8,11,21,3,5,80,80,80,80,80,80,0,0,0,6,6,600,600,0,0
278.332,40,32,8,11,21,3,5,80,80,80,80,80,80,0,0,0,6,6,600,600,0,0
279.333,40,32,8,11,21,3,5,80,80,80,80,80,80,0,0,0,6,6,600,600,0,0
280.333,40,32,8,11,21,3,5,80,80,80,80,80,80,0,0,0,6,6,600,600,0,0
281.333,40,32,8,11,21,3,5,80,80,80,80,80,80,0,0,0,6,6,600,600,0,0
282.333,40,32,8,11,21,3,5,80,80,80,80,80,80,0,0,0,6,6,600,600,0,0
283.333,40,32,8,11,21,3,5,80,80,80,80,80,80,0,0,0,6,6,600,600,0,0
284.333,40,32,8,11,21,3,5,80,80,80,80,80,80,0,0,0,6,6,600,600,0,0
285.333,40,32,8,11,21,3,5,80,80,80,80,80,80,0,0,0,6,6,600,600,0,0
286.333,40,32,8,11,21,3,5,80,80,80,80,80,80,0,0,0,6,6,600,600,0,0
287.333,40,32,8,11,21,3,5,80,80,80,80,80,80,0,0,0,6,6,600,600,0,0
288.333,40,32,8,11,21,3,5,80,80,80,80,80,80,0,0,0,6,6,600,600,0,0
289.333,40,32,8,11,21,3,5,80,80,80,80,80,80,0,0,0,6,6,600,600,0,0
290.333,40,32,8,11,21,3,5,80,80,80,80,80,80,0,0,0,6,6,600,600,0,0
291.333,40,32,8,11,21,3,5,80,80,80,80,80,80,0,0,0,6,6,600,600,0,0
292.333,40,32,8,11,21,3,5,80,80,80,80,80,80,0,0,0,6,6,600,600,0,0
293.333,40,32,8,11,21,3,5,80,80,80,80,80,80,0,0,0,6,6,600,600,0,0
294.333,40,32,8,11,21,3,5,80,80,80,80,80,80,0,0,0,6,6,600,600,0,0
295.333,40,32,8,11,21,3,5,80,80,80,80,80,80,0,0,0,6,6,600,600,0,0
296.333,40,32,8,11,21,3,5,80,80,80,80,80,80,0,0,0,6,6,600,600,0,0
297.333,40,32,8,11,21,3,5,80,80,80,80,80,80,0,0,0,6,6,600,600,0,0
298.333,40,32,8,11,21,3,5,80,80,80,80,80,80,0,0,0,6,6,600,600,0,0
299.333,40,32,8,11,21,3,5,80,80,80,80,80,80,0,0,0,6,6,600,600,0,0
300.333,40,32,8,11,21,3,5,80,80,80,80,80,80,0,0,0,6,6,600,600,0,0
301.333,40,32,8,11,21,3,5,80,80,80,80,80,80,0,0,0,6,6,600,600,0,0
302.333,40,32,8,11,21,3,5,80,80,80,80,80,80,0,0,0,6,6,600,600,0,0
303.333,40,32,8,11,21,3,5,80,80,80,80,80,80,0,0,0,6,6,600,600,0,0
304.333,40,32,8,11,21,3,5,80,80,80,80,80,80,0,0,0,6,6,600,600,0,0
305.333,40,32,8,11,21,3,5,80,80,80,80,80,80,0,0,0,6,6,600,600,0,0
306.333,40,32,8,11,21,3,5,80,80,80,80,80,80,0,0,0,6,6,600,600,0,0
307.333,40,32,8,11,21,3,5,80,80,80,80,80,80,0,0,0,6,6,600,600,0,0
308.333,40,32,8,11,21,3,5,80,80,80,80,80,80,0,0,0,6,6,600,600,0,0
309.333,40,32,8,11,21,3,5,80,80,80,80,80,80,0,0,0,6,6,600,600,0,0
310.333,40,32,8,11,21,3,5,80,80,80,80,80,80,0,0,0,6,6,600,600,0,0
311.333,40,32,8,11,21,3,5,80,80,80,80,80,80,0,0,0,6,6,600,600,0,0
312.334,40,32,8,11,21,3,5,80,80,80,80,80,80,0,0,0,6,6,600,600,0,0
313.334,40,32,8,11,21,3,5,80,80,80,80,80,80,0,0,0,6,6,600,600,0,0
314.334,40,32,8,11,21,3,5,80,80,80,80,80,80,0,0,0,6,6,600,600,0,0
315.334,40,32,8,11,21,3,5,80,80,80,80,80,80,0,0,0,6,6,600,600,0,0
316.334,40,32,8,11,21,3,5,80,80,80,80,80,80,0,0,0,6,6,600,600,0,0
317.334,40,32,8,11,21,3,5,80,80,80,80,80,80,0,0,0,6,6,600,600,0,0
318.334,40,32,8,11,21,3,5,80,80,80,80,80,80,0,0,0,6,6,600,600,0,0
319.334,40,32,8,11,21,3,5,80,80,80,80,80,80,0,0,0,6,6,600,600,0,0
320.334,40,32,8,11,21,3,5,80,80,80,80,80,80,0,0,0,6,6,600,600,0,0
321.334,40,32,8,11,21,3,5,80,80,80,80,80,80,0,0,0,6,6,600,600,0,0
322.334,40,32,8,11,21,3,5,80,80,80,80,80,80,0,0,0,6,6,600,600,0,0
323.334,40,32,8,11,21,3,5,80,80,80,80,80,80,0,0,0,6,6,600,600,0,0
324.334,40,32,8,11,21,3,5,80,80,80,80,80,80,0,0,0,6,6,600,600,0,0
325.334,40,32,8,11,21,3,5,80,80,80,80,80,80,0,0,0,6,6,600,600,0,0
326.334,40,32,8,11,21,3,5,80,80,80,80,80,80,0,0,0,6,6,600,600,0,0
327.334,40,32,8,11,21,3,5,80,80,80,80,80,80,0,0,0,6,6,600,600,0,0
328.334,40,32,8,11,21,3,5,80,80,80,80,80,80,0,0,0,6,6,600,600,0,0
329.334,40,32,8,11,21,3,5,80,80,80,80,80,80,0,0,0,6,6,600,600,0,0
330.334,40,32,8,11,21,3,5,80,80,80,80,80,80,0,0,0,6,6,600,600,0,0
331.334,40,32,8,11,21,3,5,80,80,80,80,80,80,0,0,0,6,6,600,600,0,0
332.334,40,32,8,11,21,3,5,80,80,80,80,80,80,0,0,0,6,6,600,600,0,0
333.334,40,32,8,11,21,3,5,80,80,80,80,80,80,0,0,0,6,6,600,600,0,0
334.334,40,32,8,11,21,3,5,80,80,80,80,80,80,0,0,0,6,6,600,600,0,0
335.334,40,32,8,11,21,3,5,80,80,80,80,80,80,0,0,0,6,6,600,600,0,0
336.334,40,32,8,11,21,3,5,80,80,80,80,80,80,0,0,0,6,6,600,600,0,0
337.334,40,32,8,11,21,3,5,80,80,80,80,80,80,0,0,0,6,6,600,600,0,0
338.334,40,32,8,11,21,3,5,80,80,80,80,80,80,0,0,0,6,6,600,600,0,0
339.334,40,32,8,11,21,3,5,80,80,80,80,80,80,0,0,0,6,6,600,600,0,0
340.334,40,32,8,11,21,3,5,80,80,80,80,80,80,0,0,0,6,6,600,600,0,0
341.334,40,32,8,11,21,3,5,80,80,80,80,80,80,0,0,0,6,6,600,600,0,0
342.334,40,32,8,11,21,3,5,80,80,80,80,80,80,0,0,0,6,6,600,600,0,0
343.334,40,32,8,11,21,3,5,80,80,80,80,80,80,0,0,0,6,6,600,600,0,0
344.334,40,32,8,11,21,3,5,80,80,80,80,80,80,0,0,0,6,6,600,600,0,0
345.335,40,32,8,11,21,3,5,80,80,80,80,80,80,0,0,0,6,6,600,600,0,0
346.335,40,32,8,11,21,3,5,80,80,80,80,80,80,0,0,0,6,6,600,600,0,0
347.335,40,32,8,11,21,3,5,80,80,80,80,80,80,0,0,0,6,6,600,600,0,0
348.335,40,32,8,11,21,3,5,80,80,80,80,80,80,0,0,0,6,6,600,600,0,0
349.335,40,32,8,11,21,3,5,80,80,80,80,80,80,0,0,0,6,6,600,600,0,0
350.335,40,32,8,11,21,3,5,80,80,80,80,80,80,0,0,0,6,6,600,600,0,0
351.335,40,32,8,11,21,3,5,80,80,80,80,80,80,0,0,0,6,6,600,600,0,0
352.335,40,32,8,11,21,3,5,80,80,80,80,80,80,0,0,0,6,6,600,600,0,0
353.335,40,32,8,11,21,3,5,80,80,80,80,80,80,0,0,0,6,6,600,600,0,0
354.335,40,32,8,11,21,3,5,80,80,80,80,80,80,0,0,0,6,6,600,600,0,0
355.335,40,32,8,11,21,3,5,80,80,80,80,80,80,0,0,0,6,6,600,600,0,0
356.335,40,32,8,11,21,3,5,80,80,80,80,80,80,0,0,0,6,6,600,600,0,0
357.335,40,32,8,11,21,3,5,80,80,80,80,80,80,0,0,0,6,6,600,600,0,0
358.335,40,32,8,11,21,3,5,80,80,80,80,80,80,0,0,0,6,6,600,600,0,0
359.335,40,32,8,11,21,3,5,80,80,80,80,80,80,0,0,0,6,6,600,600,0,0
360.335,40,32,8,11,21,3,5,80,80,80,80,80,80,0,0,0,6,6,600,600,0,0
361.335,40,32,8,11,21,3,5,80,80,80,80,80,80,0,0,0,6,6,600,600,0,0
362.335,40,32,8,11,21,3,5,80,80,80,80,80,80,0,0,0,6,6,600,600,0,0
363.335,40,32,8,11,21,3,5,80,80,80,80,80,80,0,0,0,6,6,600,600,0,0
364.335,40,32,8,11,21,3,5,80,80,80,80,80,80,0,0,0,6,6,600,600,0,0
365.335,40,32,8,11,21,3,5,80,80,80,80,80,80,0,0,0,6,6,600,600,0,0
366.335,40,32,8,11,21,3,5,80,80,80,80,80,80,0,0,0,6,6,600,600,0,0
367.335,40,32,8,11,21,3,5,80,80,80,80,80,80,0,0,0,6,6,600,600,0,0
368.335,40,32,8,11,21,3,5,80,80,80,80,80,80,0,0,0,6,6,600,600,0,0
369.335,40,32,8,11,21,3,5,80,80,80,80,80,80,0,0,0,6,6,600,600,0,0
370.335,40,32,8,11,21,3,5,80,80,80,80,80,80,0,0,0,6,6,600,600,0,0
371.335,40,32,8,11,21,3,5,80,80,80,80,80,80,0,0,0,6,6,600,600,0,0
372.335,40,32,8,11,21,3,5,80,80,80,80,80,80,0,0,0,6,6,600,600,0,0
373.335,40,32,8,11,21,3,5,80,80,80,80,80,80,0,0,0,6,6,600,600,0,0
374.335,40,32,8,11,21,3,5,80,80,80,80,80,80,0,0,0,6,6,600,600,0,0
375.335,40,32,8,11,21,3,5,80,80,80,80,80,80,0,0,0,6,6,600,600,0,0
376.335,40,32,8,11,21,3,5,80,80,80,80,80,80,0,0,0,6,6,600,600,0,0
377.335,40,32,8,11,21,3,5,80,80,80,80,80,80,0,0,0,6,6,600,600,0,0
378.336,40,32,8,11,21,3,5,80,80,80,80,80,80,0,0,0,6,6,600,600,0,0
379.336,40,32,8,11,21,3,5,80,80,80,80,80,80,0,0,0,6,6,600,600,0,0
380.336,40,32,8,11,21,3,5,80,80,80,80,80,80,0,0,0,6,6,600,600,0,0
381.336,40,32,8,11,21,3,5,80,80,80,80,80,80,0,0,0,6,6,600,600,0,0
382.336,40,32,8,11,21,3,5,80,80,80,80,80,80,0,0,0,6,6,600,600,0,0
383.336,40,32,8,11,21,3,5,80,80,80,80,80,80,0,0,0,6,6,600,600,0,0
384.336,40,32,8,11,21,3,5,80,80,80,80,80,80,0,0,0,6,6,600,600,0,0
385.336,40,32,8,11,21,3,5,80,80,80,80,80,80,0,0,0,6,6,600,600,0,0
386.336,40,32,8,11,21,3,5,80,80,80,80,80,80,0,0,0,6,6,600,600,0,0
387.336,40,32,8,11,21,3,5,80,80,80,80,80,80,0,0,0,6,6,600,600,0,0
388.336,40,32,8,11,21,3,5,80,80,80,80,80,80,0,0,0,6,6,600,600,0,0
389.336,40,32,8,11,21,3,5,80,80,80,80,80,80,0,0,0,6,6,600,600,0,0
390.336,40,32,8,11,21,3,5,80,80,80,80,80,80,0,0,0,6,6,600,600,0,0
391.336,40,32,8,11,21,3,5,80,80,80,80,80,80,0,0,0,6,6,600,600,0,0
392.336,40,32,8,11,21,3,5,80,80,80,80,80,80,0,0,0,6,6,600,600,0,0
393.336,40,32,8,11,21,3,5,80,80,80,80,80,80,0,0,0,6,6,600,600,0,0
394.336,40,32,8,11,21,3,5,80,80,80,80,80,80,0,0,0,6,6,600,600,0,0
395.336,40,32,8,11,21,3,5,80,80,80,80,80,80,0,0,0,6,6,600,600,0,0
396.336,40,32,8,11,21,3,5,80,80,80,80,80,80,0,0,0,6,6,600,600,0,0
397.336,40,32,8,11,21,3,5,80,80,80,80,80,80,0,0,0,6,6,600,600,0,0
398.336,40,32,8,11,21,3,5,80,80,80,80,80,80,0,0,0,6,6,600,600,0,0
399.336,40,32,8,11,21,3,5,80,80,80,80,80,80,0,0,0,6,6,600,600,0,0
400.336,40,32,8,11,21,3,5,80,80,80,80,80,80,0,0,0,6,6,600,600,0,0
401.336,40,32,8,11,21,3,5,80,80,80,80,80,80,0,0,0,6,6,600,600,0,0
402.336,40,32,8,11,21,3,5,80,80,80,80,80,80,0,0,0,6,6,600,600,0,0
403.336,40,32,8,11,21,3,5,80,80,80,80,80,80,0,0,0,6,6,600,600,0,0
404.336,40,32,8,11,21,3,5,80,80,80,80,80,80,0,0,0,6,6,600,600,0,0
405.336,40,32,8,11,21,3,5,80,80,80,80,80,80,0,0,0,6,6,600,600,0,0
406.336,40,32,8,11,21,3,5,80,80,80,80,80,80,0,0,0,6,6,600,600,0,0
407.336,40,32,8,11,21,3,5,80,80,80,80,80,80,0,0,0,6,6,600,600,0,0
408.336,40,32,8,11,21,3,5,80,80,80,80,80,80,0,0,0,6,6,600,600,0,0
409.336,40,32,8,11,21,3,5,80,80,80,80,80,80,0,0,0,6,6,600,600,0,0
410.337,40,32,8,11,21,3,5,80,80,80,80,80,80,0,0,0,6,6,600,600,0,0
411.337,40,32,8,11,21,3,5,80,80,80,80,80,80,0,0,0,6,6,600,600,0,0
412.337,40,32,8,11,21,3,5,80,80,80,80,80,80,0,0,0,6,6,600,600,0,0
413.337,40,32,8,11,21,3,5,80,80,80,80,80,80,0,0,0,6,6,600,600,0,0
414.337,40,32,8,11,21,3,5,80,80,80,80,80,80,0,0,0,6,6,600,600,0,0
415.337,40,32,8,11,21,3,5,80,80,80,80,80,80,0,0,0,6,6,600,600,0,0
416.337,40,32,8,11,21,3,5,80,80,80,80,80,80,0,0,0,6,6,600,600,0,0
417.337,40,32,8,11,21,3,5,80,80,80,80,80,80,0,0,0,6,6,600,600,0,0
418.337,40,32,8,11,21,3,5,80,80,80,80,80,80,0,0,0,6,6,600,600,0,0
419.337,40,32,8,11,21,3,5,80,80,80,80,80,80,0,0,0,6,6,600,600,0,0
420.337,40,32,8,11,21,3,5,80,80,80,80,80,80,0,0,0,6,6,600,600,0,0
421.337,40,32,8,11,21,3,5,80,80,80,80,80,80,0,0,0,6,6,600,600,0,0
422.337,40,32,8,11,21,3,5,80,80,80,80,80,80,0,0,0,6,6,600,600,0,0
423.337,40,32,8,11,21,3,5,80,80,80,80,80,80,0,0,0,6,6,600,600,0,0
424.337,40,32,8,11,21,3,5,80,80,80,80,80,80,0,0,0,6,6,600,600,0,0
425.337,40,32,8,11,21,3,5,80,80,80,80,80,80,0,0,0,6,6,600,600,0,0
426.337,40,32,8,11,21,3,5,80,80,80,80,80,80,0,0,0,6,6,600,600,0,0
427.337,40,32,8,11,21,3,5,80,80,80,80,80,80,0,0,0,6,6,600,600,0,0
428.337,40,32,8,11,21,3,5,80,80,80,80,80,80,0,0,0,6,6,600,600,0,0
429.337,40,32,8,11,21,3,5,80,80,80,80,80,80,0,0,0,6,6,600,600,0,0
430.337,40,32,8,11,21,3,5,80,80,80,80,80,80,0,0,0,6,6,600,600,0,0
431.337,40,32,8,11,21,3,5,80,80,80,80,80,80,0,0,0,6,6,600,600,0,0
432.337,40,32,8,11,21,3,5,80,80,80,80,80,80,0,0,0,6,6,600,600,0,0
433.337,40,32,8,11,21,3,5,80,80,80,80,80,80,0,0,0,6,6,600,600,0,0
434.337,40,32,8,11,21,3,5,80,80,80,80,80,80,0,0,0,6,6,600,600,0,0
435.337,40,32,8,11,21,3,5,80,80,80,80,80,80,0,0,0,6,6,600,600,0,0
436.337,40,32,8,11,21,3,5,80,80,80,80,80,80,0,0,0,6,6,600,600,0,0
437.337,40,32,8,11,21,3,5,80,80,80,80,80,80,0,0,0,6,6,600,600,0,0
438.337,40,32,8,11,21,3,5,80,80,80,80,80,80,0,0,0,6,6,600,600,0,0
439.337,40,32,8,11,21,3,5,80,80,80,80,80,80,0,0,0,6,6,600,600,0,0
440.337,40,32,8,11,21,3,5,80,80,80,80,80,80,0,0,0,6,6,600,600,0,0
441.337,40,32,8,11,21,3,5,80,80,80,80,80,80,0,0,0,6,6,600,600,0,0
442.337,40,32,8,11,21,3,5,80,80,80,80,80,80,0,0,0,6,6,600,600,0,0
443.338,40,32,8,11,21,3,5,80,80,80,80,80,80,0,0,0,6,6,600,600,0,0
444.338,40,32,8,11,21,3,5,80,80,80,80,80,80,0,0,0,6,6,600,600,0,0
445.338,40,32,8,11,21,3,5,80,80,80,80,80,80,0,0,0,6,6,600,600,0,0
446.338,40,32,8,11,21,3,5,80,80,80,80,80,80,0,0,0,6,6,600,600,0,0
447.338,40,32,8,11,21,3,5,80,80,80,80,80,80,0,0,0,6,6,600,600,0,0
448.338,40,32,8,11,21,3,5,80,80,80,80,80,80,0,0,0,6,6,600,600,0,0
449.338,40,32,8,11,21,3,5,80,80,80,80,80,80,0,0,0,6,6,600,600,0,0
450.338,40,32,8,11,21,3,5,80,80,80,80,80,80,0,0,0,6,6,600,600,0,0
451.338,40,32,8,11,21,3,5,80,80,80,80,80,80,0,0,0,6,6,600,600,0,0
452.338,40,32,8,11,21,3,5,80,80,80,80,80,80,0,0,0,6,6,600,600,0,0
453.338,40,32,8,11,21,3,5,80,80,80,80,80,80,0,0,0,6,6,600,600,0,0
454.338,40,32,8,11,21,3,5,80,80,80,80,80,80,0,0,0,6,6,600,600,0,0
455.338,40,32,8,11,21,3,5,80,80,80,80,80,80,0,0,0,6,6,600,600,0,0
456.338,40,32,8,11,21,3,5,80,80,80,80,80,80,0,0,0,6,6,600,600,0,0
457.338,40,32,8,11,21,3,5,80,80,80,80,80,80,0,0,0,6,6,600,600,0,0
458.338,40,32,8,11,21,3,5,80,80,80,80,80,80,0,0,0,6,6,600,600,0,0
459.338,40,32,8,11,21,3,5,80,80,80,80,80,80,0,0,0,6,6,600,600,0,0
460.338,40,32,8,11,21,3,5,80,80,80,80,80,80,0,0,0,6,6,600,600,0,0
461.338,40,32,8,11,21,3,5,80,80,80,80,80,80,0,0,0,6,6,600,600,0,0
462.338,40,32,8,11,21,3,5,80,80,80,80,80,80,0,0,0,6,6,600,600,0,0
463.338,40,32,8,11,21,3,5,80,80,80,80,80,80,0,0,0,6,6,600,600,0,0
464.338,40,32,8,11,21,3,5,80,80,80,80,80,80,0,0,0,6,6,600,600,0,0
465.338,40,32,8,11,21,3,5,80,80,80,80,80,80,0,0,0,6,6,600,600,0,0
466.338,40,32,8,11,21,3,5,80,80,80,80,80,80,0,0,0,6,6,600,600,0,0
467.338,40,32,8,11,21,3,5,80,80,80,80,80,80,0,0,0,6,6,600,600,0,0
468.338,40,32,8,11,21,3,5,80,80,80,80,80,80,0,0,0,6,6,600,600,0,0
469.338,40,32,8,11,21,3,5,80,80,80,80,80,80,0,0,0,6,6,600,600,0,0
470.338,40,32,8,11,21,3,5,80,80,80,80,80,80,0,0,0,6,6,600,600,0,0
471.338,40,32,8,11,21,3,5,80,80,80,80,80,80,0,0,0,6,6,600,600,0,0
472.338,40,32,8,11,21,3,5,80,80,80,80,80,80,0,0,0,6,6,600,600,0,0
473.338,40,32,8,11,21,3,5,80,80,80,80,80,80,0,0,0,6,6,600,600,0,0
474.338,40,32,8,11,21,3,5,80,80,80,80,80,80,0,0,0,6,6,600,600,0,0
475.338,40,32,8,11,21,3,5,80,80,80,80,80,80,0,0,0,6,6,600,600,0,0
476.339,40,32,8,11,21,3,5,80,80,80,80,80,80,0,0,0,6,6,600,600,0,0
477.339,40,32,8,11,21,3,5,80,80,80,80,80,80,0,0,0,6,6,600,600,0,0
478.339,40,32,8,11,21,3,5,80,80,80,80,80,80,0,0,0,6,6,600,600,0,0
479.339,40,32,8,11,21,3,5,80,80,80,80,80,80,0,0,0,6,6,600,600,0,0
480.339,40,32,8,11,21,3,5,80,80,80,80,80,80,0,0,0,6,6,600,600,0,0
481.339,40,32,8,11,21,3,5,80,80,80,80,80,80,0,0,0,6,6,600,600,0,0
482.339,40,32,8,11,21,3,5,80,80,80,80,80,80,0,0,0,6,6,600,600,0,0
483.339,40,32,8,11,21,3,5,80,80,80,80,80,80,0,0,0,6,6,600,600,0,0
484.339,40,32,8,11,21,3,5,80,80,80,80,80,80,0,0,0,6,6,600,600,0,0
485.339,40,32,8,11,21,3,5,80,80,80,80,80,80,0,0,0,6,6,600,600,0,0
486.339,40,32,8,11,21,3,5,80,80,80,80,80,80,0,0,0,6,6,600,600,0,0
487.339,40,32,8,11,21,3,5,80,80,80,80,80,80,0,0,0,6,6,600,600,0,0
488.339,40,32,8,11,21,3,5,80,80,80,80,80,80,0,0,0,6,6,600,600,0,0
489.339,40,32,8,11,21,3,5,80,80,80,80,80,80,0,0,0,6,6,600,600,0,0
490.339,40,32,8,11,21,3,5,80,80,80,80,80,80,0,0,0,6,6,600,600,0,0
491.339,40,32,8,11,21,3,5,80,80,80,80,80,80,0,0,0,6,6,600,600,0,0
492.339,40,32,8,11,21,3,5,80,80,80,80,80,80,0,0,0,6,6,600,600,0,0
493.339,40,32,8,11,21,3,5,80,80,80,80,80,80,0,0,0,6,6,600,600,0,0
494.339,40,32,8,11,21,3,5,80,80,80,80,80,80,0,0,0,6,6,600,600,0,0
495.339,40,32,8,11,21,3,5,80,80,80,80,80,80,0,0,0,6,6,600,600,0,0
496.339,40,32,8,11,21,3,5,80,80,80,80,80,80,0,0,0,6,6,600,600,0,0
497.339,40,32,8,11,21,3,5,80,80,80,80,80,80,0,0,0,6,6,600,600,0,0
498.339,40,32,8,11,21,3,5,80,80,80,80,80,80,0,0,0,6,6,600,600,0,0
499.339,40,32,8,11,21,3,5,80,80,80,80,80,80,0,0,0,6,6,600,600,0,0
500.339,40,32,8,11,21,3,5,80,80,80,80,80,80,0,0,0,6,6,600,600,0,0
501.339,40,32,8,11,21,3,5,80,80,80,80,80,80,0,0,0,6,6,600,600,0,0
502.339,40,32,8,11,21,3,5,80,80,80,80,80,80,0,0,0,6,6,600,600,0,0
503.339,40,32,8,11,21,3,5,80,80,80,80,80,80,0,0,0,6,6,600,600,0,0
504.339,40,32,8,11,21,3,5,80,80,80,80,80,80,0,0,0,6,6,600,600,0,0
505.339,40,32,8,11,21,3,5,80,80,80,80,80,80,0,0,0,6,6,600,600,0,0
506.339,40,32,8,11,21,3,5,80,80,80,80,80,80,0,0,0,6,6,600,600,0,0
507.339,40,32,8,11,21,3,5,80,80,80,80,80,80,0,0,0,6,6,600,600,0,0
508.339,40,32,8,11,21,3,5,80,80,80,80,80,80,0,0,0,6,6,600,600,0,0
509.34,40,32,8,11,21,3,5,80,80,80,80,80,80,0,0,0,6,6,600,600,0,0
510.34,40,32,8,11,21,3,5,80,80,80,80,80,80,0,0,0,6,6,600,600,0,0
511.34,40,32,8,11,21,3,5,80,80,80,80,80,80,0,0,0,6,6,600,600,0,0
512.34,40,32,8,11,21,3,5,80,80,80,80,80,80,0,0,0,6,6,600,600,0,0
513.34,40,32,8,11,21,3,5,80,80,80,80,80,80,0,0,0,6,6,600,600,0,0
514.339,40,32,8,11,21,3,5,80,80,80,80,80,80,0,0,0,6,6,600,600,0,0
515.339,40,32,8,11,21,3,5,80,80,80,80,80,80,0,0,0,6,6,600,600,0,0
516.339,40,32,8,11,21,3,5,80,80,80,80,80,80,0,0,0,6,6,600,600,0,0
517.339,40,32,8,11,21,3,5,80,80,80,80,80,80,0,0,0,6,6,600,600,0,0
518.339,40,32,8,11,21,3,5,80,80,80,80,80,80,0,0,0,6,6,600,600,0,0
519.339,40,32,8,11,21,3,5,80,80,80,80,80,80,0,0,0,6,6,600,600,0,0
520.339,40,32,8,11,21,3,5,80,80,80,80,80,80,0,0,0,6,6,600,600,0,0
521.339,40,32,8,11,21,3,5,80,80,80,80,80,80,0,0,0,6,6,600,600,0,0
522.339,40,32,8,11,21,3,5,80,80,80,80,80,80,0,0,0,6,6,600,600,0,0
523.339,40,32,8,11,21,3,5,80,80,80,80,80,80,0,0,0,6,6,600,600,0,0
524.339,40,32,8,11,21,3,5,80,80,80,80,80,80,0,0,0,6,6,600,600,0,0
525.339,40,32,8,11,21,3,5,80,80,80,80,80,80,0,0,0,6,6,600,600,0,0
526.339,40,32,8,11,21,3,5,80,80,80,80,80,80,0,0,0,6,6,600,600,0,0
527.339,40,32,8,11,21,3,5,80,80,80,80,80,80,0,0,0,6,6,600,600,0,0
528.339,40,32,8,11,21,3,5,80,80,80,80,80,80,0,0,0,6,6,600,600,0,0
529.339,40,32,8,11,21,3,5,80,80,80,80,80,80,0,0,0,6,6,600,600,0,0
530.338,40,32,8,11,21,3,5,80,80,80,80,80,80,0,0,0,6,6,600,600,0,0
531.338,40,32,8,11,21,3,5,80,80,80,80,80,80,0,0,0,6,6,600,600,0,0
532.338,40,32,8,11,21,3,5,80,80,80,80,80,80,0,0,0,6,6,600,600,0,0
533.338,40,32,8,11,21,3,5,80,80,80,80,80,80,0,0,0,6,6,600,600,0,0
534.338,40,32,8,11,21,3,5,80,80,80,80,80,80,0,0,0,6,6,600,600,0,0
535.338,40,32,8,11,21,3,5,80,80,80,80,80,80,0,0,0,6,6,600,600,0,0
536.338,40,32,8,11,21,3,5,80,80,80,80,80,80,0,0,0,6,6,600,600,0,0
537.338,40,32,8,11,21,3,5,80,80,80,80,80,80,0,0,0,6,6,600,600,0,0
538.338,40,32,8,11,21,3,5,80,80,80,80,80,80,0,0,0,6,6,600,600,0,0
539.338,40,32,8,11,21,3,5,80,80,80,80,80,80,0,0,0,6,6,600,600,0,0
540.338,40,32,8,11,21,3,5,80,80,80,80,80,80,0,0,0,6,6,600,600,0,0
541.338,40,32,8,11,21,3,5,80,80,80,80,80,80,0,0,0,6,6,600,600,0,0
542.338,40,32,8,11,21,3,5,80,80,80,80,80,80,0,0,0,6,6,600,600,0,0
543.338,40,32,8,11,21,3,5,80,80,80,80,80,80,0,0,0,6,6,600,600,0,0
544.338,40,32,8,11,21,3,5,80,80,80,80,80,80,0,0,0,6,6,600,600,0,0
545.338,40,32,8,11,21,3,5,80,80,80,80,80,80,0,0,0,6,6,600,600,0,0
546.338,40,32,8,11,21,3,5,80,80,80,80,80,80,0,0,0,6,6,600,600,0,0
547.337,40,32,8,11,21,3,5,80,80,80,80,80,80,0,0,0,6,6,600,600,0,0
548.337,40,32,8,11,21,3,5,80,80,80,80,80,80,0,0,0,6,6,600,600,0,0
549.337,40,32,8,11,21,3,5,80,80,80,80,80,80,0,0,0,6,6,600,600,0,0
550.337,40,32,8,11,21,3,5,80,80,80,80,80,80,0,0,0,6,6,600,600,0,0
551.337,40,32,8,11,21,3,5,80,80,80,80,80,80,0,0,0,6,6,600,600,0,0
552.337,40,32,8,11,21,3,5,80,80,80,80,80,80,0,0,0,6,6,600,600,0,0
553.337,40,32,8,11,21,3,5,80,80,80,80,80,80,0,0,0,6,6,600,600,0,0
554.337,40,32,8,11,21,3,5,80,80,80,80,80,80,0,0,0,6,6,600,600,0,0
555.337,40,32,8,11,21,3,5,80,80,80,80,80,80,0,0,0,6,6,600,600,0,0
556.337,40,32,8,11,21,3,5,80,80,80,80,80,80,0,0,0,6,6,600,600,0,0
557.337,40,32,8,11,21,3,5,80,80,80,80,80,80,0,0,0,6,6,600,600,0,0
558.337,40,32,8,11,21,3,5,80,80,80,80,80,80,0,0,0,6,6,600,600,0,0
559.337,40,32,8,11,21,3,5,80,80,80,80,80,80,0,0,0,6,6,600,600,0,0
560.337,40,32,8,11,21,3,5,80,80,80,80,80,80,0,0,0,6,6,600,600,0,0
561.337,40,32,8,11,21,3,5,80,80,80,80,80,80,0,0,0,6,6,600,600,0,0
562.337,40,32,8,11,21,3,5,80,80,80,80,80,80,0,0,0,6,6,600,600,0,0
563.336,40,32,8,11,21,3,5,80,80,80,80,80,80,0,0,0,6,6,600,600,0,0
564.336,40,32,8,11,21,3,5,80,80,80,80,80,80,0,0,0,6,6,600,600,0,0
565.336,40,32,8,11,21,3,5,80,80,80,80,80,80,0,0,0,6,6,600,600,0,0
566.336,40,32,8,11,21,3,5,80,80,80,80,80,80,0,0,0,6,6,600,600,0,0
567.336,40,32,8,11,21,3,5,80,80,80,80,80,80,0,0,0,6,6,600,600,0,0
568.336,40,32,8,11,21,3,5,80,80,80,80,80,80,0,0,0,6,6,600,600,0,0
569.336,40,32,8,11,21,3,5,80,80,80,80,80,80,0,0,0,6,6,600,600,0,0
570.336,40,32,8,11,21,3,5,80,80,80,80,80,80,0,0,0,6,6,600,600,0,0
571.336,40,32,8,11,21,3,5,80,80,80,80,80,80,0,0,0,6,6,600,600,0,0
572.336,40,32,8,11,21,3,5,80,80,80,80,80,80,0,0,0,6,6,600,600,0,0
573.336,40,32,8,11,21,3,5,80,80,80,80,80,80,0,0,0,6,6,600,600,0,0
574.336,40,32,8,11,21,3,5,80,80,80,80,80,80,0,0,0,6,6,600,600,0,0
575.336,40,32,8,11,21,3,5,80,80,80,80,80,80,0,0,0,6,6,600,600,0,0
576.336,40,32,8,11,21,3,5,80,80,80,80,80,80,0,0,0,6,6,600,600,0,0
577.336,40,32,8,11,21,3,5,80,80,80,80,80,80,0,0,0,6,6,600,600,0,0
578.336,40,32,8,11,21,3,5,80,80,80,80,80,80,0,0,0,6,6,600,600,0,0
579.335,40,32,8,11,21,3,5,80,80,80,80,80,80,0,0,0,6,6,600,600,0,0
580.335,40,32,8,11,21,3,5,80,80,80,80,80,80,0,0,0,6,6,600,600,0,0
581.335,40,32,8,11,21,3,5,80,80,80,80,80,80,0,0,0,6,6,600,600,0,0
582.335,40,32,8,11,21,3,5,80,80,80,80,80,80,0,0,0,6,6,600,600,0,0
583.335,40,32,8,11,21,3,5,80,80,80,80,80,80,0,0,0,6,6,600,600,0,0
584.335,40,32,8,11,21,3,5,80,80,80,80,80,80,0,0,0,6,6,600,600,0,0
585.335,40,32,8,11,21,3,5,80,80,80,80,80,80,0,0,0,6,6,600,600,0,0
586.335,40,32,8,11,21,3,5,80,80,80,80,80,80,0,0,0,6,6,600,600,0,0
587.335,40,32,8,11,21,3,5,80,80,80,80,80,80,0,0,0,6,6,600,600,0,0
588.335,40,32,8,11,21,3,5,80,80,80,80,80,80,0,0,0,6,6,600,600,0,0
589.335,40,32,8,11,21,3,5,80,80,80,80,80,80,0,0,0,6,6,600,600,0,0
590.335,40,32,8,11,21,3,5,80,80,80,80,80,80,0,0,0,6,6,600,600,0,0
591.335,40,32,8,11,21,3,5,80,80,80,80,80,80,0,0,0,6,6,600,600,0,0
592.335,40,32,8,11,21,3,5,80,80,80,80,80,80,0,0,0,6,6,600,600,0,0
593.335,40,32,8,11,21,3,5,80,80,80,80,80,80,0,0,0,6,6,600,600,0,0
594.335,40,32,8,11,21,3,5,80,80,80,80,80,80,0,0,0,6,6,600,600,0,0
595.335,40,32,8,11,21,3,5,80,80,80,80,80,80,0,0,0,6,6,600,600,0,0
596.334,40,32,8,11,21,3,5,80,80,80,80,80,80,0,0,0,6,6,600,600,0,0
597.334,40,32,8,11,21,3,5,80,80,80,80,80,80,0,0,0,6,6,600,600,0,0
598.334,40,32,8,11,21,3,5,80,80,80,80,80,80,0,0,0,6,6,600,600,0,0
599.334,40,32,8,11,21,3,5,80,80,80,80,80,80,0,0,0,6,6,600,600,0,0
600.334,40,32,8,11,21,3,5,80,80,80,80,80,80,0,0,0,6,6,600,600,0,0
601.334,40,32,8,11,21,3,5,80,80,80,80,80,80,0,0,0,6,6,600,600,0,0
602.334,40,32,8,11,21,3,5,80,80,80,80,80,80,0,0,0,6,6,600,600,0,0
603.334,40,32,8,11,21,3,5,80,80,80,80,80,80,0,0,0,6,6,600,600,0,0
604.334,40,32,8,11,21,3,5,80,80,80,80,80,80,0,0,0,6,6,600,600,0,0
605.334,40,32,8,11,21,3,5,80,80,80,80,80,80,0,0,0,6,6,600,600,0,0
606.334,40,32,8,11,21,3,5,80,80,80,80,80,80,0,0,0,6,6,600,600,0,0
607.334,40,32,8,11,21,3,5,80,80,80,80,80,80,0,0,0,6,6,600,600,0,0
608.334,40,32,8,11,21,3,5,80,80,80,80,80,80,0,0,0,6,6,600,600,0,0
609.334,40,32,8,11,21,3,5,80,80,80,80,80,80,0,0,0,6,6,600,600,0,0
610.334,40,32,8,11,21,3,5,80,80,80,80,80,80,0,0,0,6,6,600,600,0,0
611.334,40,32,8,11,21,3,5,80,80,80,80,80,80,0,0,0,6,6,600,600,0,0
612.333,40,32,8,11,21,3,5,80,80,80,80,80,80,0,0,0,6,6,600,600,0,0
613.333,40,32,8,11,21,3,5,80,80,80,80,80,80,0,0,0,6,6,600,600,0,0
614.333,40,32,8,11,21,3,5,80,80,80,80,80,80,0,0,0,6,6,600,600,0,0
615.333,40,32,8,11,21,3,5,80,80,80,80,80,80,0,0,0,6,6,600,600,0,0
616.333,40,32,8,11,21,3,5,80,80,80,80,80,80,0,0,0,6,6,600,600,0,0
617.333,40,32,8,11,21,3,5,80,80,80,80,80,80,0,0,0,6,6,600,600,0,0
618.333,40,32,8,11,21,3,5,80,80,80,80,80,80,0,0,0,6,6,600,600,0,0
619.333,40,32,8,11,21,3,5,80,80,80,80,80,80,0,0,0,6,6,600,600,0,0
620.333,40,32,8,11,21,3,5,80,80,80,80,80,80,0,0,0,6,6,600,600,0,0
621.333,40,32,8,11,21,3,5,80,80,80,80,80,80,0,0,0,6,6,600,600,0,0
622.333,40,32,8,11,21,3,5,80,80,80,80,80,80,0,0,0,6,6,600,600,0,0
623.333,40,32,8,11,21,3,5,80,80,80,80,80,80,0,0,0,6,6,600,600,0,0
624.333,40,32,8,11,21,3,5,80,80,80,80,80,80,0,0,0,6,6,600,600,0,0
625.333,40,32,8,11,21,3,5,80,80,80,80,80,80,0,0,0,6,6,600,600,0,0
626.333,40,32,8,11,21,3,5,80,80,80,80,80,80,0,0,0,6,6,600,600,0,0
627.333,40,32,8,11,21,3,5,80,80,80,80,80,80,0,0,0,6,6,600,600,0,0
628.333,40,32,8,11,21,3,5,80,80,80,80,80,80,0,0,0,6,6,600,600,0,0
629.332,40,32,8,11,21,3,5,80,80,80,80,80,80,0,0,0,6,6,600,600,0,0
630.332,40,32,8,11,21,3,5,80,80,80,80,80,80,0,0,0,6,6,600,600,0,0
631.332,40,32,8,11,21,3,5,80,80,80,80,80,80,0,0,0,6,6,600,600,0,0
632.332,40,32,8,11,21,3,5,80,80,80,80,80,80,0,0,0,6,6,600,600,0,0
633.332,40,32,8,11,21,3,5,80,80,80,80,80,80,0,0,0,6,6,600,600,0,0
634.332,40,32,8,11,21,3,5,80,80,80,80,80,80,0,0,0,6,6,600,600,0,0
635.332,40,32,8,11,21,3,5,80,80,80,80,80,80,0,0,0,6,6,600,600,0,0
636.332,40,32,8,11,21,3,5,80,80,80,80,80,80,0,0,0,6,6,600,600,0,0
637.332,40,32,8,11,21,3,5,80,80,80,80,80,80,0,0,0,6,6,600,600,0,0
638.332,40,32,8,11,21,3,5,80,80,80,80,80,80,0,0,0,6,6,600,600,0,0
639.332,40,32,8,11,21,3,5,80,80,80,80,80,80,0,0,0,6,6,600,600,0,0
640.332,40,32,8,11,21,3,5,80,80,80,80,80,80,0,0,0,6,6,600,600,0,0
641.332,40,32,8,11,21,3,5,80,80,80,80,80,80,0,0,0,6,6,600,600,0,0
642.332,40,32,8,11,21,3,5,80,80,80,80,80,80,0,0,0,6,6,600,600,0,0
643.332,40,32,8,11,21,3,5,80,80,80,80,80,80,0,0,0,6,6,600,600,0,0
644.332,40,32,8,11,21,3,5,80,80,80,80,80,80,0,0,0,6,6,600,600,0,0
645.331,40,32,8,11,21,3,5,80,80,80,80,80,80,0,0,0,6,6,600,600,0,0
646.331,40,32,8,11,21,3,5,80,80,80,80,80,80,0,0,0,6,6,600,600,0,0
647.331,40,32,8,11,21,3,5,80,80,80,80,80,80,0,0,0,6,6,600,600,0,0
648.331,40,32,8,11,21,3,5,80,80,80,80,80,80,0,0,0,6,6,600,600,0,0
649.331,40,32,8,11,21,3,5,80,80,80,80,80,80,0,0,0,6,6,600,600,0,0
650.331,40,32,8,11,21,3,5,80,80,80,80,80,80,0,0,0,6,6,600,600,0,0
651.331,40,32,8,11,21,3,5,80,80,80,80,80,80,0,0,0,6,6,600,600,0,0
652.331,40,32,8,11,21,3,5,80,80,80,80,80,80,0,0,0,6,6,600,600,0,0
653.331,40,32,8,11,21,3,5,80,80,80,80,80,80,0,0,0,6,6,600,600,0,0
654.331,40,32,8,11,21,3,5,80,80,80,80,80,80,0,0,0,6,6,600,600,0,0
655.331,40,32,8,11,21,3,5,80,80,80,80,80,80,0,0,0,6,6,600,600,0,0
656.331,40,32,8,11,21,3,5,80,80,80,80,80,80,0,0,0,6,6,600,600,0,0
657.331,40,32,8,11,21,3,5,80,80,80,80,80,80,0,0,0,6,6,600,600,0,0
658.331,40,32,8,11,21,3,5,80,80,80,80,80,80,0,0,0,6,6,600,600,0,0
659.331,40,32,8,11,21,3,5,80,80,80,80,80,80,0,0,0,6,6,600,600,0,0
660.331,40,32,8,11,21,3,5,80,80,80,80,80,80,0,0,0,6,6,600,600,0,0
661.33,40,32,8,11,21,3,5,80,80,80,80,80,80,0,0,0,6,6,600,600,0,0
662.33,40,32,8,11,21,3,5,80,80,80,80,80,80,0,0,0,6,6,600,600,0,0
663.33,40,32,8,11,21,3,5,80,80,80,80,80,80,0,0,0,6,6,600,600,0,0
664.33,40,32,8,11,21,3,5,80,80,80,80,80,80,0,0,0,6,6,600,600,0,0
665.33,40,32,8,11,21,3,5,80,80,80,80,80,80,0,0,0,6,6,600,600,0,0
666.33,40,32,8,11,21,3,5,80,80,80,80,80,80,0,0,0,6,6,600,600,0,0
667.33,40,32,8,11,21,3,5,80,80,80,80,80,80,0,0,0,6,6,600,600,0,0
668.33,40,32,8,11,21,3,5,80,80,80,80,80,80,0,0,0,6,6,600,600,0,0
669.33,40,32,8,11,21,3,5,80,80,80,80,80,80,0,0,0,6,6,600,600,0,0
670.33,40,32,8,11,21,3,5,80,80,80,80,80,80,0,0,0,6,6,600,600,0,0
671.33,40,32,8,11,21,3,5,80,80,80,80,80,80,0,0,0,6,6,600,600,0,0
672.33,40,32,8,11,21,3,5,80,80,80,80,80,80,0,0,0,6,6,600,600,0,0
673.33,40,32,8,11,21,3,5,80,80,80,80,80,80,0,0,0,6,6,600,600,0,0
674.33,40,32,8,11,21,3,5,80,80,80,80,80,80,0,0,0,6,6,600,600,0,0
675.33,40,32,8,11,21,3,5,80,80,80,80,80,80,0,0,0,6,6,600,600,0,0
676.33,40,32,8,11,21,3,5,80,80,80,80,80,80,0,0,0,6,6,600,600,0,0
677.33,40,32,8,11,21,3,5,80,80,80,80,80,80,0,0,0,6,6,600,600,0,0
678.329,40,32,8,11,21,3,5,80,80,80,80,80,80,0,0,0,6,6,600,600,0,0
679.329,40,32,8,11,21,3,5,80,80,80,80,80,80,0,0,0,6,6,600,600,0,0
680.329,40,32,8,11,21,3,5,80,80,80,80,80,80,0,0,0,6,6,600,600,0,0
681.329,40,32,8,11,21,3,5,80,80,80,80,80,80,0,0,0,6,6,600,600,0,0
682.329,40,32,8,11,21,3,5,80,80,80,80,80,80,0,0,0,6,6,600,600,0,0
683.329,40,32,8,11,21,3,5,80,80,80,80,80,80,0,0,0,6,6,600,600,0,0
684.329,40,32,8,11,21,3,5,80,80,80,80,80,80,0,0,0,6,6,600,600,0,0
685.329,40,32,8,11,21,3,5,80,80,80,80,80,80,0,0,0,6,6,600,600,0,0
686.329,40,32,8,11,21,3,5,80,80,80,80,80,80,0,0,0,6,6,600,600,0,0
687.329,40,32,8,11,21,3,5,80,80,80,80,80,80,0,0,0,6,6,600,600,0,0
688.329,40,32,8,11,21,3,5,80,80,80,80,80,80,0,0,0,6,6,600,600,0,0
689.329,40,32,8,11,21,3,5,80,80,80,80,80,80,0,0,0,6,6,600,600,0,0
690.329,40,32,8,11,21,3,5,80,80,80,80,80,80,0,0,0,6,6,600,600,0,0
691.329,40,32,8,11,21,3,5,80,80,80,80,80,80,0,0,0,6,6,600,600,0,0
692.329,40,32,8,11,21,3,5,80,80,80,80,80,80,0,0,0,6,6,600,600,0,0
693.329,40,32,8,11,21,3,5,80,80,80,80,80,80,0,0,0,6,6,600,600,0,0
694.328,40,32,8,11,21,3,5,80,80,80,80,80,80,0,0,0,6,6,600,600,0,0
695.328,40,32,8,11,21,3,5,80,80,80,80,80,80,0,0,0,6,6,600,600,0,0
696.328,40,32,8,11,21,3,5,80,80,80,80,80,80,0,0,0,6,6,600,600,0,0
697.328,40,32,8,11,21,3,5,80,80,80,80,80,80,0,0,0,6,6,600,600,0,0
698.328,40,32,8,11,21,3,5,80,80,80,80,80,80,0,0,0,6,6,600,600,0,0
699.328,40,32,8,11,21,3,5,80,80,80,80,80,80,0,0,0,6,6,600,600,0,0
700.328,40,32,8,11,21,3,5,80,80,80,80,80,80,0,0,0,6,6,600,600,0,0
701.328,40,32,8,11,21,3,5,80,80,80,80,80,80,0,0,0,6,6,600,600,0,0
702.328,40,32,8,11,21,3,5,80,80,80,80,80,80,0,0,0,6,6,600,600,0,0
703.328,40,32,8,11,21,3,5,80,80,80,80,80,80,0,0,0,6,6,600,600,0,0
704.328,40,32,8,11,21,3,5,80,80,80,80,80,80,0,0,0,6,6,600,600,0,0
705.328,40,32,8,11,21,3,5,80,80,80,80,80,80,0,0,0,6,6,600,600,0,0
706.328,40,32,8,11,21,3,5,80,80,80,80,80,80,0,0,0,6,6,600,600,0,0
707.328,40,32,8,11,21,3,5,80,80,80,80,80,80,0,0,0,6,6,600,600,0,0
708.328,40,32,8,11,21,3,5,80,80,80,80,80,80,0,0,0,6,6,600,600,0,0
709.328,40,32,8,11,21,3,5,80,80,80,80,80,80,0,0,0,6,6,600,600,0,0
710.328,40,32,8,11,21,3,5,80,80,80,80,80,80,0,0,0,6,6,600,600,0,0
711.327,40,32,8,11,21,3,5,80,80,80,80,80,80,0,0,0,6,6,600,600,0,0
712.327,40,32,8,11,21,3,5,80,80,80,80,80,80,0,0,0,6,6,600,600,0,0
713.327,40,32,8,11,21,3,5,80,80,80,80,80,80,0,0,0,6,6,600,600,0,0
714.327,40,32,8,11,21,3,5,80,80,80,80,80,80,0,0,0,6,6,600,600,0,0
715.327,40,32,8,11,21,3,5,80,80,80,80,80,80,0,0,0,6,6,600,600,0,0
716.327,40,32,8,11,21,3,5,80,80,80,80,80,80,0,0,0,6,6,600,600,0,0
717.327,40,32,8,11,21,3,5,80,80,80,80,80,80,0,0,0,6,6,600,600,0,0
718.327,40,32,8,11,21,3,5,80,80,80,80,80,80,0,0,0,6,6,600,600,0,0
719.327,40,32,8,11,21,3,5,80,80,80,80,80,80,0,0,0,6,6,600,600,0,0
720.327,40,32,8,11,21,3,5,80,80,80,80,80,80,0,0,0,6,6,600,600,0,0
721.327,40,32,8,11,21,3,5,80,80,80,80,80,80,0,0,0,6,6,600,600,0,0
722.327,40,32,8,11,21,3,5,80,80,80,80,80,80,0,0,0,6,6,600,600,0,0
723.327,40,32,8,11,21,3,5,80,80,80,80,80,80,0,0,0,6,6,600,600,0,0
724.327,40,32,8,11,21,3,5,80,80,80,80,80,80,0,0,0,6,6,600,600,0,0
725.327,40,32,8,11,21,3,5,80,80,80,80,80,80,0,0,0,6,6,600,600,0,0
726.327,40,32,8,11,21,3,5,80,80,80,80,80,80,0,0,0,6,6,600,600,0,0
727.326,40,32,8,11,21,3,5,80,80,80,80,80,80,0,0,0,6,6,600,600,0,0
728.326,40,32,8,11,21,3,5,80,80,80,80,80,80,0,0,0,6,6,600,600,0,0
729.326,40,32,8,11,21,3,5,80,80,80,80,80,80,0,0,0,6,6,600,600,0,0
730.326,40,32,8,11,21,3,5,80,80,80,80,80,80,0,0,0,6,6,600,600,0,0
731.326,40,32,8,11,21,3,5,80,80,80,80,80,80,0,0,0,6,6,600,600,0,0
732.326,40,32,8,11,21,3,5,80,80,80,80,80,80,0,0,0,6,6,600,600,0,0
733.326,40,32,8,11,21,3,5,80,80,80,80,80,80,0,0,0,6,6,600,600,0,0
734.326,40,32,8,11,21,3,5,80,80,80,80,80,80,0,0,0,6,6,600,600,0,0
735.326,40,32,8,11,21,3,5,80,80,80,80,80,80,0,0,0,6,6,600,600,0,0
736.326,40,32,8,11,21,3,5,80,80,80,80,80,80,0,0,0,6,6,600,600,0,0
737.326,40,32,8,11,21,3,5,80,80,80,80,80,80,0,0,0,6,6,600,600,0,0
738.326,40,32,8,11,21,3,5,80,80,80,80,80,80,0,0,0,6,6,600,600,0,0
739.326,40,32,8,11,21,3,5,80,80,80,80,80,80,0,0,0,6,6,600,600,0,0
740.326,40,32,8,11,21,3,5,80,80,80,80,80,80,0,0,0,6,6,600,600,0,0
741.326,40,32,8,11,21,3,5,80,80,80,80,80,80,0,0,0,6,6,600,600,0,0
742.326,40,32,8,11,21,3,5,80,80,80,80,80,80,0,0,0,6,6,600,600,0,0
743.325,40,32,8,11,21,3,5,80,80,80,80,80,80,0,0,0,6,6,600,600,0,0
744.325,40,32,8,11,21,3,5,80,80,80,80,80,80,0,0,0,6,6,600,600,0,0
745.325,40,32,8,11,21,3,5,80,80,80,80,80,80,0,0,0,6,6,600,600,0,0
746.325,40,32,8,11,21,3,5,80,80,80,80,80,80,0,0,0,6,6,600,600,0,0
747.325,40,32,8,11,21,3,5,80,80,80,80,80,80,0,0,0,6,6,600,600,0,0
748.325,40,32,8,11,21,3,5,80,80,80,80,80,80,0,0,0,6,6,600,600,0,0
749.325,40,32,8,11,21,3,5,80,80,80,80,80,80,0,0,0,6,6,600,600,0,0
750.325,40,32,8,11,21,3,5,80,80,80,80,80,80,0,0,0,6,6,600,600,0,0
751.325,40,32,8,11,21,3,5,80,80,80,80,80,80,0,0,0,6,6,600,600,0,0
752.325,40,32,8,11,21,3,5,80,80,80,80,80,80,0,0,0,6,6,600,600,0,0
753.325,40,32,8,11,21,3,5,80,80,80,80,80,80,0,0,0,6,6,600,600,0,0
754.325,40,32,8,11,21,3,5,80,80,80,80,80,80,0,0,0,6,6,600,600,0,0
755.325,40,32,8,11,21,3,5,80,80,80,80,80,80,0,0,0,6,6,600,600,0,0
756.325,40,32,8,11,21,3,5,80,80,80,80,80,80,0,0,0,6,6,600,600,0,0
757.325,40,32,8,11,21,3,5,80,80,80,80,80,80,0,0,0,6,6,600,600,0,0
758.325,40,32,8,11,21,3,5,80,80,80,80,80,80,0,0,0,6,6,600,600,0,0
759.325,40,32,8,11,21,3,5,80,80,80,80,80,80,0,0,0,6,6,600,600,0,0
760.324,40,32,8,11,21,3,5,80,80,80,80,80,80,0,0,0,6,6,600,600,0,0
761.324,40,32,8,11,21,3,5,80,80,80,80,80,80,0,0,0,6,6,600,600,0,0
762.324,40,32,8,11,21,3,5,80,80,80,80,80,80,0,0,0,6,6,600,600,0,0
763.324,40,32,8,11,21,3,5,80,80,80,80,80,80,0,0,0,6,6,600,600,0,0
764.324,40,32,8,11,21,3,5,80,80,80,80,80,80,0,0,0,6,6,600,600,0,0
765.324,40,32,8,11,21,3,5,80,80,80,80,80,80,0,0,0,6,6,600,600,0,0
766.324,40,32,8,11,21,3,5,80,80,80,80,80,80,0,0,0,6,6,600,600,0,0
767.324,40,32,8,11,21,3,5,80,80,80,80,80,80,0,0,0,6,6,600,600,0,0
768.324,40,32,8,11,21,3,5,80,80,80,80,80,80,0,0,0,6,6,600,600,0,0
769.324,40,32,8,11,21,3,5,80,80,80,80,80,80,0,0,0,6,6,600,600,0,0
770.324,40,32,8,11,21,3,5,80,80,80,80,80,80,0,0,0,6,6,600,600,0,0
771.324,40,32,8,11,21,3,5,80,80,80,80,80,80,0,0,0,6,6,600,600,0,0
772.324,40,32,8,11,21,3,5,80,80,80,80,80,80,0,0,0,6,6,600,600,0,0
773.324,40,32,8,11,21,3,5,80,80,80,80,80,80,0,0,0,6,6,600,600,0,0
774.324,40,32,8,11,21,3,5,80,80,80,80,80,80,0,0,0,6,6,600,600,0,0
775.324,40,32,8,11,21,3,5,80,80,80,80,80,80,0,0,0,6,6,600,600,0,0
776.323,40,32,8,11,21,3,5,80,80,80,80,80,80,0,0,0,6,6,600,600,0,0
777.323,40,32,8,11,21,3,5,80,80,80,80,80,80,0,0,0,6,6,600,600,0,0
778.323,40,32,8,11,21,3,5,80,80,80,80,80,80,0,0,0,6,6,600,600,0,0
779.323,40,32,8,11,21,3,5,80,80,80,80,80,80,0,0,0,6,6,600,600,0,0
780.323,40,32,8,11,21,3,5,80,80,80,80,80,80,0,0,0,6,6,600,600,0,0
781.323,40,32,8,11,21,3,5,80,80,80,80,80,80,0,0,0,6,6,600,600,0,0
782.323,40,32,8,11,21,3,5,80,80,80,80,80,80,0,0,0,6,6,600,600,0,0
783.323,40,32,8,11,21,3,5,80,80,80,80,80,80,0,0,0,6,6,600,600,0,0
784.323,40,32,8,11,21,3,5,80,80,80,80,80,80,0,0,0,6,6,600,600,0,0
785.323,40,32,8,11,21,3,5,80,80,80,80,80,80,0,0,0,6,6,600,600,0,0
786.323,40,32,8,11,21,3,5,80,80,80,80,80,80,0,0,0,6,6,600,600,0,0
787.323,40,32,8,11,21,3,5,80,80,80,80,80,80,0,0,0,6,6,600,600,0,0
788.323,40,32,8,11,21,3,5,80,80,80,80,80,80,0,0,0,6,6,600,600,0,0
789.323,40,32,8,11,21,3,5,80,80,80,80,80,80,0,0,0,6,6,600,600,0,0
790.323,40,32,8,11,21,3,5,80,80,80,80,80,80,0,0,0,6,6,600,600,0,0
791.323,40,32,8,11,21,3,5,80,80,80,80,80,80,0,0,0,6,6,600,600,0,0
792.322,40,32,8,11,21,3,5,80,80,80,80,80,80,0,0,0,6,6,600,600,0,0
793.322,40,32,8,11,21,3,5,80,80,80,80,80,80,0,0,0,6,6,600,600,0,0
794.322,40,32,8,11,21,3,5,80,80,80,80,80,80,0,0,0,6,6,600,600,0,0
795.322,40,32,8,11,21,3,5,80,80,80,80,80,80,0,0,0,6,6,600,600,0,0
796.322,40,32,8,11,21,3,5,80,80,80,80,80,80,0,0,0,6,6,600,600,0,0
797.322,40,32,8,11,21,3,5,80,80,80,80,80,80,0,0,0,6,6,600,600,0,0
798.322,40,32,8,11,21,3,5,80,80,80,80,80,80,0,0,0,6,6,600,600,0,0
799.322,40,32,8,11,21,3,5,80,80,80,80,80,80,0,0,0,6,6,600,600,0,0
800.322,40,32,8,11,21,3,5,80,80,80,80,80,80,0,0,0,6,6,600,600,0,0
801.322,40,32,8,11,21,3,5,80,80,80,80,80,80,0,0,0,6,6,600,600,0,0
802.322,40,32,8,11,21,3,5,80,80,80,80,80,80,0,0,0,6,6,600,600,0,0
803.322,40,32,8,11,21,3,5,80,80,80,80,80,80,0,0,0,6,6,600,600,0,0
804.322,40,32,8,11,21,3,5,80,80,80,80,80,80,0,0,0,6,6,600,600,0,0
805.322,40,32,8,11,21,3,5,80,80,80,80,80,80,0,0,0,6,6,600,600,0,0
806.322,40,32,8,11,21,3,5,80,80,80,80,80,80,0,0,0,6,6,600,600,0,0
807.322,40,32,8,11,21,3,5,80,80,80,80,80,80,0,0,0,6,6,600,600,0,0
808.322,40,32,8,11,21,3,5,80,80,80,80,80,80,0,0,0,6,6,600,600,0,0
809.321,40,32,8,11,21,3,5,80,80,80,80,80,80,0,0,0,6,6,600,600,0,0
810.321,40,32,8,11,21,3,5,80,80,80,80,80,80,0,0,0,6,6,600,600,0,0
811.321,40,32,8,11,21,3,5,80,80,80,80,80,80,0,0,0,6,6,600,600,0,0
812.321,40,32,8,11,21,3,5,80,80,80,80,80,80,0,0,0,6,6,600,600,0,0
813.321,40,32,8,11,21,3,5,80,80,80,80,80,80,0,0,0,6,6,600,600,0,0
814.321,40,32,8,11,21,3,5,80,80,80,80,80,80,0,0,0,6,6,600,600,0,0
815.321,40,32,8,11,21,3,5,80,80,80,80,80,80,0,0,0,6,6,600,600,0,0
816.321,40,32,8,11,21,3,5,80,80,80,80,80,80,0,0,0,6,6,600,600,0,0
817.321,40,32,8,11,21,3,5,80,80,80,80,80,80,0,0,0,6,6,600,600,0,0
818.321,40,32,8,11,21,3,5,80,80,80,80,80,80,0,0,0,6,6,600,600,0,0
819.321,40,32,8,11,21,3,5,80,80,80,80,80,80,0,0,0,6,6,600,600,0,0
820.321,40,32,8,11,21,3,5,80,80,80,80,80,80,0,0,0,6,6,600,600,0,0
821.321,40,32,8,11,21,3,5,80,80,80,80,80,80,0,0,0,6,6,600,600,0,0
822.321,40,32,8,11,21,3,5,80,80,80,80,80,80,0,0,0,6,6,600,600,0,0
823.321,40,32,8,11,21,3,5,80,80,80,80,80,80,0,0,0,6,6,600,600,0,0
824.321,40,32,8,11,21,3,5,80,80,80,80,80,80,0,0,0,6,6,600,600,0,0
825.32,40,32,8,11,21,3,5,80,80,80,80,80,80,0,0,0,6,6,600,600,0,0
826.32,40,32,8,11,21,3,5,80,80,80,80,80,80,0,0,0,6,6,600,600,0,0
827.32,40,32,8,11,21,3,5,80,80,80,80,80,80,0,0,0,6,6,600,600,0,0
828.32,40,32,8,11,21,3,5,80,80,80,80,80,80,0,0,0,6,6,600,600,0,0
829.32,40,32,8,11,21,3,5,80,80,80,80,80,80,0,0,0,6,6,600,600,0,0
830.32,40,32,8,11,21,3,5,80,80,80,80,80,80,0,0,0,6,6,600,600,0,0
831.32,40,32,8,11,21,3,5,80,80,80,80,80,80,0,0,0,6,6,600,600,0,0
832.32,40,32,8,11,21,3,5,80,80,80,80,80,80,0,0,0,6,6,600,600,0,0
833.32,40,32,8,11,21,3,5,80,80,80,80,80,80,0,0,0,6,6,600,600,0,0
834.32,40,32,8,11,21,3,5,80,80,80,80,80,80,0,0,0,6,6,600,600,0,0
835.32,40,32,8,11,21,3,5,80,80,80,80,80,80,0,0,0,6,6,600,600,0,0
836.32,40,32,8,11,21,3,5,80,80,80,80,80,80,0,0,0,6,6,600,600,0,0
837.32,40,32,8,11,21,3,5,80,80,80,80,80,80,0,0,0,6,6,600,600,0,0
838.32,40,32,8,11,21,3,5,80,80,80,80,80,80,0,0,0,6,6,600,600,0,0
839.32,40,32,8,11,21,3,5,80,80,80,80,80,80,0,0,0,6,6,600,600,0,0
840.32,40,32,8,11,21,3,5,80,80,80,80,80,80,0,0,0,6,6,600,600,0,0
841.32,40,32,8,11,21,3,5,80,80,80,80,80,80,0,0,0,6,6,600,600,0,0
842.319,40,32,8,11,21,3,5,80,80,80,80,80,80,0,0,0,6,6,600,600,0,0
843.319,40,32,8,11,21,3,5,80,80,80,80,80,80,0,0,0,6,6,600,600,0,0
844.319,40,32,8,11,21,3,5,80,80,80,80,80,80,0,0,0,6,6,600,600,0,0
845.319,40,32,8,11,21,3,5,80,80,80,80,80,80,0,0,0,6,6,600,600,0,0
846.319,40,32,8,11,21,3,5,80,80,80,80,80,80,0,0,0,6,6,600,600,0,0
847.319,40,32,8,11,21,3,5,80,80,80,80,80,80,0,0,0,6,6,600,600,0,0
848.319,40,32,8,11,21,3,5,80,80,80,80,80,80,0,0,0,6,6,600,600,0,0
849.319,40,32,8,11,21,3,5,80,80,80,80,80,80,0,0,0,6,6,600,600,0,0
850.319,40,32,8,11,21,3,5,80,80,80,80,80,80,0,0,0,6,6,600,600,0,0
851.319,40,32,8,11,21,3,5,80,80,80,80,80,80,0,0,0,6,6,600,600,0,0
852.319,40,32,8,11,21,3,5,80,80,80,80,80,80,0,0,0,6,6,600,600,0,0
853.319,40,32,8,11,21,3,5,80,80,80,80,80,80,0,0,0,6,6,600,600,0,0
854.319,40,32,8,11,21,3,5,80,80,80,80,80,80,0,0,0,6,6,600,600,0,0
855.319,40,32,8,11,21,3,5,80,80,80,80,80,80,0,0,0,6,6,600,600,0,0
856.319,40,32,8,11,21,3,5,80,80,80,80,80,80,0,0,0,6,6,600,600,0,0
857.319,40,32,8,11,21,3,5,80,80,80,80,80,80,0,0,0,6,6,600,600,0,0
858.318,40,32,8,11,21,3,5,80,80,80,80,80,80,0,0,0,6,6,600,600,0,0
859.318,40,32,8,11,21,3,5,80,80,80,80,80,80,0,0,0,6,6,600,600,0,0
860.318,40,32,8,11,21,3,5,80,80,80,80,80,80,0,0,0,6,6,600,600,0,0
861.318,40,32,8,11,21,3,5,80,80,80,80,80,80,0,0,0,6,6,600,600,0,0
862.318,40,32,8,11,21,3,5,80,80,80,80,80,80,0,0,0,6,6,600,600,0,0
863.318,40,32,8,11,21,3,5,80,80,80,80,80,80,0,0,0,6,6,600,600,0,0
864.318,40,32,8,11,21,3,5,80,80,80,80,80,80,0,0,0,6,6,600,600,0,0
865.318,40,32,8,11,21,3,5,80,80,80,80,80,80,0,0,0,6,6,600,600,0,0
866.318,40,32,8,11,21,3,5,80,80,80,80,80,80,0,0,0,6,6,600,600,0,0
867.318,40,32,8,11,21,3,5,80,80,80,80,80,80,0,0,0,6,6,600,600,0,0
868.318,40,32,8,11,21,3,5,80,80,80,80,80,80,0,0,0,6,6,600,600,0,0
869.318,40,32,8,11,21,3,5,80,80,80,80,80,80,0,0,0,6,6,600,600,0,0
870.318,40,32,8,11,21,3,5,80,80,80,80,80,80,0,0,0,6,6,600,600,0,0
871.318,40,32,8,11,21,3,5,80,80,80,80,80,80,0,0,0,6,6,600,600,0,0
872.318,40,32,8,11,21,3,5,80,80,80,80,80,80,0,0,0,6,6,600,600,0,0
873.318,40,32,8,11,21,3,5,80,80,80,80,80,80,0,0,0,6,6,600,600,0,0
874.317,40,32,8,11,21,3,5,80,80,80,80,80,80,0,0,0,6,6,600,600,0,0
875.317,40,32,8,11,21,3,5,80,80,80,80,80,80,0,0,0,6,6,600,600,0,0
876.317,40,32,8,11,21,3,5,80,80,80,80,80,80,0,0,0,6,6,600,600,0,0
877.317,40,32,8,11,21,3,5,80,80,80,80,80,80,0,0,0,6,6,600,600,0,0
878.317,40,32,8,11,21,3,5,80,80,80,80,80,80,0,0,0,6,6,600,600,0,0
879.317,40,32,8,11,21,3,5,80,80,80,80,80,80,0,0,0,6,6,600,600,0,0
880.317,40,32,8,11,21,3,5,80,80,80,80,80,80,0,0,0,6,6,600,600,0,0
881.317,40,32,8,11,21,3,5,80,80,80,80,80,80,0,0,0,6,6,600,600,0,0
882.317,40,32,8,11,21,3,5,80,80,80,80,80,80,0,0,0,6,6,600,600,0,0
883.317,40,32,8,11,21,3,5,80,80,80,80,80,80,0,0,0,6,6,600,600,0,0
884.317,40,32,8,11,21,3,5,80,80,80,80,80,80,0,0,0,6,6,600,600,0,0
885.317,40,32,8,11,21,3,5,80,80,80,80,80,80,0,0,0,6,6,600,600,0,0
886.317,40,32,8,11,21,3,5,80,80,80,80,80,80,0,0,0,6,6,600,600,0,0
887.317,40,32,8,11,21,3,5,80,80,80,80,80,80,0,0,0,6,6,600,600,0,0
888.317,40,32,8,11,21,3,5,80,80,80,80,80,80,0,0,0,6,6,600,600,0,0
889.317,40,32,8,11,21,3,5,80,80,80,80,80,80,0,0,0,6,6,600,600,0,0
890.317,40,32,8,11,21,3,5,80,80,80,80,80,80,0,0,0,6,6,600,600,0,0
891.316,40,32,8,11,21,3,5,80,80,80,80,80,80,0,0,0,6,6,600,600,0,0
892.316,40,32,8,11,21,3,5,80,80,80,80,80,80,0,0,0,6,6,600,600,0,0
893.316,40,32,8,11,21,3,5,80,80,80,80,80,80,0,0,0,6,6,600,600,0,0
894.316,40,32,8,11,21,3,5,80,80,80,80,80,80,0,0,0,6,6,600,600,0,0
895.316,40,32,8,11,21,3,5,80,80,80,80,80,80,0,0,0,6,6,600,600,0,0
896.316,40,32,8,11,21,3,5,80,80,80,80,80,80,0,0,0,6,6,600,600,0,0
897.316,40,32,8,11,21,3,5,80,80,80,80,80,80,0,0,0,6,6,600,600,0,0
898.316,40,32,8,11,21,3,5,80,80,80,80,80,80,0,0,0,6,6,600,600,0,0
899.316,40,32,8,11,21,3,5,80,80,80,80,80,80,0,0,0,6,6,600,600,0,0
900.316,40,32,8,11,21,3,5,80,80,80,80,80,80,0,0,0,6,6,600,600,0,0
901.316,40,32,8,11,21,3,5,80,80,80,80,80,80,0,0,0,6,6,600,600,0,0
902.316,40,32,8,11,21,3,5,80,80,80,80,80,80,0,0,0,6,6,600,600,0,0
903.316,40,32,8,11,21,3,5,80,80,80,80,80,80,0,0,0,6,6,600,600,0,0
904.316,40,32,8,11,21,3,5,80,80,80,80,80,80,0,0,0,6,6,600,600,0,0
905.316,40,32,8,11,21,3,5,80,80,80,80,80,80,0,0,0,6,6,600,600,0,0
906.316,40,32,8,11,21,3,5,80,80,80,80,80,80,0,0,0,6,6,600,600,0,0
907.315,40,32,8,11,21,3,5,80,80,80,80,80,80,0,0,0,6,6,600,600,0,0
908.315,40,32,8,11,21,3,5,80,80,80,80,80,80,0,0,0,6,6,600,600,0,0
909.315,40,32,8,11,21,3,5,80,80,80,80,80,80,0,0,0,6,6,600,600,0,0
910.315,40,32,8,11,21,3,5,80,80,80,80,80,80,0,0,0,6,6,600,600,0,0
911.315,40,32,8,11,21,3,5,80,80,80,80,80,80,0,0,0,6,6,600,600,0,0
912.315,40,32,8,11,21,3,5,80,80,80,80,80,80,0,0,0,6,6,600,600,0,0
913.315,40,32,8,11,21,3,5,80,80,80,80,80,80,0,0,0,6,6,600,600,0,0
914.315,40,32,8,11,21,3,5,80,80,80,80,80,80,0,0,0,6,6,600,600,0,0
915.315,40,32,8,11,21,3,5,80,80,80,80,80,80,0,0,0,6,6,600,600,0,0
916.315,40,32,8,11,21,3,5,80,80,80,80,80,80,0,0,0,6,6,600,600,0,0
917.315,40,32,8,11,21,3,5,80,80,80,80,80,80,0,0,0,6,6,600,600,0,0
918.315,40,32,8,11,21,3,5,80,80,80,80,80,80,0,0,0,6,6,600,600,0,0
919.315,40,32,8,11,21,3,5,80,80,80,80,80,80,0,0,0,6,6,600,600,0,0
920.315,40,32,8,11,21,3,5,80,80,80,80,80,80,0,0,0,6,6,600,600,0,0
921.315,40,32,8,11,21,3,5,80,80,80,80,80,80,0,0,0,6,6,600,600,0,0
922.315,40,32,8,11,21,3,5,80,80,80,80,80,80,0,0,0,6,6,600,600,0,0
923.315,40,32,8,11,21,3,5,80,80,80,80,80,80,0,0,0,6,6,600,600,0,0
924.314,40,32,8,11,21,3,5,80,80,80,80,80,80,0,0,0,6,6,600,600,0,0
925.314,40,32,8,11,21,3,5,80,80,80,80,80,80,0,0,0,6,6,600,600,0,0
926.314,40,32,8,11,21,3,5,80,80,80,80,80,80,0,0,0,6,6,600,600,0,0
927.314,40,32,8,11,21,3,5,80,80,80,80,80,80,0,0,0,6,6,600,600,0,0
928.314,40,32,8,11,21,3,5,80,80,80,80,80,80,0,0,0,6,6,600,600,0,0
929.314,40,32,8,11,21,3,5,80,80,80,80,80,80,0,0,0,6,6,600,600,0,0
930.314,40,32,8,11,21,3,5,80,80,80,80,80,80,0,0,0,6,6,600,600,0,0
931.314,40,32,8,11,21,3,5,80,80,80,80,80,80,0,0,0,6,6,600,600,0,0
932.314,40,32,8,11,21,3,5,80,80,80,80,80,80,0,0,0,6,6,600,600,0,0
933.314,40,32,8,11,21,3,5,80,80,80,80,80,80,0,0,0,6,6,600,600,0,0
934.314,40,32,8,11,21,3,5,80,80,80,80,80,80,0,0,0,6,6,600,600,0,0
935.314,40,32,8,11,21,3,5,80,80,80,80,80,80,0,0,0,6,6,600,600,0,0
936.314,40,32,8,11,21,3,5,80,80,80,80,80,80,0,0,0,6,6,600,600,0,0
937.314,40,32,8,11,21,3,5,80,80,80,80,80,80,0,0,0,6,6,600,600,0,0
938.314,40,32,8,11,21,3,5,80,80,80,80,80,80,0,0,0,6,6,600,600,0,0
939.314,40,32,8,11,21,3,5,80,80,80,80,80,80,0,0,0,6,6,600,600,0,0
940.313,40,32,8,11,21,3,5,80,80,80,80,80,80,0,0,0,6,6,600,600,0,0
941.313,40,32,8,11,21,3,5,80,80,80,80,80,80,0,0,0,6,6,600,600,0,0
942.313,40,32,8,11,21,3,5,80,80,80,80,80,80,0,0,0,6,6,600,600,0,0
943.313,40,32,8,11,21,3,5,80,80,80,80,80,80,0,0,0,6,6,600,600,0,0
944.313,40,32,8,11,21,3,5,80,80,80,80,80,80,0,0,0,6,6,600,600,0,0
945.313,40,32,8,11,21,3,5,80,80,80,80,80,80,0,0,0,6,6,600,600,0,0
946.313,40,32,8,11,21,3,5,80,80,80,80,80,80,0,0,0,6,6,600,600,0,0
947.313,40,32,8,11,21,3,5,80,80,80,80,80,80,0,0,0,6,6,600,600,0,0
948.313,40,32,8,11,21,3,5,80,80,80,80,80,80,0,0,0,6,6,600,600,0,0
949.313,40,32,8,11,21,3,5,80,80,80,80,80,80,0,0,0,6,6,600,600,0,0
950.313,40,32,8,11,21,3,5,80,80,80,80,80,80,0,0,0,6,6,600,600,0,0
951.313,40,32,8,11,21,3,5,80,80,80,80,80,80,0,0,0,6,6,600,600,0,0
952.313,40,32,8,11,21,3,5,80,80,80,80,80,80,0,0,0,6,6,600,600,0,0
953.313,40,32,8,11,21,3,5,80,80,80,80,80,80,0,0,0,6,6,600,600,0,0
954.313,40,32,8,11,21,3,5,80,80,80,80,80,80,0,0,0,6,6,600,600,0,0
955.313,40,32,8,11,21,3,5,80,80,80,80,80,80,0,0,0,6,6,600,600,0,0
956.312,40,32,8,11,21,3,5,80,80,80,80,80,80,0,0,0,6,6,600,600,0,0
957.312,40,32,8,11,21,3,5,80,80,80,80,80,80,0,0,0,6,6,600,600,0,0
958.312,40,32,8,11,21,3,5,80,80,80,80,80,80,0,0,0,6,6,600,600,0,0
959.312,40,32,8,11,21,3,5,80,80,80,80,80,80,0,0,0,6,6,600,600,0,0
960.312,40,32,8,11,21,3,5,80,80,80,80,80,80,0,0,0,6,6,600,600,0,0
961.312,40,32,8,11,21,3,5,80,80,80,80,80,80,0,0,0,6,6,600,600,0,0
962.312,40,32,8,11,21,3,5,80,80,80,80,80,80,0,0,0,6,6,600,600,0,0
963.312,40,32,8,11,21,3,5,80,80,80,80,80,80,0,0,0,6,6,600,600,0,0
964.312,40,32,8,11,21,3,5,80,80,80,80,80,80,0,0,0,6,6,600,600,0,0
965.312,40,32,8,11,21,3,5,80,80,80,80,80,80,0,0,0,6,6,600,600,0,0
966.312,40,32,8,11,21,3,5,80,80,80,80,80,80,0,0,0,6,6,600,600,0,0
967.312,40,32,8,11,21,3,5,80,80,80,80,80,80,0,0,0,6,6,600,600,0,0
968.312,40,32,8,11,21,3,5,80,80,80,80,80,80,0,0,0,6,6,600,600,0,0
969.312,40,32,8,11,21,3,5,80,80,80,80,80,80,0,0,0,6,6,600,600,0,0
970.312,40,32,8,11,21,3,5,80,80,80,80,80,80,0,0,0,6,6,600,600,0,0
971.312,40,32,8,11,21,3,5,80,80,80,80,80,80,0,0,0,6,6,600,600,0,0
972.312,40,32,8,11,21,3,5,80,80,80,80,80,80,0,0,0,6,6,600,600,0,0
973.311,40,32,8,11,21,3,5,80,80,80,80,80,80,0,0,0,6,6,600,600,0,0
974.311,40,32,8,11,21,3,5,80,80,80,80,80,80,0,0,0,6,6,600,600,0,0
975.311,40,32,8,11,21,3,5,80,80,80,80,80,80,0,0,0,6,6,600,600,0,0
976.311,40,32,8,11,21,3,5,80,80,80,80,80,80,0,0,0,6,6,600,600,0,0
977.311,40,32,8,11,21,3,5,80,80,80,80,80,80,0,0,0,6,6,600,600,0,0
978.311,40,32,8,11,21,3,5,80,80,80,80,80,80,0,0,0,6,6,600,600,0,0
979.311,40,32,8,11,21,3,5,80,80,80,80,80,80,0,0,0,6,6,600,600,0,0
980.311,40,32,8,11,21,3,5,80,80,80,80,80,80,0,0,0,6,6,600,600,0,0
981.311,40,32,8,11,21,3,5,80,80,80,80,80,80,0,0,0,6,6,600,600,0,0
982.311,40,32,8,11,21,3,5,80,80,80,80,80,80,0,0,0,6,6,600,600,0,0
983.311,40,32,8,11,21,3,5,80,80,80,80,80,80,0,0,0,6,6,600,600,0,0
984.311,40,32,8,11,21,3,5,80,80,80,80,80,80,0,0,0,6,6,600,600,0,0
985.311,40,32,8,11,21,3,5,80,80,80,80,80,80,0,0,0,6,6,600,600,0,0
986.311,40,32,8,11,21,3,5,80,80,80,80,80,80,0,0,0,6,6,600,600,0,0
987.311,40,32,8,11,21,3,5,80,80,80,80,80,80,0,0,0,6,6,600,600,0,0
988.311,40,32,8,11,21,3,5,80,80,80,80,80,80,0,0,0,6,6,600,600,0,0
989.31,40,32,8,11,21,3,5,80,80,80,80,80,80,0,0,0,6,6,600,600,0,0
990.31,40,32,8,11,21,3,5,80,80,80,80,80,80,0,0,0,6,6,600,600,0,0
991.31,40,32,8,11,21,3,5,80,80,80,80,80,80,0,0,0,6,6,600,600,0,0
992.31,40,32,8,11,21,3,5,80,80,80,80,80,80,0,0,0,6,6,600,600,0,0
993.31,40,32,8,11,21,3,5,80,80,80,80,80,80,0,0,0,6,6,600,600,0,0
994.31,40,32,8,11,21,3,5,80,80,80,80,80,80,0,0,0,6,6,600,600,0,0
995.31,40,32,8,11,21,3,5,80,80,80,80,80,80,0,0,0,6,6,600,600,0,0
996.31,40,32,8,11,21,3,5,80,80,80,80,80,80,0,0,0,6,6,600,600,0,0
997.31,40,32,8,11,21,3,5,80,80,80,80,80,80,0,0,0,6,6,600,600,0,0
998.31,40,32,8,11,21,3,5,80,80,80,80,80,80,0,0,0,6,6,600,600,0,0
999.31,40,32,8,11,21,3,5,80,80,80,80,80,80,0,0,0,6,6,600,600,0,0
1000.31,40,32,8,11,21,3,5,80,80,80,80,80,80,0,0,0,6,6,600,600,0,0
1001.31,40,32,8,11,21,3,5,80,80,80,80,80,80,0,0,0,6,6,600,600,0,0
1002.31,40,32,8,11,21,3,5,80,80,80,80,80,80,0,0,0,6,6,600,600,0,0
1003.31,40,32,8,11,21,3,5,80,80,80,80,80,80,0,0,0,6,6,600,600,0,0
1004.31,40,32,8,11,21,3,5,80,80,80,80,80,80,0,0,0,6,6,600,600,0,0
1005.309,40,32,8,11,21,3,5,80,80,80,80,80,80,0,0,0,6,6,600,600,0,0
1006.309,40,32,8,11,21,3,5,80,80,80,80,80,80,0,0,0,6,6,600,600,0,0
1007.309,40,32,8,11,21,3,5,80,80,80,80,80,80,0,0,0,6,6,600,600,0,0
1008.309,40,32,8,11,21,3,5,80,80,80,80,80,80,0,0,0,6,6,600,600,0,0
1009.309,40,32,8,11,21,3,5,80,80,80,80,80,80,0,0,0,6,6,600,600,0,0
1010.309,40,32,8,11,21,3,5,80,80,80,80,80,80,0,0,0,6,6,600,600,0,0
1011.309,40,32,8,11,21,3,5,80,80,80,80,80,80,0,0,0,6,6,600,600,0,0
1012.309,40,32,8,11,21,3,5,80,80,80,80,80,80,0,0,0,6,6,600,600,0,0
1013.309,40,32,8,11,21,3,5,80,80,80,80,80,80,0,0,0,6,6,600,600,0,0
1014.309,40,32,8,11,21,3,5,80,80,80,80,80,80,0,0,0,6,6,600,600,0,0
1015.309,40,32,8,11,21,3,5,80,80,80,80,80,80,0,0,0,6,6,600,600,0,0
1016.309,40,32,8,11,21,3,5,80,80,80,80,80,80,0,0,0,6,6,600,600,0,0
1017.309,40,32,8,11,21,3,5,80,80,80,80,80,80,0,0,0,6,6,600,600,0,0
1018.309,40,32,8,11,21,3,5,80,80,80,80,80,80,0,0,0,6,6,600,600,0,0
1019.309,40,32,8,11,21,3,5,80,80,80,80,80,80,0,0,0,6,6,600,600,0,0
1020.309,40,32,8,11,21,3,5,80,80,80,80,80,80,0,0,0,6,6,600,600,0,0
1021.308,40,32,8,11,21,3,5,80,80,80,80,80,80,0,0,0,6,6,600,600,0,0
1022.308,40,32,8,11,21,3,5,80,80,80,80,80,80,0,0,0,6,6,600,600,0,0
1023.308,40,32,8,11,21,3,5,80,80,80,80,80,80,0,0,0,6,6,600,600,0,0
1024.308,40,32,8,11,21,3,5,80,80,80,80,80,80,0,0,0,6,6,600,600,0,0
1025.308,40,32,8,11,21,3,5,80,80,80,80,80,80,0,0,0,6,6,600,600,0,0
1026.309,40,32,8,11,21,3,5,80,80,80,80,80,80,0,0,0,6,6,600,600,0,0
1027.309,40,32,8,11,21,3,5,80,80,80,80,80,80,0,0,0,6,6,600,600,0,0
1028.309,40,32,8,11,21,3,5,80,80,80,80,80,80,0,0,0,6,6,600,600,0,0
1029.309,40,32,8,11,21,3,5,80,80,80,80,80,80,0,0,0,6,6,600,600,0,0
1030.309,40,32,8,11,21,3,5,80,80,80,80,80,80,0,0,0,6,6,600,600,0,0
1031.309,40,32,8,11,21,3,5,80,80,80,80,80,80,0,0,0,6,6,600,600,0,0
1032.309,40,32,8,11,21,3,5,80,80,80,80,80,80,0,0,0,6,6,600,600,0,0
1033.309,40,32,8,11,21,3,5,80,80,80,80,80,80,0,0,0,6,6,600,600,0,0
1034.31,40,32,8,11,21,3,5,80,80,80,80,80,80,0,0,0,6,6,600,600,0,0
1035.31,40,32,8,11,21,3,5,80,80,80,80,80,80,0,0,0,6,6,600,600,0,0
1036.31,40,32,8,11,21,3,5,80,80,80,80,80,80,0,0,0,6,6,600,600,0,0
1037.31,40,32,8,11,21,3,5,80,80,80,80,80,80,0,0,0,6,6,600,600,0,0
1038.31,40,32,8,11,21,3,5,80,80,80,80,80,80,0,0,0,6,6,600,600,0,0
1039.31,40,32,8,11,21,3,5,80,80,80,80,80,80,0,0,0,6,6,600,600,0,0
1040.31,40,32,8,11,21,3,5,80,80,80,80,80,80,0,0,0,6,6,600,600,0,0
1041.31,40,32,8,11,21,3,5,80,80,80,80,80,80,0,0,0,6,6,600,600,0,0
1042.311,40,32,8,11,21,3,5,80,80,80,80,80,80,0,0,0,6,6,600,600,0,0
1043.311,40,32,8,11,21,3,5,80,80,80,80,80,80,0,0,0,6,6,600,600,0,0
1044.311,40,32,8,11,21,3,5,80,80,80,80,80,80,0,0,0,6,6,600,600,0,0
1045.311,40,32,8,11,21,3,5,80,80,80,80,80,80,0,0,0,6,6,600,600,0,0
1046.311,40,32,8,11,21,3,5,80,80,80,80,80,80,0,0,0,6,6,600,600,0,0
1047.311,40,32,8,11,21,3,5,80,80,80,80,80,80,0,0,0,6,6,600,600,0,0
1048.311,40,32,8,11,21,3,5,80,80,80,80,80,80,0,0,0,6,6,600,600,0,0
1049.311,40,32,8,11,21,3,5,80,80,80,80,80,80,0,0,0,6,6,600,600,0,0
1050.312,40,32,8,11,21,3,5,80,80,80,80,80,80,0,0,0,6,6,600,600,0,0
1051.312,40,32,8,11,21,3,5,80,80,80,80,80,80,0,0,0,6,6,600,600,0,0
1052.312,40,32,8,11,21,3,5,80,80,80,80,80,80,0,0,0,6,6,600,600,0,0
1053.312,40,32,8,11,21,3,5,80,80,80,80,80,80,0,0,0,6,6,600,600,0,0
1054.312,40,32,8,11,21,3,5,80,80,80,80,80,80,0,0,0,6,6,600,600,0,0
1055.312,40,32,8,11,21,3,5,80,80,80,80,80,80,0,0,0,6,6,600,600,0,0
1056.312,40,32,8,11,21,3,5,80,80,80,80,80,80,0,0,0,6,6,600,600,0,0
1057.312,40,32,8,11,21,3,5,80,80,80,80,80,80,0,0,0,6,6,600,600,0,0
1058.313,40,32,8,11,21,3,5,80,80,80,80,80,80,0,0,0,6,6,600,600,0,0
1059.313,40,32,8,11,21,3,5,80,80,80,80,80,80,0,0,0,6,6,600,600,0,0
1060.313,40,32,8,11,21,3,5,80,80,80,80,80,80,0,0,0,6,6,600,600,0,0
1061.313,40,32,8,11,21,3,5,80,80,80,80,80,80,0,0,0,6,6,600,600,0,0
1062.313,40,32,8,11,21,3,5,80,80,80,80,80,80,0,0,0,6,6,600,600,0,0
1063.313,40,32,8,11,21,3,5,80,80,80,80,80,80,0,0,0,6,6,600,600,0,0
1064.313,40,32,8,11,21,3,5,80,80,80,80,80,80,0,0,0,6,6,600,600,0,0
1065.313,40,32,8,11,21,3,5,80,80,80,80,80,80,0,0,0,6,6,600,600,0,0
1066.313,40,32,8,11,21,3,5,80,80,80,80,80,80,0,0,0,6,6,600,600,0,0
1067.314,40,32,8,11,21,3,5,80,80,80,80,80,80,0,0,0,6,6,600,600,0,0
1068.314,40,32,8,11,21,3,5,80,80,80,80,80,80,0,0,0,6,6,600,600,0,0
1069.314,40,32,8,11,21,3,5,80,80,80,80,80,80,0,0,0,6,6,600,600,0,0
1070.314,40,32,8,11,21,3,5,80,80,80,80,80,80,0,0,0,6,6,600,600,0,0
1071.314,40,32,8,11,21,3,5,80,80,80,80,80,80,0,0,0,6,6,600,600,0,0
1072.314,40,32,8,11,21,3,5,80,80,80,80,80,80,0,0,0,6,6,600,600,0,0
1073.314,40,32,8,11,21,3,5,80,80,80,80,80,80,0,0,0,6,6,600,600,0,0
1074.314,40,32,8,11,21,3,5,80,80,80,80,80,80,0,0,0,6,6,600,600,0,0
1075.315,40,32,8,11,21,3,5,80,80,80,80,80,80,0,0,0,6,6,600,600,0,0
1076.315,40,32,8,11,21,3,5,80,80,80,80,80,80,0,0,0,6,6,600,600,0,0
1077.315,40,32,8,11,21,3,5,80,80,80,80,80,80,0,0,0,6,6,600,600,0,0
1078.315,40,32,8,11,21,3,5,80,80,80,80,80,80,0,0,0,6,6,600,600,0,0
1079.315,40,32,8,11,21,3,5,80,80,80,80,80,80,0,0,0,6,6,600,600,0,0
1080.315,40,32,8,11,21,3,5,80,80,80,80,80,80,0,0,0,6,6,600,600,0,0
1081.315,40,32,8,11,21,3,5,80,80,80,80,80,80,0,0,0,6,6,600,600,0,0
1082.315,40,32,8,11,21,3,5,80,80,80,80,80,80,0,0,0,6,6,600,600,0,0
1083.316,40,32,8,11,21,3,5,80,80,80,80,80,80,0,0,0,6,6,600,600,0,0
1084.316,40,32,8,11,21,3,5,80,80,80,80,80,80,0,0,0,6,6,600,600,0,0
1085.316,40,32,8,11,21,3,5,80,80,80,80,80,80,0,0,0,6,6,600,600,0,0
1086.316,40,32,8,11,21,3,5,80,80,80,80,80,80,0,0,0,6,6,600,600,0,0
1087.316,40,32,8,11,21,3,5,80,80,80,80,80,80,0,0,0,6,6,600,600,0,0
1088.316,40,32,8,11,21,3,5,80,80,80,80,80,80,0,0,0,6,6,600,600,0,0
1089.316,40,32,8,11,21,3,5,80,80,80,80,80,80,0,0,0,6,6,600,600,0,0
1090.316,40,32,8,11,21,3,5,80,80,80,80,80,80,0,0,0,6,6,600,600,0,0
1091.317,40,32,8,11,21,3,5,80,80,80,80,80,80,0,0,0,6,6,600,600,0,0
1092.317,40,32,8,11,21,3,5,80,80,80,80,80,80,0,0,0,6,6,600,600,0,0
1093.317,40,32,8,11,21,3,5,80,80,80,80,80,80,0,0,0,6,6,600,600,0,0
1094.317,40,32,8,11,21,3,5,80,80,80,80,80,80,0,0,0,6,6,600,600,0,0
1095.317,40,32,8,11,21,3,5,80,80,80,80,80,80,0,0,0,6,6,600,600,0,0
1096.317,40,32,8,11,21,3,5,80,80,80,80,80,80,0,0,0,6,6,600,600,0,0
1097.317,40,32,8,11,21,3,5,80,80,80,80,80,80,0,0,0,6,6,600,600,0,0
1098.317,40,32,8,11,21,3,5,80,80,80,80,80,80,0,0,0,6,6,600,600,0,0
1099.318,40,32,8,11,21,3,5,80,80,80,80,80,80,0,0,0,6,6,600,600,0,0
1100.318,40,32,8,11,21,3,5,80,80,80,80,80,80,0,0,0,6,6,600,600,0,0
1101.318,40,32,8,11,21,3,5,80,80,80,80,80,80,0,0,0,6,6,600,600,0,0
1102.318,40,32,8,11,21,3,5,80,80,80,80,80,80,0,0,0,6,6,600,600,0,0
1103.318,40,32,8,11,21,3,5,80,80,80,80,80,80,0,0,0,6,6,600,600,0,0
1104.318,40,32,8,11,21,3,5,80,80,80,80,80,80,0,0,0,6,6,600,600,0,0
1105.318,40,32,8,11,21,3,5,80,80,80,80,80,80,0,0,0,6,6,600,600,0,0
1106.318,40,32,8,11,21,3,5,80,80,80,80,80,80,0,0,0,6,6,600,600,0,0
1107.318,40,32,8,11,21,3,5,80,80,80,80,80,80,0,0,0,6,6,600,600,0,0
1108.319,40,32,8,11,21,3,5,80,80,80,80,80,80,0,0,0,6,6,600,600,0,0
1109.319,40,32,8,11,21,3,5,80,80,80,80,80,80,0,0,0,6,6,600,600,0,0
1110.319,40,32,8,11,21,3,5,80,80,80,80,80,80,0,0,0,6,6,600,600,0,0
1111.319,40,32,8,11,21,3,5,80,80,80,80,80,80,0,0,0,6,6,600,600,0,0
1112.319,40,32,8,11,21,3,5,80,80,80,80,80,80,0,0,0,6,6,600,600,0,0
1113.319,40,32,8,11,21,3,5,80,80,80,80,80,80,0,0,0,6,6,600,600,0,0
1114.319,40,32,8,11,21,3,5,80,80,80,80,80,80,0,0,0,6,6,600,600,0,0
1115.319,40,32,8,11,21,3,5,80,80,80,80,80,80,0,0,0,6,6,600,600,0,0
1116.32,40,32,8,11,21,3,5,80,80,80,80,80,80,0,0,0,6,6,600,600,0,0
1117.32,40,32,8,11,21,3,5,80,80,80,80,80,80,0,0,0,6,6,600,600,0,0
1118.32,40,32,8,11,21,3,5,80,80,80,80,80,80,0,0,0,6,6,600,600,0,0
1119.32,40,32,8,11,21,3,5,80,80,80,80,80,80,0,0,0,6,6,600,600,0,0
1120.32,40,32,8,11,21,3,5,80,80,80,80,80,80,0,0,0,6,6,600,600,0,0
1121.32,40,32,8,11,21,3,5,80,80,80,80,80,80,0,0,0,6,6,600,600,0,0
1122.32,40,32,8,11,21,3,5,80,80,80,80,80,80,0,0,0,6,6,600,600,0,0
1123.32,40,32,8,11,21,3,5,80,80,80,80,80,80,0,0,0,6,6,600,600,0,0
1124.321,40,32,8,11,21,3,5,80,80,80,80,80,80,0,0,0,6,6,600,600,0,0
1125.321,40,32,8,11,21,3,5,80,80,80,80,80,80,0,0,0,6,6,600,600,0,0
1126.321,40,32,8,11,21,3,5,80,80,80,80,80,80,0,0,0,6,6,600,600,0,0
1127.321,40,32,8,11,21,3,5,80,80,80,80,80,80,0,0,0,6,6,600,600,0,0
1128.321,40,32,8,11,21,3,5,80,80,80,80,80,80,0,0,0,6,6,600,600,0,0
1129.321,40,32,8,11,21,3,5,80,80,80,80,80,80,0,0,0,6,6,600,600,0,0
1130.321,40,32,8,11,21,3,5,80,80,80,80,80,80,0,0,0,6,6,600,600,0,0
1131.321,40,32,8,11,21,3,5,80,80,80,80,80,80,0,0,0,6,6,600,600,0,0
1132.322,40,32,8,11,21,3,5,80,80,80,80,80,80,0,0,0,6,6,600,600,0,0
1133.322,40,32,8,11,21,3,5,80,80,80,80,80,80,0,0,0,6,6,600,600,0,0
1134.322,40,32,8,11,21,3,5,80,80,80,80,80,80,0,0,0,6,6,600,600,0,0
1135.322,40,32,8,11,21,3,5,80,80,80,80,80,80,0,0,0,6,6,600,600,0,0
1136.322,40,32,8,11,21,3,5,80,80,80,80,80,80,0,0,0,6,6,600,600,0,0
1137.322,40,32,8,11,21,3,5,80,80,80,80,80,80,0,0,0,6,6,600,600,0,0
1138.322,40,32,8,11,21,3,5,80,80,80,80,80,80,0,0,0,6,6,600,600,0,0
1139.322,40,32,8,11,21,3,5,80,80,80,80,80,80,0,0,0,6,6,600,600,0,0
1140.323,40,32,8,11,21,3,5,80,80,80,80,80,80,0,0,0,6,6,600,600,0,0
1141.323,40,32,8,11,21,3,5,80,80,80,80,80,80,0,0,0,6,6,600,600,0,0
1142.323,40,32,8,11,21,3,5,80,80,80,80,80,80,0,0,0,6,6,600,600,0,0
1143.323,40,32,8,11,21,3,5,80,80,80,80,80,80,0,0,0,6,6,600,600,0,0
1144.323,40,32,8,11,21,3,5,80,80,80,80,80,80,0,0,0,6,6,600,600,0,0
1145.323,40,32,8,11,21,3,5,80,80,80,80,80,80,0,0,0,6,6,600,600,0,0
1146.323,40,32,8,11,21,3,5,80,80,80,80,80,80,0,0,0,6,6,600,600,0,0
1147.323,40,32,8,11,21,3,5,80,80,80,80,80,80,0,0,0,6,6,600,600,0,0
1148.323,40,32,8,11,21,3,5,80,80,80,80,80,80,0,0,0,6,6,600,600,0,0
1149.324,40,32,8,11,21,3,5,80,80,80,80,80,80,0,0,0,6,6,600,600,0,0
1150.324,40,32,8,11,21,3,5,80,80,80,80,80,80,0,0,0,6,6,600,600,0,0
1151.324,40,32,8,11,21,3,5,80,80,80,80,80,80,0,0,0,6,6,600,600,0,0
1152.324,40,32,8,11,21,3,5,80,80,80,80,80,80,0,0,0,6,6,600,600,0,0
1153.324,40,32,8,11,21,3,5,80,80,80,80,80,80,0,0,0,6,6,600,600,0,0
1154.324,40,32,8,11,21,3,5,80,80,80,80,80,80,0,0,0,6,6,600,600,0,0
1155.324,40,32,8,11,21,3,5,80,80,80,80,80,80,0,0,0,6,6,600,600,0,0
1156.324,40,32,8,11,21,3,5,80,80,80,80,80,80,0,0,0,6,6,600,600,0,0
1157.325,40,32,8,11,21,3,5,80,80,80,80,80,80,0,0,0,6,6,600,600,0,0
1158.325,40,32,8,11,21,3,5,80,80,80,80,80,80,0,0,0,6,6,600,600,0,0
1159.325,40,32,8,11,21,3,5,80,80,80,80,80,80,0,0,0,6,6,600,600,0,0
1160.325,40,32,8,11,21,3,5,80,80,80,80,80,80,0,0,0,6,6,600,600,0,0
1161.325,40,32,8,11,21,3,5,80,80,80,80,80,80,0,0,0,6,6,600,600,0,0
1162.325,40,32,8,11,21,3,5,80,80,80,80,80,80,0,0,0,6,6,600,600,0,0
1163.325,40,32,8,11,21,3,5,80,80,80,80,80,80,0,0,0,6,6,600,600,0,0
1164.325,40,32,8,11,21,3,5,80,80,80,80,80,80,0,0,0,6,6,600,600,0,0
1165.326,40,32,8,11,21,3,5,80,80,80,80,80,80,0,0,0,6,6,600,600,0,0
1166.326,40,32,8,11,21,3,5,80,80,80,80,80,80,0,0,0,6,6,600,600,0,0
1167.326,40,32,8,11,21,3,5,80,80,80,80,80,80,0,0,0,6,6,600,600,0,0
1168.326,40,32,8,11,21,3,5,80,80,80,80,80,80,0,0,0,6,6,600,600,0,0
1169.326,40,32,8,11,21,3,5,80,80,80,80,80,80,0,0,0,6,6,600,600,0,0
1170.326,40,32,8,11,21,3,5,80,80,80,80,80,80,0,0,0,6,6,600,600,0,0
1171.326,40,32,8,11,21,3,5,80,80,80,80,80,80,0,0,0,6,6,600,600,0,0
1172.326,40,32,8,11,21,3,5,80,80,80,80,80,80,0,0,0,6,6,600,600,0,0
1173.327,40,32,8,11,21,3,5,80,80,80,80,80,80,0,0,0,6,6,600,600,0,0
1174.327,40,32,8,11,21,3,5,80,80,80,80,80,80,0,0,0,6,6,600,600,0,0
1175.327,40,32,8,11,21,3,5,80,80,80,80,80,80,0,0,0,6,6,600,600,0,0
1176.327,40,32,8,11,21,3,5,80,80,80,80,80,80,0,0,0,6,6,600,600,0,0
1177.327,40,32,8,11,21,3,5,80,80,80,80,80,80,0,0,0,6,6,600,600,0,0
1178.327,40,32,8,11,21,3,5,80,80,80,80,80,80,0,0,0,6,6,600,600,0,0
1179.327,40,32,8,11,21,3,5,80,80,80,80,80,80,0,0,0,6,6,600,600,0,0
1180.327,40,32,8,11,21,3,5,80,80,80,80,80,80,0,0,0,6,6,600,600,0,0
1181.328,40,32,8,11,21,3,5,80,80,80,80,80,80,0,0,0,6,6,600,600,0,0
1182.328,40,32,8,11,21,3,5,80,80,80,80,80,80,0,0,0,6,6,600,600,0,0
1183.328,40,32,8,11,21,3,5,80,80,80,80,80,80,0,0,0,6,6,600,600,0,0
1184.328,40,32,8,11,21,3,5,80,80,80,80,80,80,0,0,0,6,6,600,600,0,0
1185.328,40,32,8,11,21,3,5,80,80,80,80,80,80,0,0,0,6,6,600,600,0,0
1186.328,40,32,8,11,21,3,5,80,80,80,80,80,80,0,0,0,6,6,600,600,0,0
1187.328,40,32,8,11,21,3,5,80,80,80,80,80,80,0,0,0,6,6,600,600,0,0
1188.328,40,32,8,11,21,3,5,80,80,80,80,80,80,0,0,0,6,6,600,600,0,0
1189.328,40,32,8,11,21,3,5,80,80,80,80,80,80,0,0,0,6,6,600,600,0,0
1190.329,40,32,8,11,21,3,5,80,80,80,80,80,80,0,0,0,6,6,600,600,0,0
1191.329,40,32,8,11,21,3,5,80,80,80,80,80,80,0,0,0,6,6,600,600,0,0
1192.329,40,32,8,11,21,3,5,80,80,80,80,80,80,0,0,0,6,6,600,600,0,0
1193.329,40,32,8,11,21,3,5,80,80,80,80,80,80,0,0,0,6,6,600,600,0,0
1194.329,40,32,8,11,21,3,5,80,80,80,80,80,80,0,0,0,6,6,600,600,0,0
1195.329,40,32,8,11,21,3,5,80,80,80,80,80,80,0,0,0,6,6,600,600,0,0
1196.329,40,32,8,11,21,3,5,80,80,80,80,80,80,0,0,0,6,6,600,600,0,0
1197.329,40,32,8,11,21,3,5,80,80,80,80,80,80,0,0,0,6,6,600,600,0,0
1198.33,40,32,8,11,21,3,5,80,80,80,80,80,80,0,0,0,6,6,600,600,0,0
1199.33,40,32,8,11,21,3,5,80,80,80,80,80,80,0,0,0,6,6,600,600,0,0
1200.33,40,32,8,11,21,3,5,80,80,80,80,80,80,0,0,0,6,6,600,600,0,0
1201.33,40,32,8,11,21,3,5,80,80,80,80,80,80,0,0,0,6,6,600,600,0,0
1202.33,40,32,8,11,21,3,5,80,80,80,80,80,80,0,0,0,6,6,600,600,0,0
1203.33,40,32,8,11,21,3,5,80,80,80,80,80,80,0,0,0,6,6,600,600,0,0
1204.33,40,32,8,11,21,3,5,80,80,80,80,80,80,0,0,0,6,6,600,600,0,0
1205.33,40,32,8,11,21,3,5,80,80,80,80,80,80,0,0,0,6,6,600,600,0,0
1206.331,40,32,8,11,21,3,5,80,80,80,80,80,80,0,0,0,6,6,600,600,0,0
1207.331,40,32,8,11,21,3,5,80,80,80,80,80,80,0,0,0,6,6,600,600,0,0
1208.331,40,32,8,11,21,3,5,80,80,80,80,80,80,0,0,0,6,6,600,600,0,0
1209.331,40,32,8,11,21,3,5,80,80,80,80,80,80,0,0,0,6,6,600,600,0,0
1210.331,40,32,8,11,21,3,5,80,80,80,80,80,80,0,0,0,6,6,600,600,0,0
1211.331,40,32,8,11,21,3,5,80,80,80,80,80,80,0,0,0,6,6,600,600,0,0
1212.331,40,32,8,11,21,3,5,80,80,80,80,80,80,0,0,0,6,6,600,600,0,0
1213.331,40,32,8,11,21,3,5,80,80,80,80,80,80,0,0,0,6,6,600,600,0,0
1214.332,40,32,8,11,21,3,5,80,80,80,80,80,80,0,0,0,6,6,600,600,0,0
1215.332,40,32,8,11,21,3,5,80,80,80,80,80,80,0,0,0,6,6,600,600,0,0
1216.332,40,32,8,11,21,3,5,80,80,80,80,80,80,0,0,0,6,6,600,600,0,0
1217.332,40,32,8,11,21,3,5,80,80,80,80,80,80,0,0,0,6,6,600,600,0,0
1218.332,40,32,8,11,21,3,5,80,80,80,80,80,80,0,0,0,6,6,600,600,0,0
1219.332,40,32,8,11,21,3,5,80,80,80,80,80,80,0,0,0,6,6,600,600,0,0
1220.332,40,32,8,11,21,3,5,80,80,80,80,80,80,0,0,0,6,6,600,600,0,0
1221.332,40,32,8,11,21,3,5,80,80,80,80,80,80,0,0,0,6,6,600,600,0,0
1222.333,40,32,8,11,21,3,5,80,80,80,80,80,80,0,0,0,6,6,600,600,0,0
1223.333,40,32,8,11,21,3,5,80,80,80,80,80,80,0,0,0,6,6,600,600,0,0
1224.333,40,32,8,11,21,3,5,80,80,80,80,80,80,0,0,0,6,6,600,600,0,0
1225.333,40,32,8,11,21,3,5,80,80,80,80,80,80,0,0,0,6,6,600,600,0,0
1226.333,40,32,8,11,21,3,5,80,80,80,80,80,80,0,0,0,6,6,600,600,0,0
1227.333,40,32,8,11,21,3,5,80,80,80,80,80,80,0,0,0,6,6,600,600,0,0
1228.333,40,32,8,11,21,3,5,80,80,80,80,80,80,0,0,0,6,6,600,600,0,0
1229.333,40,32,8,11,21,3,5,80,80,80,80,80,80,0,0,0,6,6,600,600,0,0
1230.333,40,32,8,11,21,3,5,80,80,80,80,80,80,0,0,0,6,6,600,600,0,0
1231.334,40,32,8,11,21,3,5,80,80,80,80,80,80,0,0,0,6,6,600,600,0,0
1232.334,40,32,8,11,21,3,5,80,80,80,80,80,80,0,0,0,6,6,600,600,0,0
1233.334,40,32,8,11,21,3,5,80,80,80,80,80,80,0,0,0,6,6,600,600,0,0
1234.334,40,32,8,11,21,3,5,80,80,80,80,80,80,0,0,0,6,6,600,600,0,0
1235.334,40,32,8,11,21,3,5,80,80,80,80,80,80,0,0,0,6,6,600,600,0,0
1236.334,40,32,8,11,21,3,5,80,80,80,80,80,80,0,0,0,6,6,600,600,0,0
1237.334,40,32,8,11,21,3,5,80,80,80,80,80,80,0,0,0,6,6,600,600,0,0
1238.334,40,32,8,11,21,3,5,80,80,80,80,80,80,0,0,0,6,6,600,600,0,0
1239.335,40,32,8,11,21,3,5,80,80,80,80,80,80,0,0,0,6,6,600,600,0,0
1240.335,40,32,8,11,21,3,5,80,80,80,80,80,80,0,0,0,6,6,600,600,0,0
1241.335,40,32,8,11,21,3,5,80,80,80,80,80,80,0,0,0,6,6,600,600,0,0
1242.335,40,32,8,11,21,3,5,80,80,80,80,80,80,0,0,0,6,6,600,600,0,0
1243.335,40,32,8,11,21,3,5,80,80,80,80,80,80,0,0,0,6,6,600,600,0,0
1244.335,40,32,8,11,21,3,5,80,80,80,80,80,80,0,0,0,6,6,600,600,0,0
1245.335,40,32,8,11,21,3,5,80,80,80,80,80,80,0,0,0,6,6,600,600,0,0
1246.335,40,32,8,11,21,3,5,80,80,80,80,80,80,0,0,0,6,6,600,600,0,0
1247.336,40,32,8,11,21,3,5,80,80,80,80,80,80,0,0,0,6,6,600,600,0,0
1248.336,40,32,8,11,21,3,5,80,80,80,80,80,80,0,0,0,6,6,600,600,0,0
1249.336,40,32,8,11,21,3,5,80,80,80,80,80,80,0,0,0,6,6,600,600,0,0
1250.336,40,32,8,11,21,3,5,80,80,80,80,80,80,0,0,0,6,6,600,600,0,0
1251.336,40,32,8,11,21,3,5,80,80,80,80,80,80,0,0,0,6,6,600,600,0,0
1252.336,40,32,8,11,21,3,5,80,80,80,80,80,80,0,0,0,6,6,600,600,0,0
1253.336,40,32,8,11,21,3,5,80,80,80,80,80,80,0,0,0,6,6,600,600,0,0
1254.336,40,32,8,11,21,3,5,80,80,80,80,80,80,0,0,0,6,6,600,600,0,0
1255.337,40,32,8,11,21,3,5,80,80,80,80,80,80,0,0,0,6,6,600,600,0,0
1256.337,40,32,8,11,21,3,5,80,80,80,80,80,80,0,0,0,6,6,600,600,0,0
1257.337,40,32,8,11,21,3,5,80,80,80,80,80,80,0,0,0,6,6,600,600,0,0
1258.337,40,32,8,11,21,3,5,80,80,80,80,80,80,0,0,0,6,6,600,600,0,0
1259.337,40,32,8,11,21,3,5,80,80,80,80,80,80,0,0,0,6,6,600,600,0,0
1260.337,40,32,8,11,21,3,5,80,80,80,80,80,80,0,0,0,6,6,600,600,0,0
1261.337,40,32,8,11,21,3,5,80,80,80,80,80,80,0,0,0,6,6,600,600,0,0
1262.337,40,32,8,11,21,3,5,80,80,80,80,80,80,0,0,0,6,6,600,600,0,0
1263.338,40,32,8,11,21,3,5,80,80,80,80,80,80,0,0,0,6,6,600,600,0,0
1264.338,40,32,8,11,21,3,5,80,80,80,80,80,80,0,0,0,6,6,600,600,0,0
1265.338,40,32,8,11,21,3,5,80,80,80,80,80,80,0,0,0,6,6,600,600,0,0
1266.338,40,32,8,11,21,3,5,80,80,80,80,80,80,0,0,0,6,6,600,600,0,0
1267.338,40,32,8,11,21,3,5,80,80,80,80,80,80,0,0,0,6,6,600,600,0,0
1268.338,40,32,8,11,21,3,5,80,80,80,80,80,80,0,0,0,6,6,600,600,0,0
1269.338,40,32,8,11,21,3,5,80,80,80,80,80,80,0,0,0,6,6,600,600,0,0
1270.338,40,32,8,11,21,3,5,80,80,80,80,80,80,0,0,0,6,6,600,600,0,0
1271.339,40,32,8,11,21,3,5,80,80,80,80,80,80,0,0,0,6,6,600,600,0,0
1272.339,40,32,8,11,21,3,5,80,80,80,80,80,80,0,0,0,6,6,600,600,0,0
1273.339,40,32,8,11,21,3,5,80,80,80,80,80,80,0,0,0,6,6,600,600,0,0
1274.339,40,32,8,11,21,3,5,80,80,80,80,80,80,0,0,0,6,6,600,600,0,0
1275.339,40,32,8,11,21,3,5,80,80,80,80,80,80,0,0,0,6,6,600,600,0,0
1276.339,40,32,8,11,21,3,5,80,80,80,80,80,80,0,0,0,6,6,600,600,0,0
1277.339,40,32,8,11,21,3,5,80,80,80,80,80,80,0,0,0,6,6,600,600,0,0
1278.339,40,32,8,11,21,3,5,80,80,80,80,80,80,0,0,0,6,6,600,600,0,0
1279.339,40,32,8,11,21,3,5,80,80,80,80,80,80,0,0,0,6,6,600,600,0,0
1280.34,40,32,8,11,21,3,5,80,80,80,80,80,80,0,0,0,6,6,600,600,0,0
1281.34,40,32,8,11,21,3,5,80,80,80,80,80,80,0,0,0,6,6,600,600,0,0
1282.34,40,32,8,11,21,3,5,80,80,80,80,80,80,0,0,0,6,6,600,600,0,0
1283.34,40,32,8,11,21,3,5,80,80,80,80,80,80,0,0,0,6,6,600,600,0,0
1284.34,40,32,8,11,21,3,5,80,80,80,80,80,80,0,0,0,6,6,600,600,0,0
1285.34,40,32,8,11,21,3,5,80,80,80,80,80,80,0,0,0,6,6,600,600,0,0
1286.34,40,32,8,11,21,3,5,80,80,80,80,80,80,0,0,0,6,6,600,600,0,0
1287.34,40,32,8,11,21,3,5,80,80,80,80,80,80,0,0,0,6,6,600,600,0,0
1288.341,40,32,8,11,21,3,5,80,80,80,80,80,80,0,0,0,6,6,600,600,0,0
1289.341,40,32,8,11,21,3,5,80,80,80,80,80,80,0,0,0,6,6,600,600,0,0
1290.341,40,32,8,11,21,3,5,80,80,80,80,80,80,0,0,0,6,6,600,600,0,0
1291.341,40,32,8,11,21,3,5,80,80,80,80,80,80,0,0,0,6,6,600,600,0,0
1292.341,40,32,8,11,21,3,5,80,80,80,80,80,80,0,0,0,6,6,600,600,0,0
1293.341,40,32,8,11,21,3,5,80,80,80,80,80,80,0,0,0,6,6,600,600,0,0
1294.341,40,32,8,11,21,3,5,80,80,80,80,80,80,0,0,0,6,6,600,600,0,0
1295.341,40,32,8,11,21,3,5,80,80,80,80,80,80,0,0,0,6,6,600,600,0,0
1296.342,40,32,8,11,21,3,5,80,80,80,80,80,80,0,0,0,6,6,600,600,0,0
1297.342,40,32,8,11,21,3,5,80,80,80,80,80,80,0,0,0,6,6,600,600,0,0
1298.342,40,32,8,11,21,3,5,80,80,80,80,80,80,0,0,0,6,6,600,600,0,0
1299.342,40,32,8,11,21,3,5,80,80,80,80,80,80,0,0,0,6,6,600,600,0,0
1300.342,40,32,8,11,21,3,5,80,80,80,80,80,80,0,0,0,6,6,600,600,0,0
1301.342,40,32,8,11,21,3,5,80,80,80,80,80,80,0,0,0,6,6,600,600,0,0
1302.342,40,32,8,11,21,3,5,80,80,80,80,80,80,0,0,0,6,6,600,600,0,0
1303.342,40,32,8,11,21,3,5,80,80,80,80,80,80,0,0,0,6,6,600,600,0,0
1304.343,40,32,8,11,21,3,5,80,80,80,80,80,80,0,0,0,6,6,600,600,0,0
1305.343,40,32,8,11,21,3,5,80,80,80,80,80,80,0,0,0,6,6,600,600,0,0
1306.343,40,32,8,11,21,3,5,80,80,80,80,80,80,0,0,0,6,6,600,600,0,0
1307.343,40,32,8,11,21,3,5,80,80,80,80,80,80,0,0,0,6,6,600,600,0,0
1308.343,40,32,8,11,21,3,5,80,80,80,80,80,80,0,0,0,6,6,600,600,0,0
1309.343,40,32,8,11,21,3,5,80,80,80,80,80,80,0,0,0,6,6,600,600,0,0
1310.343,40,32,8,11,21,3,5,80,80,80,80,80,80,0,0,0,6,6,600,600,0,0
1311.343,40,32,8,11,21,3,5,80,80,80,80,80,80,0,0,0,6,6,600,600,0,0
1312.344,40,32,8,11,21,3,5,80,80,80,80,80,80,0,0,0,6,6,600,600,0,0
1313.344,40,32,8,11,21,3,5,80,80,80,80,80,80,0,0,0,6,6,600,600,0,0
1314.344,40,32,8,11,21,3,5,80,80,80,80,80,80,0,0,0,6,6,600,600,0,0
1315.344,40,32,8,11,21,3,5,80,80,80,80,80,80,0,0,0,6,6,600,600,0,0
1316.344,40,32,8,11,21,3,5,80,80,80,80,80,80,0,0,0,6,6,600,600,0,0
1317.344,40,32,8,11,21,3,5,80,80,80,80,80,80,0,0,0,6,6,600,600,0,0
1318.344,40,32,8,11,21,3,5,80,80,80,80,80,80,0,0,0,6,6,600,600,0,0
1319.344,40,32,8,11,21,3,5,80,80,80,80,80,80,0,0,0,6,6,600,600,0,0
1320.344,40,32,8,11,21,3,5,80,80,80,80,80,80,0,0,0,6,6,600,600,0,0
1321.345,40,32,8,11,21,3,5,80,80,80,80,80,80,0,0,0,6,6,600,600,0,0
1322.345,40,32,8,11,21,3,5,80,80,80,80,80,80,0,0,0,6,6,600,600,0,0
1323.345,40,32,8,11,21,3,5,80,80,80,80,80,80,0,0,0,6,6,600,600,0,0
1324.345,40,32,8,11,21,3,5,80,80,80,80,80,80,0,0,0,6,6,600,600,0,0
1325.345,40,32,8,11,21,3,5,80,80,80,80,80,80,0,0,0,6,6,600,600,0,0
1326.345,40,32,8,11,21,3,5,80,80,80,80,80,80,0,0,0,6,6,600,600,0,0
1327.345,40,32,8,11,21,3,5,80,80,80,80,80,80,0,0,0,6,6,600,600,0,0
1328.345,40,32,8,11,21,3,5,80,80,80,80,80,80,0,0,0,6,6,600,600,0,0
1329.346,40,32,8,11,21,3,5,80,80,80,80,80,80,0,0,0,6,6,600,600,0,0
1330.346,40,32,8,11,21,3,5,80,80,80,80,80,80,0,0,0,6,6,600,600,0,0
1331.346,40,32,8,11,21,3,5,80,80,80,80,80,80,0,0,0,6,6,600,600,0,0
1332.346,40,32,8,11,21,3,5,80,80,80,80,80,80,0,0,0,6,6,600,600,0,0
1333.346,40,32,8,11,21,3,5,80,80,80,80,80,80,0,0,0,6,6,600,600,0,0
1334.346,40,32,8,11,21,3,5,80,80,80,80,80,80,0,0,0,6,6,600,600,0,0
1335.346,40,32,8,11,21,3,5,80,80,80,80,80,80,0,0,0,6,6,600,600,0,0
1336.346,40,32,8,11,21,3,5,80,80,80,80,80,80,0,0,0,6,6,600,600,0,0
1337.347,40,32,8,11,21,3,5,80,80,80,80,80,80,0,0,0,6,6,600,600,0,0
1338.347,40,32,8,11,21,3,5,80,80,80,80,80,80,0,0,0,6,6,600,600,0,0
1339.347,40,32,8,11,21,3,5,80,80,80,80,80,80,0,0,0,6,6,600,600,0,0
1340.347,40,32,8,11,21,3,5,80,80,80,80,80,80,0,0,0,6,6,600,600,0,0
1341.347,40,32,8,11,21,3,5,80,80,80,80,80,80,0,0,0,6,6,600,600,0,0
1342.347,40,32,8,11,21,3,5,80,80,80,80,80,80,0,0,0,6,6,600,600,0,0
1343.347,40,32,8,11,21,3,5,80,80,80,80,80,80,0,0,0,6,6,600,600,0,0
1344.347,40,32,8,11,21,3,5,80,80,80,80,80,80,0,0,0,6,6,600,600,0,0
1345.348,40,32,8,11,21,3,5,80,80,80,80,80,80,0,0,0,6,6,600,600,0,0
1346.348,40,32,8,11,21,3,5,80,80,80,80,80,80,0,0,0,6,6,600,600,0,0
1347.348,40,32,8,11,21,3,5,80,80,80,80,80,80,0,0,0,6,6,600,600,0,0
1348.348,40,32,8,11,21,3,5,80,80,80,80,80,80,0,0,0,6,6,600,600,0,0
1349.348,40,32,8,11,21,3,5,80,80,80,80,80,80,0,0,0,6,6,600,600,0,0
1350.348,40,32,8,11,21,3,5,80,80,80,80,80,80,0,0,0,6,6,600,600,0,0
1351.348,40,32,8,11,21,3,5,80,80,80,80,80,80,0,0,0,6,6,600,600,0,0
1352.348,40,32,8,11,21,3,5,80,80,80,80,80,80,0,0,0,6,6,600,600,0,0
1353.349,40,32,8,11,21,3,5,80,80,80,80,80,80,0,0,0,6,6,600,600,0,0
1354.349,40,32,8,11,21,3,5,80,80,80,80,80,80,0,0,0,6,6,600,600,0,0
1355.349,40,32,8,11,21,3,5,80,80,80,80,80,80,0,0,0,6,6,600,600,0,0
1356.349,40,32,8,11,21,3,5,80,80,80,80,80,80,0,0,0,6,6,600,600,0,0
1357.349,40,32,8,11,21,3,5,80,80,80,80,80,80,0,0,0,6,6,600,600,0,0
1358.349,40,32,8,11,21,3,5,80,80,80,80,80,80,0,0,0,6,6,600,600,0,0
1359.349,40,32,8,11,21,3,5,80,80,80,80,80,80,0,0,0,6,6,600,600,0,0
1360.349,40,32,8,11,21,3,5,80,80,80,80,80,80,0,0,0,6,6,600,600,0,0
1361.349,40,32,8,11,21,3,5,80,80,80,80,80,80,0,0,0,6,6,600,600,0,0
1362.35,40,32,8,11,21,3,5,80,80,80,80,80,80,0,0,0,6,6,600,600,0,0
1363.35,40,32,8,11,21,3,5,80,80,80,80,80,80,0,0,0,6,6,600,600,0,0
1364.35,40,32,8,11,21,3,5,80,80,80,80,80,80,0,0,0,6,6,600,600,0,0
1365.35,40,32,8,11,21,3,5,80,80,80,80,80,80,0,0,0,6,6,600,600,0,0
1366.35,40,32,8,11,21,3,5,80,80,80,80,80,80,0,0,0,6,6,600,600,0,0
1367.35,40,32,8,11,21,3,5,80,80,80,80,80,80,0,0,0,6,6,600,600,0,0
1368.35,40,32,8,11,21,3,5,80,80,80,80,80,80,0,0,0,6,6,600,600,0,0
1369.35,40,32,8,11,21,3,5,80,80,80,80,80,80,0,0,0,6,6,600,600,0,0
1370.351,40,32,8,11,21,3,5,80,80,80,80,80,80,0,0,0,6,6,600,600,0,0
1371.351,40,32,8,11,21,3,5,80,80,80,80,80,80,0,0,0,6,6,600,600,0,0
1372.351,40,32,8,11,21,3,5,80,80,80,80,80,80,0,0,0,6,6,600,600,0,0
1373.351,40,32,8,11,21,3,5,80,80,80,80,80,80,0,0,0,6,6,600,600,0,0
1374.351,40,32,8,11,21,3,5,80,80,80,80,80,80,0,0,0,6,6,600,600,0,0
1375.351,40,32,8,11,21,3,5,80,80,80,80,80,80,0,0,0,6,6,600,600,0,0
1376.351,40,32,8,11,21,3,5,80,80,80,80,80,80,0,0,0,6,6,600,600,0,0
1377.351,40,32,8,11,21,3,5,80,80,80,80,80,80,0,0,0,6,6,600,600,0,0
1378.352,40,32,8,11,21,3,5,80,80,80,80,80,80,0,0,0,6,6,600,600,0,0
1379.352,40,32,8,11,21,3,5,80,80,80,80,80,80,0,0,0,6,6,600,600,0,0
1380.352,40,32,8,11,21,3,5,80,80,80,80,80,80,0,0,0,6,6,600,600,0,0
1381.352,40,32,8,11,21,3,5,80,80,80,80,80,80,0,0,0,6,6,600,600,0,0
1382.352,40,32,8,11,21,3,5,80,80,80,80,80,80,0,0,0,6,6,600,600,0,0
1383.352,40,32,8,11,21,3,5,80,80,80,80,80,80,0,0,0,6,6,600,600,0,0
1384.352,40,32,8,11,21,3,5,80,80,80,80,80,80,0,0,0,6,6,600,600,0,0
1385.352,40,32,8,11,21,3,5,80,80,80,80,80,80,0,0,0,6,6,600,600,0,0
1386.353,40,32,8,11,21,3,5,80,80,80,80,80,80,0,0,0,6,6,600,600,0,0
1387.353,40,32,8,11,21,3,5,80,80,80,80,80,80,0,0,0,6,6,600,600,0,0
1388.353,40,32,8,11,21,3,5,80,80,80,80,80,80,0,0,0,6,6,600,600,0,0
1389.353,40,32,8,11,21,3,5,80,80,80,80,80,80,0,0,0,6,6,600,600,0,0
1390.353,40,32,8,11,21,3,5,80,80,80,80,80,80,0,0,0,6,6,600,600,0,0
1391.353,40,32,8,11,21,3,5,80,80,80,80,80,80,0,0,0,6,6,600,600,0,0
1392.353,40,32,8,11,21,3,5,80,80,80,80,80,80,0,0,0,6,6,600,600,0,0
1393.353,40,32,8,11,21,3,5,80,80,80,80,80,80,0,0,0,6,6,600,600,0,0
1394.354,40,32,8,11,21,3,5,80,80,80,80,80,80,0,0,0,6,6,600,600,0,0
1395.354,40,32,8,11,21,3,5,80,80,80,80,80,80,0,0,0,6,6,600,600,0,0
1396.354,40,32,8,11,21,3,5,80,80,80,80,80,80,0,0,0,6,6,600,600,0,0
1397.354,40,32,8,11,21,3,5,80,80,80,80,80,80,0,0,0,6,6,600,600,0,0
1398.354,40,32,8,11,21,3,5,80,80,80,80,80,80,0,0,0,6,6,600,600,0,0
1399.354,40,32,8,11,21,3,5,80,80,80,80,80,80,0,0,0,6,6,600,600,0,0
1400.354,40,32,8,11,21,3,5,80,80,80,80,80,80,0,0,0,6,6,600,600,0,0
1401.354,40,32,8,11,21,3,5,80,80,80,80,80,80,0,0,0,6,6,600,600,0,0
1402.354,40,32,8,11,21,3,5,80,80,80,80,80,80,0,0,0,6,6,600,600,0,0
1403.355,40,32,8,11,21,3,5,80,80,80,80,80,80,0,0,0,6,6,600,600,0,0
1404.355,40,32,8,11,21,3,5,80,80,80,80,80,80,0,0,0,6,6,600,600,0,0
1405.355,40,32,8,11,21,3,5,80,80,80,80,80,80,0,0,0,6,6,600,600,0,0
1406.355,40,32,8,11,21,3,5,80,80,80,80,80,80,0,0,0,6,6,600,600,0,0
1407.355,40,32,8,11,21,3,5,80,80,80,80,80,80,0,0,0,6,6,600,600,0,0
1408.355,40,32,8,11,21,3,5,80,80,80,80,80,80,0,0,0,6,6,600,600,0,0
1409.355,40,32,8,11,21,3,5,80,80,80,80,80,80,0,0,0,6,6,600,600,0,0
1410.355,40,32,8,11,21,3,5,80,80,80,80,80,80,0,0,0,6,6,600,600,0,0
1411.356,40,32,8,11,21,3,5,80,80,80,80,80,80,0,0,0,6,6,600,600,0,0
1412.356,40,32,8,11,21,3,5,80,80,80,80,80,80,0,0,0,6,6,600,600,0,0
1413.356,40,32,8,11,21,3,5,80,80,80,80,80,80,0,0,0,6,6,600,600,0,0
1414.356,40,32,8,11,21,3,5,80,80,80,80,80,80,0,0,0,6,6,600,600,0,0
1415.356,40,32,8,11,21,3,5,80,80,80,80,80,80,0,0,0,6,6,600,600,0,0
1416.356,40,32,8,11,21,3,5,80,80,80,80,80,80,0,0,0,6,6,600,600,0,0
1417.356,40,32,8,11,21,3,5,80,80,80,80,80,80,0,0,0,6,6,600,600,0,0
1418.356,40,32,8,11,21,3,5,80,80,80,80,80,80,0,0,0,6,6,600,600,0,0
1419.357,40,32,8,11,21,3,5,80,80,80,80,80,80,0,0,0,6,6,600,600,0,0
1420.357,40,32,8,11,21,3,5,80,80,80,80,80,80,0,0,0,6,6,600,600,0,0
1421.357,40,32,8,11,21,3,5,80,80,80,80,80,80,0,0,0,6,6,600,600,0,0
1422.357,40,32,8,11,21,3,5,80,80,80,80,80,80,0,0,0,6,6,600,600,0,0
1423.357,40,32,8,11,21,3,5,80,80,80,80,80,80,0,0,0,6,6,600,600,0,0
1424.357,40,32,8,11,21,3,5,80,80,80,80,80,80,0,0,0,6,6,600,600,0,0
1425.357,40,32,8,11,21,3,5,80,80,80,80,80,80,0,0,0,6,6,600,600,0,0
1426.357,40,32,8,11,21,3,5,80,80,80,80,80,80,0,0,0,6,6,600,600,0,0
1427.358,40,32,8,11,21,3,5,80,80,80,80,80,80,0,0,0,6,6,600,600,0,0
1428.358,40,32,8,11,21,3,5,80,80,80,80,80,80,0,0,0,6,6,600,600,0,0
1429.358,40,32,8,11,21,3,5,80,80,80,80,80,80,0,0,0,6,6,600,600,0,0
1430.358,40,32,8,11,21,3,5,80,80,80,80,80,80,0,0,0,6,6,600,600,0,0
1431.358,40,32,8,11,21,3,5,80,80,80,80,80,80,0,0,0,6,6,600,600,0,0
1432.358,40,32,8,11,21,3,5,80,80,80,80,80,80,0,0,0,6,6,600,600,0,0
1433.358,40,32,8,11,21,3,5,80,80,80,80,80,80,0,0,0,6,6,600,600,0,0
1434.358,40,32,8,11,21,3,5,80,80,80,80,80,80,0,0,0,6,6,600,600,0,0
1435.359,40,32,8,11,21,3,5,80,80,80,80,80,80,0,0,0,6,6,600,600,0,0
1436.359,40,32,8,11,21,3,5,80,80,80,80,80,80,0,0,0,6,6,600,600,0,0
1437.359,40,32,8,11,21,3,5,80,80,80,80,80,80,0,0,0,6,6,600,600,0,0
1438.359,40,32,8,11,21,3,5,80,80,80,80,80,80,0,0,0,6,6,600,600,0,0
1439.359,40,32,8,11,21,3,5,80,80,80,80,80,80,0,0,0,6,6,600,600,0,0
1440.359,40,32,8,11,21,3,5,80,80,80,80,80,80,0,0,0,6,6,600,600,0,0
1441.359,40,32,8,11,21,3,5,80,80,80,80,80,80,0,0,0,6,6,600,600,0,0
1442.359,40,32,8,11,21,3,5,80,80,80,80,80,80,0,0,0,6,6,600,600,0,0
1443.359,40,32,8,11,21,3,5,80,80,80,80,80,80,0,0,0,6,6,600,600,0,0
1444.36,40,32,8,11,21,3,5,80,80,80,80,80,80,0,0,0,6,6,600,600,0,0
1445.36,40,32,8,11,21,3,5,80,80,80,80,80,80,0,0,0,6,6,600,600,0,0
1446.36,40,32,8,11,21,3,5,80,80,80,80,80,80,0,0,0,6,6,600,600,0,0
1447.36,40,32,8,11,21,3,5,80,80,80,80,80,80,0,0,0,6,6,600,600,0,0
1448.36,40,32,8,11,21,3,5,80,80,80,80,80,80,0,0,0,6,6,600,600,0,0
1449.36,40,32,8,11,21,3,5,80,80,80,80,80,80,0,0,0,6,6,600,600,0,0
1450.36,40,32,8,11,21,3,5,80,80,80,80,80,80,0,0,0,6,6,600,600,0,0
1451.36,40,32,8,11,21,3,5,80,80,80,80,80,80,0,0,0,6,6,600,600,0,0
1452.361,40,32,8,11,21,3,5,80,80,80,80,80,80,0,0,0,6,6,600,600,0,0
1453.361,40,32,8,11,21,3,5,80,80,80,80,80,80,0,0,0,6,6,600,600,0,0
1454.361,40,32,8,11,21,3,5,80,80,80,80,80,80,0,0,0,6,6,600,600,0,0
1455.361,40,32,8,11,21,3,5,80,80,80,80,80,80,0,0,0,6,6,600,600,0,0
1456.361,40,32,8,11,21,3,5,80,80,80,80,80,80,0,0,0,6,6,600,600,0,0
1457.361,40,32,8,11,21,3,5,80,80,80,80,80,80,0,0,0,6,6,600,600,0,0
1458.361,40,32,8,11,21,3,5,80,80,80,80,80,80,0,0,0,6,6,600,600,0,0
1459.361,40,32,8,11,21,3,5,80,80,80,80,80,80,0,0,0,6,6,600,600,0,0
1460.362,40,32,8,11,21,3,5,80,80,80,80,80,80,0,0,0,6,6,600,600,0,0
1461.362,40,32,8,11,21,3,5,80,80,80,80,80,80,0,0,0,6,6,600,600,0,0
1462.362,40,32,8,11,21,3,5,80,80,80,80,80,80,0,0,0,6,6,600,600,0,0
1463.362,40,32,8,11,21,3,5,80,80,80,80,80,80,0,0,0,6,6,600,600,0,0
1464.362,40,32,8,11,21,3,5,80,80,80,80,80,80,0,0,0,6,6,600,600,0,0
1465.362,40,32,8,11,21,3,5,80,80,80,80,80,80,0,0,0,6,6,600,600,0,0
1466.362,40,32,8,11,21,3,5,80,80,80,80,80,80,0,0,0,6,6,600,600,0,0
1467.362,40,32,8,11,21,3,5,80,80,80,80,80,80,0,0,0,6,6,600,600,0,0
1468.363,40,32,8,11,21,3,5,80,80,80,80,80,80,0,0,0,6,6,600,600,0,0
1469.363,40,32,8,11,21,3,5,80,80,80,80,80,80,0,0,0,6,6,600,600,0,0
1470.363,40,32,8,11,21,3,5,80,80,80,80,80,80,0,0,0,6,6,600,600,0,0
1471.363,40,32,8,11,21,3,5,80,80,80,80,80,80,0,0,0,6,6,600,600,0,0
1472.363,40,32,8,11,21,3,5,80,80,80,80,80,80,0,0,0,6,6,600,600,0,0
1473.363,40,32,8,11,21,3,5,80,80,80,80,80,80,0,0,0,6,6,600,600,0,0
1474.363,40,32,8,11,21,3,5,80,80,80,80,80,80,0,0,0,6,6,600,600,0,0
1475.363,40,32,8,11,21,3,5,80,80,80,80,80,80,0,0,0,6,6,600,600,0,0
1476.364,40,32,8,11,21,3,5,80,80,80,80,80,80,0,0,0,6,6,600,600,0,0
1477.364,40,32,8,11,21,3,5,80,80,80,80,80,80,0,0,0,6,6,600,600,0,0
1478.364,40,32,8,11,21,3,5,80,80,80,80,80,80,0,0,0,6,6,600,600,0,0
1479.364,40,32,8,11,21,3,5,80,80,80,80,80,80,0,0,0,6,6,600,600,0,0
1480.364,40,32,8,11,21,3,5,80,80,80,80,80,80,0,0,0,6,6,600,600,0,0
1481.364,40,32,8,11,21,3,5,80,80,80,80,80,80,0,0,0,6,6,600,600,0,0
1482.364,40,32,8,11,21,3,5,80,80,80,80,80,80,0,0,0,6,6,600,600,0,0
1483.364,40,32,8,11,21,3,5,80,80,80,80,80,80,0,0,0,6,6,600,600,0,0
1484.365,40,32,8,11,21,3,5,80,80,80,80,80,80,0,0,0,6,6,600,600,0,0
1485.365,40,32,8,11,21,3,5,80,80,80,80,80,80,0,0,0,6,6,600,600,0,0
1486.365,40,32,8,11,21,3,5,80,80,80,80,80,80,0,0,0,6,6,600,600,0,0
1487.365,40,32,8,11,21,3,5,80,80,80,80,80,80,0,0,0,6,6,600,600,0,0
1488.365,40,32,8,11,21,3,5,80,80,80,80,80,80,0,0,0,6,6,600,600,0,0
1489.365,40,32,8,11,21,3,5,80,80,80,80,80,80,0,0,0,6,6,600,600,0,0
1490.365,40,32,8,11,21,3,5,80,80,80,80,80,80,0,0,0,6,6,600,600,0,0
1491.365,40,32,8,11,21,3,5,80,80,80,80,80,80,0,0,0,6,6,600,600,0,0
1492.365,40,32,8,11,21,3,5,80,80,80,80,80,80,0,0,0,6,6,600,600,0,0
1493.366,40,32,8,11,21,3,5,80,80,80,80,80,80,0,0,0,6,6,600,600,0,0
1494.366,40,32,8,11,21,3,5,80,80,80,80,80,80,0,0,0,6,6,600,600,0,0
1495.366,40,32,8,11,21,3,5,80,80,80,80,80,80,0,0,0,6,6,600,600,0,0
1496.366,40,32,8,11,21,3,5,80,80,80,80,80,80,0,0,0,6,6,600,600,0,0
1497.366,40,32,8,11,21,3,5,80,80,80,80,80,80,0,0,0,6,6,600,600,0,0
1498.366,40,32,8,11,21,3,5,80,80,80,80,80,80,0,0,0,6,6,600,600,0,0
1499.366,40,32,8,11,21,3,5,80,80,80,80,80,80,0,0,0,6,6,600,600,0,0
1500.366,40,32,8,11,21,3,5,80,80,80,80,80,80,0,0,0,6,6,600,600,0,0
1501.367,40,32,8,11,21,3,5,80,80,80,80,80,80,0,0,0,6,6,600,600,0,0
1502.367,40,32,8,11,21,3,5,80,80,80,80,80,80,0,0,0,6,6,600,600,0,0
1503.367,40,32,8,11,21,3,5,80,80,80,80,80,80,0,0,0,6,6,600,600,0,0
1504.367,40,32,8,11,21,3,5,80,80,80,80,80,80,0,0,0,6,6,600,600,0,0
1505.367,40,32,8,11,21,3,5,80,80,80,80,80,80,0,0,0,6,6,600,600,0,0
1506.367,40,32,8,11,21,3,5,80,80,80,80,80,80,0,0,0,6,6,600,600,0,0
1507.367,40,32,8,11,21,3,5,80,80,80,80,80,80,0,0,0,6,6,600,600,0,0
1508.367,40,32,8,11,21,3,5,80,80,80,80,80,80,0,0,0,6,6,600,600,0,0
1509.368,40,32,8,11,21,3,5,80,80,80,80,80,80,0,0,0,6,6,600,600,0,0
1510.368,40,32,8,11,21,3,5,80,80,80,80,80,80,0,0,0,6,6,600,600,0,0
1511.368,40,32,8,11,21,3,5,80,80,80,80,80,80,0,0,0,6,6,600,600,0,0
1512.368,40,32,8,11,21,3,5,80,80,80,80,80,80,0,0,0,6,6,600,600,0,0
1513.368,40,32,8,11,21,3,5,80,80,80,80,80,80,0,0,0,6,6,600,600,0,0
1514.368,40,32,8,11,21,3,5,80,80,80,80,80,80,0,0,0,6,6,600,600,0,0
1515.368,40,32,8,11,21,3,5,80,80,80,80,80,80,0,0,0,6,6,600,600,0,0
1516.368,40,32,8,11,21,3,5,80,80,80,80,80,80,0,0,0,6,6,600,600,0,0
1517.369,40,32,8,11,21,3,5,80,80,80,80,80,80,0,0,0,6,6,600,600,0,0
1518.369,40,32,8,11,21,3,5,80,80,80,80,80,80,0,0,0,6,6,600,600,0,0
1519.369,40,32,8,11,21,3,5,80,80,80,80,80,80,0,0,0,6,6,600,600,0,0
1520.369,40,32,8,11,21,3,5,80,80,80,80,80,80,0,0,0,6,6,600,600,0,0
1521.369,40,32,8,11,21,3,5,80,80,80,80,80,80,0,0,0,6,6,600,600,0,0
1522.369,40,32,8,11,21,3,5,80,80,80,80,80,80,0,0,0,6,6,600,600,0,0
1523.369,40,32,8,11,21,3,5,80,80,80,80,80,80,0,0,0,6,6,600,600,0,0
1524.369,40,32,8,11,21,3,5,80,80,80,80,80,80,0,0,0,6,6,600,600,0,0
1525.37,40,32,8,11,21,3,5,80,80,80,80,80,80,0,0,0,6,6,600,600,0,0
1526.37,40,32,8,11,21,3,5,80,80,80,80,80,80,0,0,0,6,6,600,600,0,0
1527.37,40,32,8,11,21,3,5,80,80,80,80,80,80,0,0,0,6,6,600,600,0,0
1528.37,40,32,8,11,21,3,5,80,80,80,80,80,80,0,0,0,6,6,600,600,0,0
1529.37,40,32,8,11,21,3,5,80,80,80,80,80,80,0,0,0,6,6,600,600,0,0
1530.37,40,32,8,11,21,3,5,80,80,80,80,80,80,0,0,0,6,6,600,600,0,0
1531.37,40,32,8,11,21,3,5,80,80,80,80,80,80,0,0,0,6,6,600,600,0,0
1532.37,40,32,8,11,21,3,5,80,80,80,80,80,80,0,0,0,6,6,600,600,0,0
1533.37,40,32,8,11,21,3,5,80,80,80,80,80,80,0,0,0,6,6,600,600,0,0
1534.371,40,32,8,11,21,3,5,80,80,80,80,80,80,0,0,0,6,6,600,600,0,0
1535.371,40,32,8,11,21,3,5,80,80,80,80,80,80,0,0,0,6,6,600,600,0,0
1536.371,40,32,8,11,21,3,5,80,80,80,80,80,80,0,0,0,6,6,600,600,0,0
1537.371,40,32,8,11,21,3,5,80,80,80,80,80,80,0,0,0,6,6,600,600,0,0
1538.371,40,32,8,11,21,3,5,80,80,80,80,80,80,0,0,0,6,6,600,600,0,0
1539.371,40,32,8,11,21,3,5,80,80,80,80,80,80,0,0,0,6,6,600,600,0,0
1540.371,40,32,8,11,21,3,5,80,80,80,80,80,80,0,0,0,6,6,600,600,0,0
1541.371,40,32,8,11,21,3,5,80,80,80,80,80,80,0,0,0,6,6,600,600,0,0
1542.372,40,32,8,11,21,3,5,80,80,80,80,80,80,0,0,0,6,6,600,600,0,0
1543.372,40,32,8,11,21,3,5,80,80,80,80,80,80,0,0,0,6,6,600,600,0,0
1544.372,40,32,8,11,21,3,5,80,80,80,80,80,80,0,0,0,6,6,600,600,0,0
1545.372,40,32,8,11,21,3,5,80,80,80,80,80,80,0,0,0,6,6,600,600,0,0
1546.372,40,32,8,11,21,3,5,80,80,80,80,80,80,0,0,0,6,6,600,600,0,0
1547.372,40,32,8,11,21,3,5,80,80,80,80,80,80,0,0,0,6,6,600,600,0,0
1548.372,40,32,8,11,21,3,5,80,80,80,80,80,80,0,0,0,6,6,600,600,0,0
1549.372,40,32,8,11,21,3,5,80,80,80,80,80,80,0,0,0,6,6,600,600,0,0
1550.373,40,32,8,11,21,3,5,80,80,80,80,80,80,0,0,0,6,6,600,600,0,0
1551.373,40,32,8,11,21,3,5,80,80,80,80,80,80,0,0,0,6,6,600,600,0,0
1552.373,40,32,8,11,21,3,5,80,80,80,80,80,80,0,0,0,6,6,600,600,0,0
1553.373,40,32,8,11,21,3,5,80,80,80,80,80,80,0,0,0,6,6,600,600,0,0
1554.373,40,32,8,11,21,3,5,80,80,80,80,80,80,0,0,0,6,6,600,600,0,0
1555.373,40,32,8,11,21,3,5,80,80,80,80,80,80,0,0,0,6,6,600,600,0,0
1556.373,40,32,8,11,21,3,5,80,80,80,80,80,80,0,0,0,6,6,600,600,0,0
1557.373,40,32,8,11,21,3,5,80,80,80,80,80,80,0,0,0,6,6,600,600,0,0
1558.374,40,32,8,11,21,3,5,80,80,80,80,80,80,0,0,0,6,6,600,600,0,0
1559.374,40,32,8,11,21,3,5,80,80,80,80,80,80,0,0,0,6,6,600,600,0,0
1560.374,40,32,8,11,21,3,5,80,80,80,80,80,80,0,0,0,6,6,600,600,0,0
1561.374,40,32,8,11,21,3,5,80,80,80,80,80,80,0,0,0,6,6,600,600,0,0
1562.374,40,32,8,11,21,3,5,80,80,80,80,80,80,0,0,0,6,6,600,600,0,0
1563.374,40,32,8,11,21,3,5,80,80,80,80,80,80,0,0,0,6,6,600,600,0,0
1564.374,40,32,8,11,21,3,5,80,80,80,80,80,80,0,0,0,6,6,600,600,0,0
1565.374,40,32,8,11,21,3,5,80,80,80,80,80,80,0,0,0,6,6,600,600,0,0
1566.375,40,32,8,11,21,3,5,80,80,80,80,80,80,0,0,0,6,6,600,600,0,0
1567.375,40,32,8,11,21,3,5,80,80,80,80,80,80,0,0,0,6,6,600,600,0,0
1568.375,40,32,8,11,21,3,5,80,80,80,80,80,80,0,0,0,6,6,600,600,0,0
1569.375,40,32,8,11,21,3,5,80,80,80,80,80,80,0,0,0,6,6,600,600,0,0
1570.375,40,32,8,11,21,3,5,80,80,80,80,80,80,0,0,0,6,6,600,600,0,0
1571.375,40,32,8,11,21,3,5,80,80,80,80,80,80,0,0,0,6,6,600,600,0,0
1572.375,40,32,8,11,21,3,5,80,80,80,80,80,80,0,0,0,6,6,600,600,0,0
1573.375,40,32,8,11,21,3,5,80,80,80,80,80,80,0,0,0,6,6,600,600,0,0
1574.375,40,32,8,11,21,3,5,80,80,80,80,80,80,0,0,0,6,6,600,600,0,0
1575.376,40,32,8,11,21,3,5,80,80,80,80,80,80,0,0,0,6,6,600,600,0,0
1576.376,40,32,8,11,21,3,5,80,80,80,80,80,80,0,0,0,6,6,600,600,0,0
1577.376,40,32,8,11,21,3,5,80,80,80,80,80,80,0,0,0,6,6,600,600,0,0
1578.376,40,32,8,11,21,3,5,80,80,80,80,80,80,0,0,0,6,6,600,600,0,0
1579.376,40,32,8,11,21,3,5,80,80,80,80,80,80,0,0,0,6,6,600,600,0,0
1580.376,40,32,8,11,21,3,5,80,80,80,80,80,80,0,0,0,6,6,600,600,0,0
1581.376,40,32,8,11,21,3,5,80,80,80,80,80,80,0,0,0,6,6,600,600,0,0
1582.376,40,32,8,11,21,3,5,80,80,80,80,80,80,0,0,0,6,6,600,600,0,0
1583.377,40,32,8,11,21,3,5,80,80,80,80,80,80,0,0,0,6,6,600,600,0,0
1584.377,40,32,8,11,21,3,5,80,80,80,80,80,80,0,0,0,6,6,600,600,0,0
1585.377,40,32,8,11,21,3,5,80,80,80,80,80,80,0,0,0,6,6,600,600,0,0
1585.71,40,32,8,11,21,3,5,80,80,80,80,80,80,0,0,0,6,6,600,600,0,0
