time,totalAgents,preyCount,predatorCount,preyJuvenileCount,preyAdultCount,predatorJuvenileCount,predatorAdultCount,avgPreyEnergy,avgPredatorEnergy,minPreyEnergy,maxPreyEnergy,minPredatorEnergy,maxPredatorEnergy,totalBirths,totalDeaths,totalKills,availableGrassPatches,totalGrassPatches,totalGrassFood,maxGrassFood,shelterOccupancy,shelterCapacity
0.333,40,31,9,11,20,4,5,100,88.889,100,100,0,100,0,0,0,6,6,600,600,2,30
1.333,40,31,9,11,20,4,5,100,88.889,100,100,0,100,0,0,0,6,6,600,600,4,30
2.333,40,31,9,11,20,4,5,100,88.889,100,100,0,100,0,0,0,6,6,600,600,3,30
3.333,40,31,9,11,20,4,5,100,88.889,100,100,0,100,0,0,0,6,6,600,600,4,30
4.333,41,32,9,12,20,4,5,98.438,88.889,75,100,0,100,1,0,0,6,6,600,600,4,30
5.333,41,32,9,12,20,4,5,98.438,88.889,75,100,0,100,1,0,0,6,6,600,600,4,30
6.333,41,32,9,12,20,4,5,98.438,88.889,75,100,0,100,1,0,0,6,6,600,600,2,30
7.333,42,33,9,13,20,4,5,96.97,88.889,75,100,0,100,2,0,0,6,6,600,600,3,30
8.333,42,32,9,13,19,4,5,96.875,88.889,75,100,0,100,2,1,1,6,6,600,600,3,30
9.333,43,33,9,14,19,4,5,95.455,88.889,75,100,0,100,3,1,1,6,6,600,600,3,30
10.333,43,33,9,14,19,4,5,95.455,88.889,75,100,0,100,3,1,1,6,6,600,600,3,30
11.333,43,33,9,14,19,4,5,95.455,88.889,75,100,0,100,3,1,1,6,6,600,600,3,30
12.333,43,33,9,14,19,4,5,95.455,88.889,75,100,0,100,3,1,1,6,6,600,600,4,30
13.333,43,33,9,14,19,4,5,95.455,88.889,75,100,0,100,3,1,1,6,6,600,600,2,30
14.333,43,33,9,14,19,4,5,95.455,88.889,75,100,0,100,3,1,1,6,6,600,600,2,30
15.333,43,33,9,14,19,4,5,95.455,88.889,75,100,0,100,3,1,1,6,6,600,600,2,30
16.333,43,32,9,13,19,4,5,95.313,88.889,75,100,0,100,3,2,2,6,6,600,600,1,30
17.333,43,32,9,13,19,4,5,95.313,88.889,75,100,0,100,3,2,2,6,6,600,600,2,30
18.333,43,32,9,13,19,4,5,95.313,88.889,75,100,0,100,3,2,2,6,6,600,600,2,30
19.333,43,32,9,13,19,4,5,95.313,88.889,75,100,0,100,3,2,2,6,6,600,600,4,30
20.333,43,32,9,13,19,4,5,95.313,88.889,75,100,0,100,3,2,2,6,6,600,600,3,30
21.333,43,31,9,12,19,4,5,95.161,88.889,75,100,0,100,3,3,3,6,6,600,600,2,30
22.333,43,31,9,12,19,4,5,95.161,88.889,75,100,0,100,3,3,3,6,6,600,600,4,30
23.333,43,31,9,12,19,4,5,95.161,88.889,75,100,0,100,3,3,3,6,6,600,600,2,30
24.333,43,31,9,12,19,4,5,95.161,88.889,75,100,0,100,3,3,3,6,6,600,600,2,30
25.333,44,32,9,13,19,4,5,93.75,88.889,75,100,0,100,4,3,3,6,6,600,600,3,30
26.333,44,32,9,13,19,4,5,93.75,88.889,75,100,0,100,4,3,3,6,6,600,600,2,30
27.333,44,32,9,13,19,4,5,93.75,88.889,75,100,0,100,4,3,3,6,6,600,600,2,30
28.333,44,32,9,13,19,4,5,93.75,88.889,75,100,0,100,4,3,3,6,6,600,600,2,30
29.333,44,32,9,13,19,4,5,93.75,88.889,75,100,0,100,4,3,3,6,6,600,600,2,30
30.333,44,32,9,13,19,4,5,93.75,88.889,75,100,0,100,4,3,3,6,6,600,600,4,30
31.333,44,32,9,13,19,4,5,93.75,88.889,75,100,0,100,4,3,3,6,6,600,600,3,30
32.333,44,32,9,13,19,4,5,93.75,88.889,75,100,0,100,4,3,3,6,6,600,600,2,30
33.333,44,32,9,13,19,4,5,93.75,88.889,75,100,0,100,4,3,3,6,6,600,600,2,30
34.333,44,32,9,13,19,4,5,93.75,88.889,75,100,0,100,4,3,3,6,6,600,600,2,30
35.333,44,32,9,13,19,4,5,93.75,88.889,75,100,0,100,4,3,3,6,6,600,600,2,30
36.333,44,31,9,13,18,4,5,93.548,88.889,75,100,0,100,4,4,4,6,6,600,600,2,30
37.333,44,31,9,13,18,4,5,93.548,88.889,75,100,0,100,4,4,4,6,6,600,600,2,30
38.333,44,31,9,13,18,4,5,93.548,88.889,75,100,0,100,4,4,4,6,6,600,600,2,30
39.333,44,31,9,13,18,4,5,93.548,88.889,75,100,0,100,4,4,4,6,6,600,600,2,30
40.333,44,31,9,13,18,4,5,93.548,88.889,75,100,0,100,4,4,4,6,6,600,600,2,30
41.333,44,31,9,13,18,4,5,93.548,88.889,75,100,0,100,4,4,4,6,6,600,600,4,30
42.333,44,31,9,13,18,4,5,93.548,88.889,75,100,0,100,4,4,4,6,6,600,600,2,30
43.333,44,31,9,13,18,4,5,93.548,88.889,75,100,0,100,4,4,4,6,6,600,600,2,30
44.333,44,31,9,13,18,4,5,93.548,88.889,75,100,0,100,4,4,4,6,6,600,600,2,30
45.333,44,30,9,12,18,4,5,93.333,88.889,75,100,0,100,4,5,5,6,6,600,600,2,30
46.333,44,30,9,12,18,4,5,93.333,88.889,75,100,0,100,4,5,5,6,6,600,600,2,30
47.333,44,30,9,12,18,4,5,93.333,88.889,75,100,0,100,4,5,5,6,6,600,600,2,30
48.333,44,29,9,11,18,4,5,93.103,88.889,75,100,0,100,4,6,6,6,6,600,600,2,30
49.333,44,29,9,11,18,4,5,93.103,88.889,75,100,0,100,4,6,6,6,6,600,600,2,30
50.333,44,29,9,11,18,4,5,93.103,88.889,75,100,0,100,4,6,6,6,6,600,600,3,30
51.333,44,29,9,11,18,4,5,93.103,88.889,75,100,0,100,4,6,6,6,6,600,600,2,30
52.333,44,29,9,11,18,4,5,93.103,88.889,75,100,0,100,4,6,6,6,6,600,600,2,30
53.333,44,29,9,11,18,4,5,93.103,88.889,75,100,0,100,4,6,6,6,6,600,600,2,30
54.333,44,29,9,11,18,4,5,93.103,88.889,75,100,0,100,4,6,6,6,6,600,600,2,30
55.333,44,29,9,11,18,4,5,93.103,88.889,75,100,0,100,4,6,6,6,6,600,600,2,30
56.333,44,29,9,11,18,4,5,93.103,88.889,75,100,0,100,4,6,6,6,6,600,600,2,30
57.333,44,29,9,11,18,4,5,93.103,88.889,75,100,0,100,4,6,6,6,6,600,600,2,30
58.333,44,29,9,11,18,4,5,93.103,88.889,75,100,0,100,4,6,6,6,6,600,600,2,30
59.333,44,29,9,11,18,4,5,93.103,88.889,75,100,0,100,4,6,6,6,6,600,600,2,30
60.333,44,29,9,11,18,4,5,93.103,88.889,75,100,0,100,4,6,6,6,6,600,600,2,30
61.333,44,29,9,11,18,4,5,93.103,88.889,75,100,0,100,4,6,6,6,6,600,600,2,30
62.333,44,29,9,11,18,4,5,93.103,88.889,75,100,0,100,4,6,6,6,6,600,600,2,30
63.333,44,29,9,11,18,4,5,93.103,88.889,75,100,0,100,4,6,6,6,6,600,600,3,30
64.333,44,29,9,11,18,4,5,93.103,88.889,75,100,0,100,4,6,6,6,6,600,600,2,30
65.333,44,29,9,11,18,4,5,93.103,88.889,75,100,0,100,4,6,6,6,6,600,600,2,30
66.333,44,29,9,11,18,4,5,93.103,88.889,75,100,0,100,4,6,6,6,6,600,600,2,30
67.333,44,29,9,11,18,4,5,93.103,88.889,75,100,0,100,4,6,6,6,6,600,600,3,30
68.333,44,29,9,11,18,4,5,93.103,88.889,75,100,0,100,4,6,6,6,6,600,600,2,30
69.333,44,29,9,11,18,4,5,93.103,88.889,75,100,0,100,4,6,6,6,6,600,600,1,30
70.333,44,28,9,11,17,4,5,92.857,88.889,75,100,0,100,4,7,7,6,6,600,600,2,30
71.333,44,28,9,11,17,4,5,92.857,88.889,75,100,0,100,4,7,7,6,6,600,600,2,30
72.333,44,28,9,11,17,4,5,92.857,88.889,75,100,0,100,4,7,7,6,6,600,600,3,30
73.333,44,28,9,11,17,4,5,92.857,88.889,75,100,0,100,4,7,7,6,6,600,600,2,30
74.333,44,27,9,10,17,4,5,92.593,88.889,75,100,0,100,4,8,8,6,6,600,600,3,30
75.333,44,27,9,10,17,4,5,92.593,88.889,75,100,0,100,4,8,8,6,6,600,600,2,30
76.333,44,27,9,10,17,4,5,92.593,88.889,75,100,0,100,4,8,8,6,6,600,600,2,30
77.333,44,27,9,10,17,4,5,92.593,88.889,75,100,0,100,4,8,8,6,6,600,600,2,30
78.333,44,27,9,10,17,4,5,92.593,88.889,75,100,0,100,4,8,8,6,6,600,600,2,30
79.333,44,27,9,10,17,4,5,92.593,88.889,75,100,0,100,4,8,8,6,6,600,600,2,30
80.333,44,27,9,10,17,4,5,92.593,88.889,75,100,0,100,4,8,8,6,6,600,600,3,30
81.333,44,27,9,10,17,4,5,92.593,88.889,75,100,0,100,4,8,8,6,6,600,600,3,30
82.333,44,27,9,10,17,4,5,92.593,88.889,75,100,0,100,4,8,8,6,6,600,600,3,30
83.333,44,27,9,10,17,4,5,92.593,88.889,75,100,0,100,4,8,8,6,6,600,600,3,30
84.333,44,27,9,10,17,4,5,92.593,88.889,75,100,0,100,4,8,8,6,6,600,600,2,30
85.333,44,27,9,10,17,4,5,92.593,88.889,75,100,0,100,4,8,8,6,6,600,600,2,30
86.333,44,27,9,10,17,4,5,92.593,88.889,75,100,0,100,4,8,8,6,6,600,600,2,30
87.333,44,27,9,10,17,4,5,92.593,88.889,75,100,0,100,4,8,8,6,6,600,600,2,30
88.333,44,27,9,10,17,4,5,92.593,88.889,75,100,0,100,4,8,8,6,6,600,600,1,30
89.333,44,27,9,10,17,4,5,92.593,88.889,75,100,0,100,4,8,8,6,6,600,600,2,30
90.333,44,27,9,10,17,4,5,92.593,88.889,75,100,0,100,4,8,8,6,6,600,600,2,30
91.333,44,27,9,10,17,4,5,92.593,88.889,75,100,0,100,4,8,8,6,6,600,600,2,30
92.333,44,27,9,10,17,4,5,92.593,88.889,75,100,0,100,4,8,8,6,6,600,600,2,30
93.333,44,27,9,10,17,4,5,92.593,88.889,75,100,0,100,4,8,8,6,6,600,600,4,30
94.333,44,27,9,10,17,4,5,92.593,88.889,75,100,0,100,4,8,8,6,6,600,600,3,30
95.333,44,27,9,10,17,4,5,92.593,88.889,75,100,0,100,4,8,8,6,6,600,600,3,30
96.333,44,27,9,10,17,4,5,92.593,88.889,75,100,0,100,4,8,8,6,6,600,600,3,30
97.333,44,26,9,10,16,4,5,92.308,88.889,75,100,0,100,4,9,9,6,6,600,600,3,30
98.334,44,26,9,10,16,4,5,92.308,88.889,75,100,0,100,4,9,9,6,6,600,600,3,30
99.334,44,26,9,10,16,4,5,92.308,88.889,75,100,0,100,4,9,9,6,6,600,600,4,30
100.334,44,26,9,10,16,4,5,100,88.889,100,100,0,100,4,9,9,6,6,600,600,2,30
101.334,44,26,9,10,16,4,5,100,88.889,100,100,0,100,4,9,9,6,6,600,600,2,30
102.334,44,26,9,10,16,4,5,100,88.889,100,100,0,100,4,9,9,6,6,600,600,2,30
103.334,44,26,9,10,16,4,5,100,88.889,100,100,0,100,4,9,9,6,6,600,600,2,30
104.334,44,26,9,10,16,4,5,100,88.889,100,100,0,100,4,9,9,6,6,600,600,2,30
105.334,44,26,9,10,16,4,5,100,88.889,100,100,0,100,4,9,9,6,6,600,600,2,30
106.334,44,26,9,10,16,4,5,100,88.889,100,100,0,100,4,9,9,6,6,600,600,2,30
107.334,44,25,9,10,15,4,5,100,88.889,100,100,0,100,4,10,10,6,6,600,600,2,30
108.334,44,25,9,10,15,4,5,100,88.889,100,100,0,100,4,10,10,6,6,600,600,2,30
109.334,44,25,9,10,15,4,5,100,88.889,100,100,0,100,4,10,10,6,6,600,600,2,30
110.334,44,25,9,10,15,4,5,100,88.889,100,100,0,100,4,10,10,6,6,600,600,2,30
111.334,44,25,9,10,15,4,5,100,88.889,100,100,0,100,4,10,10,6,6,600,600,3,30
112.334,44,25,9,10,15,4,5,100,88.889,100,100,0,100,4,10,10,6,6,600,600,3,30
113.334,44,25,9,10,15,4,5,100,88.889,100,100,0,100,4,10,10,6,6,600,600,2,30
114.334,44,25,9,10,15,4,5,100,88.889,100,100,0,100,4,10,10,6,6,600,600,2,30
115.334,44,25,9,10,15,4,5,100,88.889,100,100,0,100,4,10,10,6,6,600,600,3,30
116.334,44,25,9,10,15,4,5,100,88.889,100,100,0,100,4,10,10,6,6,600,600,2,30
117.334,44,25,9,10,15,4,5,100,88.889,100,100,0,100,4,10,10,6,6,600,600,3,30
118.334,44,25,9,10,15,4,5,100,88.889,100,100,0,100,4,10,10,6,6,600,600,2,30
119.334,44,25,9,10,15,4,5,100,88.889,100,100,0,100,4,10,10,6,6,600,600,2,30
120.334,44,25,9,10,15,4,5,100,88.889,100,100,0,100,4,10,10,6,6,600,600,2,30
121.334,44,25,9,10,15,4,5,100,88.889,100,100,0,100,4,10,10,6,6,600,600,1,30
122.334,44,25,9,10,15,4,5,100,88.889,100,100,0,100,4,10,10,6,6,600,600,2,30
123.334,44,25,9,10,15,4,5,100,88.889,100,100,0,100,4,10,10,6,6,600,600,3,30
124.334,44,25,9,10,15,4,5,100,88.889,100,100,0,100,4,10,10,6,6,600,600,2,30
125.334,44,25,9,10,15,4,5,100,88.889,100,100,0,100,4,10,10,6,6,600,600,2,30
126.334,44,24,9,9,15,4,5,100,88.889,100,100,0,100,4,11,11,6,6,600,600,2,30
127.334,44,24,9,9,15,4,5,100,88.889,100,100,0,100,4,11,11,6,6,600,600,3,30
128.334,44,24,9,9,15,4,5,100,88.889,100,100,0,100,4,11,11,6,6,600,600,2,30
129.334,44,24,9,9,15,4,5,100,88.889,100,100,0,100,4,11,11,6,6,600,600,2,30
130.334,44,24,9,9,15,4,5,100,88.889,100,100,0,100,4,11,11,6,6,600,600,2,30
131.334,44,24,9,9,15,4,5,100,88.889,100,100,0,100,4,11,11,6,6,600,600,2,30
132.334,44,24,9,9,15,4,5,100,88.889,100,100,0,100,4,11,11,6,6,600,600,3,30
133.334,44,24,9,9,15,4,5,100,88.889,100,100,0,100,4,11,11,6,6,600,600,2,30
134.334,44,24,9,9,15,4,5,100,88.889,100,100,0,100,4,11,11,6,6,600,600,2,30
135.334,44,24,9,9,15,4,5,100,88.889,100,100,0,100,4,11,11,6,6,600,600,3,30
136.334,44,24,9,9,15,4,5,100,88.889,100,100,0,100,4,11,11,6,6,600,600,3,30
137.334,44,24,9,9,15,4,5,100,88.889,100,100,0,100,4,11,11,6,6,600,600,2,30
138.334,44,24,9,9,15,4,5,100,88.889,100,100,0,100,4,11,11,6,6,600,600,3,30
139.334,44,23,9,8,15,4,5,100,88.889,100,100,0,100,4,12,12,6,6,600,600,2,30
140.334,44,23,9,8,15,4,5,100,88.889,100,100,0,100,4,12,12,6,6,600,600,2,30
141.334,44,23,9,8,15,4,5,100,88.889,100,100,0,100,4,12,12,6,6,600,600,2,30
142.334,44,23,9,8,15,4,5,100,88.889,100,100,0,100,4,12,12,6,6,600,600,3,30
143.334,44,23,9,8,15,4,5,100,88.889,100,100,0,100,4,12,12,6,6,600,600,2,30
144.334,44,23,9,8,15,4,5,100,88.889,100,100,0,100,4,12,12,6,6,600,600,2,30
145.334,44,23,9,8,15,4,5,100,88.889,100,100,0,100,4,12,12,6,6,600,600,2,30
146.333,44,23,9,8,15,4,5,100,88.889,100,100,0,100,4,12,12,6,6,600,600,2,30
147.333,44,22,9,8,14,4,5,100,88.889,100,100,0,100,4,13,13,6,6,600,600,4,30
148.333,44,22,9,8,14,4,5,100,88.889,100,100,0,100,4,13,13,6,6,600,600,3,30
149.333,44,22,9,8,14,4,5,100,88.889,100,100,0,100,4,13,13,6,6,600,600,2,30
150.333,44,22,9,8,14,4,5,100,88.889,100,100,0,100,4,13,13,6,6,600,600,2,30
151.333,44,22,9,8,14,4,5,100,88.889,100,100,0,100,4,13,13,6,6,600,600,1,30
152.333,44,22,9,8,14,4,5,100,88.889,100,100,0,100,4,13,13,6,6,600,600,2,30
153.333,44,22,9,8,14,4,5,100,88.889,100,100,0,100,4,13,13,6,6,600,600,2,30
154.333,44,22,9,8,14,4,5,100,88.889,100,100,0,100,4,13,13,6,6,600,600,2,30
155.333,44,22,9,8,14,4,5,100,88.889,100,100,0,100,4,13,13,6,6,600,600,2,30
156.333,44,22,9,8,14,4,5,100,88.889,100,100,0,100,4,13,13,6,6,600,600,2,30
157.333,44,22,9,8,14,4,5,100,88.889,100,100,0,100,4,13,13,6,6,600,600,2,30
158.333,44,22,9,8,14,4,5,100,88.889,100,100,0,100,4,13,13,6,6,600,600,2,30
159.333,44,22,9,8,14,4,5,100,88.889,100,100,0,100,4,13,13,6,6,600,600,2,30
160.333,44,22,9,8,14,4,5,100,88.889,100,100,0,100,4,13,13,6,6,600,600,2,30
161.333,44,22,9,8,14,4,5,100,88.889,100,100,0,100,4,13,13,6,6,600,600,2,30
162.333,44,22,9,8,14,4,5,100,88.889,100,100,0,100,4,13,13,6,6,600,600,1,30
163.333,44,22,9,8,14,4,5,100,88.889,100,100,0,100,4,13,13,6,6,600,600,2,30
164.333,44,22,9,8,14,4,5,100,88.889,100,100,0,100,4,13,13,6,6,600,600,2,30
165.333,44,22,9,8,14,4,5,100,88.889,100,100,0,100,4,13,13,6,6,600,600,2,30
166.333,44,22,9,8,14,4,5,100,88.889,100,100,0,100,4,13,13,6,6,600,600,2,30
167.333,44,22,9,8,14,4,5,100,88.889,100,100,0,100,4,13,13,6,6,600,600,2,30
168.333,44,22,9,8,14,4,5,100,88.889,100,100,0,100,4,13,13,6,6,600,600,2,30
169.333,44,22,9,8,14,4,5,100,88.889,100,100,0,100,4,13,13,6,6,600,600,2,30
170.333,44,22,9,8,14,4,5,100,88.889,100,100,0,100,4,13,13,6,6,600,600,2,30
171.333,44,22,9,8,14,4,5,100,88.889,100,100,0,100,4,13,13,6,6,600,600,2,30
172.333,44,22,9,8,14,4,5,100,88.889,100,100,0,100,4,13,13,6,6,600,600,2,30
173.333,44,22,9,8,14,4,5,100,88.889,100,100,0,100,4,13,13,6,6,600,600,3,30
174.333,44,22,9,8,14,4,5,100,88.889,100,100,0,100,4,13,13,6,6,600,600,2,30
175.333,44,22,9,8,14,4,5,100,88.889,100,100,0,100,4,13,13,6,6,600,600,3,30
176.333,44,22,9,8,14,4,5,100,88.889,100,100,0,100,4,13,13,6,6,600,600,2,30
177.333,44,22,9,8,14,4,5,100,88.889,100,100,0,100,4,13,13,6,6,600,600,2,30
178.333,44,22,9,8,14,4,5,100,88.889,100,100,0,100,4,13,13,6,6,600,600,2,30
179.333,44,22,9,8,14,4,5,100,88.889,100,100,0,100,4,13,13,6,6,600,600,2,30
180.333,44,22,9,8,14,4,5,100,88.889,100,100,0,100,4,13,13,6,6,600,600,2,30
181.333,44,22,9,8,14,4,5,100,88.889,100,100,0,100,4,13,13,6,6,600,600,2,30
182.333,44,22,9,8,14,4,5,100,88.889,100,100,0,100,4,13,13,6,6,600,600,2,30
183.333,44,22,9,8,14,4,5,100,88.889,100,100,0,100,4,13,13,6,6,600,600,3,30
184.333,44,22,9,8,14,4,5,100,88.889,100,100,0,100,4,13,13,6,6,600,600,2,30
185.333,44,22,9,8,14,4,5,100,88.889,100,100,0,100,4,13,13,6,6,600,600,2,30
186.333,44,22,9,8,14,4,5,100,88.889,100,100,0,100,4,13,13,6,6,600,600,2,30
187.333,44,22,9,8,14,4,5,100,88.889,100,100,0,100,4,13,13,6,6,600,600,1,30
188.333,44,22,9,8,14,4,5,100,88.889,100,100,0,100,4,13,13,6,6,600,600,2,30
189.333,44,22,9,8,14,4,5,100,88.889,100,100,0,100,4,13,13,6,6,600,600,2,30
190.333,44,22,9,8,14,4,5,100,88.889,100,100,0,100,4,13,13,6,6,600,600,2,30
191.333,44,22,9,8,14,4,5,100,88.889,100,100,0,100,4,13,13,6,6,600,600,2,30
192.333,44,22,9,8,14,4,5,100,88.889,100,100,0,100,4,13,13,6,6,600,600,2,30
193.333,44,22,9,8,14,4,5,100,88.889,100,100,0,100,4,13,13,6,6,600,600,2,30
194.333,44,22,9,8,14,4,5,100,88.889,100,100,0,100,4,13,13,6,6,600,600,3,30
195.333,44,22,9,8,14,4,5,100,88.889,100,100,0,100,4,13,13,6,6,600,600,3,30
196.333,44,22,9,8,14,4,5,100,88.889,100,100,0,100,4,13,13,6,6,600,600,2,30
197.333,44,22,9,8,14,4,5,100,88.889,100,100,0,100,4,13,13,6,6,600,600,2,30
198.333,44,22,9,8,14,4,5,100,88.889,100,100,0,100,4,13,13,6,6,600,600,2,30
199.333,44,22,9,8,14,4,5,100,88.889,100,100,0,100,4,13,13,6,6,600,600,2,30
200.333,44,22,9,8,14,4,5,100,88.889,100,100,0,100,4,13,13,6,6,600,600,2,30
201.333,44,22,9,8,14,4,5,100,88.889,100,100,0,100,4,13,13,6,6,600,600,3,30
202.333,44,22,9,8,14,4,5,100,88.889,100,100,0,100,4,13,13,6,6,600,600,2,30
203.333,44,22,9,8,14,4,5,100,88.889,100,100,0,100,4,13,13,6,6,600,600,1,30
204.333,44,22,9,8,14,4,5,100,88.889,100,100,0,100,4,13,13,6,6,600,600,3,30
205.333,44,22,9,8,14,4,5,100,88.889,100,100,0,100,4,13,13,6,6,600,600,2,30
206.333,44,22,9,8,14,4,5,100,88.889,100,100,0,100,4,13,13,6,6,600,600,2,30
207.333,44,22,9,8,14,4,5,100,88.889,100,100,0,100,4,13,13,6,6,600,600,2,30
208.333,44,22,9,8,14,4,5,100,88.889,100,100,0,100,4,13,13,6,6,600,600,2,30
209.333,44,22,9,8,14,4,5,100,88.889,100,100,0,100,4,13,13,6,6,600,600,3,30
210.333,44,22,9,8,14,4,5,100,88.889,100,100,0,100,4,13,13,6,6,600,600,3,30
211.332,44,22,9,8,14,4,5,100,88.889,100,100,0,100,4,13,13,6,6,600,600,3,30
212.332,44,22,9,8,14,4,5,100,88.889,100,100,0,100,4,13,13,6,6,600,600,2,30
213.332,44,22,9,8,14,4,5,100,88.889,100,100,0,100,4,13,13,6,6,600,600,3,30
214.332,44,22,9,8,14,4,5,100,88.889,100,100,0,100,4,13,13,6,6,600,600,2,30
215.332,44,22,9,8,14,4,5,100,88.889,100,100,0,100,4,13,13,6,6,600,600,3,30
216.332,44,22,9,8,14,4,5,100,88.889,100,100,0,100,4,13,13,6,6,600,600,2,30
217.332,44,22,9,8,14,4,5,100,88.889,100,100,0,100,4,13,13,6,6,600,600,2,30
218.332,44,22,9,8,14,4,5,100,88.889,100,100,0,100,4,13,13,6,6,600,600,3,30
219.332,44,22,9,8,14,4,5,100,88.889,100,100,0,100,4,13,13,6,6,600,600,2,30
220.332,44,22,9,8,14,4,5,100,88.889,100,100,0,100,4,13,13,6,6,600,600,3,30
221.332,44,22,9,8,14,4,5,100,88.889,100,100,0,100,4,13,13,6,6,600,600,2,30
222.332,44,22,9,8,14,4,5,100,88.889,100,100,0,100,4,13,13,6,6,600,600,2,30
223.332,44,22,9,8,14,4,5,100,88.889,100,100,0,100,4,13,13,6,6,600,600,3,30
224.332,44,22,9,8,14,4,5,100,88.889,100,100,0,100,4,13,13,6,6,600,600,2,30
225.332,44,22,9,8,14,4,5,100,88.889,100,100,0,100,4,13,13,6,6,600,600,2,30
226.332,44,22,9,8,14,4,5,100,88.889,100,100,0,100,4,13,13,6,6,600,600,2,30
227.332,44,22,9,8,14,4,5,100,88.889,100,100,0,100,4,13,13,6,6,600,600,3,30
228.332,44,22,9,8,14,4,5,100,88.889,100,100,0,100,4,13,13,6,6,600,600,2,30
229.332,44,22,9,8,14,4,5,100,88.889,100,100,0,100,4,13,13,6,6,600,600,2,30
230.332,44,22,9,8,14,4,5,100,88.889,100,100,0,100,4,13,13,6,6,600,600,3,30
231.332,44,22,9,8,14,4,5,100,88.889,100,100,0,100,4,13,13,6,6,600,600,2,30
232.332,44,22,9,8,14,4,5,100,88.889,100,100,0,100,4,13,13,6,6,600,600,4,30
233.332,44,22,9,8,14,4,5,100,88.889,100,100,0,100,4,13,13,6,6,600,600,2,30
234.332,44,22,9,8,14,4,5,100,88.889,100,100,0,100,4,13,13,6,6,600,600,3,30
235.332,44,22,9,8,14,4,5,100,88.889,100,100,0,100,4,13,13,6,6,600,600,3,30
236.332,44,22,9,8,14,4,5,100,88.889,100,100,0,100,4,13,13,6,6,600,600,2,30
237.332,44,22,9,8,14,4,5,100,88.889,100,100,0,100,4,13,13,6,6,600,600,2,30
238.332,44,22,9,8,14,4,5,100,88.889,100,100,0,100,4,13,13,6,6,600,600,3,30
239.332,44,21,9,7,14,4,5,100,88.889,100,100,0,100,4,14,14,6,6,600,600,2,30
240.332,44,21,9,7,14,4,5,100,88.889,100,100,0,100,4,14,14,6,6,600,600,1,30
241.332,44,21,9,7,14,4,5,100,88.889,100,100,0,100,4,14,14,6,6,600,600,2,30
242.332,44,21,9,7,14,4,5,100,88.889,100,100,0,100,4,14,14,6,6,600,600,2,30
243.332,44,21,9,7,14,4,5,100,88.889,100,100,0,100,4,14,14,6,6,600,600,2,30
244.332,44,21,9,7,14,4,5,100,88.889,100,100,0,100,4,14,14,6,6,600,600,2,30
245.332,44,21,9,7,14,4,5,100,88.889,100,100,0,100,4,14,14,6,6,600,600,2,30
246.332,44,21,9,7,14,4,5,100,88.889,100,100,0,100,4,14,14,6,6,600,600,3,30
247.332,44,21,9,7,14,4,5,100,88.889,100,100,0,100,4,14,14,6,6,600,600,2,30
248.332,44,21,9,7,14,4,5,100,88.889,100,100,0,100,4,14,14,6,6,600,600,2,30
249.332,44,21,9,7,14,4,5,100,88.889,100,100,0,100,4,14,14,6,6,600,600,2,30
250.332,44,21,9,7,14,4,5,100,88.889,100,100,0,100,4,14,14,6,6,600,600,2,30
251.332,44,21,9,7,14,4,5,100,88.889,100,100,0,100,4,14,14,6,6,600,600,2,30
252.332,44,21,9,7,14,4,5,100,88.889,100,100,0,100,4,14,14,6,6,600,600,2,30
253.332,44,21,9,7,14,4,5,100,88.889,100,100,0,100,4,14,14,6,6,600,600,2,30
254.332,44,20,9,6,14,4,5,100,88.889,100,100,0,100,4,15,15,6,6,600,600,2,30
255.332,44,20,9,6,14,4,5,100,88.889,100,100,0,100,4,15,15,6,6,600,600,2,30
256.332,44,20,9,6,14,4,5,100,88.889,100,100,0,100,4,15,15,6,6,600,600,2,30
257.332,44,20,9,6,14,4,5,100,88.889,100,100,0,100,4,15,15,6,6,600,600,2,30
258.332,44,20,9,6,14,4,5,100,88.889,100,100,0,100,4,15,15,6,6,600,600,2,30
259.332,44,20,9,6,14,4,5,100,88.889,100,100,0,100,4,15,15,6,6,600,600,2,30
260.332,44,20,9,6,14,4,5,100,88.889,100,100,0,100,4,15,15,6,6,600,600,3,30
261.332,44,20,9,6,14,4,5,100,88.889,100,100,0,100,4,15,15,6,6,600,600,2,30
262.332,44,20,9,6,14,4,5,100,88.889,100,100,0,100,4,15,15,6,6,600,600,2,30
263.332,44,20,9,6,14,4,5,100,88.889,100,100,0,100,4,15,15,6,6,600,600,2,30
264.332,44,20,9,6,14,4,5,100,88.889,100,100,0,100,4,15,15,6,6,600,600,2,30
265.332,44,20,9,6,14,4,5,100,88.889,100,100,0,100,4,15,15,6,6,600,600,2,30
266.332,44,20,9,6,14,4,5,100,88.889,100,100,0,100,4,15,15,6,6,600,600,2,30
267.332,44,20,9,6,14,4,5,100,88.889,100,100,0,100,4,15,15,6,6,600,600,2,30
268.332,44,20,9,6,14,4,5,100,88.889,100,100,0,100,4,15,15,6,6,600,600,2,30
269.332,44,20,9,6,14,4,5,100,88.889,100,100,0,100,4,15,15,6,6,600,600,2,30
270.332,44,20,9,6,14,4,5,100,88.889,100,100,0,100,4,15,15,6,6,600,600,2,30
271.332,44,20,9,6,14,4,5,100,88.889,100,100,0,100,4,15,15,6,6,600,600,2,30
272.332,44,20,9,6,14,4,5,100,88.889,100,100,0,100,4,15,15,6,6,600,600,2,30
273.332,44,20,9,6,14,4,5,100,88.889,100,100,0,100,4,15,15,6,6,600,600,2,30
274.332,44,20,9,6,14,4,5,100,88.889,100,100,0,100,4,15,15,6,6,600,600,2,30
275.332,44,20,9,6,14,4,5,100,88.889,100,100,0,100,4,15,15,6,6,600,600,2,30
276.332,44,20,9,6,14,4,5,100,88.889,100,100,0,100,4,15,15,6,6,600,600,2,30
277.332,44,20,9,6,14,4,5,100,88.889,100,100,0,100,4,15,15,6,6,600,600,2,30
278.332,44,20,9,6,14,4,5,100,88.889,100,100,0,100,4,15,15,6,6,600,600,2,30
279.333,44,20,9,6,14,4,5,100,88.889,100,100,0,100,4,15,15,6,6,600,600,2,30
280.333,44,20,9,6,14,4,5,100,88.889,100,100,0,100,4,15,15,6,6,600,600,2,30
281.333,44,19,9,5,14,4,5,100,88.889,100,100,0,100,4,16,16,6,6,600,600,2,30
282.333,44,19,9,5,14,4,5,100,88.889,100,100,0,100,4,16,16,6,6,600,600,2,30
283.333,44,19,9,5,14,4,5,100,88.889,100,100,0,100,4,16,16,6,6,600,600,2,30
284.333,44,19,9,5,14,4,5,100,88.889,100,100,0,100,4,16,16,6,6,600,600,2,30
285.333,44,19,9,5,14,4,5,100,88.889,100,100,0,100,4,16,16,6,6,600,600,1,30
286.333,44,19,9,5,14,4,5,100,88.889,100,100,0,100,4,16,16,6,6,600,600,2,30
287.333,44,19,9,5,14,4,5,100,88.889,100,100,0,100,4,16,16,6,6,600,600,2,30
288.333,44,19,9,5,14,4,5,100,88.889,100,100,0,100,4,16,16,6,6,600,600,2,30
289.333,44,19,9,5,14,4,5,100,88.889,100,100,0,100,4,16,16,6,6,600,600,2,30
290.333,44,19,9,5,14,4,5,100,88.889,100,100,0,100,4,16,16,6,6,600,600,2,30
291.333,44,19,9,5,14,4,5,100,88.889,100,100,0,100,4,16,16,6,6,600,600,2,30
292.333,44,19,9,5,14,4,5,100,88.889,100,100,0,100,4,16,16,6,6,600,600,2,30
293.333,44,19,9,5,14,4,5,100,88.889,100,100,0,100,4,16,16,6,6,600,600,2,30
294.333,44,19,9,5,14,4,5,100,88.889,100,100,0,100,4,16,16,6,6,600,600,2,30
295.333,44,19,9,5,14,4,5,100,88.889,100,100,0,100,4,16,16,6,6,600,600,2,30
296.333,44,19,9,5,14,4,5,100,88.889,100,100,0,100,4,16,16,6,6,600,600,2,30
297.333,44,19,9,5,14,4,5,100,88.889,100,100,0,100,4,16,16,6,6,600,600,2,30
298.333,44,19,9,5,14,4,5,100,88.889,100,100,0,100,4,16,16,6,6,600,600,2,30
299.333,44,19,9,5,14,4,5,100,88.889,100,100,0,100,4,16,16,6,6,600,600,2,30
300.333,44,19,9,5,14,4,5,100,88.889,100,100,0,100,4,16,16,6,6,600,600,2,30
301.333,44,19,9,5,14,4,5,100,88.889,100,100,0,100,4,16,16,6,6,600,600,3,30
302.333,44,19,9,5,14,4,5,100,88.889,100,100,0,100,4,16,16,6,6,600,600,3,30
303.333,44,19,9,5,14,4,5,100,88.889,100,100,0,100,4,16,16,6,6,600,600,3,30
304.333,44,19,9,5,14,4,5,100,88.889,100,100,0,100,4,16,16,6,6,600,600,4,30
305.333,44,18,9,5,13,4,5,100,88.889,100,100,0,100,4,17,17,6,6,600,600,2,30
306.333,44,17,9,4,13,4,5,100,88.889,100,100,0,100,4,18,18,6,6,600,600,2,30
307.333,44,17,9,4,13,4,5,100,88.889,100,100,0,100,4,18,18,6,6,600,600,2,30
308.333,44,17,9,4,13,4,5,100,88.889,100,100,0,100,4,18,18,6,6,600,600,2,30
309.333,44,17,9,4,13,4,5,100,88.889,100,100,0,100,4,18,18,6,6,600,600,2,30
310.333,44,17,9,4,13,4,5,100,88.889,100,100,0,100,4,18,18,6,6,600,600,2,30
311.333,44,17,9,4,13,4,5,100,88.889,100,100,0,100,4,18,18,6,6,600,600,3,30
312.334,44,17,9,4,13,4,5,100,88.889,100,100,0,100,4,18,18,6,6,600,600,3,30
313.334,44,17,9,4,13,4,5,100,88.889,100,100,0,100,4,18,18,6,6,600,600,2,30
314.334,44,17,9,4,13,4,5,100,88.889,100,100,0,100,4,18,18,6,6,600,600,2,30
315.334,44,17,9,4,13,4,5,100,88.889,100,100,0,100,4,18,18,6,6,600,600,2,30
316.334,44,17,9,4,13,4,5,100,88.889,100,100,0,100,4,18,18,6,6,600,600,2,30
317.334,44,17,9,4,13,4,5,100,88.889,100,100,0,100,4,18,18,6,6,600,600,2,30
318.334,44,17,9,4,13,4,5,100,88.889,100,100,0,100,4,18,18,6,6,600,600,4,30
319.334,44,17,9,4,13,4,5,100,88.889,100,100,0,100,4,18,18,6,6,600,600,3,30
320.334,44,17,9,4,13,4,5,100,88.889,100,100,0,100,4,18,18,6,6,600,600,2,30
321.334,44,17,9,4,13,4,5,100,88.889,100,100,0,100,4,18,18,6,6,600,600,3,30
322.334,44,17,9,4,13,4,5,100,88.889,100,100,0,100,4,18,18,6,6,600,600,3,30
323.334,44,17,9,4,13,4,5,100,88.889,100,100,0,100,4,18,18,6,6,600,600,2,30
324.334,44,17,9,4,13,4,5,100,88.889,100,100,0,100,4,18,18,6,6,600,600,2,30
325.334,44,17,9,4,13,4,5,100,88.889,100,100,0,100,4,18,18,6,6,600,600,3,30
326.334,44,17,9,4,13,4,5,100,88.889,100,100,0,100,4,18,18,6,6,600,600,2,30
327.334,44,16,9,4,12,4,5,100,88.889,100,100,0,100,4,19,19,6,6,600,600,2,30
328.334,44,16,9,4,12,4,5,100,88.889,100,100,0,100,4,19,19,6,6,600,600,2,30
329.334,44,16,9,4,12,4,5,100,88.889,100,100,0,100,4,19,19,6,6,600,600,2,30
330.334,44,16,9,4,12,4,5,100,88.889,100,100,0,100,4,19,19,6,6,600,600,2,30
331.334,44,16,9,4,12,4,5,100,88.889,100,100,0,100,4,19,19,6,6,600,600,2,30
332.334,44,16,9,4,12,4,5,100,88.889,100,100,0,100,4,19,19,6,6,600,600,3,30
333.334,44,16,9,4,12,4,5,100,88.889,100,100,0,100,4,19,19,6,6,600,600,2,30
334.334,44,16,9,4,12,4,5,100,88.889,100,100,0,100,4,19,19,6,6,600,600,2,30
335.334,44,16,9,4,12,4,5,100,88.889,100,100,0,100,4,19,19,6,6,600,600,2,30
336.334,44,16,9,4,12,4,5,100,88.889,100,100,0,100,4,19,19,6,6,600,600,2,30
337.334,44,16,9,4,12,4,5,100,88.889,100,100,0,100,4,19,19,6,6,600,600,2,30
338.334,44,16,9,4,12,4,5,100,88.889,100,100,0,100,4,19,19,6,6,600,600,2,30
339.334,44,16,9,4,12,4,5,100,88.889,100,100,0,100,4,19,19,6,6,600,600,2,30
340.334,44,16,9,4,12,4,5,100,88.889,100,100,0,100,4,19,19,6,6,600,600,2,30
341.334,44,16,9,4,12,4,5,100,88.889,100,100,0,100,4,19,19,6,6,600,600,2,30
342.334,44,16,9,4,12,4,5,100,88.889,100,100,0,100,4,19,19,6,6,600,600,2,30
343.334,44,16,9,4,12,4,5,100,88.889,100,100,0,100,4,19,19,6,6,600,600,1,30
344.334,44,16,9,4,12,4,5,100,88.889,100,100,0,100,4,19,19,6,6,600,600,2,30
345.335,44,16,9,4,12,4,5,100,88.889,100,100,0,100,4,19,19,6,6,600,600,2,30
346.335,44,16,9,4,12,4,5,100,88.889,100,100,0,100,4,19,19,6,6,600,600,2,30
347.335,44,16,9,4,12,4,5,100,88.889,100,100,0,100,4,19,19,6,6,600,600,2,30
348.335,44,16,9,4,12,4,5,100,88.889,100,100,0,100,4,19,19,6,6,600,600,2,30
349.335,44,16,9,4,12,4,5,100,88.889,100,100,0,100,4,19,19,6,6,600,600,2,30
350.335,44,16,9,4,12,4,5,100,88.889,100,100,0,100,4,19,19,6,6,600,600,1,30
351.335,44,16,9,4,12,4,5,100,88.889,100,100,0,100,4,19,19,6,6,600,600,2,30
352.335,44,16,9,4,12,4,5,100,88.889,100,100,0,100,4,19,19,6,6,600,600,1,30
353.335,44,16,9,4,12,4,5,100,88.889,100,100,0,100,4,19,19,6,6,600,600,2,30
354.335,44,16,9,4,12,4,5,100,88.889,100,100,0,100,4,19,19,6,6,600,600,2,30
355.335,44,16,9,4,12,4,5,100,88.889,100,100,0,100,4,19,19,6,6,600,600,2,30
356.335,44,16,9,4,12,4,5,100,88.889,100,100,0,100,4,19,19,6,6,600,600,2,30
357.335,44,16,9,4,12,4,5,100,88.889,100,100,0,100,4,19,19,6,6,600,600,3,30
358.335,44,16,9,4,12,4,5,100,88.889,100,100,0,100,4,19,19,6,6,600,600,3,30
359.335,44,16,9,4,12,4,5,100,88.889,100,100,0,100,4,19,19,6,6,600,600,1,30
360.335,44,16,9,4,12,4,5,100,88.889,100,100,0,100,4,19,19,6,6,600,600,3,30
361.335,44,16,9,4,12,4,5,100,88.889,100,100,0,100,4,19,19,6,6,600,600,2,30
362.335,44,16,9,4,12,4,5,100,88.889,100,100,0,100,4,19,19,6,6,600,600,2,30
363.335,44,16,9,4,12,4,5,100,88.889,100,100,0,100,4,19,19,6,6,600,600,2,30
364.335,44,16,9,4,12,4,5,100,88.889,100,100,0,100,4,19,19,6,6,600,600,1,30
365.335,44,16,9,4,12,4,5,100,88.889,100,100,0,100,4,19,19,6,6,600,600,2,30
366.335,44,16,9,4,12,4,5,100,88.889,100,100,0,100,4,19,19,6,6,600,600,2,30
367.335,44,16,9,4,12,4,5,100,88.889,100,100,0,100,4,19,19,6,6,600,600,2,30
368.335,44,16,9,4,12,4,5,100,88.889,100,100,0,100,4,19,19,6,6,600,600,2,30
369.335,44,16,9,4,12,4,5,100,88.889,100,100,0,100,4,19,19,6,6,600,600,2,30
370.335,44,16,9,4,12,4,5,100,88.889,100,100,0,100,4,19,19,6,6,600,600,2,30
371.335,44,16,9,4,12,4,5,100,88.889,100,100,0,100,4,19,19,6,6,600,600,2,30
372.335,44,16,9,4,12,4,5,100,88.889,100,100,0,100,4,19,19,6,6,600,600,2,30
373.335,44,16,9,4,12,4,5,100,88.889,100,100,0,100,4,19,19,6,6,600,600,2,30
374.335,44,16,9,4,12,4,5,100,88.889,100,100,0,100,4,19,19,6,6,600,600,2,30
375.335,44,16,9,4,12,4,5,100,88.889,100,100,0,100,4,19,19,6,6,600,600,2,30
376.335,44,16,9,4,12,4,5,100,88.889,100,100,0,100,4,19,19,6,6,600,600,3,30
377.335,44,16,9,4,12,4,5,100,88.889,100,100,0,100,4,19,19,6,6,600,600,2,30
378.336,44,16,9,4,12,4,5,100,88.889,100,100,0,100,4,19,19,6,6,600,600,4,30
379.336,44,16,9,4,12,4,5,100,88.889,100,100,0,100,4,19,19,6,6,600,600,2,30
380.336,44,16,9,4,12,4,5,100,88.889,100,100,0,100,4,19,19,6,6,600,600,2,30
381.336,44,16,9,4,12,4,5,100,88.889,100,100,0,100,4,19,19,6,6,600,600,2,30
382.336,44,16,9,4,12,4,5,100,88.889,100,100,0,100,4,19,19,6,6,600,600,1,30
383.336,44,16,9,4,12,4,5,100,88.889,100,100,0,100,4,19,19,6,6,600,600,2,30
384.336,44,16,9,4,12,4,5,100,88.889,100,100,0,100,4,19,19,6,6,600,600,1,30
385.336,44,16,9,4,12,4,5,100,88.889,100,100,0,100,4,19,19,6,6,600,600,2,30
386.336,44,16,9,4,12,4,5,100,88.889,100,100,0,100,4,19,19,6,6,600,600,1,30
387.336,44,16,9,4,12,4,5,100,88.889,100,100,0,100,4,19,19,6,6,600,600,2,30
388.336,44,16,9,4,12,4,5,100,88.889,100,100,0,100,4,19,19,6,6,600,600,2,30
389.336,44,16,9,4,12,4,5,100,88.889,100,100,0,100,4,19,19,6,6,600,600,2,30
390.336,44,16,9,4,12,4,5,100,88.889,100,100,0,100,4,19,19,6,6,600,600,2,30
391.336,44,16,9,4,12,4,5,100,88.889,100,100,0,100,4,19,19,6,6,600,600,2,30
392.336,44,16,9,4,12,4,5,100,88.889,100,100,0,100,4,19,19,6,6,600,600,2,30
393.336,44,16,9,4,12,4,5,100,88.889,100,100,0,100,4,19,19,6,6,600,600,2,30
394.336,44,16,9,4,12,4,5,100,88.889,100,100,0,100,4,19,19,6,6,600,600,2,30
395.336,44,16,9,4,12,4,5,100,88.889,100,100,0,100,4,19,19,6,6,600,600,2,30
396.336,44,16,9,4,12,4,5,100,88.889,100,100,0,100,4,19,19,6,6,600,600,2,30
397.336,44,16,9,4,12,4,5,100,88.889,100,100,0,100,4,19,19,6,6,600,600,2,30
398.336,44,16,9,4,12,4,5,100,88.889,100,100,0,100,4,19,19,6,6,600,600,2,30
399.336,44,16,9,4,12,4,5,100,88.889,100,100,0,100,4,19,19,6,6,600,600,2,30
400.336,44,16,9,4,12,4,5,100,88.889,100,100,0,100,4,19,19,6,6,600,600,2,30
401.336,44,16,9,4,12,4,5,100,88.889,100,100,0,100,4,19,19,6,6,600,600,2,30
402.336,44,16,9,4,12,4,5,100,88.889,100,100,0,100,4,19,19,6,6,600,600,2,30
403.336,44,16,9,4,12,4,5,100,88.889,100,100,0,100,4,19,19,6,6,600,600,2,30
404.336,44,16,9,4,12,4,5,100,88.889,100,100,0,100,4,19,19,6,6,600,600,2,30
405.336,44,16,9,4,12,4,5,100,88.889,100,100,0,100,4,19,19,6,6,600,600,3,30
406.336,44,16,9,4,12,4,5,100,88.889,100,100,0,100,4,19,19,6,6,600,600,2,30
407.336,44,16,9,4,12,4,5,100,88.889,100,100,0,100,4,19,19,6,6,600,600,2,30
408.336,44,16,9,4,12,4,5,100,88.889,100,100,0,100,4,19,19,6,6,600,600,2,30
409.336,44,16,9,4,12,4,5,100,88.889,100,100,0,100,4,19,19,6,6,600,600,2,30
410.337,44,16,9,4,12,4,5,100,88.889,100,100,0,100,4,19,19,6,6,600,600,2,30
411.337,44,16,9,4,12,4,5,100,88.889,100,100,0,100,4,19,19,6,6,600,600,2,30
412.337,44,16,9,4,12,4,5,100,88.889,100,100,0,100,4,19,19,6,6,600,600,2,30
413.337,44,16,9,4,12,4,5,100,88.889,100,100,0,100,4,19,19,6,6,600,600,2,30
414.337,44,16,9,4,12,4,5,100,88.889,100,100,0,100,4,19,19,6,6,600,600,2,30
415.337,44,16,9,4,12,4,5,100,88.889,100,100,0,100,4,19,19,6,6,600,600,2,30
416.337,44,16,9,4,12,4,5,100,88.889,100,100,0,100,4,19,19,6,6,600,600,2,30
417.337,44,16,9,4,12,4,5,100,88.889,100,100,0,100,4,19,19,6,6,600,600,2,30
418.337,44,16,9,4,12,4,5,100,88.889,100,100,0,100,4,19,19,6,6,600,600,2,30
419.337,44,16,9,4,12,4,5,100,88.889,100,100,0,100,4,19,19,6,6,600,600,2,30
420.337,44,16,9,4,12,4,5,100,88.889,100,100,0,100,4,19,19,6,6,600,600,2,30
421.337,44,16,9,4,12,4,5,100,88.889,100,100,0,100,4,19,19,6,6,600,600,2,30
422.337,44,16,9,4,12,4,5,100,88.889,100,100,0,100,4,19,19,6,6,600,600,2,30
423.337,44,16,9,4,12,4,5,100,88.889,100,100,0,100,4,19,19,6,6,600,600,2,30
424.337,44,16,9,4,12,4,5,100,88.889,100,100,0,100,4,19,19,6,6,600,600,2,30
425.337,44,16,9,4,12,4,5,100,88.889,100,100,0,100,4,19,19,6,6,600,600,2,30
426.337,44,16,9,4,12,4,5,100,88.889,100,100,0,100,4,19,19,6,6,600,600,2,30
427.337,44,16,9,4,12,4,5,100,88.889,100,100,0,100,4,19,19,6,6,600,600,3,30
428.337,44,16,9,4,12,4,5,100,88.889,100,100,0,100,4,19,19,6,6,600,600,2,30
429.337,44,16,9,4,12,4,5,100,88.889,100,100,0,100,4,19,19,6,6,600,600,2,30
430.337,44,16,9,4,12,4,5,100,88.889,100,100,0,100,4,19,19,6,6,600,600,2,30
431.337,44,16,9,4,12,4,5,100,88.889,100,100,0,100,4,19,19,6,6,600,600,2,30
432.337,44,15,9,3,12,4,5,100,88.889,100,100,0,100,4,20,20,6,6,600,600,2,30
433.337,44,15,9,3,12,4,5,100,88.889,100,100,0,100,4,20,20,6,6,600,600,2,30
434.337,44,15,9,3,12,4,5,100,88.889,100,100,0,100,4,20,20,6,6,600,600,2,30
435.337,44,15,9,3,12,4,5,100,88.889,100,100,0,100,4,20,20,6,6,600,600,2,30
436.337,44,15,9,3,12,4,5,100,88.889,100,100,0,100,4,20,20,6,6,600,600,2,30
437.337,44,15,9,3,12,4,5,100,88.889,100,100,0,100,4,20,20,6,6,600,600,2,30
438.337,44,15,9,3,12,4,5,100,88.889,100,100,0,100,4,20,20,6,6,600,600,2,30
439.337,44,15,9,3,12,4,5,100,88.889,100,100,0,100,4,20,20,6,6,600,600,2,30
440.337,44,15,9,3,12,4,5,100,88.889,100,100,0,100,4,20,20,6,6,600,600,1,30
441.337,44,15,9,3,12,4,5,100,88.889,100,100,0,100,4,20,20,6,6,600,600,2,30
442.337,44,15,9,3,12,4,5,100,88.889,100,100,0,100,4,20,20,6,6,600,600,2,30
443.338,44,15,9,3,12,4,5,100,88.889,100,100,0,100,4,20,20,6,6,600,600,2,30
444.338,44,15,9,3,12,4,5,100,88.889,100,100,0,100,4,20,20,6,6,600,600,1,30
445.338,44,15,9,3,12,4,5,100,88.889,100,100,0,100,4,20,20,6,6,600,600,2,30
446.338,44,15,9,3,12,4,5,100,88.889,100,100,0,100,4,20,20,6,6,600,600,2,30
447.338,44,15,9,3,12,4,5,100,88.889,100,100,0,100,4,20,20,6,6,600,600,2,30
448.338,44,15,9,3,12,4,5,100,88.889,100,100,0,100,4,20,20,6,6,600,600,2,30
449.338,44,15,9,3,12,4,5,100,88.889,100,100,0,100,4,20,20,6,6,600,600,2,30
450.338,44,15,9,3,12,4,5,100,88.889,100,100,0,100,4,20,20,6,6,600,600,2,30
451.338,44,15,9,3,12,4,5,100,88.889,100,100,0,100,4,20,20,6,6,600,600,1,30
452.338,44,15,9,3,12,4,5,100,88.889,100,100,0,100,4,20,20,6,6,600,600,1,30
453.338,44,15,9,3,12,4,5,100,88.889,100,100,0,100,4,20,20,6,6,600,600,2,30
454.338,44,15,9,3,12,4,5,100,88.889,100,100,0,100,4,20,20,6,6,600,600,2,30
455.338,44,15,9,3,12,4,5,100,88.889,100,100,0,100,4,20,20,6,6,600,600,2,30
456.338,44,15,9,3,12,4,5,100,88.889,100,100,0,100,4,20,20,6,6,600,600,2,30
457.338,44,15,9,3,12,4,5,100,88.889,100,100,0,100,4,20,20,6,6,600,600,2,30
458.338,44,15,9,3,12,4,5,100,88.889,100,100,0,100,4,20,20,6,6,600,600,2,30
459.338,44,15,9,3,12,4,5,100,88.889,100,100,0,100,4,20,20,6,6,600,600,3,30
460.338,44,15,9,3,12,4,5,100,88.889,100,100,0,100,4,20,20,6,6,600,600,1,30
461.338,44,15,9,3,12,4,5,100,88.889,100,100,0,100,4,20,20,6,6,600,600,2,30
462.338,44,15,9,3,12,4,5,100,88.889,100,100,0,100,4,20,20,6,6,600,600,2,30
463.338,44,15,9,3,12,4,5,100,88.889,100,100,0,100,4,20,20,6,6,600,600,2,30
464.338,44,15,9,3,12,4,5,100,88.889,100,100,0,100,4,20,20,6,6,600,600,2,30
465.338,44,15,9,3,12,4,5,100,88.889,100,100,0,100,4,20,20,6,6,600,600,1,30
466.338,44,15,9,3,12,4,5,100,88.889,100,100,0,100,4,20,20,6,6,600,600,2,30
467.338,44,15,9,3,12,4,5,100,88.889,100,100,0,100,4,20,20,6,6,600,600,2,30
468.338,44,15,9,3,12,4,5,100,88.889,100,100,0,100,4,20,20,6,6,600,600,2,30
469.338,44,15,9,3,12,4,5,100,88.889,100,100,0,100,4,20,20,6,6,600,600,2,30
470.338,44,15,9,3,12,4,5,100,88.889,100,100,0,100,4,20,20,6,6,600,600,2,30
471.338,44,15,9,3,12,4,5,100,88.889,100,100,0,100,4,20,20,6,6,600,600,1,30
472.338,44,15,9,3,12,4,5,100,88.889,100,100,0,100,4,20,20,6,6,600,600,3,30
473.338,44,15,9,3,12,4,5,100,88.889,100,100,0,100,4,20,20,6,6,600,600,2,30
474.338,44,15,9,3,12,4,5,100,88.889,100,100,0,100,4,20,20,6,6,600,600,2,30
475.338,44,15,9,3,12,4,5,100,88.889,100,100,0,100,4,20,20,6,6,600,600,2,30
476.339,44,15,9,3,12,4,5,100,88.889,100,100,0,100,4,20,20,6,6,600,600,2,30
477.339,44,15,9,3,12,4,5,100,88.889,100,100,0,100,4,20,20,6,6,600,600,2,30
478.339,44,15,9,3,12,4,5,100,88.889,100,100,0,100,4,20,20,6,6,600,600,2,30
479.339,44,15,9,3,12,4,5,100,88.889,100,100,0,100,4,20,20,6,6,600,600,2,30
480.339,44,15,9,3,12,4,5,100,88.889,100,100,0,100,4,20,20,6,6,600,600,2,30
481.339,44,15,9,3,12,4,5,100,88.889,100,100,0,100,4,20,20,6,6,600,600,2,30
482.339,44,15,9,3,12,4,5,100,88.889,100,100,0,100,4,20,20,6,6,600,600,2,30
483.339,44,15,9,3,12,4,5,100,88.889,100,100,0,100,4,20,20,6,6,600,600,2,30
484.339,44,15,9,3,12,4,5,100,88.889,100,100,0,100,4,20,20,6,6,600,600,2,30
485.339,44,15,9,3,12,4,5,100,88.889,100,100,0,100,4,20,20,6,6,600,600,2,30
486.339,44,15,9,3,12,4,5,100,88.889,100,100,0,100,4,20,20,6,6,600,600,1,30
487.339,44,15,9,3,12,4,5,100,88.889,100,100,0,100,4,20,20,6,6,600,600,2,30
488.339,44,15,9,3,12,4,5,100,88.889,100,100,0,100,4,20,20,6,6,600,600,2,30
489.339,44,15,9,3,12,4,5,100,88.889,100,100,0,100,4,20,20,6,6,600,600,2,30
490.339,44,15,9,3,12,4,5,100,88.889,100,100,0,100,4,20,20,6,6,600,600,2,30
491.339,44,15,9,3,12,4,5,100,88.889,100,100,0,100,4,20,20,6,6,600,600,2,30
492.339,44,15,9,3,12,4,5,100,88.889,100,100,0,100,4,20,20,6,6,600,600,2,30
493.339,44,15,9,3,12,4,5,100,88.889,100,100,0,100,4,20,20,6,6,600,600,2,30
494.339,44,15,9,3,12,4,5,100,88.889,100,100,0,100,4,20,20,6,6,600,600,2,30
495.339,44,15,9,3,12,4,5,100,88.889,100,100,0,100,4,20,20,6,6,600,600,2,30
496.339,44,15,9,3,12,4,5,100,88.889,100,100,0,100,4,20,20,6,6,600,600,1,30
497.339,44,15,9,3,12,4,5,100,88.889,100,100,0,100,4,20,20,6,6,600,600,2,30
498.339,44,15,9,3,12,4,5,100,88.889,100,100,0,100,4,20,20,6,6,600,600,2,30
499.339,44,15,9,3,12,4,5,100,88.889,100,100,0,100,4,20,20,6,6,600,600,1,30
500.339,44,15,9,3,12,4,5,100,88.889,100,100,0,100,4,20,20,6,6,600,600,2,30
501.339,44,15,9,3,12,4,5,100,88.889,100,100,0,100,4,20,20,6,6,600,600,2,30
502.339,44,15,9,3,12,4,5,100,88.889,100,100,0,100,4,20,20,6,6,600,600,2,30
503.339,44,15,9,3,12,4,5,100,88.889,100,100,0,100,4,20,20,6,6,600,600,2,30
504.339,44,15,9,3,12,4,5,100,88.889,100,100,0,100,4,20,20,6,6,600,600,2,30
505.339,44,15,9,3,12,4,5,100,88.889,100,100,0,100,4,20,20,6,6,600,600,2,30
506.339,44,15,9,3,12,4,5,100,88.889,100,100,0,100,4,20,20,6,6,600,600,3,30
507.339,44,15,9,3,12,4,5,100,88.889,100,100,0,100,4,20,20,6,6,600,600,3,30
508.339,44,15,9,3,12,4,5,100,88.889,100,100,0,100,4,20,20,6,6,600,600,2,30
509.34,45,15,10,3,12,5,5,100,87,100,100,0,100,5,20,20,6,6,600,600,2,30
510.34,45,15,10,3,12,5,5,100,87,100,100,0,100,5,20,20,6,6,600,600,2,30
511.34,45,15,10,3,12,5,5,100,87,100,100,0,100,5,20,20,6,6,600,600,1,30
512.34,45,15,10,3,12,5,5,100,87,100,100,0,100,5,20,20,6,6,600,600,2,30
513.34,45,15,10,3,12,5,5,100,87,100,100,0,100,5,20,20,6,6,600,600,2,30
514.339,45,15,10,3,12,5,5,100,87,100,100,0,100,5,20,20,6,6,600,600,2,30
515.339,45,15,10,3,12,5,5,100,87,100,100,0,100,5,20,20,6,6,600,600,1,30
516.339,45,15,10,3,12,5,5,100,87,100,100,0,100,5,20,20,6,6,600,600,1,30
517.339,45,15,10,3,12,5,5,100,87,100,100,0,100,5,20,20,6,6,600,600,3,30
518.339,45,15,10,3,12,5,5,100,87,100,100,0,100,5,20,20,6,6,600,600,3,30
519.339,45,15,10,3,12,5,5,100,87,100,100,0,100,5,20,20,6,6,600,600,2,30
520.339,45,15,10,3,12,5,5,100,87,100,100,0,100,5,20,20,6,6,600,600,2,30
521.339,45,15,10,3,12,5,5,100,87,100,100,0,100,5,20,20,6,6,600,600,2,30
522.339,45,15,10,3,12,5,5,100,87,100,100,0,100,5,20,20,6,6,600,600,2,30
523.339,45,15,10,3,12,5,5,100,87,100,100,0,100,5,20,20,6,6,600,600,2,30
524.339,45,15,10,3,12,5,5,100,87,100,100,0,100,5,20,20,6,6,600,600,2,30
525.339,45,15,10,3,12,5,5,100,87,100,100,0,100,5,20,20,6,6,600,600,1,30
526.339,45,15,10,3,12,5,5,100,87,100,100,0,100,5,20,20,6,6,600,600,2,30
527.339,45,15,10,3,12,5,5,100,87,100,100,0,100,5,20,20,6,6,600,600,2,30
528.339,45,15,10,3,12,5,5,100,87,100,100,0,100,5,20,20,6,6,600,600,2,30
529.339,45,15,10,3,12,5,5,100,87,100,100,0,100,5,20,20,6,6,600,600,2,30
530.338,45,15,10,3,12,5,5,100,87,100,100,0,100,5,20,20,6,6,600,600,2,30
531.338,45,15,10,3,12,5,5,100,87,100,100,0,100,5,20,20,6,6,600,600,2,30
532.338,45,15,10,3,12,5,5,100,87,100,100,0,100,5,20,20,6,6,600,600,2,30
533.338,45,15,10,3,12,5,5,100,87,100,100,0,100,5,20,20,6,6,600,600,3,30
534.338,45,15,10,3,12,5,5,100,87,100,100,0,100,5,20,20,6,6,600,600,2,30
535.338,45,15,10,3,12,5,5,100,87,100,100,0,100,5,20,20,6,6,600,600,2,30
536.338,45,15,10,3,12,5,5,100,87,100,100,0,100,5,20,20,6,6,600,600,2,30
537.338,45,15,10,3,12,5,5,100,87,100,100,0,100,5,20,20,6,6,600,600,2,30
538.338,45,15,10,3,12,5,5,100,87,100,100,0,100,5,20,20,6,6,600,600,2,30
539.338,45,15,10,3,12,5,5,100,87,100,100,0,100,5,20,20,6,6,600,600,2,30
540.338,45,14,10,3,11,5,5,100,88.5,100,100,0,100,5,21,21,6,6,600,600,2,30
541.338,45,14,10,3,11,5,5,100,88.5,100,100,0,100,5,21,21,6,6,600,600,1,30
542.338,45,14,10,3,11,5,5,100,88.5,100,100,0,100,5,21,21,6,6,600,600,2,30
543.338,45,14,10,3,11,5,5,100,88.5,100,100,0,100,5,21,21,6,6,600,600,2,30
544.338,45,14,10,3,11,5,5,100,88.5,100,100,0,100,5,21,21,6,6,600,600,2,30
545.338,45,14,10,3,11,5,5,100,88.5,100,100,0,100,5,21,21,6,6,600,600,2,30
546.338,45,14,10,3,11,5,5,100,88.5,100,100,0,100,5,21,21,6,6,600,600,2,30
547.337,45,14,10,3,11,5,5,100,88.5,100,100,0,100,5,21,21,6,6,600,600,2,30
548.337,45,14,10,3,11,5,5,100,88.5,100,100,0,100,5,21,21,6,6,600,600,2,30
549.337,45,14,10,3,11,5,5,100,88.5,100,100,0,100,5,21,21,6,6,600,600,2,30
550.337,45,14,10,3,11,5,5,100,88.5,100,100,0,100,5,21,21,6,6,600,600,2,30
551.337,45,14,10,3,11,5,5,100,88.5,100,100,0,100,5,21,21,6,6,600,600,2,30
552.337,45,14,10,3,11,5,5,100,88.5,100,100,0,100,5,21,21,6,6,600,600,2,30
553.337,45,14,10,3,11,5,5,100,88.5,100,100,0,100,5,21,21,6,6,600,600,1,30
554.337,45,14,10,3,11,5,5,100,88.5,100,100,0,100,5,21,21,6,6,600,600,2,30
555.337,45,14,10,3,11,5,5,100,88.5,100,100,0,100,5,21,21,6,6,600,600,2,30
556.337,45,14,10,3,11,5,5,100,88.5,100,100,0,100,5,21,21,6,6,600,600,3,30
557.337,45,14,10,3,11,5,5,100,88.5,100,100,0,100,5,21,21,6,6,600,600,2,30
558.337,45,14,10,3,11,5,5,100,88.5,100,100,0,100,5,21,21,6,6,600,600,2,30
559.337,45,14,10,3,11,5,5,100,88.5,100,100,0,100,5,21,21,6,6,600,600,1,30
560.337,45,14,10,3,11,5,5,100,88.5,100,100,0,100,5,21,21,6,6,600,600,2,30
561.337,45,14,10,3,11,5,5,100,88.5,100,100,0,100,5,21,21,6,6,600,600,1,30
562.337,45,14,10,3,11,5,5,100,88.5,100,100,0,100,5,21,21,6,6,600,600,2,30
563.336,45,14,10,3,11,5,5,100,88.5,100,100,0,100,5,21,21,6,6,600,600,2,30
564.336,45,14,10,3,11,5,5,100,88.5,100,100,0,100,5,21,21,6,6,600,600,2,30
565.336,45,14,10,3,11,5,5,100,88.5,100,100,0,100,5,21,21,6,6,600,600,2,30
566.336,45,14,10,3,11,5,5,100,88.5,100,100,0,100,5,21,21,6,6,600,600,2,30
567.336,45,14,10,3,11,5,5,100,90,100,100,0,100,5,21,21,6,6,600,600,3,30
568.336,45,14,10,3,11,5,5,100,90,100,100,0,100,5,21,21,6,6,600,600,2,30
569.336,45,14,10,3,11,5,5,100,90,100,100,0,100,5,21,21,6,6,600,600,2,30
570.336,45,14,10,3,11,5,5,100,90,100,100,0,100,5,21,21,6,6,600,600,2,30
571.336,45,14,10,3,11,5,5,100,90,100,100,0,100,5,21,21,6,6,600,600,1,30
572.336,45,14,10,3,11,5,5,100,90,100,100,0,100,5,21,21,6,6,600,600,2,30
573.336,45,14,10,3,11,5,5,100,90,100,100,0,100,5,21,21,6,6,600,600,2,30
574.336,45,14,10,3,11,5,5,100,90,100,100,0,100,5,21,21,6,6,600,600,2,30
575.336,45,14,10,3,11,5,5,100,90,100,100,0,100,5,21,21,6,6,600,600,3,30
576.336,45,14,10,3,11,5,5,100,90,100,100,0,100,5,21,21,6,6,600,600,3,30
577.336,45,14,10,3,11,5,5,100,90,100,100,0,100,5,21,21,6,6,600,600,1,30
578.336,45,14,10,3,11,5,5,100,90,100,100,0,100,5,21,21,6,6,600,600,1,30
579.335,45,14,10,3,11,5,5,100,90,100,100,0,100,5,21,21,6,6,600,600,2,30
580.335,45,14,10,3,11,5,5,100,90,100,100,0,100,5,21,21,6,6,600,600,2,30
581.335,45,14,10,3,11,5,5,100,90,100,100,0,100,5,21,21,6,6,600,600,2,30
582.335,45,14,10,3,11,5,5,100,90,100,100,0,100,5,21,21,6,6,600,600,2,30
583.335,45,14,10,3,11,5,5,100,90,100,100,0,100,5,21,21,6,6,600,600,2,30
584.335,45,14,10,3,11,5,5,100,90,100,100,0,100,5,21,21,6,6,600,600,2,30
585.335,45,14,10,3,11,5,5,100,90,100,100,0,100,5,21,21,6,6,600,600,2,30
586.335,45,14,10,3,11,5,5,100,90,100,100,0,100,5,21,21,6,6,600,600,2,30
587.335,45,14,10,3,11,5,5,100,90,100,100,0,100,5,21,21,6,6,600,600,2,30
588.335,45,14,10,3,11,5,5,100,90,100,100,0,100,5,21,21,6,6,600,600,2,30
589.335,45,14,10,3,11,5,5,100,90,100,100,0,100,5,21,21,6,6,600,600,2,30
590.335,45,14,10,3,11,5,5,100,90,100,100,0,100,5,21,21,6,6,600,600,2,30
591.335,45,14,10,3,11,5,5,100,90,100,100,0,100,5,21,21,6,6,600,600,2,30
592.335,45,14,10,3,11,5,5,100,90,100,100,0,100,5,21,21,6,6,600,600,2,30
593.335,45,14,10,3,11,5,5,100,90,100,100,0,100,5,21,21,6,6,600,600,2,30
594.335,45,14,10,3,11,5,5,100,90,100,100,0,100,5,21,21,6,6,600,600,2,30
595.335,45,14,10,3,11,5,5,100,90,100,100,0,100,5,21,21,6,6,600,600,2,30
596.334,45,14,10,3,11,5,5,100,90,100,100,0,100,5,21,21,6,6,600,600,2,30
597.334,45,14,10,3,11,5,5,100,90,100,100,0,100,5,21,21,6,6,600,600,2,30
598.334,45,14,10,3,11,5,5,100,90,100,100,0,100,5,21,21,6,6,600,600,2,30
599.334,45,14,10,3,11,5,5,100,90,100,100,0,100,5,21,21,6,6,600,600,1,30
600.334,45,14,10,3,11,5,5,100,90,100,100,0,100,5,21,21,6,6,600,600,2,30
601.334,45,14,10,3,11,5,5,100,90,100,100,0,100,5,21,21,6,6,600,600,1,30
602.334,45,14,10,3,11,5,5,100,90,100,100,0,100,5,21,21,6,6,600,600,2,30
603.334,45,14,10,3,11,5,5,100,90,100,100,0,100,5,21,21,6,6,600,600,2,30
604.334,45,14,10,3,11,5,5,100,90,100,100,0,100,5,21,21,6,6,600,600,1,30
605.334,45,14,10,3,11,5,5,100,90,100,100,0,100,5,21,21,6,6,600,600,1,30
606.334,45,14,10,3,11,5,5,100,90,100,100,0,100,5,21,21,6,6,600,600,2,30
607.334,45,14,10,3,11,5,5,100,90,100,100,0,100,5,21,21,6,6,600,600,2,30
608.334,45,14,10,3,11,5,5,100,90,100,100,0,100,5,21,21,6,6,600,600,2,30
609.334,45,14,10,3,11,5,5,100,90,100,100,0,100,5,21,21,6,6,600,600,2,30
610.334,45,14,10,3,11,5,5,100,90,100,100,0,100,5,21,21,6,6,600,600,2,30
611.334,45,14,10,3,11,5,5,100,90,100,100,0,100,5,21,21,6,6,600,600,2,30
612.333,45,14,10,3,11,5,5,100,90,100,100,0,100,5,21,21,6,6,600,600,1,30
613.333,45,14,10,3,11,5,5,100,90,100,100,0,100,5,21,21,6,6,600,600,1,30
614.333,45,14,10,3,11,5,5,100,90,100,100,0,100,5,21,21,6,6,600,600,2,30
615.333,46,14,11,3,11,6,5,100,88.182,100,100,0,100,6,21,21,6,6,600,600,1,30
616.333,46,14,11,3,11,6,5,100,88.182,100,100,0,100,6,21,21,6,6,600,600,1,30
617.333,46,14,11,3,11,6,5,100,88.182,100,100,0,100,6,21,21,6,6,600,600,1,30
618.333,46,14,11,3,11,6,5,100,88.182,100,100,0,100,6,21,21,6,6,600,600,2,30
619.333,46,14,11,3,11,6,5,100,88.182,100,100,0,100,6,21,21,6,6,600,600,2,30
620.333,46,14,11,3,11,6,5,100,88.182,100,100,0,100,6,21,21,6,6,600,600,3,30
621.333,46,14,11,3,11,6,5,100,88.182,100,100,0,100,6,21,21,6,6,600,600,2,30
622.333,46,14,11,3,11,6,5,100,88.182,100,100,0,100,6,21,21,6,6,600,600,1,30
623.333,46,14,11,3,11,6,5,100,88.182,100,100,0,100,6,21,21,6,6,600,600,3,30
624.333,46,14,11,3,11,6,5,100,88.182,100,100,0,100,6,21,21,6,6,600,600,1,30
625.333,46,14,11,3,11,6,5,100,88.182,100,100,0,100,6,21,21,6,6,600,600,1,30
626.333,46,14,11,3,11,6,5,100,88.182,100,100,0,100,6,21,21,6,6,600,600,2,30
627.333,46,14,11,3,11,6,5,100,88.182,100,100,0,100,6,21,21,6,6,600,600,2,30
628.333,46,14,11,3,11,6,5,100,88.182,100,100,0,100,6,21,21,6,6,600,600,1,30
629.332,46,14,11,3,11,6,5,100,88.182,100,100,0,100,6,21,21,6,6,600,600,2,30
630.332,46,14,11,3,11,6,5,100,88.182,100,100,0,100,6,21,21,6,6,600,600,2,30
631.332,46,14,11,3,11,6,5,100,88.182,100,100,0,100,6,21,21,6,6,600,600,2,30
632.332,46,14,11,3,11,6,5,100,88.182,100,100,0,100,6,21,21,6,6,600,600,1,30
633.332,46,14,11,3,11,6,5,100,88.182,100,100,0,100,6,21,21,6,6,600,600,2,30
634.332,46,14,11,3,11,6,5,100,88.182,100,100,0,100,6,21,21,6,6,600,600,2,30
635.332,46,14,11,3,11,6,5,100,88.182,100,100,0,100,6,21,21,6,6,600,600,2,30
636.332,46,14,11,3,11,6,5,100,88.182,100,100,0,100,6,21,21,6,6,600,600,2,30
637.332,46,14,11,3,11,6,5,100,88.182,100,100,0,100,6,21,21,6,6,600,600,2,30
638.332,46,14,11,3,11,6,5,100,88.182,100,100,0,100,6,21,21,6,6,600,600,2,30
639.332,46,14,11,3,11,6,5,100,88.182,100,100,0,100,6,21,21,6,6,600,600,2,30
640.332,46,14,11,3,11,6,5,100,88.182,100,100,0,100,6,21,21,6,6,600,600,2,30
641.332,46,14,11,3,11,6,5,100,88.182,100,100,0,100,6,21,21,6,6,600,600,2,30
642.332,46,14,11,3,11,6,5,100,88.182,100,100,0,100,6,21,21,6,6,600,600,1,30
643.332,46,14,11,3,11,6,5,100,88.182,100,100,0,100,6,21,21,6,6,600,600,1,30
644.332,46,14,11,3,11,6,5,100,88.182,100,100,0,100,6,21,21,6,6,600,600,2,30
645.331,46,14,11,3,11,6,5,100,88.182,100,100,0,100,6,21,21,6,6,600,600,1,30
646.331,46,14,11,3,11,6,5,100,88.182,100,100,0,100,6,21,21,6,6,600,600,2,30
647.331,46,14,11,3,11,6,5,100,88.182,100,100,0,100,6,21,21,6,6,600,600,1,30
648.331,46,14,11,3,11,6,5,100,88.182,100,100,0,100,6,21,21,6,6,600,600,2,30
649.331,46,14,11,3,11,6,5,100,88.182,100,100,0,100,6,21,21,6,6,600,600,2,30
650.331,46,14,11,3,11,6,5,100,88.182,100,100,0,100,6,21,21,6,6,600,600,1,30
651.331,46,14,11,3,11,6,5,100,88.182,100,100,0,100,6,21,21,6,6,600,600,2,30
652.331,46,14,11,3,11,6,5,100,88.182,100,100,0,100,6,21,21,6,6,600,600,2,30
653.331,46,14,11,3,11,6,5,100,88.182,100,100,0,100,6,21,21,6,6,600,600,2,30
654.331,46,14,11,3,11,6,5,100,88.182,100,100,0,100,6,21,21,6,6,600,600,1,30
655.331,46,14,11,3,11,6,5,100,88.182,100,100,0,100,6,21,21,6,6,600,600,1,30
656.331,46,14,11,3,11,6,5,100,88.182,100,100,0,100,6,21,21,6,6,600,600,2,30
657.331,46,14,11,3,11,6,5,100,88.182,100,100,0,100,6,21,21,6,6,600,600,2,30
658.331,46,14,11,3,11,6,5,100,88.182,100,100,0,100,6,21,21,6,6,600,600,2,30
659.331,46,14,11,3,11,6,5,100,88.182,100,100,0,100,6,21,21,6,6,600,600,2,30
660.331,46,14,11,3,11,6,5,100,88.182,100,100,0,100,6,21,21,6,6,600,600,2,30
661.33,46,14,11,3,11,6,5,100,88.182,100,100,0,100,6,21,21,6,6,600,600,1,30
662.33,46,14,11,3,11,6,5,100,88.182,100,100,0,100,6,21,21,6,6,600,600,2,30
663.33,46,14,11,3,11,6,5,100,88.182,100,100,0,100,6,21,21,6,6,600,600,2,30
664.33,46,14,11,3,11,6,5,100,88.182,100,100,0,100,6,21,21,6,6,600,600,1,30
665.33,46,14,11,3,11,6,5,100,89.545,100,100,0,100,6,21,21,6,6,600,600,2,30
666.33,46,14,11,3,11,6,5,100,90.909,100,100,0,100,6,21,21,6,6,600,600,2,30
667.33,46,14,11,3,11,6,5,100,90.909,100,100,0,100,6,21,21,6,6,600,600,2,30
668.33,46,14,11,3,11,6,5,100,90.909,100,100,0,100,6,21,21,6,6,600,600,2,30
669.33,46,14,11,3,11,6,5,100,90.909,100,100,0,100,6,21,21,6,6,600,600,2,30
670.33,46,14,11,3,11,6,5,100,90.909,100,100,0,100,6,21,21,6,6,600,600,1,30
671.33,46,14,11,3,11,6,5,100,90.909,100,100,0,100,6,21,21,6,6,600,600,2,30
672.33,46,14,11,3,11,6,5,100,90.909,100,100,0,100,6,21,21,6,6,600,600,2,30
673.33,46,14,11,3,11,6,5,100,90.909,100,100,0,100,6,21,21,6,6,600,600,2,30
674.33,46,14,11,3,11,6,5,100,90.909,100,100,0,100,6,21,21,6,6,600,600,2,30
675.33,46,14,11,3,11,6,5,100,90.909,100,100,0,100,6,21,21,6,6,600,600,2,30
676.33,46,14,11,3,11,6,5,100,90.909,100,100,0,100,6,21,21,6,6,600,600,1,30
677.33,46,14,11,3,11,6,5,100,90.909,100,100,0,100,6,21,21,6,6,600,600,1,30
678.329,46,14,11,3,11,6,5,100,90.909,100,100,0,100,6,21,21,6,6,600,600,1,30
679.329,46,14,11,3,11,6,5,100,90.909,100,100,0,100,6,21,21,6,6,600,600,2,30
680.329,46,14,11,3,11,6,5,100,90.909,100,100,0,100,6,21,21,6,6,600,600,1,30
681.329,46,14,11,3,11,6,5,100,90.909,100,100,0,100,6,21,21,6,6,600,600,2,30
682.329,46,14,11,3,11,6,5,100,90.909,100,100,0,100,6,21,21,6,6,600,600,2,30
683.329,46,14,11,3,11,6,5,100,90.909,100,100,0,100,6,21,21,6,6,600,600,2,30
684.329,46,14,11,3,11,6,5,100,90.909,100,100,0,100,6,21,21,6,6,600,600,1,30
685.329,46,14,11,3,11,6,5,100,90.909,100,100,0,100,6,21,21,6,6,600,600,1,30
686.329,46,14,11,3,11,6,5,100,90.909,100,100,0,100,6,21,21,6,6,600,600,2,30
687.329,46,14,11,3,11,6,5,100,90.909,100,100,0,100,6,21,21,6,6,600,600,2,30
688.329,46,14,11,3,11,6,5,100,90.909,100,100,0,100,6,21,21,6,6,600,600,2,30
689.329,46,14,11,3,11,6,5,100,90.909,100,100,0,100,6,21,21,6,6,600,600,2,30
690.329,46,14,11,3,11,6,5,100,90.909,100,100,0,100,6,21,21,6,6,600,600,1,30
691.329,46,14,11,3,11,6,5,100,90.909,100,100,0,100,6,21,21,6,6,600,600,1,30
692.329,46,14,11,3,11,6,5,100,90.909,100,100,0,100,6,21,21,6,6,600,600,2,30
693.329,46,14,11,3,11,6,5,100,90.909,100,100,0,100,6,21,21,6,6,600,600,2,30
694.328,46,14,11,3,11,6,5,100,90.909,100,100,0,100,6,21,21,6,6,600,600,2,30
695.328,46,14,11,3,11,6,5,100,90.909,100,100,0,100,6,21,21,6,6,600,600,2,30
696.328,46,14,11,3,11,6,5,100,90.909,100,100,0,100,6,21,21,6,6,600,600,2,30
697.328,46,14,11,3,11,6,5,100,90.909,100,100,0,100,6,21,21,6,6,600,600,1,30
698.328,46,14,11,3,11,6,5,100,90.909,100,100,0,100,6,21,21,6,6,600,600,1,30
699.328,46,14,11,3,11,6,5,100,90.909,100,100,0,100,6,21,21,6,6,600,600,2,30
700.328,46,14,11,3,11,6,5,100,90.909,100,100,0,100,6,21,21,6,6,600,600,3,30
701.328,46,14,11,3,11,6,5,100,90.909,100,100,0,100,6,21,21,6,6,600,600,2,30
702.328,46,14,11,3,11,6,5,100,90.909,100,100,0,100,6,21,21,6,6,600,600,2,30
703.328,46,14,11,3,11,6,5,100,90.909,100,100,0,100,6,21,21,6,6,600,600,2,30
704.328,46,14,11,3,11,6,5,100,90.909,100,100,0,100,6,21,21,6,6,600,600,1,30
705.328,46,14,11,3,11,6,5,100,90.909,100,100,0,100,6,21,21,6,6,600,600,2,30
706.328,46,13,11,3,10,6,5,100,90.909,100,100,0,100,6,22,22,6,6,600,600,2,30
707.328,46,13,11,3,10,6,5,100,90.909,100,100,0,100,6,22,22,6,6,600,600,3,30
708.328,46,13,11,3,10,6,5,100,90.909,100,100,0,100,6,22,22,6,6,600,600,2,30
709.328,46,13,11,3,10,6,5,100,90.909,100,100,0,100,6,22,22,6,6,600,600,1,30
710.328,46,13,11,3,10,6,5,100,90.909,100,100,0,100,6,22,22,6,6,600,600,2,30
711.327,46,13,11,3,10,6,5,100,90.909,100,100,0,100,6,22,22,6,6,600,600,2,30
712.327,46,13,11,3,10,6,5,100,90.909,100,100,0,100,6,22,22,6,6,600,600,2,30
713.327,46,13,11,3,10,6,5,100,90.909,100,100,0,100,6,22,22,6,6,600,600,2,30
714.327,46,13,11,3,10,6,5,100,90.909,100,100,0,100,6,22,22,6,6,600,600,2,30
715.327,46,13,11,3,10,6,5,100,90.909,100,100,0,100,6,22,22,6,6,600,600,2,30
716.327,46,13,11,3,10,6,5,100,90.909,100,100,0,100,6,22,22,6,6,600,600,1,30
717.327,46,13,11,3,10,6,5,100,90.909,100,100,0,100,6,22,22,6,6,600,600,1,30
718.327,46,13,11,3,10,6,5,100,90.909,100,100,0,100,6,22,22,6,6,600,600,2,30
719.327,46,13,11,3,10,6,5,100,90.909,100,100,0,100,6,22,22,6,6,600,600,2,30
720.327,46,13,11,3,10,6,5,100,90.909,100,100,0,100,6,22,22,6,6,600,600,2,30
721.327,46,13,11,3,10,6,5,100,90.909,100,100,0,100,6,22,22,6,6,600,600,1,30
722.327,46,13,11,3,10,6,5,100,90.909,100,100,0,100,6,22,22,6,6,600,600,2,30
723.327,46,13,11,3,10,6,5,100,90.909,100,100,0,100,6,22,22,6,6,600,600,1,30
724.327,46,13,11,3,10,6,5,100,90.909,100,100,0,100,6,22,22,6,6,600,600,2,30
725.327,46,13,11,3,10,6,5,100,90.909,100,100,0,100,6,22,22,6,6,600,600,2,30
726.327,46,13,11,3,10,6,5,100,90.909,100,100,0,100,6,22,22,6,6,600,600,2,30
727.326,46,13,11,3,10,6,5,100,90.909,100,100,0,100,6,22,22,6,6,600,600,3,30
728.326,46,13,11,3,10,6,5,100,90.909,100,100,0,100,6,22,22,6,6,600,600,2,30
729.326,46,13,11,3,10,6,5,100,90.909,100,100,0,100,6,22,22,6,6,600,600,1,30
730.326,46,13,11,3,10,6,5,100,90.909,100,100,0,100,6,22,22,6,6,600,600,2,30
731.326,46,13,11,3,10,6,5,100,90.909,100,100,0,100,6,22,22,6,6,600,600,2,30
732.326,46,13,11,3,10,6,5,100,90.909,100,100,0,100,6,22,22,6,6,600,600,3,30
733.326,46,13,11,3,10,6,5,100,90.909,100,100,0,100,6,22,22,6,6,600,600,1,30
734.326,46,13,11,3,10,6,5,100,90.909,100,100,0,100,6,22,22,6,6,600,600,1,30
735.326,46,13,11,3,10,6,5,100,90.909,100,100,0,100,6,22,22,6,6,600,600,2,30
736.326,46,13,11,3,10,6,5,100,90.909,100,100,0,100,6,22,22,6,6,600,600,2,30
737.326,46,13,11,3,10,6,5,100,90.909,100,100,0,100,6,22,22,6,6,600,600,2,30
738.326,46,13,11,3,10,6,5,100,90.909,100,100,0,100,6,22,22,6,6,600,600,2,30
739.326,46,13,11,3,10,6,5,100,90.909,100,100,0,100,6,22,22,6,6,600,600,1,30
740.326,46,13,11,3,10,6,5,100,90.909,100,100,0,100,6,22,22,6,6,600,600,2,30
741.326,46,13,11,3,10,6,5,100,90.909,100,100,0,100,6,22,22,6,6,600,600,2,30
742.326,46,13,11,3,10,6,5,100,90.909,100,100,0,100,6,22,22,6,6,600,600,2,30
743.325,46,13,11,3,10,6,5,100,90.909,100,100,0,100,6,22,22,6,6,600,600,1,30
744.325,46,13,11,3,10,6,5,100,90.909,100,100,0,100,6,22,22,6,6,600,600,2,30
745.325,46,13,11,3,10,6,5,100,90.909,100,100,0,100,6,22,22,6,6,600,600,2,30
746.325,46,13,11,3,10,6,5,100,90.909,100,100,0,100,6,22,22,6,6,600,600,1,30
747.325,46,13,11,3,10,6,5,100,90.909,100,100,0,100,6,22,22,6,6,600,600,1,30
748.325,46,13,11,3,10,6,5,100,90.909,100,100,0,100,6,22,22,6,6,600,600,1,30
749.325,46,13,11,3,10,6,5,100,90.909,100,100,0,100,6,22,22,6,6,600,600,2,30
750.325,46,13,11,3,10,6,5,100,90.909,100,100,0,100,6,22,22,6,6,600,600,3,30
751.325,46,13,11,3,10,6,5,100,90.909,100,100,0,100,6,22,22,6,6,600,600,2,30
752.325,46,13,11,3,10,6,5,100,90.909,100,100,0,100,6,22,22,6,6,600,600,1,30
753.325,46,13,11,3,10,6,5,100,90.909,100,100,0,100,6,22,22,6,6,600,600,1,30
754.325,46,13,11,3,10,6,5,100,90.909,100,100,0,100,6,22,22,6,6,600,600,2,30
755.325,46,13,11,3,10,6,5,100,90.909,100,100,0,100,6,22,22,6,6,600,600,1,30
756.325,46,12,11,3,9,6,5,100,90.909,100,100,0,100,6,23,23,6,6,600,600,2,30
757.325,46,12,11,3,9,6,5,100,90.909,100,100,0,100,6,23,23,6,6,600,600,1,30
758.325,46,12,11,3,9,6,5,100,90.909,100,100,0,100,6,23,23,6,6,600,600,2,30
759.325,46,12,11,3,9,6,5,100,90.909,100,100,0,100,6,23,23,6,6,600,600,2,30
760.324,46,12,11,3,9,6,5,100,90.909,100,100,0,100,6,23,23,6,6,600,600,1,30
761.324,46,12,11,3,9,6,5,100,90.909,100,100,0,100,6,23,23,6,6,600,600,2,30
762.324,46,12,11,3,9,6,5,100,90.909,100,100,0,100,6,23,23,6,6,600,600,2,30
763.324,46,12,11,3,9,6,5,100,90.909,100,100,0,100,6,23,23,6,6,600,600,2,30
764.324,46,12,11,3,9,6,5,100,90.909,100,100,0,100,6,23,23,6,6,600,600,1,30
765.324,46,12,11,3,9,6,5,100,90.909,100,100,0,100,6,23,23,6,6,600,600,2,30
766.324,46,12,11,3,9,6,5,100,90.909,100,100,0,100,6,23,23,6,6,600,600,2,30
767.324,46,12,11,3,9,6,5,100,90.909,100,100,0,100,6,23,23,6,6,600,600,2,30
768.324,46,12,11,3,9,6,5,100,90.909,100,100,0,100,6,23,23,6,6,600,600,1,30
769.324,46,12,11,3,9,6,5,100,90.909,100,100,0,100,6,23,23,6,6,600,600,2,30
770.324,46,12,11,3,9,6,5,100,90.909,100,100,0,100,6,23,23,6,6,600,600,1,30
771.324,46,12,11,3,9,6,5,100,90.909,100,100,0,100,6,23,23,6,6,600,600,1,30
772.324,46,12,11,3,9,6,5,100,90.909,100,100,0,100,6,23,23,6,6,600,600,1,30
773.324,46,11,11,2,9,6,5,100,90.909,100,100,0,100,6,24,24,6,6,600,600,2,30
774.324,46,11,11,2,9,6,5,100,90.909,100,100,0,100,6,24,24,6,6,600,600,3,30
775.324,46,11,11,2,9,6,5,100,90.909,100,100,0,100,6,24,24,6,6,600,600,1,30
776.323,46,11,11,2,9,6,5,100,90.909,100,100,0,100,6,24,24,6,6,600,600,2,30
777.323,46,11,11,2,9,6,5,100,90.909,100,100,0,100,6,24,24,6,6,600,600,1,30
778.323,46,11,11,2,9,6,5,100,90.909,100,100,0,100,6,24,24,6,6,600,600,1,30
779.323,46,11,11,2,9,6,5,100,90.909,100,100,0,100,6,24,24,6,6,600,600,1,30
780.323,46,11,11,2,9,6,5,100,90.909,100,100,0,100,6,24,24,6,6,600,600,2,30
781.323,46,11,11,2,9,6,5,100,90.909,100,100,0,100,6,24,24,6,6,600,600,2,30
782.323,46,11,11,2,9,6,5,100,90.909,100,100,0,100,6,24,24,6,6,600,600,2,30
783.323,46,11,11,2,9,6,5,100,90.909,100,100,0,100,6,24,24,6,6,600,600,2,30
784.323,46,11,11,2,9,6,5,100,90.909,100,100,0,100,6,24,24,6,6,600,600,2,30
785.323,46,11,11,2,9,6,5,100,90.909,100,100,0,100,6,24,24,6,6,600,600,2,30
786.323,46,11,11,2,9,6,5,100,90.909,100,100,0,100,6,24,24,6,6,600,600,2,30
787.323,46,11,11,2,9,6,5,100,90.909,100,100,0,100,6,24,24,6,6,600,600,2,30
788.323,46,11,11,2,9,6,5,100,90.909,100,100,0,100,6,24,24,6,6,600,600,2,30
789.323,46,11,11,2,9,6,5,100,90.909,100,100,0,100,6,24,24,6,6,600,600,3,30
790.323,46,11,11,2,9,6,5,100,90.909,100,100,0,100,6,24,24,6,6,600,600,2,30
791.323,46,11,11,2,9,6,5,100,90.909,100,100,0,100,6,24,24,6,6,600,600,1,30
792.322,46,11,11,2,9,6,5,100,90.909,100,100,0,100,6,24,24,6,6,600,600,3,30
793.322,46,11,11,2,9,6,5,100,90.909,100,100,0,100,6,24,24,6,6,600,600,2,30
794.322,46,11,11,2,9,6,5,100,90.909,100,100,0,100,6,24,24,6,6,600,600,2,30
795.322,46,11,11,2,9,6,5,100,90.909,100,100,0,100,6,24,24,6,6,600,600,2,30
796.322,46,11,11,2,9,6,5,100,90.909,100,100,0,100,6,24,24,6,6,600,600,1,30
797.322,46,11,11,2,9,6,5,100,90.909,100,100,0,100,6,24,24,6,6,600,600,2,30
798.322,46,11,11,2,9,6,5,100,90.909,100,100,0,100,6,24,24,6,6,600,600,1,30
799.322,46,11,11,2,9,6,5,100,90.909,100,100,0,100,6,24,24,6,6,600,600,2,30
800.322,46,11,11,2,9,6,5,100,90.909,100,100,0,100,6,24,24,6,6,600,600,1,30
801.322,46,11,11,2,9,6,5,100,90.909,100,100,0,100,6,24,24,6,6,600,600,2,30
802.322,46,11,11,2,9,6,5,100,90.909,100,100,0,100,6,24,24,6,6,600,600,2,30
803.322,46,11,11,2,9,6,5,100,90.909,100,100,0,100,6,24,24,6,6,600,600,2,30
804.322,46,11,11,2,9,6,5,100,90.909,100,100,0,100,6,24,24,6,6,600,600,1,30
805.322,46,11,11,2,9,6,5,100,90.909,100,100,0,100,6,24,24,6,6,600,600,1,30
806.322,46,11,11,2,9,6,5,100,90.909,100,100,0,100,6,24,24,6,6,600,600,1,30
807.322,46,11,11,2,9,6,5,100,90.909,100,100,0,100,6,24,24,6,6,600,600,1,30
808.322,46,11,11,2,9,6,5,100,90.909,100,100,0,100,6,24,24,6,6,600,600,2,30
809.321,46,11,11,2,9,6,5,100,90.909,100,100,0,100,6,24,24,6,6,600,600,2,30
810.321,46,11,11,2,9,6,5,100,90.909,100,100,0,100,6,24,24,6,6,600,600,1,30
811.321,46,11,11,2,9,6,5,100,90.909,100,100,0,100,6,24,24,6,6,600,600,1,30
812.321,46,11,11,2,9,6,5,100,90.909,100,100,0,100,6,24,24,6,6,600,600,2,30
813.321,46,11,11,2,9,6,5,100,90.909,100,100,0,100,6,24,24,6,6,600,600,2,30
814.321,46,11,11,2,9,6,5,100,90.909,100,100,0,100,6,24,24,6,6,600,600,2,30
815.321,46,11,11,2,9,6,5,100,90.909,100,100,0,100,6,24,24,6,6,600,600,2,30
816.321,46,11,11,2,9,6,5,100,90.909,100,100,0,100,6,24,24,6,6,600,600,2,30
817.321,46,11,11,2,9,6,5,100,90.909,100,100,0,100,6,24,24,6,6,600,600,1,30
818.321,46,11,11,2,9,6,5,100,90.909,100,100,0,100,6,24,24,6,6,600,600,2,30
819.321,46,11,11,2,9,6,5,100,90.909,100,100,0,100,6,24,24,6,6,600,600,1,30
820.321,46,11,11,2,9,6,5,100,90.909,100,100,0,100,6,24,24,6,6,600,600,1,30
821.321,46,10,11,2,8,6,5,100,90.909,100,100,0,100,6,25,25,6,6,600,600,2,30
822.321,46,10,11,2,8,6,5,100,90.909,100,100,0,100,6,25,25,6,6,600,600,2,30
823.321,46,10,11,2,8,6,5,100,90.909,100,100,0,100,6,25,25,6,6,600,600,2,30
824.321,46,10,11,2,8,6,5,100,90.909,100,100,0,100,6,25,25,6,6,600,600,2,30
825.32,46,10,11,2,8,6,5,100,90.909,100,100,0,100,6,25,25,6,6,600,600,1,30
826.32,46,10,11,2,8,6,5,100,90.909,100,100,0,100,6,25,25,6,6,600,600,2,30
827.32,46,10,11,2,8,6,5,100,90.909,100,100,0,100,6,25,25,6,6,600,600,2,30
828.32,46,10,11,2,8,6,5,100,90.909,100,100,0,100,6,25,25,6,6,600,600,1,30
829.32,46,10,11,2,8,6,5,100,90.909,100,100,0,100,6,25,25,6,6,600,600,2,30
830.32,46,10,11,2,8,6,5,100,90.909,100,100,0,100,6,25,25,6,6,600,600,2,30
831.32,46,10,11,2,8,6,5,100,90.909,100,100,0,100,6,25,25,6,6,600,600,2,30
832.32,46,10,11,2,8,6,5,100,90.909,100,100,0,100,6,25,25,6,6,600,600,2,30
833.32,46,10,11,2,8,6,5,100,90.909,100,100,0,100,6,25,25,6,6,600,600,2,30
834.32,46,10,11,2,8,6,5,100,90.909,100,100,0,100,6,25,25,6,6,600,600,2,30
835.32,46,10,11,2,8,6,5,100,90.909,100,100,0,100,6,25,25,6,6,600,600,2,30
836.32,46,10,11,2,8,6,5,100,90.909,100,100,0,100,6,25,25,6,6,600,600,2,30
837.32,46,10,11,2,8,6,5,100,90.909,100,100,0,100,6,25,25,6,6,600,600,2,30
838.32,46,10,11,2,8,6,5,100,90.909,100,100,0,100,6,25,25,6,6,600,600,1,30
839.32,46,10,11,2,8,6,5,100,90.909,100,100,0,100,6,25,25,6,6,600,600,2,30
840.32,46,9,11,2,7,6,5,100,90.909,100,100,0,100,6,26,26,6,6,600,600,2,30
841.32,46,9,11,2,7,6,5,100,90.909,100,100,0,100,6,26,26,6,6,600,600,1,30
842.319,46,9,11,2,7,6,5,100,90.909,100,100,0,100,6,26,26,6,6,600,600,1,30
843.319,46,9,11,2,7,6,5,100,90.909,100,100,0,100,6,26,26,6,6,600,600,2,30
844.319,46,9,11,2,7,6,5,100,90.909,100,100,0,100,6,26,26,6,6,600,600,1,30
845.319,46,9,11,2,7,6,5,100,90.909,100,100,0,100,6,26,26,6,6,600,600,1,30
846.319,46,9,11,2,7,6,5,100,90.909,100,100,0,100,6,26,26,6,6,600,600,1,30
847.319,46,9,11,2,7,6,5,100,90.909,100,100,0,100,6,26,26,6,6,600,600,2,30
848.319,46,9,11,2,7,6,5,100,90.909,100,100,0,100,6,26,26,6,6,600,600,2,30
849.319,46,9,11,2,7,6,5,100,90.909,100,100,0,100,6,26,26,6,6,600,600,2,30
850.319,46,9,11,2,7,6,5,100,90.909,100,100,0,100,6,26,26,6,6,600,600,2,30
851.319,46,9,11,2,7,6,5,100,90.909,100,100,0,100,6,26,26,6,6,600,600,1,30
852.319,46,9,11,2,7,6,5,100,90.909,100,100,0,100,6,26,26,6,6,600,600,2,30
853.319,46,9,11,2,7,6,5,100,90.909,100,100,0,100,6,26,26,6,6,600,600,2,30
854.319,46,9,11,2,7,6,5,100,90.909,100,100,0,100,6,26,26,6,6,600,600,2,30
855.319,46,9,11,2,7,6,5,100,90.909,100,100,0,100,6,26,26,6,6,600,600,2,30
856.319,46,9,11,2,7,6,5,100,90.909,100,100,0,100,6,26,26,6,6,600,600,2,30
857.319,46,9,11,2,7,6,5,100,90.909,100,100,0,100,6,26,26,6,6,600,600,2,30
858.318,46,9,11,2,7,6,5,100,90.909,100,100,0,100,6,26,26,6,6,600,600,2,30
859.318,46,9,11,2,7,6,5,100,90.909,100,100,0,100,6,26,26,6,6,600,600,2,30
860.318,46,9,11,2,7,6,5,100,90.909,100,100,0,100,6,26,26,6,6,600,600,1,30
861.318,46,9,11,2,7,6,5,100,90.909,100,100,0,100,6,26,26,6,6,600,600,2,30
862.318,46,9,11,2,7,6,5,100,90.909,100,100,0,100,6,26,26,6,6,600,600,2,30
863.318,46,9,11,2,7,6,5,100,90.909,100,100,0,100,6,26,26,6,6,600,600,1,30
864.318,46,9,11,2,7,6,5,100,90.909,100,100,0,100,6,26,26,6,6,600,600,1,30
865.318,46,9,11,2,7,6,5,100,90.909,100,100,0,100,6,26,26,6,6,600,600,2,30
866.318,46,9,11,2,7,6,5,100,90.909,100,100,0,100,6,26,26,6,6,600,600,1,30
867.318,46,9,11,2,7,6,5,100,90.909,100,100,0,100,6,26,26,6,6,600,600,2,30
868.318,46,9,11,2,7,6,5,100,90.909,100,100,0,100,6,26,26,6,6,600,600,2,30
869.318,46,9,11,2,7,6,5,100,90.909,100,100,0,100,6,26,26,6,6,600,600,2,30
870.318,46,9,11,2,7,6,5,100,90.909,100,100,0,100,6,26,26,6,6,600,600,3,30
871.318,46,9,11,2,7,6,5,100,90.909,100,100,0,100,6,26,26,6,6,600,600,1,30
872.318,46,9,11,2,7,6,5,100,90.909,100,100,0,100,6,26,26,6,6,600,600,2,30
873.318,46,9,11,2,7,6,5,100,90.909,100,100,0,100,6,26,26,6,6,600,600,2,30
874.317,46,9,11,2,7,6,5,100,90.909,100,100,0,100,6,26,26,6,6,600,600,2,30
875.317,46,9,11,2,7,6,5,100,90.909,100,100,0,100,6,26,26,6,6,600,600,2,30
876.317,46,9,11,2,7,6,5,100,90.909,100,100,0,100,6,26,26,6,6,600,600,2,30
877.317,46,9,11,2,7,6,5,100,90.909,100,100,0,100,6,26,26,6,6,600,600,2,30
878.317,46,9,11,2,7,6,5,100,90.909,100,100,0,100,6,26,26,6,6,600,600,1,30
879.317,46,9,11,2,7,6,5,100,90.909,100,100,0,100,6,26,26,6,6,600,600,2,30
880.317,46,9,11,2,7,6,5,100,90.909,100,100,0,100,6,26,26,6,6,600,600,1,30
881.317,46,9,11,2,7,6,5,100,90.909,100,100,0,100,6,26,26,6,6,600,600,2,30
882.317,46,9,11,2,7,6,5,100,90.909,100,100,0,100,6,26,26,6,6,600,600,2,30
883.317,46,9,11,2,7,6,5,100,90.909,100,100,0,100,6,26,26,6,6,600,600,2,30
884.317,46,9,11,2,7,6,5,100,90.909,100,100,0,100,6,26,26,6,6,600,600,2,30
885.317,46,9,11,2,7,6,5,100,90.909,100,100,0,100,6,26,26,6,6,600,600,1,30
886.317,46,9,11,2,7,6,5,100,90.909,100,100,0,100,6,26,26,6,6,600,600,2,30
887.317,46,9,11,2,7,6,5,100,90.909,100,100,0,100,6,26,26,6,6,600,600,2,30
888.317,46,9,11,2,7,6,5,100,90.909,100,100,0,100,6,26,26,6,6,600,600,2,30
889.317,46,9,11,2,7,6,5,100,90.909,100,100,0,100,6,26,26,6,6,600,600,2,30
890.317,46,9,11,2,7,6,5,100,90.909,100,100,0,100,6,26,26,6,6,600,600,1,30
891.316,46,9,11,2,7,6,5,100,90.909,100,100,0,100,6,26,26,6,6,600,600,3,30
892.316,46,9,11,2,7,6,5,100,90.909,100,100,0,100,6,26,26,6,6,600,600,2,30
893.316,46,9,11,2,7,6,5,100,90.909,100,100,0,100,6,26,26,6,6,600,600,1,30
894.316,46,9,11,2,7,6,5,100,90.909,100,100,0,100,6,26,26,6,6,600,600,1,30
895.316,46,9,11,2,7,6,5,100,90.909,100,100,0,100,6,26,26,6,6,600,600,1,30
896.316,46,9,11,2,7,6,5,100,90.909,100,100,0,100,6,26,26,6,6,600,600,3,30
897.316,46,9,11,2,7,6,5,100,90.909,100,100,0,100,6,26,26,6,6,600,600,1,30
898.316,46,9,11,2,7,6,5,100,90.909,100,100,0,100,6,26,26,6,6,600,600,2,30
899.316,46,9,11,2,7,6,5,100,90.909,100,100,0,100,6,26,26,6,6,600,600,1,30
900.316,46,9,11,2,7,6,5,100,90.909,100,100,0,100,6,26,26,6,6,600,600,1,30
901.316,46,9,11,2,7,6,5,100,90.909,100,100,0,100,6,26,26,6,6,600,600,2,30
902.316,46,9,11,2,7,6,5,100,90.909,100,100,0,100,6,26,26,6,6,600,600,1,30
903.316,46,9,11,2,7,6,5,100,90.909,100,100,0,100,6,26,26,6,6,600,600,2,30
904.316,46,9,11,2,7,6,5,100,90.909,100,100,0,100,6,26,26,6,6,600,600,2,30
905.316,46,9,11,2,7,6,5,100,90.909,100,100,0,100,6,26,26,6,6,600,600,2,30
906.316,46,9,11,2,7,6,5,100,90.909,100,100,0,100,6,26,26,6,6,600,600,2,30
907.315,46,9,11,2,7,6,5,100,90.909,100,100,0,100,6,26,26,6,6,600,600,2,30
908.315,46,9,11,2,7,6,5,100,90.909,100,100,0,100,6,26,26,6,6,600,600,2,30
909.315,46,9,11,2,7,6,5,100,90.909,100,100,0,100,6,26,26,6,6,600,600,2,30
910.315,46,9,11,2,7,6,5,100,90.909,100,100,0,100,6,26,26,6,6,600,600,1,30
911.315,46,9,11,2,7,6,5,100,90.909,100,100,0,100,6,26,26,6,6,600,600,1,30
912.315,46,9,11,2,7,6,5,100,90.909,100,100,0,100,6,26,26,6,6,600,600,2,30
913.315,46,9,11,2,7,6,5,100,90.909,100,100,0,100,6,26,26,6,6,600,600,1,30
914.315,46,9,11,2,7,6,5,100,90.909,100,100,0,100,6,26,26,6,6,600,600,2,30
915.315,46,9,11,2,7,6,5,100,90.909,100,100,0,100,6,26,26,6,6,600,600,2,30
916.315,46,9,11,2,7,6,5,100,90.909,100,100,0,100,6,26,26,6,6,600,600,2,30
917.315,46,9,11,2,7,6,5,100,90.909,100,100,0,100,6,26,26,6,6,600,600,1,30
918.315,46,9,11,2,7,6,5,100,90.909,100,100,0,100,6,26,26,6,6,600,600,2,30
919.315,46,9,11,2,7,6,5,100,90.909,100,100,0,100,6,26,26,6,6,600,600,2,30
920.315,46,9,11,2,7,6,5,100,90.909,100,100,0,100,6,26,26,6,6,600,600,1,30
921.315,46,9,11,2,7,6,5,100,90.909,100,100,0,100,6,26,26,6,6,600,600,2,30
922.315,46,9,11,2,7,6,5,100,90.909,100,100,0,100,6,26,26,6,6,600,600,2,30
923.315,46,9,11,2,7,6,5,100,90.909,100,100,0,100,6,26,26,6,6,600,600,2,30
924.314,46,9,11,2,7,6,5,100,90.909,100,100,0,100,6,26,26,6,6,600,600,2,30
925.314,46,9,11,2,7,6,5,100,90.909,100,100,0,100,6,26,26,6,6,600,600,2,30
926.314,46,9,11,2,7,6,5,100,90.909,100,100,0,100,6,26,26,6,6,600,600,2,30
927.314,46,9,11,2,7,6,5,100,90.909,100,100,0,100,6,26,26,6,6,600,600,2,30
928.314,46,9,11,2,7,6,5,100,90.909,100,100,0,100,6,26,26,6,6,600,600,2,30
929.314,46,9,11,2,7,6,5,100,90.909,100,100,0,100,6,26,26,6,6,600,600,2,30
930.314,46,9,11,2,7,6,5,100,90.909,100,100,0,100,6,26,26,6,6,600,600,1,30
931.314,46,9,11,2,7,6,5,100,90.909,100,100,0,100,6,26,26,6,6,600,600,2,30
932.314,46,9,11,2,7,6,5,100,90.909,100,100,0,100,6,26,26,6,6,600,600,2,30
933.314,46,9,11,2,7,6,5,100,90.909,100,100,0,100,6,26,26,6,6,600,600,2,30
934.314,46,9,11,2,7,6,5,100,90.909,100,100,0,100,6,26,26,6,6,600,600,2,30
935.314,46,9,11,2,7,6,5,100,90.909,100,100,0,100,6,26,26,6,6,600,600,2,30
936.314,46,9,11,2,7,6,5,100,90.909,100,100,0,100,6,26,26,6,6,600,600,2,30
937.314,46,9,11,2,7,6,5,100,90.909,100,100,0,100,6,26,26,6,6,600,600,2,30
938.314,46,9,11,2,7,6,5,100,90.909,100,100,0,100,6,26,26,6,6,600,600,2,30
939.314,46,9,11,2,7,6,5,100,90.909,100,100,0,100,6,26,26,6,6,600,600,2,30
940.313,46,9,11,2,7,6,5,100,90.909,100,100,0,100,6,26,26,6,6,600,600,2,30
941.313,46,9,11,2,7,6,5,100,90.909,100,100,0,100,6,26,26,6,6,600,600,2,30
942.313,46,9,11,2,7,6,5,100,90.909,100,100,0,100,6,26,26,6,6,600,600,2,30
943.313,46,9,11,2,7,6,5,100,90.909,100,100,0,100,6,26,26,6,6,600,600,2,30
944.313,46,9,11,2,7,6,5,100,90.909,100,100,0,100,6,26,26,6,6,600,600,2,30
945.313,46,9,11,2,7,6,5,100,90.909,100,100,0,100,6,26,26,6,6,600,600,2,30
946.313,46,8,11,2,6,6,5,100,90.909,100,100,0,100,6,27,27,6,6,600,600,2,30
947.313,46,8,11,2,6,6,5,100,90.909,100,100,0,100,6,27,27,6,6,600,600,2,30
948.313,46,8,11,2,6,6,5,100,90.909,100,100,0,100,6,27,27,6,6,600,600,2,30
949.313,46,8,11,2,6,6,5,100,90.909,100,100,0,100,6,27,27,6,6,600,600,2,30
950.313,46,8,11,2,6,6,5,100,90.909,100,100,0,100,6,27,27,6,6,600,600,2,30
951.313,46,8,11,2,6,6,5,100,90.909,100,100,0,100,6,27,27,6,6,600,600,2,30
952.313,46,8,11,2,6,6,5,100,90.909,100,100,0,100,6,27,27,6,6,600,600,1,30
953.313,46,8,11,2,6,6,5,100,90.909,100,100,0,100,6,27,27,6,6,600,600,2,30
954.313,46,8,11,2,6,6,5,100,90.909,100,100,0,100,6,27,27,6,6,600,600,2,30
955.313,46,8,11,2,6,6,5,100,90.909,100,100,0,100,6,27,27,6,6,600,600,2,30
956.312,46,8,11,2,6,6,5,100,90.909,100,100,0,100,6,27,27,6,6,600,600,1,30
957.312,46,8,11,2,6,6,5,100,90.909,100,100,0,100,6,27,27,6,6,600,600,2,30
958.312,46,8,11,2,6,6,5,100,90.909,100,100,0,100,6,27,27,6,6,600,600,2,30
959.312,46,8,11,2,6,6,5,100,90.909,100,100,0,100,6,27,27,6,6,600,600,2,30
960.312,46,8,11,2,6,6,5,100,90.909,100,100,0,100,6,27,27,6,6,600,600,1,30
961.312,46,8,11,2,6,6,5,100,90.909,100,100,0,100,6,27,27,6,6,600,600,2,30
962.312,46,8,11,2,6,6,5,100,90.909,100,100,0,100,6,27,27,6,6,600,600,2,30
963.312,46,8,11,2,6,6,5,100,90.909,100,100,0,100,6,27,27,6,6,600,600,1,30
964.312,46,8,11,2,6,6,5,100,90.909,100,100,0,100,6,27,27,6,6,600,600,2,30
965.312,46,8,11,2,6,6,5,100,90.909,100,100,0,100,6,27,27,6,6,600,600,2,30
966.312,46,8,11,2,6,6,5,100,90.909,100,100,0,100,6,27,27,6,6,600,600,1,30
967.312,46,8,11,2,6,6,5,100,90.909,100,100,0,100,6,27,27,6,6,600,600,2,30
968.312,46,8,11,2,6,6,5,100,90.909,100,100,0,100,6,27,27,6,6,600,600,1,30
969.312,46,8,11,2,6,6,5,100,90.909,100,100,0,100,6,27,27,6,6,600,600,2,30
970.312,46,8,11,2,6,6,5,100,90.909,100,100,0,100,6,27,27,6,6,600,600,2,30
971.312,46,8,11,2,6,6,5,100,90.909,100,100,0,100,6,27,27,6,6,600,600,1,30
972.312,46,8,11,2,6,6,5,100,90.909,100,100,0,100,6,27,27,6,6,600,600,2,30
973.311,46,8,11,2,6,6,5,100,90.909,100,100,0,100,6,27,27,6,6,600,600,2,30
974.311,46,8,11,2,6,6,5,100,90.909,100,100,0,100,6,27,27,6,6,600,600,2,30
975.311,46,8,11,2,6,6,5,100,90.909,100,100,0,100,6,27,27,6,6,600,600,1,30
976.311,46,8,11,2,6,6,5,100,90.909,100,100,0,100,6,27,27,6,6,600,600,2,30
977.311,46,8,11,2,6,6,5,100,90.909,100,100,0,100,6,27,27,6,6,600,600,1,30
978.311,46,8,11,2,6,6,5,100,90.909,100,100,0,100,6,27,27,6,6,600,600,1,30
979.311,46,8,11,2,6,6,5,100,90.909,100,100,0,100,6,27,27,6,6,600,600,1,30
980.311,46,8,11,2,6,6,5,100,90.909,100,100,0,100,6,27,27,6,6,600,600,2,30
981.311,46,8,11,2,6,6,5,100,90.909,100,100,0,100,6,27,27,6,6,600,600,2,30
982.311,46,8,11,2,6,6,5,100,90.909,100,100,0,100,6,27,27,6,6,600,600,1,30
983.311,46,8,11,2,6,6,5,100,90.909,100,100,0,100,6,27,27,6,6,600,600,2,30
984.311,46,8,11,2,6,6,5,100,90.909,100,100,0,100,6,27,27,6,6,600,600,1,30
985.311,46,8,11,2,6,6,5,100,90.909,100,100,0,100,6,27,27,6,6,600,600,2,30
986.311,46,8,11,2,6,6,5,100,90.909,100,100,0,100,6,27,27,6,6,600,600,2,30
987.311,46,8,11,2,6,6,5,100,90.909,100,100,0,100,6,27,27,6,6,600,600,1,30
988.311,46,8,11,2,6,6,5,100,90.909,100,100,0,100,6,27,27,6,6,600,600,2,30
989.31,46,8,11,2,6,6,5,100,90.909,100,100,0,100,6,27,27,6,6,600,600,2,30
990.31,46,8,11,2,6,6,5,100,90.909,100,100,0,100,6,27,27,6,6,600,600,2,30
991.31,46,8,11,2,6,6,5,100,90.909,100,100,0,100,6,27,27,6,6,600,600,1,30
992.31,46,8,11,2,6,6,5,100,90.909,100,100,0,100,6,27,27,6,6,600,600,2,30
993.31,46,8,11,2,6,6,5,100,90.909,100,100,0,100,6,27,27,6,6,600,600,1,30
994.31,46,8,11,2,6,6,5,100,90.909,100,100,0,100,6,27,27,6,6,600,600,2,30
995.31,46,8,11,2,6,6,5,100,90.909,100,100,0,100,6,27,27,6,6,600,600,1,30
996.31,46,8,11,2,6,6,5,100,90.909,100,100,0,100,6,27,27,6,6,600,600,2,30
997.31,46,8,11,2,6,6,5,100,90.909,100,100,0,100,6,27,27,6,6,600,600,1,30
998.31,46,8,11,2,6,6,5,100,90.909,100,100,0,100,6,27,27,6,6,600,600,2,30
999.31,46,8,11,2,6,6,5,100,90.909,100,100,0,100,6,27,27,6,6,600,600,2,30
1000.31,46,8,11,2,6,6,5,100,90.909,100,100,0,100,6,27,27,6,6,600,600,1,30
1001.31,46,8,11,2,6,6,5,100,90.909,100,100,0,100,6,27,27,6,6,600,600,2,30
1002.31,46,8,11,2,6,6,5,100,90.909,100,100,0,100,6,27,27,6,6,600,600,1,30
1003.31,46,8,11,2,6,6,5,100,90.909,100,100,0,100,6,27,27,6,6,600,600,2,30
1004.31,46,8,11,2,6,6,5,100,90.909,100,100,0,100,6,27,27,6,6,600,600,1,30
1005.309,46,8,11,2,6,6,5,100,90.909,100,100,0,100,6,27,27,6,6,600,600,2,30
1006.309,46,8,11,2,6,6,5,100,90.909,100,100,0,100,6,27,27,6,6,600,600,2,30
1007.309,46,8,11,2,6,6,5,100,90.909,100,100,0,100,6,27,27,6,6,600,600,2,30
1008.309,46,8,11,2,6,6,5,100,90.909,100,100,0,100,6,27,27,6,6,600,600,2,30
1009.309,46,8,11,2,6,6,5,100,90.909,100,100,0,100,6,27,27,6,6,600,600,2,30
1010.309,46,8,11,2,6,6,5,100,90.909,100,100,0,100,6,27,27,6,6,600,600,2,30
1011.309,46,8,11,2,6,6,5,100,90.909,100,100,0,100,6,27,27,6,6,600,600,1,30
1012.309,46,8,11,2,6,6,5,100,90.909,100,100,0,100,6,27,27,6,6,600,600,2,30
1013.309,46,8,11,2,6,6,5,100,90.909,100,100,0,100,6,27,27,6,6,600,600,2,30
1014.309,46,8,11,2,6,6,5,100,90.909,100,100,0,100,6,27,27,6,6,600,600,2,30
1015.309,46,8,11,2,6,6,5,100,90.909,100,100,0,100,6,27,27,6,6,600,600,1,30
1016.309,46,8,11,2,6,6,5,100,90.909,100,100,0,100,6,27,27,6,6,600,600,1,30
1017.309,46,8,11,2,6,6,5,100,90.909,100,100,0,100,6,27,27,6,6,600,600,2,30
1018.309,46,8,11,2,6,6,5,100,90.909,100,100,0,100,6,27,27,6,6,600,600,1,30
1019.309,46,7,11,2,5,6,5,100,90.909,100,100,0,100,6,28,28,6,6,600,600,2,30
1020.309,46,7,11,2,5,6,5,100,90.909,100,100,0,100,6,28,28,6,6,600,600,1,30
1021.308,46,7,11,2,5,6,5,100,90.909,100,100,0,100,6,28,28,6,6,600,600,2,30
1022.308,46,7,11,2,5,6,5,100,90.909,100,100,0,100,6,28,28,6,6,600,600,2,30
1023.308,46,7,11,2,5,6,5,100,90.909,100,100,0,100,6,28,28,6,6,600,600,1,30
1024.308,46,6,11,1,5,6,5,100,90.909,100,100,0,100,6,29,29,6,6,600,600,2,30
1025.308,46,6,11,1,5,6,5,100,90.909,100,100,0,100,6,29,29,6,6,600,600,2,30
1026.309,46,6,11,1,5,6,5,100,90.909,100,100,0,100,6,29,29,6,6,600,600,2,30
1027.309,46,6,11,1,5,6,5,100,90.909,100,100,0,100,6,29,29,6,6,600,600,1,30
1028.309,46,6,11,1,5,6,5,100,90.909,100,100,0,100,6,29,29,6,6,600,600,2,30
1029.309,46,6,11,1,5,6,5,100,90.909,100,100,0,100,6,29,29,6,6,600,600,1,30
1030.309,46,6,11,1,5,6,5,100,90.909,100,100,0,100,6,29,29,6,6,600,600,2,30
1031.309,46,6,11,1,5,6,5,100,90.909,100,100,0,100,6,29,29,6,6,600,600,1,30
1032.309,46,6,11,1,5,6,5,100,90.909,100,100,0,100,6,29,29,6,6,600,600,2,30
1033.309,46,6,11,1,5,6,5,100,90.909,100,100,0,100,6,29,29,6,6,600,600,2,30
1034.31,46,6,11,1,5,6,5,100,90.909,100,100,0,100,6,29,29,6,6,600,600,2,30
1035.31,46,6,11,1,5,6,5,100,90.909,100,100,0,100,6,29,29,6,6,600,600,2,30
1036.31,46,6,11,1,5,6,5,100,90.909,100,100,0,100,6,29,29,6,6,600,600,1,30
1037.31,46,6,11,1,5,6,5,100,90.909,100,100,0,100,6,29,29,6,6,600,600,2,30
1038.31,46,6,11,1,5,6,5,100,90.909,100,100,0,100,6,29,29,6,6,600,600,2,30
1039.31,46,6,11,1,5,6,5,100,90.909,100,100,0,100,6,29,29,6,6,600,600,1,30
1040.31,46,6,11,1,5,6,5,100,90.909,100,100,0,100,6,29,29,6,6,600,600,2,30
1041.31,46,6,11,1,5,6,5,100,90.909,100,100,0,100,6,29,29,6,6,600,600,2,30
1042.311,46,6,11,1,5,6,5,100,90.909,100,100,0,100,6,29,29,6,6,600,600,2,30
1043.311,46,6,11,1,5,6,5,100,90.909,100,100,0,100,6,29,29,6,6,600,600,1,30
1044.311,46,6,11,1,5,6,5,100,90.909,100,100,0,100,6,29,29,6,6,600,600,2,30
1045.311,46,6,11,1,5,6,5,100,90.909,100,100,0,100,6,29,29,6,6,600,600,2,30
1046.311,46,6,11,1,5,6,5,100,90.909,100,100,0,100,6,29,29,6,6,600,600,2,30
1047.311,46,6,11,1,5,6,5,100,90.909,100,100,0,100,6,29,29,6,6,600,600,2,30
1048.311,46,6,11,1,5,6,5,100,90.909,100,100,0,100,6,29,29,6,6,600,600,1,30
1049.311,46,6,11,1,5,6,5,100,90.909,100,100,0,100,6,29,29,6,6,600,600,2,30
1050.312,46,6,11,1,5,6,5,100,90.909,100,100,0,100,6,29,29,6,6,600,600,2,30
1051.312,46,5,11,1,4,6,5,100,90.909,100,100,0,100,6,30,30,6,6,600,600,2,30
1052.312,46,5,11,1,4,6,5,100,90.909,100,100,0,100,6,30,30,6,6,600,600,1,30
1053.312,46,5,11,1,4,6,5,100,90.909,100,100,0,100,6,30,30,6,6,600,600,2,30
1054.312,46,5,11,1,4,6,5,100,90.909,100,100,0,100,6,30,30,6,6,600,600,2,30
1055.312,46,5,11,1,4,6,5,100,90.909,100,100,0,100,6,30,30,6,6,600,600,2,30
1056.312,46,5,11,1,4,6,5,100,90.909,100,100,0,100,6,30,30,6,6,600,600,1,30
1057.312,46,5,11,1,4,6,5,100,90.909,100,100,0,100,6,30,30,6,6,600,600,2,30
1058.313,46,5,11,1,4,6,5,100,90.909,100,100,0,100,6,30,30,6,6,600,600,2,30
1059.313,46,5,11,1,4,6,5,100,90.909,100,100,0,100,6,30,30,6,6,600,600,2,30
1060.313,46,5,11,1,4,6,5,100,90.909,100,100,0,100,6,30,30,6,6,600,600,2,30
1061.313,46,5,11,1,4,6,5,100,90.909,100,100,0,100,6,30,30,6,6,600,600,1,30
1062.313,46,5,11,1,4,6,5,100,90.909,100,100,0,100,6,30,30,6,6,600,600,2,30
1063.313,46,5,11,1,4,6,5,100,90.909,100,100,0,100,6,30,30,6,6,600,600,1,30
1064.313,46,5,11,1,4,6,5,100,90.909,100,100,0,100,6,30,30,6,6,600,600,1,30
1065.313,46,5,11,1,4,6,5,100,90.909,100,100,0,100,6,30,30,6,6,600,600,1,30
1066.313,46,5,11,1,4,6,5,100,90.909,100,100,0,100,6,30,30,6,6,600,600,2,30
1067.314,46,5,11,1,4,6,5,100,90.909,100,100,0,100,6,30,30,6,6,600,600,1,30
1068.314,46,5,11,1,4,6,5,100,90.909,100,100,0,100,6,30,30,6,6,600,600,1,30
1069.314,46,5,11,1,4,6,5,100,90.909,100,100,0,100,6,30,30,6,6,600,600,1,30
1070.314,46,5,11,1,4,6,5,100,90.909,100,100,0,100,6,30,30,6,6,600,600,2,30
1071.314,46,5,11,1,4,6,5,100,90.909,100,100,0,100,6,30,30,6,6,600,600,2,30
1072.314,46,5,11,1,4,6,5,100,90.909,100,100,0,100,6,30,30,6,6,600,600,1,30
1073.314,46,5,11,1,4,6,5,100,90.909,100,100,0,100,6,30,30,6,6,600,600,2,30
1074.314,46,5,11,1,4,6,5,100,90.909,100,100,0,100,6,30,30,6,6,600,600,2,30
1075.315,46,5,11,1,4,6,5,100,90.909,100,100,0,100,6,30,30,6,6,600,600,2,30
1076.315,46,5,11,1,4,6,5,100,90.909,100,100,0,100,6,30,30,6,6,600,600,1,30
1077.315,46,5,11,1,4,6,5,100,90.909,100,100,0,100,6,30,30,6,6,600,600,2,30
1078.315,46,5,11,1,4,6,5,100,90.909,100,100,0,100,6,30,30,6,6,600,600,2,30
1079.315,46,5,11,1,4,6,5,100,90.909,100,100,0,100,6,30,30,6,6,600,600,2,30
1080.315,46,5,11,1,4,6,5,100,90.909,100,100,0,100,6,30,30,6,6,600,600,1,30
1081.315,46,5,11,1,4,6,5,100,90.909,100,100,0,100,6,30,30,6,6,600,600,2,30
1082.315,46,5,11,1,4,6,5,100,90.909,100,100,0,100,6,30,30,6,6,600,600,2,30
1083.316,46,5,11,1,4,6,5,100,90.909,100,100,0,100,6,30,30,6,6,600,600,2,30
1084.316,46,5,11,1,4,6,5,100,90.909,100,100,0,100,6,30,30,6,6,600,600,2,30
1085.316,46,5,11,1,4,6,5,100,90.909,100,100,0,100,6,30,30,6,6,600,600,2,30
1086.316,46,4,11,1,3,6,5,100,90.909,100,100,0,100,6,31,31,6,6,600,600,2,30
1087.316,46,4,11,1,3,6,5,100,90.909,100,100,0,100,6,31,31,6,6,600,600,2,30
1088.316,46,4,11,1,3,6,5,100,90.909,100,100,0,100,6,31,31,6,6,600,600,2,30
1089.316,46,4,11,1,3,6,5,100,90.909,100,100,0,100,6,31,31,6,6,600,600,1,30
1090.316,46,4,11,1,3,6,5,100,90.909,100,100,0,100,6,31,31,6,6,600,600,1,30
1091.317,46,4,11,1,3,6,5,100,90.909,100,100,0,100,6,31,31,6,6,600,600,2,30
1092.317,46,4,11,1,3,6,5,100,90.909,100,100,0,100,6,31,31,6,6,600,600,1,30
1093.317,46,4,11,1,3,6,5,100,90.909,100,100,0,100,6,31,31,6,6,600,600,2,30
1094.317,46,4,11,1,3,6,5,100,90.909,100,100,0,100,6,31,31,6,6,600,600,1,30
1095.317,46,4,11,1,3,6,5,100,90.909,100,100,0,100,6,31,31,6,6,600,600,1,30
1096.317,46,4,11,1,3,6,5,100,90.909,100,100,0,100,6,31,31,6,6,600,600,2,30
1097.317,46,4,11,1,3,6,5,100,90.909,100,100,0,100,6,31,31,6,6,600,600,2,30
1098.317,46,4,11,1,3,6,5,100,90.909,100,100,0,100,6,31,31,6,6,600,600,2,30
1099.318,46,4,11,1,3,6,5,100,90.909,100,100,0,100,6,31,31,6,6,600,600,2,30
1100.318,46,4,11,1,3,6,5,100,90.909,100,100,0,100,6,31,31,6,6,600,600,2,30
1101.318,46,4,11,1,3,6,5,100,90.909,100,100,0,100,6,31,31,6,6,600,600,2,30
1102.318,46,4,11,1,3,6,5,100,90.909,100,100,0,100,6,31,31,6,6,600,600,2,30
1103.318,46,4,11,1,3,6,5,100,90.909,100,100,0,100,6,31,31,6,6,600,600,2,30
1104.318,46,4,11,1,3,6,5,100,90.909,100,100,0,100,6,31,31,6,6,600,600,2,30
1105.318,46,4,11,1,3,6,5,100,90.909,100,100,0,100,6,31,31,6,6,600,600,2,30
1106.318,46,4,11,1,3,6,5,100,90.909,100,100,0,100,6,31,31,6,6,600,600,2,30
1107.318,46,4,11,1,3,6,5,100,90.909,100,100,0,100,6,31,31,6,6,600,600,1,30
1108.319,46,4,11,1,3,6,5,100,90.909,100,100,0,100,6,31,31,6,6,600,600,2,30
1109.319,46,4,11,1,3,6,5,100,90.909,100,100,0,100,6,31,31,6,6,600,600,2,30
1110.319,46,4,11,1,3,6,5,100,90.909,100,100,0,100,6,31,31,6,6,600,600,2,30
1111.319,46,4,11,1,3,6,5,100,90.909,100,100,0,100,6,31,31,6,6,600,600,2,30
1112.319,46,4,11,1,3,6,5,100,90.909,100,100,0,100,6,31,31,6,6,600,600,2,30
1113.319,46,4,11,1,3,6,5,100,90.909,100,100,0,100,6,31,31,6,6,600,600,2,30
1114.319,46,4,11,1,3,6,5,100,90.909,100,100,0,100,6,31,31,6,6,600,600,1,30
1115.319,46,4,11,1,3,6,5,100,90.909,100,100,0,100,6,31,31,6,6,600,600,2,30
1116.32,46,4,11,1,3,6,5,100,90.909,100,100,0,100,6,31,31,6,6,600,600,2,30
1117.32,46,4,11,1,3,6,5,100,90.909,100,100,0,100,6,31,31,6,6,600,600,2,30
1118.32,46,4,11,1,3,6,5,100,90.909,100,100,0,100,6,31,31,6,6,600,600,1,30
1119.32,46,4,11,1,3,6,5,100,90.909,100,100,0,100,6,31,31,6,6,600,600,2,30
1120.32,46,4,11,1,3,6,5,100,90.909,100,100,0,100,6,31,31,6,6,600,600,2,30
1121.32,46,4,11,1,3,6,5,100,90.909,100,100,0,100,6,31,31,6,6,600,600,2,30
1122.32,46,4,11,1,3,6,5,100,90.909,100,100,0,100,6,31,31,6,6,600,600,1,30
1123.32,46,4,11,1,3,6,5,100,90.909,100,100,0,100,6,31,31,6,6,600,600,2,30
1124.321,46,4,11,1,3,6,5,100,90.909,100,100,0,100,6,31,31,6,6,600,600,2,30
1125.321,46,4,11,1,3,6,5,100,90.909,100,100,0,100,6,31,31,6,6,600,600,2,30
1126.321,46,4,11,1,3,6,5,100,90.909,100,100,0,100,6,31,31,6,6,600,600,1,30
1127.321,46,4,11,1,3,6,5,100,90.909,100,100,0,100,6,31,31,6,6,600,600,2,30
1128.321,46,4,11,1,3,6,5,100,90.909,100,100,0,100,6,31,31,6,6,600,600,1,30
1129.321,46,4,11,1,3,6,5,100,90.909,100,100,0,100,6,31,31,6,6,600,600,1,30
1130.321,46,4,11,1,3,6,5,100,90.909,100,100,0,100,6,31,31,6,6,600,600,1,30
1131.321,46,4,11,1,3,6,5,100,90.909,100,100,0,100,6,31,31,6,6,600,600,2,30
1132.322,46,4,11,1,3,6,5,100,90.909,100,100,0,100,6,31,31,6,6,600,600,1,30
1133.322,46,4,11,1,3,6,5,100,90.909,100,100,0,100,6,31,31,6,6,600,600,2,30
1134.322,46,4,11,1,3,6,5,100,90.909,100,100,0,100,6,31,31,6,6,600,600,2,30
1135.322,46,4,11,1,3,6,5,100,90.909,100,100,0,100,6,31,31,6,6,600,600,2,30
1136.322,46,4,11,1,3,6,5,100,90.909,100,100,0,100,6,31,31,6,6,600,600,1,30
1137.322,46,4,11,1,3,6,5,100,90.909,100,100,0,100,6,31,31,6,6,600,600,2,30
1138.322,46,4,11,1,3,6,5,100,90.909,100,100,0,100,6,31,31,6,6,600,600,1,30
1139.322,46,4,11,1,3,6,5,100,90.909,100,100,0,100,6,31,31,6,6,600,600,1,30
1140.323,46,4,11,1,3,6,5,100,90.909,100,100,0,100,6,31,31,6,6,600,600,2,30
1141.323,46,4,11,1,3,6,5,100,90.909,100,100,0,100,6,31,31,6,6,600,600,2,30
1142.323,46,4,11,1,3,6,5,100,90.909,100,100,0,100,6,31,31,6,6,600,600,2,30
1143.323,46,4,11,1,3,6,5,100,90.909,100,100,0,100,6,31,31,6,6,600,600,2,30
1144.323,46,4,11,1,3,6,5,100,90.909,100,100,0,100,6,31,31,6,6,600,600,2,30
1145.323,46,4,11,1,3,6,5,100,90.909,100,100,0,100,6,31,31,6,6,600,600,1,30
1146.323,46,4,11,1,3,6,5,100,90.909,100,100,0,100,6,31,31,6,6,600,600,2,30
1147.323,46,4,11,1,3,6,5,100,90.909,100,100,0,100,6,31,31,6,6,600,600,2,30
1148.323,46,4,11,1,3,6,5,100,90.909,100,100,0,100,6,31,31,6,6,600,600,2,30
1149.324,46,4,11,1,3,6,5,100,90.909,100,100,0,100,6,31,31,6,6,600,600,2,30
1150.324,46,4,11,1,3,6,5,100,90.909,100,100,0,100,6,31,31,6,6,600,600,1,30
1151.324,46,4,11,1,3,6,5,100,90.909,100,100,0,100,6,31,31,6,6,600,600,1,30
1152.324,46,4,11,1,3,6,5,100,90.909,100,100,0,100,6,31,31,6,6,600,600,2,30
1153.324,46,4,11,1,3,6,5,100,90.909,100,100,0,100,6,31,31,6,6,600,600,1,30
1154.324,46,4,11,1,3,6,5,100,90.909,100,100,0,100,6,31,31,6,6,600,600,2,30
1155.324,46,4,11,1,3,6,5,100,90.909,100,100,0,100,6,31,31,6,6,600,600,1,30
1156.324,46,4,11,1,3,6,5,100,90.909,100,100,0,100,6,31,31,6,6,600,600,2,30
1157.325,46,4,11,1,3,6,5,100,90.909,100,100,0,100,6,31,31,6,6,600,600,2,30
1158.325,46,4,11,1,3,6,5,100,90.909,100,100,0,100,6,31,31,6,6,600,600,2,30
1159.325,46,4,11,1,3,6,5,100,90.909,100,100,0,100,6,31,31,6,6,600,600,1,30
1160.325,46,4,11,1,3,6,5,100,90.909,100,100,0,100,6,31,31,6,6,600,600,2,30
1161.325,46,4,11,1,3,6,5,100,90.909,100,100,0,100,6,31,31,6,6,600,600,1,30
1162.325,46,4,11,1,3,6,5,100,90.909,100,100,0,100,6,31,31,6,6,600,600,2,30
1163.325,46,4,11,1,3,6,5,100,90.909,100,100,0,100,6,31,31,6,6,600,600,2,30
1164.325,46,4,11,1,3,6,5,100,90.909,100,100,0,100,6,31,31,6,6,600,600,1,30
1165.326,46,4,11,1,3,6,5,100,90.909,100,100,0,100,6,31,31,6,6,600,600,2,30
1166.326,46,4,11,1,3,6,5,100,90.909,100,100,0,100,6,31,31,6,6,600,600,1,30
1167.326,46,4,11,1,3,6,5,100,90.909,100,100,0,100,6,31,31,6,6,600,600,2,30
1168.326,46,4,11,1,3,6,5,100,90.909,100,100,0,100,6,31,31,6,6,600,600,2,30
1169.326,46,4,11,1,3,6,5,100,90.909,100,100,0,100,6,31,31,6,6,600,600,2,30
1170.326,46,4,11,1,3,6,5,100,90.909,100,100,0,100,6,31,31,6,6,600,600,2,30
1171.326,46,4,11,1,3,6,5,100,90.909,100,100,0,100,6,31,31,6,6,600,600,1,30
1172.326,46,4,11,1,3,6,5,100,90.909,100,100,0,100,6,31,31,6,6,600,600,2,30
1173.327,46,4,11,1,3,6,5,100,90.909,100,100,0,100,6,31,31,6,6,600,600,2,30
1174.327,46,4,11,1,3,6,5,100,90.909,100,100,0,100,6,31,31,6,6,600,600,1,30
1175.327,46,4,11,1,3,6,5,100,90.909,100,100,0,100,6,31,31,6,6,600,600,2,30
1176.327,46,4,11,1,3,6,5,100,90.909,100,100,0,100,6,31,31,6,6,600,600,2,30
1177.327,46,4,11,1,3,6,5,100,90.909,100,100,0,100,6,31,31,6,6,600,600,2,30
1178.327,46,4,11,1,3,6,5,100,90.909,100,100,0,100,6,31,31,6,6,600,600,2,30
1179.327,46,4,11,1,3,6,5,100,90.909,100,100,0,100,6,31,31,6,6,600,600,2,30
1180.327,46,4,11,1,3,6,5,100,90.909,100,100,0,100,6,31,31,6,6,600,600,1,30
1181.328,46,4,11,1,3,6,5,100,90.909,100,100,0,100,6,31,31,6,6,600,600,1,30
1182.328,46,4,11,1,3,6,5,100,90.909,100,100,0,100,6,31,31,6,6,600,600,1,30
1183.328,46,4,11,1,3,6,5,100,90.909,100,100,0,100,6,31,31,6,6,600,600,1,30
1184.328,46,4,11,1,3,6,5,100,90.909,100,100,0,100,6,31,31,6,6,600,600,2,30
1185.328,46,4,11,1,3,6,5,100,90.909,100,100,0,100,6,31,31,6,6,600,600,2,30
1186.328,46,4,11,1,3,6,5,100,90.909,100,100,0,100,6,31,31,6,6,600,600,2,30
1187.328,46,4,11,1,3,6,5,100,90.909,100,100,0,100,6,31,31,6,6,600,600,2,30
1188.328,46,4,11,1,3,6,5,100,90.909,100,100,0,100,6,31,31,6,6,600,600,2,30
1189.328,46,4,11,1,3,6,5,100,90.909,100,100,0,100,6,31,31,6,6,600,600,2,30
1190.329,46,4,11,1,3,6,5,100,90.909,100,100,0,100,6,31,31,6,6,600,600,1,30
1191.329,46,4,11,1,3,6,5,100,90.909,100,100,0,100,6,31,31,6,6,600,600,2,30
1192.329,46,4,11,1,3,6,5,100,90.909,100,100,0,100,6,31,31,6,6,600,600,2,30
1193.329,46,4,11,1,3,6,5,100,90.909,100,100,0,100,6,31,31,6,6,600,600,2,30
1194.329,46,4,11,1,3,6,5,100,90.909,100,100,0,100,6,31,31,6,6,600,600,3,30
1195.329,46,4,11,1,3,6,5,100,90.909,100,100,0,100,6,31,31,6,6,600,600,1,30
1196.329,46,4,11,1,3,6,5,100,90.909,100,100,0,100,6,31,31,6,6,600,600,2,30
1197.329,46,4,11,1,3,6,5,100,90.909,100,100,0,100,6,31,31,6,6,600,600,1,30
1198.33,46,4,11,1,3,6,5,100,90.909,100,100,0,100,6,31,31,6,6,600,600,1,30
1199.33,46,4,11,1,3,6,5,100,90.909,100,100,0,100,6,31,31,6,6,600,600,2,30
1200.33,46,4,11,1,3,6,5,100,90.909,100,100,0,100,6,31,31,6,6,600,600,1,30
1201.33,46,4,11,1,3,6,5,100,90.909,100,100,0,100,6,31,31,6,6,600,600,2,30
1202.33,46,4,11,1,3,6,5,100,90.909,100,100,0,100,6,31,31,6,6,600,600,2,30
1203.33,46,4,11,1,3,6,5,100,90.909,100,100,0,100,6,31,31,6,6,600,600,1,30
1204.33,46,4,11,1,3,6,5,100,90.909,100,100,0,100,6,31,31,6,6,600,600,1,30
1205.33,46,4,11,1,3,6,5,100,90.909,100,100,0,100,6,31,31,6,6,600,600,2,30
1206.331,46,4,11,1,3,6,5,100,90.909,100,100,0,100,6,31,31,6,6,600,600,1,30
1207.331,46,4,11,1,3,6,5,100,90.909,100,100,0,100,6,31,31,6,6,600,600,2,30
1208.331,46,4,11,1,3,6,5,100,90.909,100,100,0,100,6,31,31,6,6,600,600,1,30
1209.331,46,4,11,1,3,6,5,100,90.909,100,100,0,100,6,31,31,6,6,600,600,1,30
1210.331,46,4,11,1,3,6,5,100,90.909,100,100,0,100,6,31,31,6,6,600,600,1,30
1211.331,46,4,11,1,3,6,5,100,90.909,100,100,0,100,6,31,31,6,6,600,600,1,30
1212.331,46,4,11,1,3,6,5,100,90.909,100,100,0,100,6,31,31,6,6,600,600,2,30
1213.331,46,4,11,1,3,6,5,100,90.909,100,100,0,100,6,31,31,6,6,600,600,1,30
1214.332,46,4,11,1,3,6,5,100,90.909,100,100,0,100,6,31,31,6,6,600,600,2,30
1215.332,46,4,11,1,3,6,5,100,90.909,100,100,0,100,6,31,31,6,6,600,600,2,30
1216.332,46,4,11,1,3,6,5,100,90.909,100,100,0,100,6,31,31,6,6,600,600,2,30
1217.332,46,4,11,1,3,6,5,100,90.909,100,100,0,100,6,31,31,6,6,600,600,1,30
1218.332,46,4,11,1,3,6,5,100,90.909,100,100,0,100,6,31,31,6,6,600,600,1,30
1219.332,46,4,11,1,3,6,5,100,90.909,100,100,0,100,6,31,31,6,6,600,600,2,30
1220.332,46,4,11,1,3,6,5,100,90.909,100,100,0,100,6,31,31,6,6,600,600,1,30
1221.332,46,4,11,1,3,6,5,100,90.909,100,100,0,100,6,31,31,6,6,600,600,2,30
1222.333,46,4,11,1,3,6,5,100,90.909,100,100,0,100,6,31,31,6,6,600,600,2,30
1223.333,46,4,11,1,3,6,5,100,90.909,100,100,0,100,6,31,31,6,6,600,600,1,30
1224.333,46,4,11,1,3,6,5,100,90.909,100,100,0,100,6,31,31,6,6,600,600,1,30
1225.333,46,4,11,1,3,6,5,100,90.909,100,100,0,100,6,31,31,6,6,600,600,1,30
1226.333,46,4,11,1,3,6,5,100,90.909,100,100,0,100,6,31,31,6,6,600,600,1,30
1227.333,46,4,11,1,3,6,5,100,90.909,100,100,0,100,6,31,31,6,6,600,600,2,30
1228.333,46,4,11,1,3,6,5,100,90.909,100,100,0,100,6,31,31,6,6,600,600,2,30
1229.333,46,4,11,1,3,6,5,100,90.909,100,100,0,100,6,31,31,6,6,600,600,2,30
1230.333,46,4,11,1,3,6,5,100,90.909,100,100,0,100,6,31,31,6,6,600,600,2,30
1231.334,46,4,11,1,3,6,5,100,90.909,100,100,0,100,6,31,31,6,6,600,600,1,30
1232.334,46,4,11,1,3,6,5,100,90.909,100,100,0,100,6,31,31,6,6,600,600,1,30
1233.334,46,4,11,1,3,6,5,100,90.909,100,100,0,100,6,31,31,6,6,600,600,2,30
1234.334,46,4,11,1,3,6,5,100,90.909,100,100,0,100,6,31,31,6,6,600,600,2,30
1235.334,46,4,11,1,3,6,5,100,90.909,100,100,0,100,6,31,31,6,6,600,600,1,30
1236.334,46,4,11,1,3,6,5,100,90.909,100,100,0,100,6,31,31,6,6,600,600,2,30
1237.334,46,4,11,1,3,6,5,100,90.909,100,100,0,100,6,31,31,6,6,600,600,1,30
1238.334,46,4,11,1,3,6,5,100,90.909,100,100,0,100,6,31,31,6,6,600,600,1,30
1239.335,46,4,11,1,3,6,5,100,90.909,100,100,0,100,6,31,31,6,6,600,600,1,30
1240.335,46,4,11,1,3,6,5,100,90.909,100,100,0,100,6,31,31,6,6,600,600,2,30
1241.335,46,4,11,1,3,6,5,100,90.909,100,100,0,100,6,31,31,6,6,600,600,2,30
1242.335,46,4,11,1,3,6,5,100,90.909,100,100,0,100,6,31,31,6,6,600,600,1,30
1243.335,46,4,11,1,3,6,5,100,90.909,100,100,0,100,6,31,31,6,6,600,600,3,30
1244.335,46,4,11,1,3,6,5,100,90.909,100,100,0,100,6,31,31,6,6,600,600,2,30
1245.335,46,4,11,1,3,6,5,100,90.909,100,100,0,100,6,31,31,6,6,600,600,1,30
1246.335,46,4,11,1,3,6,5,100,90.909,100,100,0,100,6,31,31,6,6,600,600,2,30
1247.336,46,4,11,1,3,6,5,100,90.909,100,100,0,100,6,31,31,6,6,600,600,1,30
1248.336,46,4,11,1,3,6,5,100,90.909,100,100,0,100,6,31,31,6,6,600,600,2,30
1249.336,46,4,11,1,3,6,5,100,90.909,100,100,0,100,6,31,31,6,6,600,600,1,30
1250.336,46,4,11,1,3,6,5,100,90.909,100,100,0,100,6,31,31,6,6,600,600,1,30
1251.336,46,4,11,1,3,6,5,100,90.909,100,100,0,100,6,31,31,6,6,600,600,2,30
1252.336,46,4,11,1,3,6,5,100,90.909,100,100,0,100,6,31,31,6,6,600,600,1,30
1253.336,46,4,11,1,3,6,5,100,90.909,100,100,0,100,6,31,31,6,6,600,600,2,30
1254.336,46,4,11,1,3,6,5,100,90.909,100,100,0,100,6,31,31,6,6,600,600,1,30
1255.337,46,4,11,1,3,6,5,100,90.909,100,100,0,100,6,31,31,6,6,600,600,1,30
1256.337,46,4,11,1,3,6,5,100,90.909,100,100,0,100,6,31,31,6,6,600,600,2,30
1257.337,46,4,11,1,3,6,5,100,90.909,100,100,0,100,6,31,31,6,6,600,600,2,30
1258.337,46,4,11,1,3,6,5,100,90.909,100,100,0,100,6,31,31,6,6,600,600,2,30
1259.337,46,4,11,1,3,6,5,100,90.909,100,100,0,100,6,31,31,6,6,600,600,1,30
1260.337,46,4,11,1,3,6,5,100,90.909,100,100,0,100,6,31,31,6,6,600,600,1,30
1261.337,46,4,11,1,3,6,5,100,90.909,100,100,0,100,6,31,31,6,6,600,600,1,30
1262.337,46,4,11,1,3,6,5,100,90.909,100,100,0,100,6,31,31,6,6,600,600,2,30
1263.338,46,4,11,1,3,6,5,100,90.909,100,100,0,100,6,31,31,6,6,600,600,2,30
1264.338,46,4,11,1,3,6,5,100,90.909,100,100,0,100,6,31,31,6,6,600,600,2,30
1265.338,46,4,11,1,3,6,5,100,90.909,100,100,0,100,6,31,31,6,6,600,600,1,30
1266.338,46,4,11,1,3,6,5,100,90.909,100,100,0,100,6,31,31,6,6,600,600,1,30
1267.338,46,4,11,1,3,6,5,100,90.909,100,100,0,100,6,31,31,6,6,600,600,2,30
1268.338,46,4,11,1,3,6,5,100,90.909,100,100,0,100,6,31,31,6,6,600,600,1,30
1269.338,46,4,11,1,3,6,5,100,90.909,100,100,0,100,6,31,31,6,6,600,600,1,30
1270.338,46,4,11,1,3,6,5,100,90.909,100,100,0,100,6,31,31,6,6,600,600,2,30
1271.339,46,4,11,1,3,6,5,100,90.909,100,100,0,100,6,31,31,6,6,600,600,2,30
1272.339,46,4,11,1,3,6,5,100,90.909,100,100,0,100,6,31,31,6,6,600,600,2,30
1273.339,46,4,11,1,3,6,5,100,90.909,100,100,0,100,6,31,31,6,6,600,600,1,30
1274.339,46,4,11,1,3,6,5,100,90.909,100,100,0,100,6,31,31,6,6,600,600,2,30
1275.339,46,4,11,1,3,6,5,100,90.909,100,100,0,100,6,31,31,6,6,600,600,2,30
1276.339,46,4,11,1,3,6,5,100,90.909,100,100,0,100,6,31,31,6,6,600,600,1,30
1277.339,46,4,11,1,3,6,5,100,90.909,100,100,0,100,6,31,31,6,6,600,600,2,30
1278.339,46,4,11,1,3,6,5,100,90.909,100,100,0,100,6,31,31,6,6,600,600,1,30
1279.339,46,4,11,1,3,6,5,100,90.909,100,100,0,100,6,31,31,6,6,600,600,2,30
1280.34,46,4,11,1,3,6,5,100,90.909,100,100,0,100,6,31,31,6,6,600,600,2,30
1281.34,46,4,11,1,3,6,5,100,90.909,100,100,0,100,6,31,31,6,6,600,600,2,30
1282.34,46,4,11,1,3,6,5,100,90.909,100,100,0,100,6,31,31,6,6,600,600,2,30
1283.34,46,4,11,1,3,6,5,100,90.909,100,100,0,100,6,31,31,6,6,600,600,1,30
1284.34,46,4,11,1,3,6,5,100,90.909,100,100,0,100,6,31,31,6,6,600,600,2,30
1285.34,46,4,11,1,3,6,5,100,90.909,100,100,0,100,6,31,31,6,6,600,600,2,30
1286.34,46,4,11,1,3,6,5,100,90.909,100,100,0,100,6,31,31,6,6,600,600,3,30
1287.34,46,4,11,1,3,6,5,100,90.909,100,100,0,100,6,31,31,6,6,600,600,2,30
1288.341,46,4,11,1,3,6,5,100,90.909,100,100,0,100,6,31,31,6,6,600,600,2,30
1289.341,46,4,11,1,3,6,5,100,90.909,100,100,0,100,6,31,31,6,6,600,600,2,30
1290.341,46,4,11,1,3,6,5,100,90.909,100,100,0,100,6,31,31,6,6,600,600,2,30
1291.341,46,4,11,1,3,6,5,100,90.909,100,100,0,100,6,31,31,6,6,600,600,3,30
1292.341,46,4,11,1,3,6,5,100,90.909,100,100,0,100,6,31,31,6,6,600,600,1,30
1293.341,46,4,11,1,3,6,5,100,90.909,100,100,0,100,6,31,31,6,6,600,600,2,30
1294.341,46,4,11,1,3,6,5,100,90.909,100,100,0,100,6,31,31,6,6,600,600,1,30
1295.341,46,4,11,1,3,6,5,100,90.909,100,100,0,100,6,31,31,6,6,600,600,2,30
1296.342,46,4,11,1,3,6,5,100,90.909,100,100,0,100,6,31,31,6,6,600,600,2,30
1297.342,46,4,11,1,3,6,5,100,90.909,100,100,0,100,6,31,31,6,6,600,600,2,30
1298.342,46,4,11,1,3,6,5,100,90.909,100,100,0,100,6,31,31,6,6,600,600,2,30
1299.342,46,4,11,1,3,6,5,100,90.909,100,100,0,100,6,31,31,6,6,600,600,2,30
1300.342,46,4,11,1,3,6,5,100,90.909,100,100,0,100,6,31,31,6,6,600,600,3,30
1301.342,46,4,11,1,3,6,5,100,90.909,100,100,0,100,6,31,31,6,6,600,600,2,30
1302.342,46,4,11,1,3,6,5,100,90.909,100,100,0,100,6,31,31,6,6,600,600,1,30
1303.342,46,4,11,1,3,6,5,100,90.909,100,100,0,100,6,31,31,6,6,600,600,1,30
1304.343,46,4,11,1,3,6,5,100,90.909,100,100,0,100,6,31,31,6,6,600,600,2,30
1305.343,46,4,11,1,3,6,5,100,90.909,100,100,0,100,6,31,31,6,6,600,600,2,30
1306.343,46,4,11,1,3,6,5,100,90.909,100,100,0,100,6,31,31,6,6,600,600,1,30
1307.343,46,4,11,1,3,6,5,100,90.909,100,100,0,100,6,31,31,6,6,600,600,2,30
1308.343,46,4,11,1,3,6,5,100,90.909,100,100,0,100,6,31,31,6,6,600,600,2,30
1309.343,46,4,11,1,3,6,5,100,90.909,100,100,0,100,6,31,31,6,6,600,600,1,30
1310.343,46,4,11,1,3,6,5,100,90.909,100,100,0,100,6,31,31,6,6,600,600,2,30
1311.343,46,4,11,1,3,6,5,100,90.909,100,100,0,100,6,31,31,6,6,600,600,1,30
1312.344,46,4,11,1,3,6,5,100,90.909,100,100,0,100,6,31,31,6,6,600,600,2,30
1313.344,46,4,11,1,3,6,5,100,90.909,100,100,0,100,6,31,31,6,6,600,600,2,30
1314.344,46,4,11,1,3,6,5,100,90.909,100,100,0,100,6,31,31,6,6,600,600,2,30
1315.344,46,4,11,1,3,6,5,100,90.909,100,100,0,100,6,31,31,6,6,600,600,1,30
1316.344,46,4,11,1,3,6,5,100,90.909,100,100,0,100,6,31,31,6,6,600,600,2,30
1317.344,46,4,11,1,3,6,5,100,90.909,100,100,0,100,6,31,31,6,6,600,600,2,30
1318.344,46,4,11,1,3,6,5,100,90.909,100,100,0,100,6,31,31,6,6,600,600,2,30
1319.344,46,4,11,1,3,6,5,100,90.909,100,100,0,100,6,31,31,6,6,600,600,1,30
1320.344,46,4,11,1,3,6,5,100,90.909,100,100,0,100,6,31,31,6,6,600,600,2,30
1321.345,46,4,11,1,3,6,5,100,90.909,100,100,0,100,6,31,31,6,6,600,600,1,30
1322.345,46,4,11,1,3,6,5,100,90.909,100,100,0,100,6,31,31,6,6,600,600,2,30
1323.345,46,4,11,1,3,6,5,100,90.909,100,100,0,100,6,31,31,6,6,600,600,2,30
1324.345,46,4,11,1,3,6,5,100,90.909,100,100,0,100,6,31,31,6,6,600,600,1,30
1325.345,46,4,11,1,3,6,5,100,90.909,100,100,0,100,6,31,31,6,6,600,600,1,30
1326.345,46,4,11,1,3,6,5,100,90.909,100,100,0,100,6,31,31,6,6,600,600,2,30
1327.345,46,4,11,1,3,6,5,100,90.909,100,100,0,100,6,31,31,6,6,600,600,2,30
1328.345,46,4,11,1,3,6,5,100,90.909,100,100,0,100,6,31,31,6,6,600,600,2,30
1329.346,46,4,11,1,3,6,5,100,90.909,100,100,0,100,6,31,31,6,6,600,600,2,30
1330.346,46,4,11,1,3,6,5,100,90.909,100,100,0,100,6,31,31,6,6,600,600,2,30
1331.346,46,4,11,1,3,6,5,100,90.909,100,100,0,100,6,31,31,6,6,600,600,2,30
1332.346,46,4,11,1,3,6,5,100,90.909,100,100,0,100,6,31,31,6,6,600,600,2,30
1333.346,46,4,11,1,3,6,5,100,90.909,100,100,0,100,6,31,31,6,6,600,600,2,30
1334.346,46,4,11,1,3,6,5,100,90.909,100,100,0,100,6,31,31,6,6,600,600,2,30
1335.346,46,4,11,1,3,6,5,100,90.909,100,100,0,100,6,31,31,6,6,600,600,1,30
1336.346,46,4,11,1,3,6,5,100,90.909,100,100,0,100,6,31,31,6,6,600,600,2,30
1337.347,46,4,11,1,3,6,5,100,90.909,100,100,0,100,6,31,31,6,6,600,600,1,30
1338.347,46,4,11,1,3,6,5,100,90.909,100,100,0,100,6,31,31,6,6,600,600,2,30
1339.347,46,4,11,1,3,6,5,100,90.909,100,100,0,100,6,31,31,6,6,600,600,2,30
1340.347,46,4,11,1,3,6,5,100,90.909,100,100,0,100,6,31,31,6,6,600,600,2,30
1341.347,46,4,11,1,3,6,5,100,90.909,100,100,0,100,6,31,31,6,6,600,600,1,30
1342.347,46,4,11,1,3,6,5,100,90.909,100,100,0,100,6,31,31,6,6,600,600,1,30
1343.347,46,4,11,1,3,6,5,100,90.909,100,100,0,100,6,31,31,6,6,600,600,1,30
1344.347,46,4,11,1,3,6,5,100,90.909,100,100,0,100,6,31,31,6,6,600,600,1,30
1345.348,46,4,11,1,3,6,5,100,90.909,100,100,0,100,6,31,31,6,6,600,600,1,30
1346.348,46,4,11,1,3,6,5,100,90.909,100,100,0,100,6,31,31,6,6,600,600,1,30
1347.348,46,4,11,1,3,6,5,100,90.909,100,100,0,100,6,31,31,6,6,600,600,1,30
1348.348,46,4,11,1,3,6,5,100,90.909,100,100,0,100,6,31,31,6,6,600,600,2,30
1349.348,46,4,11,1,3,6,5,100,90.909,100,100,0,100,6,31,31,6,6,600,600,2,30
1350.348,46,4,11,1,3,6,5,100,90.909,100,100,0,100,6,31,31,6,6,600,600,1,30
1351.348,46,4,11,1,3,6,5,100,90.909,100,100,0,100,6,31,31,6,6,600,600,1,30
1352.348,46,4,11,1,3,6,5,100,90.909,100,100,0,100,6,31,31,6,6,600,600,2,30
1353.349,46,4,11,1,3,6,5,100,90.909,100,100,0,100,6,31,31,6,6,600,600,2,30
1354.349,46,4,11,1,3,6,5,100,90.909,100,100,0,100,6,31,31,6,6,600,600,2,30
1355.349,46,4,11,1,3,6,5,100,90.909,100,100,0,100,6,31,31,6,6,600,600,2,30
1356.349,46,4,11,1,3,6,5,100,90.909,100,100,0,100,6,31,31,6,6,600,600,1,30
1357.349,46,4,11,1,3,6,5,100,90.909,100,100,0,100,6,31,31,6,6,600,600,1,30
1358.349,46,4,11,1,3,6,5,100,90.909,100,100,0,100,6,31,31,6,6,600,600,2,30
1359.349,46,4,11,1,3,6,5,100,90.909,100,100,0,100,6,31,31,6,6,600,600,2,30
1360.349,46,4,11,1,3,6,5,100,90.909,100,100,0,100,6,31,31,6,6,600,600,1,30
1361.349,46,4,11,1,3,6,5,100,90.909,100,100,0,100,6,31,31,6,6,600,600,2,30
1362.35,46,4,11,1,3,6,5,100,90.909,100,100,0,100,6,31,31,6,6,600,600,1,30
1363.35,46,4,11,1,3,6,5,100,90.909,100,100,0,100,6,31,31,6,6,600,600,2,30
1364.35,46,4,11,1,3,6,5,100,90.909,100,100,0,100,6,31,31,6,6,600,600,2,30
1365.35,46,4,11,1,3,6,5,100,90.909,100,100,0,100,6,31,31,6,6,600,600,2,30
1366.35,46,4,11,1,3,6,5,100,90.909,100,100,0,100,6,31,31,6,6,600,600,2,30
1367.35,46,4,11,1,3,6,5,100,90.909,100,100,0,100,6,31,31,6,6,600,600,2,30
1368.35,46,4,11,1,3,6,5,100,90.909,100,100,0,100,6,31,31,6,6,600,600,2,30
1369.35,46,4,11,1,3,6,5,100,90.909,100,100,0,100,6,31,31,6,6,600,600,2,30
1370.351,46,4,11,1,3,6,5,100,90.909,100,100,0,100,6,31,31,6,6,600,600,2,30
1371.351,46,4,11,1,3,6,5,100,90.909,100,100,0,100,6,31,31,6,6,600,600,2,30
1372.351,46,4,11,1,3,6,5,100,90.909,100,100,0,100,6,31,31,6,6,600,600,3,30
1373.351,46,4,11,1,3,6,5,100,90.909,100,100,0,100,6,31,31,6,6,600,600,2,30
1374.351,46,4,11,1,3,6,5,100,90.909,100,100,0,100,6,31,31,6,6,600,600,2,30
1375.351,46,4,11,1,3,6,5,100,90.909,100,100,0,100,6,31,31,6,6,600,600,2,30
1376.351,46,4,11,1,3,6,5,100,90.909,100,100,0,100,6,31,31,6,6,600,600,3,30
1377.351,46,4,11,1,3,6,5,100,90.909,100,100,0,100,6,31,31,6,6,600,600,2,30
1378.352,46,4,11,1,3,6,5,100,90.909,100,100,0,100,6,31,31,6,6,600,600,2,30
1379.352,46,4,11,1,3,6,5,100,90.909,100,100,0,100,6,31,31,6,6,600,600,3,30
1380.352,46,4,11,1,3,6,5,100,90.909,100,100,0,100,6,31,31,6,6,600,600,2,30
1381.352,46,4,11,1,3,6,5,100,90.909,100,100,0,100,6,31,31,6,6,600,600,2,30
1382.352,46,4,11,1,3,6,5,100,90.909,100,100,0,100,6,31,31,6,6,600,600,2,30
1383.352,46,4,11,1,3,6,5,100,90.909,100,100,0,100,6,31,31,6,6,600,600,2,30
1384.352,46,4,11,1,3,6,5,100,90.909,100,100,0,100,6,31,31,6,6,600,600,2,30
1385.352,46,4,11,1,3,6,5,100,90.909,100,100,0,100,6,31,31,6,6,600,600,2,30
1386.353,46,4,11,1,3,6,5,100,90.909,100,100,0,100,6,31,31,6,6,600,600,1,30
1387.353,46,4,11,1,3,6,5,100,90.909,100,100,0,100,6,31,31,6,6,600,600,1,30
1388.353,46,4,11,1,3,6,5,100,90.909,100,100,0,100,6,31,31,6,6,600,600,2,30
1389.353,46,4,11,1,3,6,5,100,90.909,100,100,0,100,6,31,31,6,6,600,600,2,30
1390.353,46,4,11,1,3,6,5,100,90.909,100,100,0,100,6,31,31,6,6,600,600,2,30
1391.353,46,4,11,1,3,6,5,100,90.909,100,100,0,100,6,31,31,6,6,600,600,2,30
1392.353,46,4,11,1,3,6,5,100,90.909,100,100,0,100,6,31,31,6,6,600,600,2,30
1393.353,46,4,11,1,3,6,5,100,90.909,100,100,0,100,6,31,31,6,6,600,600,2,30
1394.354,46,4,11,1,3,6,5,100,90.909,100,100,0,100,6,31,31,6,6,600,600,1,30
1395.354,46,4,11,1,3,6,5,100,90.909,100,100,0,100,6,31,31,6,6,600,600,1,30
1396.354,46,4,11,1,3,6,5,100,90.909,100,100,0,100,6,31,31,6,6,600,600,2,30
1397.354,46,4,11,1,3,6,5,100,90.909,100,100,0,100,6,31,31,6,6,600,600,2,30
1398.354,46,4,11,1,3,6,5,100,90.909,100,100,0,100,6,31,31,6,6,600,600,2,30
1399.354,46,4,11,1,3,6,5,100,90.909,100,100,0,100,6,31,31,6,6,600,600,2,30
1400.354,46,4,11,1,3,6,5,100,90.909,100,100,0,100,6,31,31,6,6,600,600,2,30
1401.354,46,4,11,1,3,6,5,100,90.909,100,100,0,100,6,31,31,6,6,600,600,2,30
1402.354,46,4,11,1,3,6,5,100,90.909,100,100,0,100,6,31,31,6,6,600,600,1,30
1403.355,46,4,11,1,3,6,5,100,90.909,100,100,0,100,6,31,31,6,6,600,600,2,30
1404.355,46,4,11,1,3,6,5,100,90.909,100,100,0,100,6,31,31,6,6,600,600,2,30
1405.355,46,4,11,1,3,6,5,100,90.909,100,100,0,100,6,31,31,6,6,600,600,2,30
1406.355,46,4,11,1,3,6,5,100,90.909,100,100,0,100,6,31,31,6,6,600,600,2,30
1407.355,46,4,11,1,3,6,5,100,90.909,100,100,0,100,6,31,31,6,6,600,600,1,30
1408.355,46,3,11,1,2,6,5,100,90.909,100,100,0,100,6,32,32,6,6,600,600,2,30
1409.355,46,3,11,1,2,6,5,100,90.909,100,100,0,100,6,32,32,6,6,600,600,2,30
1410.355,46,3,11,1,2,6,5,100,90.909,100,100,0,100,6,32,32,6,6,600,600,1,30
1411.356,46,3,11,1,2,6,5,100,90.909,100,100,0,100,6,32,32,6,6,600,600,2,30
1412.356,46,3,11,1,2,6,5,100,90.909,100,100,0,100,6,32,32,6,6,600,600,2,30
1413.356,46,3,11,1,2,6,5,100,90.909,100,100,0,100,6,32,32,6,6,600,600,2,30
1414.356,46,3,11,1,2,6,5,100,90.909,100,100,0,100,6,32,32,6,6,600,600,1,30
1415.356,46,3,11,1,2,6,5,100,90.909,100,100,0,100,6,32,32,6,6,600,600,1,30
1416.356,46,3,11,1,2,6,5,100,90.909,100,100,0,100,6,32,32,6,6,600,600,2,30
1417.356,46,3,11,1,2,6,5,100,90.909,100,100,0,100,6,32,32,6,6,600,600,1,30
1418.356,46,3,11,1,2,6,5,100,90.909,100,100,0,100,6,32,32,6,6,600,600,1,30
1419.357,46,3,11,1,2,6,5,100,90.909,100,100,0,100,6,32,32,6,6,600,600,2,30
1420.357,46,3,11,1,2,6,5,100,90.909,100,100,0,100,6,32,32,6,6,600,600,2,30
1421.357,46,3,11,1,2,6,5,100,90.909,100,100,0,100,6,32,32,6,6,600,600,1,30
1422.357,46,3,11,1,2,6,5,100,90.909,100,100,0,100,6,32,32,6,6,600,600,2,30
1423.357,46,3,11,1,2,6,5,100,90.909,100,100,0,100,6,32,32,6,6,600,600,1,30
1424.357,46,3,11,1,2,6,5,100,90.909,100,100,0,100,6,32,32,6,6,600,600,2,30
1425.357,46,3,11,1,2,6,5,100,90.909,100,100,0,100,6,32,32,6,6,600,600,2,30
1426.357,46,3,11,1,2,6,5,100,90.909,100,100,0,100,6,32,32,6,6,600,600,1,30
1427.358,46,3,11,1,2,6,5,100,90.909,100,100,0,100,6,32,32,6,6,600,600,2,30
1428.358,46,3,11,1,2,6,5,100,90.909,100,100,0,100,6,32,32,6,6,600,600,2,30
1429.358,46,3,11,1,2,6,5,100,90.909,100,100,0,100,6,32,32,6,6,600,600,1,30
1430.358,46,3,11,1,2,6,5,100,90.909,100,100,0,100,6,32,32,6,6,600,600,1,30
1431.358,46,3,11,1,2,6,5,100,90.909,100,100,0,100,6,32,32,6,6,600,600,1,30
1432.358,46,3,11,1,2,6,5,100,90.909,100,100,0,100,6,32,32,6,6,600,600,1,30
1433.358,46,3,11,1,2,6,5,100,90.909,100,100,0,100,6,32,32,6,6,600,600,2,30
1434.358,46,3,11,1,2,6,5,100,90.909,100,100,0,100,6,32,32,6,6,600,600,1,30
1435.359,46,3,11,1,2,6,5,100,90.909,100,100,0,100,6,32,32,6,6,600,600,2,30
1436.359,46,3,11,1,2,6,5,100,90.909,100,100,0,100,6,32,32,6,6,600,600,2,30
1437.359,46,3,11,1,2,6,5,100,90.909,100,100,0,100,6,32,32,6,6,600,600,2,30
1438.359,46,3,11,1,2,6,5,100,90.909,100,100,0,100,6,32,32,6,6,600,600,2,30
1439.359,46,3,11,1,2,6,5,100,90.909,100,100,0,100,6,32,32,6,6,600,600,3,30
1440.359,46,3,11,1,2,6,5,100,90.909,100,100,0,100,6,32,32,6,6,600,600,2,30
1441.359,46,3,11,1,2,6,5,100,90.909,100,100,0,100,6,32,32,6,6,600,600,1,30
1442.359,46,3,11,1,2,6,5,100,90.909,100,100,0,100,6,32,32,6,6,600,600,2,30
1443.359,46,3,11,1,2,6,5,100,90.909,100,100,0,100,6,32,32,6,6,600,600,1,30
1444.36,46,3,11,1,2,6,5,100,90.909,100,100,0,100,6,32,32,6,6,600,600,2,30
1445.36,46,3,11,1,2,6,5,100,90.909,100,100,0,100,6,32,32,6,6,600,600,1,30
1446.36,46,3,11,1,2,6,5,100,90.909,100,100,0,100,6,32,32,6,6,600,600,2,30
1447.36,46,3,11,1,2,6,5,100,90.909,100,100,0,100,6,32,32,6,6,600,600,2,30
1448.36,46,3,11,1,2,6,5,100,90.909,100,100,0,100,6,32,32,6,6,600,600,2,30
1449.36,46,3,11,1,2,6,5,100,90.909,100,100,0,100,6,32,32,6,6,600,600,2,30
1450.36,46,3,11,1,2,6,5,100,90.909,100,100,0,100,6,32,32,6,6,600,600,1,30
1451.36,46,3,11,1,2,6,5,100,90.909,100,100,0,100,6,32,32,6,6,600,600,2,30
1452.361,46,3,11,1,2,6,5,100,90.909,100,100,0,100,6,32,32,6,6,600,600,2,30
1453.361,46,3,11,1,2,6,5,100,90.909,100,100,0,100,6,32,32,6,6,600,600,2,30
1454.361,46,3,11,1,2,6,5,100,90.909,100,100,0,100,6,32,32,6,6,600,600,2,30
1455.361,46,3,11,1,2,6,5,100,90.909,100,100,0,100,6,32,32,6,6,600,600,2,30
1456.361,46,3,11,1,2,6,5,100,90.909,100,100,0,100,6,32,32,6,6,600,600,2,30
1457.361,46,3,11,1,2,6,5,100,90.909,100,100,0,100,6,32,32,6,6,600,600,2,30
1458.361,46,3,11,1,2,6,5,100,90.909,100,100,0,100,6,32,32,6,6,600,600,2,30
1459.361,46,3,11,1,2,6,5,100,90.909,100,100,0,100,6,32,32,6,6,600,600,2,30
1460.362,46,3,11,1,2,6,5,100,90.909,100,100,0,100,6,32,32,6,6,600,600,1,30
1461.362,46,3,11,1,2,6,5,100,90.909,100,100,0,100,6,32,32,6,6,600,600,2,30
1462.362,46,3,11,1,2,6,5,100,90.909,100,100,0,100,6,32,32,6,6,600,600,2,30
1463.362,46,3,11,1,2,6,5,100,90.909,100,100,0,100,6,32,32,6,6,600,600,2,30
1464.362,46,3,11,1,2,6,5,100,90.909,100,100,0,100,6,32,32,6,6,600,600,2,30
1465.362,46,3,11,1,2,6,5,100,90.909,100,100,0,100,6,32,32,6,6,600,600,2,30
1466.362,46,3,11,1,2,6,5,100,90.909,100,100,0,100,6,32,32,6,6,600,600,2,30
1467.362,46,3,11,1,2,6,5,100,90.909,100,100,0,100,6,32,32,6,6,600,600,2,30
1468.363,46,3,11,1,2,6,5,100,90.909,100,100,0,100,6,32,32,6,6,600,600,3,30
1469.363,46,3,11,1,2,6,5,100,90.909,100,100,0,100,6,32,32,6,6,600,600,2,30
1470.363,46,3,11,1,2,6,5,100,90.909,100,100,0,100,6,32,32,6,6,600,600,1,30
1471.363,46,3,11,1,2,6,5,100,90.909,100,100,0,100,6,32,32,6,6,600,600,1,30
1472.363,46,3,11,1,2,6,5,100,90.909,100,100,0,100,6,32,32,6,6,600,600,2,30
1473.363,46,3,11,1,2,6,5,100,90.909,100,100,0,100,6,32,32,6,6,600,600,2,30
1474.363,46,3,11,1,2,6,5,100,90.909,100,100,0,100,6,32,32,6,6,600,600,2,30
1475.363,46,3,11,1,2,6,5,100,90.909,100,100,0,100,6,32,32,6,6,600,600,1,30
1476.364,46,3,11,1,2,6,5,100,90.909,100,100,0,100,6,32,32,6,6,600,600,2,30
1477.364,46,3,11,1,2,6,5,100,90.909,100,100,0,100,6,32,32,6,6,600,600,1,30
1478.364,46,3,11,1,2,6,5,100,90.909,100,100,0,100,6,32,32,6,6,600,600,1,30
1479.364,46,3,11,1,2,6,5,100,90.909,100,100,0,100,6,32,32,6,6,600,600,2,30
1480.364,46,3,11,1,2,6,5,100,90.909,100,100,0,100,6,32,32,6,6,600,600,1,30
1481.364,46,3,11,1,2,6,5,100,90.909,100,100,0,100,6,32,32,6,6,600,600,2,30
1482.364,46,3,11,1,2,6,5,100,90.909,100,100,0,100,6,32,32,6,6,600,600,2,30
1483.364,46,3,11,1,2,6,5,100,90.909,100,100,0,100,6,32,32,6,6,600,600,2,30
1484.365,46,3,11,1,2,6,5,100,90.909,100,100,0,100,6,32,32,6,6,600,600,1,30
1485.365,46,3,11,1,2,6,5,100,90.909,100,100,0,100,6,32,32,6,6,600,600,2,30
1486.365,46,3,11,1,2,6,5,100,90.909,100,100,0,100,6,32,32,6,6,600,600,2,30
1487.365,46,3,11,1,2,6,5,100,90.909,100,100,0,100,6,32,32,6,6,600,600,2,30
1488.365,46,3,11,1,2,6,5,100,90.909,100,100,0,100,6,32,32,6,6,600,600,2,30
1489.365,46,3,11,1,2,6,5,100,90.909,100,100,0,100,6,32,32,6,6,600,600,1,30
1490.365,46,3,11,1,2,6,5,100,90.909,100,100,0,100,6,32,32,6,6,600,600,1,30
1491.365,46,3,11,1,2,6,5,100,90.909,100,100,0,100,6,32,32,6,6,600,600,1,30
1492.365,46,3,11,1,2,6,5,100,90.909,100,100,0,100,6,32,32,6,6,600,600,1,30
1493.032,46,3,11,1,2,6,5,100,90.909,100,100,0,100,6,32,32,6,6,600,600,2,30
