time,totalAgents,preyCount,predatorCount,preyJuvenileCount,preyAdultCount,predatorJuvenileCount,predatorAdultCount,avgPreyEnergy,avgPredatorEnergy,minPreyEnergy,maxPreyEnergy,minPredatorEnergy,maxPredatorEnergy,totalBirths,totalDeaths,totalKills,availableGrassPatches,totalGrassPatches,totalGrassFood,maxGrassFood,shelterOccupancy,shelterCapacity
0.333,40,32,8,11,21,3,5,100,100,100,100,100,100,0,0,0,6,6,600,600,6,30
1.333,40,32,8,11,21,3,5,100,100,100,100,100,100,0,0,0,6,6,600,600,7,30
2.333,40,32,8,11,21,3,5,100,100,100,100,100,100,0,0,0,6,6,600,600,7,30
3.333,41,33,8,12,21,3,5,98.485,100,75,100,100,100,1,0,0,6,6,600,600,7,30
4.333,41,33,8,12,21,3,5,98.485,100,75,100,100,100,1,0,0,6,6,600,600,7,30
5.333,41,33,8,12,21,3,5,98.485,100,75,100,100,100,1,0,0,6,6,600,600,7,30
6.333,41,33,8,12,21,3,5,98.485,100,75,100,100,100,1,0,0,6,6,600,600,6,30
7.333,41,33,8,12,21,3,5,98.485,100,75,100,100,100,1,0,0,6,6,600,600,7,30
8.333,41,33,8,12,21,3,5,98.485,100,75,100,100,100,1,0,0,6,6,600,600,7,30
9.333,41,33,8,12,21,3,5,98.485,100,75,100,100,100,1,0,0,6,6,600,600,7,30
10.333,41,33,8,12,21,3,5,98.485,100,75,100,100,100,1,0,0,6,6,600,600,5,30
11.333,41,33,8,12,21,3,5,98.485,100,75,100,100,100,1,0,0,6,6,600,600,3,30
12.333,41,33,8,12,21,3,5,98.485,100,75,100,100,100,1,0,0,6,6,600,600,3,30
13.333,41,32,8,12,20,3,5,99.219,100,75,100,100,100,1,1,1,6,6,600,600,3,30
14.333,41,32,8,12,20,3,5,99.219,100,75,100,100,100,1,1,1,6,6,600,600,3,30
15.333,41,30,8,12,18,3,5,100,100,100,100,100,100,1,3,3,6,6,600,600,5,30
16.333,41,30,8,12,18,3,5,100,100,100,100,100,100,1,3,3,6,6,600,600,5,30
17.333,41,29,8,11,18,3,5,100,100,100,100,100,100,1,4,4,6,6,600,600,3,30
18.333,42,29,8,11,18,3,5,98.276,100,75,100,100,100,2,5,5,6,6,600,600,2,30
19.333,42,29,8,11,18,3,5,98.276,100,75,100,100,100,2,5,5,6,6,600,600,2,30
20.333,42,29,8,11,18,3,5,98.276,100,75,100,100,100,2,5,5,6,6,600,600,4,30
21.333,42,29,8,11,18,3,5,98.276,100,75,100,100,100,2,5,5,6,6,600,600,3,30
22.333,42,29,8,11,18,3,5,98.276,100,75,100,100,100,2,5,5,6,6,600,600,3,30
23.333,42,29,8,11,18,3,5,98.276,100,75,100,100,100,2,5,5,6,6,600,600,3,30
24.333,42,28,8,10,18,3,5,98.214,100,75,100,100,100,2,6,6,6,6,600,600,3,30
25.333,42,28,8,10,18,3,5,98.214,100,75,100,100,100,2,6,6,6,6,600,600,3,30
26.333,42,28,8,10,18,3,5,98.214,100,75,100,100,100,2,6,6,6,6,600,600,3,30
27.333,42,28,8,10,18,3,5,98.214,100,75,100,100,100,2,6,6,6,6,600,600,4,30
28.333,42,28,8,10,18,3,5,98.214,100,75,100,100,100,2,6,6,6,6,600,600,5,30
29.333,42,28,8,10,18,3,5,98.214,100,75,100,100,100,2,6,6,6,6,600,600,3,30
30.333,42,28,8,10,18,3,5,98.214,100,75,100,100,100,2,6,6,6,6,600,600,3,30
31.333,42,28,8,10,18,3,5,98.214,100,75,100,100,100,2,6,6,6,6,600,600,3,30
32.333,42,28,8,10,18,3,5,98.214,100,75,100,100,100,2,6,6,6,6,600,600,5,30
33.333,42,28,8,10,18,3,5,98.214,100,75,100,100,100,2,6,6,6,6,600,600,4,30
34.333,42,28,8,10,18,3,5,98.214,100,75,100,100,100,2,6,6,6,6,600,600,6,30
35.333,42,28,8,10,18,3,5,98.214,100,75,100,100,100,2,6,6,6,6,600,600,5,30
36.333,42,28,8,10,18,3,5,98.214,100,75,100,100,100,2,6,6,6,6,600,600,3,30
37.333,42,28,8,10,18,3,5,98.214,100,75,100,100,100,2,6,6,6,6,600,600,2,30
38.333,42,27,8,10,17,3,5,98.148,100,75,100,100,100,2,7,7,6,6,600,600,3,30
39.333,42,26,8,10,16,3,5,98.077,100,75,100,100,100,2,8,8,6,6,600,600,2,30
40.333,42,26,8,10,16,3,5,98.077,100,75,100,100,100,2,8,8,6,6,600,600,2,30
41.333,42,26,8,10,16,3,5,98.077,100,75,100,100,100,2,8,8,6,6,600,600,2,30
42.333,42,25,8,9,16,3,5,98,100,75,100,100,100,2,9,9,6,6,600,600,3,30
43.333,42,25,8,9,16,3,5,98,100,75,100,100,100,2,9,9,6,6,600,600,3,30
44.333,42,25,8,9,16,3,5,98,100,75,100,100,100,2,9,9,6,6,600,600,4,30
45.333,42,25,8,9,16,3,5,98,100,75,100,100,100,2,9,9,6,6,600,600,3,30
46.333,42,25,8,9,16,3,5,98,100,75,100,100,100,2,9,9,6,6,600,600,2,30
47.333,42,25,8,9,16,3,5,98,100,75,100,100,100,2,9,9,6,6,600,600,2,30
48.333,42,25,8,9,16,3,5,98,100,75,100,100,100,2,9,9,6,6,600,600,2,30
49.333,42,25,8,9,16,3,5,98,100,75,100,100,100,2,9,9,6,6,600,600,2,30
50.333,42,25,8,9,16,3,5,98,100,75,100,100,100,2,9,9,6,6,600,600,4,30
51.333,42,25,8,9,16,3,5,98,100,75,100,100,100,2,9,9,6,6,600,600,5,30
52.333,42,25,8,9,16,3,5,98,100,75,100,100,100,2,9,9,6,6,600,600,4,30
53.333,42,25,8,9,16,3,5,98,100,75,100,100,100,2,9,9,6,6,600,600,6,30
54.333,42,25,8,9,16,3,5,98,100,75,100,100,100,2,9,9,6,6,600,600,5,30
55.333,42,25,8,9,16,3,5,98,100,75,100,100,100,2,9,9,6,6,600,600,2,30
56.333,42,25,8,9,16,3,5,98,100,75,100,100,100,2,9,9,6,6,600,600,3,30
57.333,42,25,8,9,16,3,5,98,100,75,100,100,100,2,9,9,6,6,600,600,3,30
58.333,42,25,8,9,16,3,5,98,100,75,100,100,100,2,9,9,6,6,600,600,3,30
59.333,42,25,8,9,16,3,5,98,100,75,100,100,100,2,9,9,6,6,600,600,2,30
60.333,42,25,8,9,16,3,5,98,100,75,100,100,100,2,9,9,6,6,600,600,3,30
61.333,42,25,8,9,16,3,5,98,100,75,100,100,100,2,9,9,6,6,600,600,2,30
62.333,42,25,8,9,16,3,5,98,100,75,100,100,100,2,9,9,6,6,600,600,2,30
63.333,42,25,8,9,16,3,5,98,100,75,100,100,100,2,9,9,6,6,600,600,4,30
64.333,42,25,8,9,16,3,5,98,100,75,100,100,100,2,9,9,6,6,600,600,2,30
65.333,43,26,8,10,16,3,5,96.154,100,75,100,100,100,3,9,9,6,6,600,600,3,30
66.333,43,26,8,10,16,3,5,96.154,100,75,100,100,100,3,9,9,6,6,600,600,3,30
67.333,43,26,8,10,16,3,5,96.154,100,75,100,100,100,3,9,9,6,6,600,600,4,30
68.333,43,26,8,10,16,3,5,96.154,100,75,100,100,100,3,9,9,6,6,600,600,3,30
69.333,43,25,8,10,15,3,5,96,100,75,100,100,100,3,10,10,6,6,600,600,2,30
70.333,43,25,8,10,15,3,5,96,100,75,100,100,100,3,10,10,6,6,600,600,3,30
71.333,43,25,8,10,15,3,5,96,100,75,100,100,100,3,10,10,6,6,600,600,5,30
72.333,43,25,8,10,15,3,5,96,100,75,100,100,100,3,10,10,6,6,600,600,2,30
73.333,43,25,8,10,15,3,5,96,100,75,100,100,100,3,10,10,6,6,600,600,3,30
74.333,43,25,8,10,15,3,5,96,100,75,100,100,100,3,10,10,6,6,600,600,2,30
75.333,43,25,8,10,15,3,5,96,100,75,100,100,100,3,10,10,6,6,600,600,2,30
76.333,43,25,8,10,15,3,5,96,100,75,100,100,100,3,10,10,6,6,600,600,3,30
77.333,43,25,8,10,15,3,5,96,100,75,100,100,100,3,10,10,6,6,600,600,2,30
78.333,43,25,8,10,15,3,5,96,100,75,100,100,100,3,10,10,6,6,600,600,3,30
79.333,43,25,8,10,15,3,5,96,100,75,100,100,100,3,10,10,6,6,600,600,2,30
80.333,43,25,8,10,15,3,5,96,100,75,100,100,100,3,10,10,6,6,600,600,2,30
81.333,43,25,8,10,15,3,5,96,100,75,100,100,100,3,10,10,6,6,600,600,2,30
82.333,43,25,8,10,15,3,5,96,100,75,100,100,100,3,10,10,6,6,600,600,3,30
83.333,43,25,8,10,15,3,5,96,100,75,100,100,100,3,10,10,6,6,600,600,2,30
84.333,43,25,8,10,15,3,5,96,100,75,100,100,100,3,10,10,6,6,600,600,3,30
85.333,43,25,8,10,15,3,5,96,100,75,100,100,100,3,10,10,6,6,600,600,3,30
86.333,43,25,8,10,15,3,5,96,100,75,100,100,100,3,10,10,6,6,600,600,2,30
87.333,43,25,8,10,15,3,5,96,100,75,100,100,100,3,10,10,6,6,600,600,3,30
88.333,43,25,8,10,15,3,5,96,100,75,100,100,100,3,10,10,6,6,600,600,4,30
89.333,43,25,8,10,15,3,5,96,100,75,100,100,100,3,10,10,6,6,600,600,2,30
90.333,43,25,8,10,15,3,5,96,100,75,100,100,100,3,10,10,6,6,600,600,4,30
91.333,43,25,8,10,15,3,5,96,100,75,100,100,100,3,10,10,6,6,600,600,2,30
92.333,43,25,8,10,15,3,5,96,100,75,100,100,100,3,10,10,6,6,600,600,3,30
93.333,43,25,8,10,15,3,5,96,100,75,100,100,100,3,10,10,6,6,600,600,2,30
94.333,43,25,8,10,15,3,5,96,100,75,100,100,100,3,10,10,6,6,600,600,2,30
95.333,43,25,8,10,15,3,5,96,100,75,100,100,100,3,10,10,6,6,600,600,3,30
96.333,43,25,8,10,15,3,5,96,100,75,100,100,100,3,10,10,6,6,600,600,5,30
97.333,43,25,8,10,15,3,5,96,100,75,100,100,100,3,10,10,6,6,600,600,2,30
98.334,43,25,8,10,15,3,5,96,100,75,100,100,100,3,10,10,6,6,600,600,3,30
99.334,43,25,8,10,15,3,5,96,100,75,100,100,100,3,10,10,6,6,600,600,3,30
100.334,43,25,8,10,15,3,5,100,100,100,100,100,100,3,10,10,6,6,600,600,3,30
101.334,43,25,8,10,15,3,5,100,100,100,100,100,100,3,10,10,6,6,600,600,2,30
102.334,43,25,8,10,15,3,5,100,100,100,100,100,100,3,10,10,6,6,600,600,2,30
103.334,43,25,8,10,15,3,5,100,100,100,100,100,100,3,10,10,6,6,600,600,2,30
104.334,43,25,8,10,15,3,5,100,100,100,100,100,100,3,10,10,6,6,600,600,2,30
105.334,43,25,8,10,15,3,5,100,100,100,100,100,100,3,10,10,6,6,600,600,2,30
106.334,43,25,8,10,15,3,5,100,100,100,100,100,100,3,10,10,6,6,600,600,3,30
107.334,43,25,8,10,15,3,5,100,100,100,100,100,100,3,10,10,6,6,600,600,2,30
108.334,43,25,8,10,15,3,5,100,100,100,100,100,100,3,10,10,6,6,600,600,3,30
109.334,43,25,8,10,15,3,5,100,100,100,100,100,100,3,10,10,6,6,600,600,3,30
110.334,43,25,8,10,15,3,5,100,100,100,100,100,100,3,10,10,6,6,600,600,2,30
111.334,43,25,8,10,15,3,5,100,100,100,100,100,100,3,10,10,6,6,600,600,4,30
112.334,43,25,8,10,15,3,5,100,100,100,100,100,100,3,10,10,6,6,600,600,4,30
113.334,43,25,8,10,15,3,5,100,100,100,100,100,100,3,10,10,6,6,600,600,2,30
114.334,43,25,8,10,15,3,5,100,100,100,100,100,100,3,10,10,6,6,600,600,2,30
115.334,43,25,8,10,15,3,5,100,100,100,100,100,100,3,10,10,6,6,600,600,4,30
116.334,43,25,8,10,15,3,5,100,100,100,100,100,100,3,10,10,6,6,600,600,3,30
117.334,43,25,8,10,15,3,5,100,100,100,100,100,100,3,10,10,6,6,600,600,2,30
118.334,43,25,8,10,15,3,5,100,100,100,100,100,100,3,10,10,6,6,600,600,2,30
119.334,43,25,8,10,15,3,5,100,100,100,100,100,100,3,10,10,6,6,600,600,4,30
120.334,43,25,8,10,15,3,5,100,100,100,100,100,100,3,10,10,6,6,600,600,3,30
121.334,43,25,8,10,15,3,5,100,100,100,100,100,100,3,10,10,6,6,600,600,3,30
122.334,43,25,8,10,15,3,5,100,100,100,100,100,100,3,10,10,6,6,600,600,4,30
123.334,43,25,8,10,15,3,5,100,100,100,100,100,100,3,10,10,6,6,600,600,2,30
124.334,43,25,8,10,15,3,5,100,100,100,100,100,100,3,10,10,6,6,600,600,2,30
125.334,43,25,8,10,15,3,5,100,100,100,100,100,100,3,10,10,6,6,600,600,2,30
126.334,43,25,8,10,15,3,5,100,100,100,100,100,100,3,10,10,6,6,600,600,3,30
127.334,43,25,8,10,15,3,5,100,100,100,100,100,100,3,10,10,6,6,600,600,4,30
128.334,43,25,8,10,15,3,5,100,100,100,100,100,100,3,10,10,6,6,600,600,4,30
129.334,43,25,8,10,15,3,5,100,100,100,100,100,100,3,10,10,6,6,600,600,2,30
130.334,43,25,8,10,15,3,5,100,100,100,100,100,100,3,10,10,6,6,600,600,4,30
131.334,43,25,8,10,15,3,5,100,100,100,100,100,100,3,10,10,6,6,600,600,4,30
132.334,43,25,8,10,15,3,5,100,100,100,100,100,100,3,10,10,6,6,600,600,5,30
133.334,43,25,8,10,15,3,5,100,100,100,100,100,100,3,10,10,6,6,600,600,4,30
134.334,43,25,8,10,15,3,5,100,100,100,100,100,100,3,10,10,6,6,600,600,4,30
135.334,43,25,8,10,15,3,5,100,100,100,100,100,100,3,10,10,6,6,600,600,3,30
136.334,43,25,8,10,15,3,5,100,100,100,100,100,100,3,10,10,6,6,600,600,2,30
137.334,43,25,8,10,15,3,5,100,100,100,100,100,100,3,10,10,6,6,600,600,2,30
138.334,43,25,8,10,15,3,5,100,100,100,100,100,100,3,10,10,6,6,600,600,4,30
139.334,43,25,8,10,15,3,5,100,100,100,100,100,100,3,10,10,6,6,600,600,4,30
140.334,43,25,8,10,15,3,5,100,100,100,100,100,100,3,10,10,6,6,600,600,3,30
141.334,43,25,8,10,15,3,5,100,100,100,100,100,100,3,10,10,6,6,600,600,2,30
142.334,43,25,8,10,15,3,5,100,100,100,100,100,100,3,10,10,6,6,600,600,3,30
143.334,43,24,8,9,15,3,5,100,100,100,100,100,100,3,11,11,6,6,600,600,3,30
144.334,43,24,8,9,15,3,5,100,100,100,100,100,100,3,11,11,6,6,600,600,2,30
145.334,43,24,8,9,15,3,5,100,100,100,100,100,100,3,11,11,6,6,600,600,2,30
146.333,43,24,8,9,15,3,5,100,100,100,100,100,100,3,11,11,6,6,600,600,2,30
147.333,43,23,8,9,14,3,5,100,100,100,100,100,100,3,12,12,6,6,600,600,2,30
148.333,43,23,8,9,14,3,5,100,100,100,100,100,100,3,12,12,6,6,600,600,3,30
149.333,43,23,8,9,14,3,5,100,100,100,100,100,100,3,12,12,6,6,600,600,2,30
150.333,43,23,8,9,14,3,5,100,100,100,100,100,100,3,12,12,6,6,600,600,2,30
151.333,43,23,8,9,14,3,5,100,100,100,100,100,100,3,12,12,6,6,600,600,2,30
152.333,43,23,8,9,14,3,5,100,100,100,100,100,100,3,12,12,6,6,600,600,2,30
153.333,43,23,8,9,14,3,5,100,100,100,100,100,100,3,12,12,6,6,600,600,2,30
154.333,43,23,8,9,14,3,5,100,100,100,100,100,100,3,12,12,6,6,600,600,2,30
155.333,43,23,8,9,14,3,5,100,100,100,100,100,100,3,12,12,6,6,600,600,2,30
156.333,43,23,8,9,14,3,5,100,100,100,100,100,100,3,12,12,6,6,600,600,2,30
157.333,43,23,8,9,14,3,5,100,100,100,100,100,100,3,12,12,6,6,600,600,4,30
158.333,43,23,8,9,14,3,5,100,100,100,100,100,100,3,12,12,6,6,600,600,3,30
159.333,43,23,8,9,14,3,5,100,100,100,100,100,100,3,12,12,6,6,600,600,2,30
160.333,43,23,8,9,14,3,5,100,100,100,100,100,100,3,12,12,6,6,600,600,3,30
161.333,43,23,8,9,14,3,5,100,100,100,100,100,100,3,12,12,6,6,600,600,2,30
162.333,43,23,8,9,14,3,5,100,100,100,100,100,100,3,12,12,6,6,600,600,3,30
163.333,43,23,8,9,14,3,5,100,100,100,100,100,100,3,12,12,6,6,600,600,2,30
164.333,43,23,8,9,14,3,5,100,100,100,100,100,100,3,12,12,6,6,600,600,3,30
165.333,43,23,8,9,14,3,5,100,100,100,100,100,100,3,12,12,6,6,600,600,4,30
166.333,43,23,8,9,14,3,5,100,100,100,100,100,100,3,12,12,6,6,600,600,3,30
167.333,43,23,8,9,14,3,5,100,100,100,100,100,100,3,12,12,6,6,600,600,3,30
168.333,43,23,8,9,14,3,5,100,100,100,100,100,100,3,12,12,6,6,600,600,3,30
169.333,43,23,8,9,14,3,5,100,100,100,100,100,100,3,12,12,6,6,600,600,3,30
170.333,43,23,8,9,14,3,5,100,100,100,100,100,100,3,12,12,6,6,600,600,3,30
171.333,43,23,8,9,14,3,5,100,100,100,100,100,100,3,12,12,6,6,600,600,3,30
172.333,43,23,8,9,14,3,5,100,100,100,100,100,100,3,12,12,6,6,600,600,2,30
173.333,43,23,8,9,14,3,5,100,100,100,100,100,100,3,12,12,6,6,600,600,3,30
174.333,43,23,8,9,14,3,5,100,100,100,100,100,100,3,12,12,6,6,600,600,4,30
175.333,43,23,8,9,14,3,5,100,100,100,100,100,100,3,12,12,6,6,600,600,3,30
176.333,43,23,8,9,14,3,5,100,100,100,100,100,100,3,12,12,6,6,600,600,3,30
177.333,43,23,8,9,14,3,5,100,100,100,100,100,100,3,12,12,6,6,600,600,3,30
178.333,43,23,8,9,14,3,5,100,100,100,100,100,100,3,12,12,6,6,600,600,3,30
179.333,43,23,8,9,14,3,5,100,100,100,100,100,100,3,12,12,6,6,600,600,2,30
180.333,43,23,8,9,14,3,5,100,100,100,100,100,100,3,12,12,6,6,600,600,2,30
181.333,43,23,8,9,14,3,5,100,100,100,100,100,100,3,12,12,6,6,600,600,4,30
182.333,43,23,8,9,14,3,5,100,100,100,100,100,100,3,12,12,6,6,600,600,3,30
183.333,43,23,8,9,14,3,5,100,100,100,100,100,100,3,12,12,6,6,600,600,3,30
184.333,43,23,8,9,14,3,5,100,100,100,100,100,100,3,12,12,6,6,600,600,2,30
185.333,43,23,8,9,14,3,5,100,100,100,100,100,100,3,12,12,6,6,600,600,2,30
186.333,43,23,8,9,14,3,5,100,100,100,100,100,100,3,12,12,6,6,600,600,2,30
187.333,43,23,8,9,14,3,5,100,100,100,100,100,100,3,12,12,6,6,600,600,3,30
188.333,43,23,8,9,14,3,5,100,100,100,100,100,100,3,12,12,6,6,600,600,2,30
189.333,43,23,8,9,14,3,5,100,100,100,100,100,100,3,12,12,6,6,600,600,3,30
190.333,43,23,8,9,14,3,5,100,100,100,100,100,100,3,12,12,6,6,600,600,3,30
191.333,43,23,8,9,14,3,5,100,100,100,100,100,100,3,12,12,6,6,600,600,3,30
192.333,43,23,8,9,14,3,5,100,100,100,100,100,100,3,12,12,6,6,600,600,3,30
193.333,43,23,8,9,14,3,5,100,100,100,100,100,100,3,12,12,6,6,600,600,2,30
194.333,43,23,8,9,14,3,5,100,100,100,100,100,100,3,12,12,6,6,600,600,4,30
195.333,43,23,8,9,14,3,5,100,100,100,100,100,100,3,12,12,6,6,600,600,3,30
196.333,43,23,8,9,14,3,5,100,100,100,100,100,100,3,12,12,6,6,600,600,3,30
197.333,43,23,8,9,14,3,5,100,100,100,100,100,100,3,12,12,6,6,600,600,2,30
198.333,43,23,8,9,14,3,5,100,100,100,100,100,100,3,12,12,6,6,600,600,2,30
199.333,43,23,8,9,14,3,5,100,100,100,100,100,100,3,12,12,6,6,600,600,2,30
200.333,43,23,8,9,14,3,5,100,100,100,100,100,100,3,12,12,6,6,600,600,3,30
201.333,43,23,8,9,14,3,5,100,100,100,100,100,100,3,12,12,6,6,600,600,2,30
202.333,43,23,8,9,14,3,5,100,100,100,100,100,100,3,12,12,6,6,600,600,2,30
203.333,43,23,8,9,14,3,5,100,100,100,100,100,100,3,12,12,6,6,600,600,3,30
204.333,43,23,8,9,14,3,5,100,100,100,100,100,100,3,12,12,6,6,600,600,4,30
205.333,43,23,8,9,14,3,5,100,100,100,100,100,100,3,12,12,6,6,600,600,4,30
206.333,43,23,8,9,14,3,5,100,100,100,100,100,100,3,12,12,6,6,600,600,3,30
207.333,43,23,8,9,14,3,5,100,100,100,100,100,100,3,12,12,6,6,600,600,3,30
208.333,43,23,8,9,14,3,5,100,100,100,100,100,100,3,12,12,6,6,600,600,4,30
209.333,43,23,8,9,14,3,5,100,100,100,100,100,100,3,12,12,6,6,600,600,2,30
210.333,43,23,8,9,14,3,5,100,100,100,100,100,100,3,12,12,6,6,600,600,2,30
211.332,43,23,8,9,14,3,5,100,100,100,100,100,100,3,12,12,6,6,600,600,3,30
212.332,43,23,8,9,14,3,5,100,100,100,100,100,100,3,12,12,6,6,600,600,3,30
213.332,43,22,8,8,14,3,5,100,100,100,100,100,100,3,13,13,6,6,600,600,2,30
214.332,43,22,8,8,14,3,5,100,100,100,100,100,100,3,13,13,6,6,600,600,4,30
215.332,43,22,8,8,14,3,5,100,100,100,100,100,100,3,13,13,6,6,600,600,2,30
216.332,43,22,8,8,14,3,5,100,100,100,100,100,100,3,13,13,6,6,600,600,4,30
217.332,43,22,8,8,14,3,5,100,100,100,100,100,100,3,13,13,6,6,600,600,3,30
218.332,43,22,8,8,14,3,5,100,100,100,100,100,100,3,13,13,6,6,600,600,2,30
219.332,43,22,8,8,14,3,5,100,100,100,100,100,100,3,13,13,6,6,600,600,2,30
220.332,43,22,8,8,14,3,5,100,100,100,100,100,100,3,13,13,6,6,600,600,3,30
221.332,43,22,8,8,14,3,5,100,100,100,100,100,100,3,13,13,6,6,600,600,2,30
222.332,43,22,8,8,14,3,5,100,100,100,100,100,100,3,13,13,6,6,600,600,4,30
223.332,43,22,8,8,14,3,5,100,100,100,100,100,100,3,13,13,6,6,600,600,3,30
224.332,43,21,8,8,13,3,5,100,100,100,100,100,100,3,14,14,6,6,600,600,2,30
225.332,43,21,8,8,13,3,5,100,100,100,100,100,100,3,14,14,6,6,600,600,3,30
226.332,43,20,8,7,13,3,5,100,100,100,100,100,100,3,15,15,6,6,600,600,3,30
227.332,43,20,8,7,13,3,5,100,100,100,100,100,100,3,15,15,6,6,600,600,3,30
228.332,43,19,8,7,12,3,5,100,100,100,100,100,100,3,16,16,6,6,600,600,4,30
229.332,43,19,8,7,12,3,5,100,100,100,100,100,100,3,16,16,6,6,600,600,4,30
230.332,43,19,8,7,12,3,5,100,100,100,100,100,100,3,16,16,6,6,600,600,2,30
231.332,43,19,8,7,12,3,5,100,100,100,100,100,100,3,16,16,6,6,600,600,3,30
232.332,43,19,8,7,12,3,5,100,100,100,100,100,100,3,16,16,6,6,600,600,2,30
233.332,43,19,8,7,12,3,5,100,100,100,100,100,100,3,16,16,6,6,600,600,2,30
234.332,43,19,8,7,12,3,5,100,100,100,100,100,100,3,16,16,6,6,600,600,3,30
235.332,43,19,8,7,12,3,5,100,100,100,100,100,100,3,16,16,6,6,600,600,2,30
236.332,43,19,8,7,12,3,5,100,100,100,100,100,100,3,16,16,6,6,600,600,4,30
237.332,43,19,8,7,12,3,5,100,100,100,100,100,100,3,16,16,6,6,600,600,3,30
238.332,43,19,8,7,12,3,5,100,100,100,100,100,100,3,16,16,6,6,600,600,2,30
239.332,43,19,8,7,12,3,5,100,100,100,100,100,100,3,16,16,6,6,600,600,4,30
240.332,43,19,8,7,12,3,5,100,100,100,100,100,100,3,16,16,6,6,600,600,3,30
241.332,43,19,8,7,12,3,5,100,100,100,100,100,100,3,16,16,6,6,600,600,2,30
242.332,43,19,8,7,12,3,5,100,100,100,100,100,100,3,16,16,6,6,600,600,2,30
243.332,43,19,8,7,12,3,5,100,100,100,100,100,100,3,16,16,6,6,600,600,2,30
244.332,43,19,8,7,12,3,5,100,100,100,100,100,100,3,16,16,6,6,600,600,3,30
245.332,43,19,8,7,12,3,5,100,100,100,100,100,100,3,16,16,6,6,600,600,2,30
246.332,43,19,8,7,12,3,5,100,100,100,100,100,100,3,16,16,6,6,600,600,4,30
247.332,43,19,8,7,12,3,5,100,100,100,100,100,100,3,16,16,6,6,600,600,2,30
248.332,43,19,8,7,12,3,5,100,100,100,100,100,100,3,16,16,6,6,600,600,2,30
249.332,43,19,8,7,12,3,5,100,100,100,100,100,100,3,16,16,6,6,600,600,3,30
250.332,43,19,8,7,12,3,5,100,100,100,100,100,100,3,16,16,6,6,600,600,3,30
251.332,43,19,8,7,12,3,5,100,100,100,100,100,100,3,16,16,6,6,600,600,3,30
252.332,43,19,8,7,12,3,5,100,100,100,100,100,100,3,16,16,6,6,600,600,3,30
253.332,43,19,8,7,12,3,5,100,100,100,100,100,100,3,16,16,6,6,600,600,3,30
254.332,43,19,8,7,12,3,5,100,100,100,100,100,100,3,16,16,6,6,600,600,3,30
255.332,43,19,8,7,12,3,5,100,100,100,100,100,100,3,16,16,6,6,600,600,4,30
256.332,43,19,8,7,12,3,5,100,100,100,100,100,100,3,16,16,6,6,600,600,2,30
257.332,43,19,8,7,12,3,5,100,100,100,100,100,100,3,16,16,6,6,600,600,2,30
258.332,43,19,8,7,12,3,5,100,100,100,100,100,100,3,16,16,6,6,600,600,3,30
259.332,43,19,8,7,12,3,5,100,100,100,100,100,100,3,16,16,6,6,600,600,2,30
260.332,43,19,8,7,12,3,5,100,100,100,100,100,100,3,16,16,6,6,600,600,2,30
261.332,43,19,8,7,12,3,5,100,100,100,100,100,100,3,16,16,6,6,600,600,3,30
262.332,43,19,8,7,12,3,5,100,100,100,100,100,100,3,16,16,6,6,600,600,3,30
263.332,43,19,8,7,12,3,5,100,100,100,100,100,100,3,16,16,6,6,600,600,3,30
264.332,43,19,8,7,12,3,5,100,100,100,100,100,100,3,16,16,6,6,600,600,2,30
265.332,43,19,8,7,12,3,5,100,100,100,100,100,100,3,16,16,6,6,600,600,3,30
266.332,43,19,8,7,12,3,5,100,100,100,100,100,100,3,16,16,6,6,600,600,3,30
267.332,43,19,8,7,12,3,5,100,100,100,100,100,100,3,16,16,6,6,600,600,4,30
268.332,43,19,8,7,12,3,5,100,100,100,100,100,100,3,16,16,6,6,600,600,3,30
269.332,43,19,8,7,12,3,5,100,100,100,100,100,100,3,16,16,6,6,600,600,3,30
270.332,43,19,8,7,12,3,5,100,100,100,100,100,100,3,16,16,6,6,600,600,2,30
271.332,43,19,8,7,12,3,5,100,100,100,100,100,100,3,16,16,6,6,600,600,3,30
272.332,43,19,8,7,12,3,5,100,100,100,100,100,100,3,16,16,6,6,600,600,3,30
273.332,43,19,8,7,12,3,5,100,100,100,100,100,100,3,16,16,6,6,600,600,2,30
274.332,43,19,8,7,12,3,5,100,100,100,100,100,100,3,16,16,6,6,600,600,3,30
275.332,43,19,8,7,12,3,5,100,100,100,100,100,100,3,16,16,6,6,600,600,4,30
276.332,43,19,8,7,12,3,5,100,100,100,100,100,100,3,16,16,6,6,600,600,2,30
277.332,43,19,8,7,12,3,5,100,100,100,100,100,100,3,16,16,6,6,600,600,3,30
278.332,43,19,8,7,12,3,5,100,100,100,100,100,100,3,16,16,6,6,600,600,4,30
279.333,43,19,8,7,12,3,5,100,100,100,100,100,100,3,16,16,6,6,600,600,3,30
280.333,43,19,8,7,12,3,5,100,100,100,100,100,100,3,16,16,6,6,600,600,3,30
281.333,43,19,8,7,12,3,5,100,100,100,100,100,100,3,16,16,6,6,600,600,2,30
282.333,43,19,8,7,12,3,5,100,100,100,100,100,100,3,16,16,6,6,600,600,3,30
283.333,43,19,8,7,12,3,5,100,100,100,100,100,100,3,16,16,6,6,600,600,3,30
284.333,43,19,8,7,12,3,5,100,100,100,100,100,100,3,16,16,6,6,600,600,5,30
285.333,43,19,8,7,12,3,5,100,100,100,100,100,100,3,16,16,6,6,600,600,3,30
286.333,43,19,8,7,12,3,5,100,100,100,100,100,100,3,16,16,6,6,600,600,2,30
287.333,43,19,8,7,12,3,5,100,100,100,100,100,100,3,16,16,6,6,600,600,2,30
288.333,43,19,8,7,12,3,5,100,100,100,100,100,100,3,16,16,6,6,600,600,2,30
289.333,43,19,8,7,12,3,5,100,100,100,100,100,100,3,16,16,6,6,600,600,3,30
290.333,43,19,8,7,12,3,5,100,100,100,100,100,100,3,16,16,6,6,600,600,2,30
291.333,43,19,8,7,12,3,5,100,100,100,100,100,100,3,16,16,6,6,600,600,2,30
292.333,43,19,8,7,12,3,5,100,100,100,100,100,100,3,16,16,6,6,600,600,3,30
293.333,43,19,8,7,12,3,5,100,100,100,100,100,100,3,16,16,6,6,600,600,3,30
294.333,43,19,8,7,12,3,5,100,100,100,100,100,100,3,16,16,6,6,600,600,2,30
295.333,43,19,8,7,12,3,5,100,100,100,100,100,100,3,16,16,6,6,600,600,3,30
296.333,43,19,8,7,12,3,5,100,100,100,100,100,100,3,16,16,6,6,600,600,3,30
297.333,43,19,8,7,12,3,5,100,100,100,100,100,100,3,16,16,6,6,600,600,2,30
298.333,43,19,8,7,12,3,5,100,100,100,100,100,100,3,16,16,6,6,600,600,3,30
299.333,43,19,8,7,12,3,5,100,100,100,100,100,100,3,16,16,6,6,600,600,3,30
300.333,43,19,8,7,12,3,5,100,100,100,100,100,100,3,16,16,6,6,600,600,3,30
301.333,43,19,8,7,12,3,5,100,100,100,100,100,100,3,16,16,6,6,600,600,2,30
302.333,43,19,8,7,12,3,5,100,100,100,100,100,100,3,16,16,6,6,600,600,2,30
303.333,43,19,8,7,12,3,5,100,100,100,100,100,100,3,16,16,6,6,600,600,2,30
304.333,43,19,8,7,12,3,5,100,100,100,100,100,100,3,16,16,6,6,600,600,3,30
305.333,43,19,8,7,12,3,5,100,100,100,100,100,100,3,16,16,6,6,600,600,2,30
306.333,43,19,8,7,12,3,5,100,100,100,100,100,100,3,16,16,6,6,600,600,2,30
307.333,43,19,8,7,12,3,5,100,100,100,100,100,100,3,16,16,6,6,600,600,2,30
308.333,43,19,8,7,12,3,5,100,100,100,100,100,100,3,16,16,6,6,600,600,3,30
309.333,43,19,8,7,12,3,5,100,100,100,100,100,100,3,16,16,6,6,600,600,3,30
310.333,43,19,8,7,12,3,5,100,100,100,100,100,100,3,16,16,6,6,600,600,2,30
311.333,43,19,8,7,12,3,5,100,100,100,100,100,100,3,16,16,6,6,600,600,2,30
312.334,43,19,8,7,12,3,5,100,100,100,100,100,100,3,16,16,6,6,600,600,2,30
313.334,43,19,8,7,12,3,5,100,100,100,100,100,100,3,16,16,6,6,600,600,2,30
314.334,43,19,8,7,12,3,5,100,100,100,100,100,100,3,16,16,6,6,600,600,2,30
315.334,43,19,8,7,12,3,5,100,100,100,100,100,100,3,16,16,6,6,600,600,3,30
316.334,43,19,8,7,12,3,5,100,100,100,100,100,100,3,16,16,6,6,600,600,3,30
317.334,43,19,8,7,12,3,5,100,100,100,100,100,100,3,16,16,6,6,600,600,3,30
318.334,43,19,8,7,12,3,5,100,100,100,100,100,100,3,16,16,6,6,600,600,3,30
319.334,43,19,8,7,12,3,5,100,100,100,100,100,100,3,16,16,6,6,600,600,2,30
320.334,43,19,8,7,12,3,5,100,100,100,100,100,100,3,16,16,6,6,600,600,2,30
321.334,43,19,8,7,12,3,5,100,100,100,100,100,100,3,16,16,6,6,600,600,4,30
322.334,43,19,8,7,12,3,5,100,100,100,100,100,100,3,16,16,6,6,600,600,5,30
323.334,43,19,8,7,12,3,5,100,100,100,100,100,100,3,16,16,6,6,600,600,3,30
324.334,43,18,8,7,11,3,5,100,100,100,100,100,100,3,17,17,6,6,600,600,2,30
325.334,43,18,8,7,11,3,5,100,100,100,100,100,100,3,17,17,6,6,600,600,3,30
326.334,43,18,8,7,11,3,5,100,100,100,100,100,100,3,17,17,6,6,600,600,4,30
327.334,43,18,8,7,11,3,5,100,100,100,100,100,100,3,17,17,6,6,600,600,4,30
328.334,43,18,8,7,11,3,5,100,100,100,100,100,100,3,17,17,6,6,600,600,2,30
329.334,43,18,8,7,11,3,5,100,100,100,100,100,100,3,17,17,6,6,600,600,3,30
330.334,43,18,8,7,11,3,5,100,100,100,100,100,100,3,17,17,6,6,600,600,3,30
331.334,43,18,8,7,11,3,5,100,100,100,100,100,100,3,17,17,6,6,600,600,2,30
332.334,43,18,8,7,11,3,5,100,100,100,100,100,100,3,17,17,6,6,600,600,2,30
333.334,43,18,8,7,11,3,5,100,100,100,100,100,100,3,17,17,6,6,600,600,3,30
334.334,43,18,8,7,11,3,5,100,100,100,100,100,100,3,17,17,6,6,600,600,3,30
335.334,43,18,8,7,11,3,5,100,100,100,100,100,100,3,17,17,6,6,600,600,3,30
336.334,43,18,8,7,11,3,5,100,100,100,100,100,100,3,17,17,6,6,600,600,4,30
337.334,43,18,8,7,11,3,5,100,100,100,100,100,100,3,17,17,6,6,600,600,2,30
338.334,43,18,8,7,11,3,5,100,100,100,100,100,100,3,17,17,6,6,600,600,2,30
339.334,43,18,8,7,11,3,5,100,100,100,100,100,100,3,17,17,6,6,600,600,3,30
340.334,43,18,8,7,11,3,5,100,100,100,100,100,100,3,17,17,6,6,600,600,3,30
341.334,43,18,8,7,11,3,5,100,100,100,100,100,100,3,17,17,6,6,600,600,3,30
342.334,43,18,8,7,11,3,5,100,100,100,100,100,100,3,17,17,6,6,600,600,3,30
343.334,43,17,8,6,11,3,5,100,100,100,100,100,100,3,18,18,6,6,600,600,3,30
344.334,43,17,8,6,11,3,5,100,100,100,100,100,100,3,18,18,6,6,600,600,2,30
345.335,43,17,8,6,11,3,5,100,100,100,100,100,100,3,18,18,6,6,600,600,2,30
346.335,43,17,8,6,11,3,5,100,100,100,100,100,100,3,18,18,6,6,600,600,3,30
347.335,43,17,8,6,11,3,5,100,100,100,100,100,100,3,18,18,6,6,600,600,2,30
348.335,43,17,8,6,11,3,5,100,100,100,100,100,100,3,18,18,6,6,600,600,4,30
349.335,43,17,8,6,11,3,5,100,100,100,100,100,100,3,18,18,6,6,600,600,2,30
350.335,43,17,8,6,11,3,5,100,100,100,100,100,100,3,18,18,6,6,600,600,2,30
351.335,43,17,8,6,11,3,5,100,100,100,100,100,100,3,18,18,6,6,600,600,3,30
352.335,43,17,8,6,11,3,5,100,100,100,100,100,100,3,18,18,6,6,600,600,2,30
353.335,43,17,8,6,11,3,5,100,100,100,100,100,100,3,18,18,6,6,600,600,2,30
354.335,43,17,8,6,11,3,5,100,100,100,100,100,100,3,18,18,6,6,600,600,2,30
355.335,43,17,8,6,11,3,5,100,100,100,100,100,100,3,18,18,6,6,600,600,2,30
356.335,43,17,8,6,11,3,5,100,100,100,100,100,100,3,18,18,6,6,600,600,2,30
357.335,43,17,8,6,11,3,5,100,100,100,100,100,100,3,18,18,6,6,600,600,2,30
358.335,43,17,8,6,11,3,5,100,100,100,100,100,100,3,18,18,6,6,600,600,4,30
359.335,43,17,8,6,11,3,5,100,100,100,100,100,100,3,18,18,6,6,600,600,2,30
360.335,43,17,8,6,11,3,5,100,100,100,100,100,100,3,18,18,6,6,600,600,2,30
361.335,43,17,8,6,11,3,5,100,100,100,100,100,100,3,18,18,6,6,600,600,2,30
362.335,43,17,8,6,11,3,5,100,100,100,100,100,100,3,18,18,6,6,600,600,2,30
363.335,43,17,8,6,11,3,5,100,100,100,100,100,100,3,18,18,6,6,600,600,4,30
364.335,43,17,8,6,11,3,5,100,100,100,100,100,100,3,18,18,6,6,600,600,2,30
365.335,43,17,8,6,11,3,5,100,100,100,100,100,100,3,18,18,6,6,600,600,2,30
366.335,43,17,8,6,11,3,5,100,100,100,100,100,100,3,18,18,6,6,600,600,2,30
367.335,43,17,8,6,11,3,5,100,100,100,100,100,100,3,18,18,6,6,600,600,3,30
368.335,43,17,8,6,11,3,5,100,100,100,100,100,100,3,18,18,6,6,600,600,2,30
369.335,43,17,8,6,11,3,5,100,100,100,100,100,100,3,18,18,6,6,600,600,2,30
370.335,43,17,8,6,11,3,5,100,100,100,100,100,100,3,18,18,6,6,600,600,3,30
371.335,43,17,8,6,11,3,5,100,100,100,100,100,100,3,18,18,6,6,600,600,2,30
372.335,43,17,8,6,11,3,5,100,100,100,100,100,100,3,18,18,6,6,600,600,2,30
373.335,43,17,8,6,11,3,5,100,100,100,100,100,100,3,18,18,6,6,600,600,2,30
374.335,43,17,8,6,11,3,5,100,100,100,100,100,100,3,18,18,6,6,600,600,3,30
375.335,43,17,8,6,11,3,5,100,100,100,100,100,100,3,18,18,6,6,600,600,3,30
376.335,43,17,8,6,11,3,5,100,100,100,100,100,100,3,18,18,6,6,600,600,2,30
377.335,43,17,8,6,11,3,5,100,100,100,100,100,100,3,18,18,6,6,600,600,2,30
378.336,43,17,8,6,11,3,5,100,100,100,100,100,100,3,18,18,6,6,600,600,3,30
379.336,43,17,8,6,11,3,5,100,100,100,100,100,100,3,18,18,6,6,600,600,3,30
380.336,43,17,8,6,11,3,5,100,100,100,100,100,100,3,18,18,6,6,600,600,3,30
381.336,43,17,8,6,11,3,5,100,100,100,100,100,100,3,18,18,6,6,600,600,2,30
382.336,43,17,8,6,11,3,5,100,100,100,100,100,100,3,18,18,6,6,600,600,2,30
383.336,43,17,8,6,11,3,5,100,100,100,100,100,100,3,18,18,6,6,600,600,2,30
384.336,43,17,8,6,11,3,5,100,100,100,100,100,100,3,18,18,6,6,600,600,3,30
385.336,43,17,8,6,11,3,5,100,100,100,100,100,100,3,18,18,6,6,600,600,2,30
386.336,43,17,8,6,11,3,5,100,100,100,100,100,100,3,18,18,6,6,600,600,3,30
387.336,43,17,8,6,11,3,5,100,100,100,100,100,100,3,18,18,6,6,600,600,3,30
388.336,43,17,8,6,11,3,5,100,100,100,100,100,100,3,18,18,6,6,600,600,3,30
389.336,43,17,8,6,11,3,5,100,100,100,100,100,100,3,18,18,6,6,600,600,4,30
390.336,43,17,8,6,11,3,5,100,100,100,100,100,100,3,18,18,6,6,600,600,2,30
391.336,43,17,8,6,11,3,5,100,100,100,100,100,100,3,18,18,6,6,600,600,2,30
392.336,43,17,8,6,11,3,5,100,100,100,100,100,100,3,18,18,6,6,600,600,2,30
393.336,43,17,8,6,11,3,5,100,100,100,100,100,100,3,18,18,6,6,600,600,3,30
394.336,43,17,8,6,11,3,5,100,100,100,100,100,100,3,18,18,6,6,600,600,2,30
395.336,43,17,8,6,11,3,5,100,100,100,100,100,100,3,18,18,6,6,600,600,2,30
396.336,43,17,8,6,11,3,5,100,100,100,100,100,100,3,18,18,6,6,600,600,2,30
397.336,43,17,8,6,11,3,5,100,100,100,100,100,100,3,18,18,6,6,600,600,2,30
398.336,43,17,8,6,11,3,5,100,100,100,100,100,100,3,18,18,6,6,600,600,3,30
399.336,43,17,8,6,11,3,5,100,100,100,100,100,100,3,18,18,6,6,600,600,3,30
400.336,43,17,8,6,11,3,5,100,100,100,100,100,100,3,18,18,6,6,600,600,2,30
401.336,43,17,8,6,11,3,5,100,100,100,100,100,100,3,18,18,6,6,600,600,2,30
402.336,43,17,8,6,11,3,5,100,100,100,100,100,100,3,18,18,6,6,600,600,2,30
403.336,43,17,8,6,11,3,5,100,100,100,100,100,100,3,18,18,6,6,600,600,2,30
404.336,43,17,8,6,11,3,5,100,100,100,100,100,100,3,18,18,6,6,600,600,3,30
405.336,43,17,8,6,11,3,5,100,100,100,100,100,100,3,18,18,6,6,600,600,3,30
406.336,43,17,8,6,11,3,5,100,100,100,100,100,100,3,18,18,6,6,600,600,2,30
407.336,43,17,8,6,11,3,5,100,100,100,100,100,100,3,18,18,6,6,600,600,2,30
408.336,43,17,8,6,11,3,5,100,100,100,100,100,100,3,18,18,6,6,600,600,2,30
409.336,43,17,8,6,11,3,5,100,100,100,100,100,100,3,18,18,6,6,600,600,2,30
410.337,43,17,8,6,11,3,5,100,100,100,100,100,100,3,18,18,6,6,600,600,4,30
411.337,43,17,8,6,11,3,5,100,100,100,100,100,100,3,18,18,6,6,600,600,3,30
412.337,43,17,8,6,11,3,5,100,100,100,100,100,100,3,18,18,6,6,600,600,2,30
413.337,43,17,8,6,11,3,5,100,100,100,100,100,100,3,18,18,6,6,600,600,2,30
414.337,43,17,8,6,11,3,5,100,100,100,100,100,100,3,18,18,6,6,600,600,2,30
415.337,43,17,8,6,11,3,5,100,100,100,100,100,100,3,18,18,6,6,600,600,4,30
416.337,43,17,8,6,11,3,5,100,100,100,100,100,100,3,18,18,6,6,600,600,2,30
417.337,43,16,8,5,11,3,5,100,100,100,100,100,100,3,19,19,6,6,600,600,3,30
418.337,43,16,8,5,11,3,5,100,100,100,100,100,100,3,19,19,6,6,600,600,5,30
419.337,43,16,8,5,11,3,5,100,100,100,100,100,100,3,19,19,6,6,600,600,3,30
420.337,43,16,8,5,11,3,5,100,100,100,100,100,100,3,19,19,6,6,600,600,4,30
421.337,43,15,8,5,10,3,5,100,100,100,100,100,100,3,20,20,6,6,600,600,3,30
422.337,43,15,8,5,10,3,5,100,100,100,100,100,100,3,20,20,6,6,600,600,2,30
423.337,43,15,8,5,10,3,5,100,100,100,100,100,100,3,20,20,6,6,600,600,2,30
424.337,43,15,8,5,10,3,5,100,100,100,100,100,100,3,20,20,6,6,600,600,3,30
425.337,43,15,8,5,10,3,5,100,100,100,100,100,100,3,20,20,6,6,600,600,3,30
426.337,43,15,8,5,10,3,5,100,100,100,100,100,100,3,20,20,6,6,600,600,3,30
427.337,43,14,8,5,9,3,5,100,100,100,100,100,100,3,21,21,6,6,600,600,2,30
428.337,43,14,8,5,9,3,5,100,100,100,100,100,100,3,21,21,6,6,600,600,2,30
429.337,43,14,8,5,9,3,5,100,100,100,100,100,100,3,21,21,6,6,600,600,2,30
430.337,43,14,8,5,9,3,5,100,100,100,100,100,100,3,21,21,6,6,600,600,3,30
431.337,43,14,8,5,9,3,5,100,100,100,100,100,100,3,21,21,6,6,600,600,2,30
432.337,43,14,8,5,9,3,5,100,100,100,100,100,100,3,21,21,6,6,600,600,3,30
433.337,43,14,8,5,9,3,5,100,100,100,100,100,100,3,21,21,6,6,600,600,3,30
434.337,43,14,8,5,9,3,5,100,100,100,100,100,100,3,21,21,6,6,600,600,2,30
435.337,43,14,8,5,9,3,5,100,100,100,100,100,100,3,21,21,6,6,600,600,2,30
436.337,43,14,8,5,9,3,5,100,100,100,100,100,100,3,21,21,6,6,600,600,2,30
437.337,43,14,8,5,9,3,5,100,100,100,100,100,100,3,21,21,6,6,600,600,3,30
438.337,43,14,8,5,9,3,5,100,100,100,100,100,100,3,21,21,6,6,600,600,2,30
439.337,43,14,8,5,9,3,5,100,100,100,100,100,100,3,21,21,6,6,600,600,3,30
440.337,43,14,8,5,9,3,5,100,100,100,100,100,100,3,21,21,6,6,600,600,2,30
441.337,43,14,8,5,9,3,5,100,100,100,100,100,100,3,21,21,6,6,600,600,2,30
442.337,43,14,8,5,9,3,5,100,100,100,100,100,100,3,21,21,6,6,600,600,3,30
443.338,43,14,8,5,9,3,5,100,100,100,100,100,100,3,21,21,6,6,600,600,2,30
444.338,43,14,8,5,9,3,5,100,100,100,100,100,100,3,21,21,6,6,600,600,2,30
445.338,43,14,8,5,9,3,5,100,100,100,100,100,100,3,21,21,6,6,600,600,2,30
446.338,43,14,8,5,9,3,5,100,100,100,100,100,100,3,21,21,6,6,600,600,2,30
447.338,43,14,8,5,9,3,5,100,100,100,100,100,100,3,21,21,6,6,600,600,3,30
448.338,43,14,8,5,9,3,5,100,100,100,100,100,100,3,21,21,6,6,600,600,3,30
449.338,43,14,8,5,9,3,5,100,100,100,100,100,100,3,21,21,6,6,600,600,2,30
450.338,43,14,8,5,9,3,5,100,100,100,100,100,100,3,21,21,6,6,600,600,2,30
451.338,43,14,8,5,9,3,5,100,100,100,100,100,100,3,21,21,6,6,600,600,3,30
452.338,43,14,8,5,9,3,5,100,100,100,100,100,100,3,21,21,6,6,600,600,2,30
453.338,43,14,8,5,9,3,5,100,100,100,100,100,100,3,21,21,6,6,600,600,2,30
454.338,43,14,8,5,9,3,5,100,100,100,100,100,100,3,21,21,6,6,600,600,3,30
455.338,43,13,8,4,9,3,5,100,100,100,100,100,100,3,22,22,6,6,600,600,2,30
456.338,43,13,8,4,9,3,5,100,100,100,100,100,100,3,22,22,6,6,600,600,3,30
457.338,43,13,8,4,9,3,5,100,100,100,100,100,100,3,22,22,6,6,600,600,3,30
458.338,43,13,8,4,9,3,5,100,100,100,100,100,100,3,22,22,6,6,600,600,2,30
459.338,43,13,8,4,9,3,5,100,100,100,100,100,100,3,22,22,6,6,600,600,3,30
460.338,43,13,8,4,9,3,5,100,100,100,100,100,100,3,22,22,6,6,600,600,2,30
461.338,43,13,8,4,9,3,5,100,100,100,100,100,100,3,22,22,6,6,600,600,2,30
462.338,43,13,8,4,9,3,5,100,100,100,100,100,100,3,22,22,6,6,600,600,2,30
463.338,43,13,8,4,9,3,5,100,100,100,100,100,100,3,22,22,6,6,600,600,3,30
464.338,43,13,8,4,9,3,5,100,100,100,100,100,100,3,22,22,6,6,600,600,2,30
465.338,43,13,8,4,9,3,5,100,100,100,100,100,100,3,22,22,6,6,600,600,2,30
466.338,43,13,8,4,9,3,5,100,100,100,100,100,100,3,22,22,6,6,600,600,3,30
467.338,43,13,8,4,9,3,5,100,100,100,100,100,100,3,22,22,6,6,600,600,3,30
468.338,43,13,8,4,9,3,5,100,100,100,100,100,100,3,22,22,6,6,600,600,2,30
469.338,43,13,8,4,9,3,5,100,100,100,100,100,100,3,22,22,6,6,600,600,2,30
470.338,43,13,8,4,9,3,5,100,100,100,100,100,100,3,22,22,6,6,600,600,4,30
471.338,43,13,8,4,9,3,5,100,100,100,100,100,100,3,22,22,6,6,600,600,2,30
472.338,43,13,8,4,9,3,5,100,100,100,100,100,100,3,22,22,6,6,600,600,3,30
473.338,43,13,8,4,9,3,5,100,100,100,100,100,100,3,22,22,6,6,600,600,3,30
474.338,43,13,8,4,9,3,5,100,100,100,100,100,100,3,22,22,6,6,600,600,4,30
475.338,43,13,8,4,9,3,5,100,100,100,100,100,100,3,22,22,6,6,600,600,2,30
476.339,43,13,8,4,9,3,5,100,100,100,100,100,100,3,22,22,6,6,600,600,2,30
477.339,43,13,8,4,9,3,5,100,100,100,100,100,100,3,22,22,6,6,600,600,4,30
478.339,43,13,8,4,9,3,5,100,100,100,100,100,100,3,22,22,6,6,600,600,4,30
479.339,43,13,8,4,9,3,5,100,100,100,100,100,100,3,22,22,6,6,600,600,2,30
480.339,43,13,8,4,9,3,5,100,100,100,100,100,100,3,22,22,6,6,600,600,2,30
481.339,43,13,8,4,9,3,5,100,100,100,100,100,100,3,22,22,6,6,600,600,3,30
482.339,43,13,8,4,9,3,5,100,100,100,100,100,100,3,22,22,6,6,600,600,4,30
483.339,43,13,8,4,9,3,5,100,100,100,100,100,100,3,22,22,6,6,600,600,4,30
484.339,43,13,8,4,9,3,5,100,100,100,100,100,100,3,22,22,6,6,600,600,4,30
485.339,43,13,8,4,9,3,5,100,100,100,100,100,100,3,22,22,6,6,600,600,4,30
486.339,43,13,8,4,9,3,5,100,100,100,100,100,100,3,22,22,6,6,600,600,2,30
487.339,43,13,8,4,9,3,5,100,100,100,100,100,100,3,22,22,6,6,600,600,3,30
488.339,43,13,8,4,9,3,5,100,100,100,100,100,100,3,22,22,6,6,600,600,2,30
489.339,43,13,8,4,9,3,5,100,100,100,100,100,100,3,22,22,6,6,600,600,2,30
490.339,43,13,8,4,9,3,5,100,100,100,100,100,100,3,22,22,6,6,600,600,2,30
491.339,44,13,9,4,9,4,5,100,96.667,100,100,85,100,4,22,22,6,6,600,600,2,30
492.339,44,13,9,4,9,4,5,100,96.667,100,100,85,100,4,22,22,6,6,600,600,3,30
493.339,44,13,9,4,9,4,5,100,96.667,100,100,85,100,4,22,22,6,6,600,600,2,30
494.339,44,13,9,4,9,4,5,100,96.667,100,100,85,100,4,22,22,6,6,600,600,2,30
495.339,44,13,9,4,9,4,5,100,98.333,100,100,85,100,4,22,22,6,6,600,600,2,30
496.339,44,13,9,4,9,4,5,100,98.333,100,100,85,100,4,22,22,6,6,600,600,2,30
497.339,44,13,9,4,9,4,5,100,98.333,100,100,85,100,4,22,22,6,6,600,600,2,30
498.339,44,13,9,4,9,4,5,100,98.333,100,100,85,100,4,22,22,6,6,600,600,3,30
499.339,44,13,9,4,9,4,5,100,98.333,100,100,85,100,4,22,22,6,6,600,600,3,30
500.339,44,13,9,4,9,4,5,100,98.333,100,100,85,100,4,22,22,6,6,600,600,3,30
501.339,44,13,9,4,9,4,5,100,98.333,100,100,85,100,4,22,22,6,6,600,600,3,30
502.339,44,13,9,4,9,4,5,100,98.333,100,100,85,100,4,22,22,6,6,600,600,2,30
503.339,44,13,9,4,9,4,5,100,98.333,100,100,85,100,4,22,22,6,6,600,600,2,30
504.339,44,13,9,4,9,4,5,100,98.333,100,100,85,100,4,22,22,6,6,600,600,4,30
505.339,44,13,9,4,9,4,5,100,98.333,100,100,85,100,4,22,22,6,6,600,600,3,30
506.339,44,13,9,4,9,4,5,100,98.333,100,100,85,100,4,22,22,6,6,600,600,2,30
507.339,44,13,9,4,9,4,5,100,98.333,100,100,85,100,4,22,22,6,6,600,600,5,30
508.339,44,13,9,4,9,4,5,100,98.333,100,100,85,100,4,22,22,6,6,600,600,4,30
509.34,44,13,9,4,9,4,5,100,98.333,100,100,85,100,4,22,22,6,6,600,600,3,30
510.34,44,13,9,4,9,4,5,100,98.333,100,100,85,100,4,22,22,6,6,600,600,3,30
511.34,44,13,9,4,9,4,5,100,98.333,100,100,85,100,4,22,22,6,6,600,600,3,30
512.34,44,13,9,4,9,4,5,100,98.333,100,100,85,100,4,22,22,6,6,600,600,4,30
513.34,44,13,9,4,9,4,5,100,98.333,100,100,85,100,4,22,22,6,6,600,600,2,30
514.339,44,13,9,4,9,4,5,100,98.333,100,100,85,100,4,22,22,6,6,600,600,2,30
515.339,44,13,9,4,9,4,5,100,98.333,100,100,85,100,4,22,22,6,6,600,600,3,30
516.339,44,13,9,4,9,4,5,100,98.333,100,100,85,100,4,22,22,6,6,600,600,4,30
517.339,44,13,9,4,9,4,5,100,98.333,100,100,85,100,4,22,22,6,6,600,600,3,30
518.339,44,13,9,4,9,4,5,100,98.333,100,100,85,100,4,22,22,6,6,600,600,2,30
519.339,44,13,9,4,9,4,5,100,100,100,100,100,100,4,22,22,6,6,600,600,2,30
520.339,44,13,9,4,9,4,5,100,100,100,100,100,100,4,22,22,6,6,600,600,2,30
521.339,44,13,9,4,9,4,5,100,100,100,100,100,100,4,22,22,6,6,600,600,2,30
522.339,44,13,9,4,9,4,5,100,100,100,100,100,100,4,22,22,6,6,600,600,2,30
523.339,44,13,9,4,9,4,5,100,100,100,100,100,100,4,22,22,6,6,600,600,2,30
524.339,44,13,9,4,9,4,5,100,100,100,100,100,100,4,22,22,6,6,600,600,2,30
525.339,44,13,9,4,9,4,5,100,100,100,100,100,100,4,22,22,6,6,600,600,2,30
526.339,44,13,9,4,9,4,5,100,100,100,100,100,100,4,22,22,6,6,600,600,4,30
527.339,44,13,9,4,9,4,5,100,100,100,100,100,100,4,22,22,6,6,600,600,4,30
528.339,44,13,9,4,9,4,5,100,100,100,100,100,100,4,22,22,6,6,600,600,4,30
529.339,44,13,9,4,9,4,5,100,100,100,100,100,100,4,22,22,6,6,600,600,4,30
530.338,44,13,9,4,9,4,5,100,100,100,100,100,100,4,22,22,6,6,600,600,2,30
531.338,44,13,9,4,9,4,5,100,100,100,100,100,100,4,22,22,6,6,600,600,2,30
532.338,44,13,9,4,9,4,5,100,100,100,100,100,100,4,22,22,6,6,600,600,4,30
533.338,44,13,9,4,9,4,5,100,100,100,100,100,100,4,22,22,6,6,600,600,4,30
534.338,44,13,9,4,9,4,5,100,100,100,100,100,100,4,22,22,6,6,600,600,3,30
535.338,44,13,9,4,9,4,5,100,100,100,100,100,100,4,22,22,6,6,600,600,2,30
536.338,44,13,9,4,9,4,5,100,100,100,100,100,100,4,22,22,6,6,600,600,3,30
537.338,44,13,9,4,9,4,5,100,100,100,100,100,100,4,22,22,6,6,600,600,2,30
538.338,44,13,9,4,9,4,5,100,100,100,100,100,100,4,22,22,6,6,600,600,3,30
539.338,44,13,9,4,9,4,5,100,100,100,100,100,100,4,22,22,6,6,600,600,3,30
540.338,44,13,9,4,9,4,5,100,100,100,100,100,100,4,22,22,6,6,600,600,2,30
541.338,44,13,9,4,9,4,5,100,100,100,100,100,100,4,22,22,6,6,600,600,2,30
542.338,44,13,9,4,9,4,5,100,100,100,100,100,100,4,22,22,6,6,600,600,4,30
543.338,44,13,9,4,9,4,5,100,100,100,100,100,100,4,22,22,6,6,600,600,2,30
544.338,44,13,9,4,9,4,5,100,100,100,100,100,100,4,22,22,6,6,600,600,3,30
545.338,44,13,9,4,9,4,5,100,100,100,100,100,100,4,22,22,6,6,600,600,4,30
546.338,44,13,9,4,9,4,5,100,100,100,100,100,100,4,22,22,6,6,600,600,2,30
547.337,44,13,9,4,9,4,5,100,100,100,100,100,100,4,22,22,6,6,600,600,3,30
548.337,44,13,9,4,9,4,5,100,100,100,100,100,100,4,22,22,6,6,600,600,2,30
549.337,44,13,9,4,9,4,5,100,100,100,100,100,100,4,22,22,6,6,600,600,2,30
550.337,44,13,9,4,9,4,5,100,100,100,100,100,100,4,22,22,6,6,600,600,2,30
551.337,44,13,9,4,9,4,5,100,100,100,100,100,100,4,22,22,6,6,600,600,2,30
552.337,44,13,9,4,9,4,5,100,100,100,100,100,100,4,22,22,6,6,600,600,2,30
553.337,44,13,9,4,9,4,5,100,100,100,100,100,100,4,22,22,6,6,600,600,2,30
554.337,44,13,9,4,9,4,5,100,100,100,100,100,100,4,22,22,6,6,600,600,2,30
555.337,44,13,9,4,9,4,5,100,100,100,100,100,100,4,22,22,6,6,600,600,3,30
556.337,44,13,9,4,9,4,5,100,100,100,100,100,100,4,22,22,6,6,600,600,2,30
557.337,44,13,9,4,9,4,5,100,100,100,100,100,100,4,22,22,6,6,600,600,3,30
558.337,44,13,9,4,9,4,5,100,100,100,100,100,100,4,22,22,6,6,600,600,2,30
559.337,44,13,9,4,9,4,5,100,100,100,100,100,100,4,22,22,6,6,600,600,3,30
560.337,44,13,9,4,9,4,5,100,100,100,100,100,100,4,22,22,6,6,600,600,5,30
561.337,44,13,9,4,9,4,5,100,100,100,100,100,100,4,22,22,6,6,600,600,4,30
562.337,44,13,9,4,9,4,5,100,100,100,100,100,100,4,22,22,6,6,600,600,3,30
563.336,44,13,9,4,9,4,5,100,100,100,100,100,100,4,22,22,6,6,600,600,3,30
564.336,44,13,9,4,9,4,5,100,100,100,100,100,100,4,22,22,6,6,600,600,2,30
565.336,44,13,9,4,9,4,5,100,100,100,100,100,100,4,22,22,6,6,600,600,3,30
566.336,44,13,9,4,9,4,5,100,100,100,100,100,100,4,22,22,6,6,600,600,3,30
567.336,44,13,9,4,9,4,5,100,100,100,100,100,100,4,22,22,6,6,600,600,2,30
568.336,44,13,9,4,9,4,5,100,100,100,100,100,100,4,22,22,6,6,600,600,2,30
569.336,44,13,9,4,9,4,5,100,100,100,100,100,100,4,22,22,6,6,600,600,3,30
570.336,44,12,9,4,8,4,5,100,100,100,100,100,100,4,23,23,6,6,600,600,3,30
571.336,44,12,9,4,8,4,5,100,100,100,100,100,100,4,23,23,6,6,600,600,2,30
572.336,44,12,9,4,8,4,5,100,100,100,100,100,100,4,23,23,6,6,600,600,2,30
573.336,44,12,9,4,8,4,5,100,100,100,100,100,100,4,23,23,6,6,600,600,2,30
574.336,44,12,9,4,8,4,5,100,100,100,100,100,100,4,23,23,6,6,600,600,2,30
575.336,44,12,9,4,8,4,5,100,100,100,100,100,100,4,23,23,6,6,600,600,2,30
576.336,44,12,9,4,8,4,5,100,100,100,100,100,100,4,23,23,6,6,600,600,2,30
577.336,44,12,9,4,8,4,5,100,100,100,100,100,100,4,23,23,6,6,600,600,2,30
578.336,44,12,9,4,8,4,5,100,100,100,100,100,100,4,23,23,6,6,600,600,3,30
579.335,44,11,9,3,8,4,5,100,100,100,100,100,100,4,24,24,6,6,600,600,2,30
580.335,44,11,9,3,8,4,5,100,100,100,100,100,100,4,24,24,6,6,600,600,2,30
581.335,44,11,9,3,8,4,5,100,100,100,100,100,100,4,24,24,6,6,600,600,3,30
582.335,44,11,9,3,8,4,5,100,100,100,100,100,100,4,24,24,6,6,600,600,4,30
583.335,44,11,9,3,8,4,5,100,100,100,100,100,100,4,24,24,6,6,600,600,4,30
584.335,44,11,9,3,8,4,5,100,100,100,100,100,100,4,24,24,6,6,600,600,3,30
585.335,44,11,9,3,8,4,5,100,100,100,100,100,100,4,24,24,6,6,600,600,3,30
586.335,44,11,9,3,8,4,5,100,100,100,100,100,100,4,24,24,6,6,600,600,2,30
587.335,44,11,9,3,8,4,5,100,100,100,100,100,100,4,24,24,6,6,600,600,2,30
588.335,44,11,9,3,8,4,5,100,100,100,100,100,100,4,24,24,6,6,600,600,2,30
589.335,44,11,9,3,8,4,5,100,100,100,100,100,100,4,24,24,6,6,600,600,2,30
590.335,44,11,9,3,8,4,5,100,100,100,100,100,100,4,24,24,6,6,600,600,2,30
591.335,44,11,9,3,8,4,5,100,100,100,100,100,100,4,24,24,6,6,600,600,2,30
592.335,44,11,9,3,8,4,5,100,100,100,100,100,100,4,24,24,6,6,600,600,2,30
593.335,44,11,9,3,8,4,5,100,100,100,100,100,100,4,24,24,6,6,600,600,2,30
594.335,44,11,9,3,8,4,5,100,100,100,100,100,100,4,24,24,6,6,600,600,2,30
595.335,44,11,9,3,8,4,5,100,100,100,100,100,100,4,24,24,6,6,600,600,2,30
596.334,44,11,9,3,8,4,5,100,100,100,100,100,100,4,24,24,6,6,600,600,2,30
597.334,44,11,9,3,8,4,5,100,100,100,100,100,100,4,24,24,6,6,600,600,3,30
598.334,44,11,9,3,8,4,5,100,100,100,100,100,100,4,24,24,6,6,600,600,2,30
599.334,44,11,9,3,8,4,5,100,100,100,100,100,100,4,24,24,6,6,600,600,2,30
600.334,44,11,9,3,8,4,5,100,100,100,100,100,100,4,24,24,6,6,600,600,2,30
601.334,44,11,9,3,8,4,5,100,100,100,100,100,100,4,24,24,6,6,600,600,2,30
602.334,44,11,9,3,8,4,5,100,100,100,100,100,100,4,24,24,6,6,600,600,2,30
603.334,44,11,9,3,8,4,5,100,100,100,100,100,100,4,24,24,6,6,600,600,2,30
604.334,44,10,9,2,8,4,5,100,100,100,100,100,100,4,25,25,6,6,600,600,2,30
605.334,44,10,9,2,8,4,5,100,100,100,100,100,100,4,25,25,6,6,600,600,2,30
606.334,44,10,9,2,8,4,5,100,100,100,100,100,100,4,25,25,6,6,600,600,2,30
607.334,44,10,9,2,8,4,5,100,100,100,100,100,100,4,25,25,6,6,600,600,2,30
608.334,44,10,9,2,8,4,5,100,100,100,100,100,100,4,25,25,6,6,600,600,2,30
609.334,44,10,9,2,8,4,5,100,100,100,100,100,100,4,25,25,6,6,600,600,3,30
610.334,44,10,9,2,8,4,5,100,100,100,100,100,100,4,25,25,6,6,600,600,3,30
611.334,44,10,9,2,8,4,5,100,100,100,100,100,100,4,25,25,6,6,600,600,2,30
612.333,44,10,9,2,8,4,5,100,100,100,100,100,100,4,25,25,6,6,600,600,2,30
613.333,44,10,9,2,8,4,5,100,100,100,100,100,100,4,25,25,6,6,600,600,2,30
614.333,44,10,9,2,8,4,5,100,100,100,100,100,100,4,25,25,6,6,600,600,2,30
615.333,44,10,9,2,8,4,5,100,100,100,100,100,100,4,25,25,6,6,600,600,2,30
616.333,44,10,9,2,8,4,5,100,100,100,100,100,100,4,25,25,6,6,600,600,2,30
617.333,44,10,9,2,8,4,5,100,100,100,100,100,100,4,25,25,6,6,600,600,3,30
618.333,44,10,9,2,8,4,5,100,100,100,100,100,100,4,25,25,6,6,600,600,3,30
619.333,44,10,9,2,8,4,5,100,100,100,100,100,100,4,25,25,6,6,600,600,2,30
620.333,44,10,9,2,8,4,5,100,100,100,100,100,100,4,25,25,6,6,600,600,2,30
621.333,44,10,9,2,8,4,5,100,100,100,100,100,100,4,25,25,6,6,600,600,3,30
622.333,44,10,9,2,8,4,5,100,100,100,100,100,100,4,25,25,6,6,600,600,3,30
623.333,44,10,9,2,8,4,5,100,100,100,100,100,100,4,25,25,6,6,600,600,2,30
624.333,44,10,9,2,8,4,5,100,100,100,100,100,100,4,25,25,6,6,600,600,3,30
625.333,44,10,9,2,8,4,5,100,100,100,100,100,100,4,25,25,6,6,600,600,3,30
626.333,44,10,9,2,8,4,5,100,100,100,100,100,100,4,25,25,6,6,600,600,3,30
627.333,44,10,9,2,8,4,5,100,100,100,100,100,100,4,25,25,6,6,600,600,2,30
628.333,44,10,9,2,8,4,5,100,100,100,100,100,100,4,25,25,6,6,600,600,2,30
629.332,44,10,9,2,8,4,5,100,100,100,100,100,100,4,25,25,6,6,600,600,3,30
630.332,44,10,9,2,8,4,5,100,100,100,100,100,100,4,25,25,6,6,600,600,3,30
631.332,44,10,9,2,8,4,5,100,100,100,100,100,100,4,25,25,6,6,600,600,2,30
632.332,44,10,9,2,8,4,5,100,100,100,100,100,100,4,25,25,6,6,600,600,2,30
633.332,44,10,9,2,8,4,5,100,100,100,100,100,100,4,25,25,6,6,600,600,2,30
634.332,44,10,9,2,8,4,5,100,100,100,100,100,100,4,25,25,6,6,600,600,2,30
635.332,44,10,9,2,8,4,5,100,100,100,100,100,100,4,25,25,6,6,600,600,3,30
636.332,44,10,9,2,8,4,5,100,100,100,100,100,100,4,25,25,6,6,600,600,3,30
637.332,44,10,9,2,8,4,5,100,100,100,100,100,100,4,25,25,6,6,600,600,2,30
638.332,44,10,9,2,8,4,5,100,100,100,100,100,100,4,25,25,6,6,600,600,2,30
639.332,44,10,9,2,8,4,5,100,100,100,100,100,100,4,25,25,6,6,600,600,2,30
640.332,44,10,9,2,8,4,5,100,100,100,100,100,100,4,25,25,6,6,600,600,2,30
641.332,44,10,9,2,8,4,5,100,100,100,100,100,100,4,25,25,6,6,600,600,2,30
642.332,44,10,9,2,8,4,5,100,100,100,100,100,100,4,25,25,6,6,600,600,3,30
643.332,44,10,9,2,8,4,5,100,100,100,100,100,100,4,25,25,6,6,600,600,2,30
644.332,44,10,9,2,8,4,5,100,100,100,100,100,100,4,25,25,6,6,600,600,2,30
645.331,44,10,9,2,8,4,5,100,100,100,100,100,100,4,25,25,6,6,600,600,2,30
646.331,44,10,9,2,8,4,5,100,100,100,100,100,100,4,25,25,6,6,600,600,2,30
647.331,44,10,9,2,8,4,5,100,100,100,100,100,100,4,25,25,6,6,600,600,2,30
648.331,44,10,9,2,8,4,5,100,100,100,100,100,100,4,25,25,6,6,600,600,2,30
649.331,44,10,9,2,8,4,5,100,100,100,100,100,100,4,25,25,6,6,600,600,2,30
650.331,44,10,9,2,8,4,5,100,100,100,100,100,100,4,25,25,6,6,600,600,2,30
651.331,44,10,9,2,8,4,5,100,100,100,100,100,100,4,25,25,6,6,600,600,2,30
652.331,44,10,9,2,8,4,5,100,100,100,100,100,100,4,25,25,6,6,600,600,3,30
653.331,44,10,9,2,8,4,5,100,100,100,100,100,100,4,25,25,6,6,600,600,2,30
654.331,44,10,9,2,8,4,5,100,100,100,100,100,100,4,25,25,6,6,600,600,3,30
655.331,44,10,9,2,8,4,5,100,100,100,100,100,100,4,25,25,6,6,600,600,3,30
656.331,44,10,9,2,8,4,5,100,100,100,100,100,100,4,25,25,6,6,600,600,2,30
657.331,44,10,9,2,8,4,5,100,100,100,100,100,100,4,25,25,6,6,600,600,2,30
658.331,44,10,9,2,8,4,5,100,100,100,100,100,100,4,25,25,6,6,600,600,2,30
659.331,44,10,9,2,8,4,5,100,100,100,100,100,100,4,25,25,6,6,600,600,2,30
660.331,44,10,9,2,8,4,5,100,100,100,100,100,100,4,25,25,6,6,600,600,2,30
661.33,44,10,9,2,8,4,5,100,100,100,100,100,100,4,25,25,6,6,600,600,2,30
662.33,44,10,9,2,8,4,5,100,100,100,100,100,100,4,25,25,6,6,600,600,2,30
663.33,44,10,9,2,8,4,5,100,100,100,100,100,100,4,25,25,6,6,600,600,3,30
664.33,44,10,9,2,8,4,5,100,100,100,100,100,100,4,25,25,6,6,600,600,2,30
665.33,44,10,9,2,8,4,5,100,100,100,100,100,100,4,25,25,6,6,600,600,3,30
666.33,44,10,9,2,8,4,5,100,100,100,100,100,100,4,25,25,6,6,600,600,2,30
667.33,44,10,9,2,8,4,5,100,100,100,100,100,100,4,25,25,6,6,600,600,3,30
668.33,44,10,9,2,8,4,5,100,100,100,100,100,100,4,25,25,6,6,600,600,3,30
669.33,44,10,9,2,8,4,5,100,100,100,100,100,100,4,25,25,6,6,600,600,4,30
670.33,44,10,9,2,8,4,5,100,100,100,100,100,100,4,25,25,6,6,600,600,4,30
671.33,44,10,9,2,8,4,5,100,100,100,100,100,100,4,25,25,6,6,600,600,4,30
672.33,44,10,9,2,8,4,5,100,100,100,100,100,100,4,25,25,6,6,600,600,3,30
673.33,44,10,9,2,8,4,5,100,100,100,100,100,100,4,25,25,6,6,600,600,2,30
674.33,44,10,9,2,8,4,5,100,100,100,100,100,100,4,25,25,6,6,600,600,2,30
675.33,44,10,9,2,8,4,5,100,100,100,100,100,100,4,25,25,6,6,600,600,2,30
676.33,44,10,9,2,8,4,5,100,100,100,100,100,100,4,25,25,6,6,600,600,2,30
677.33,44,10,9,2,8,4,5,100,100,100,100,100,100,4,25,25,6,6,600,600,2,30
678.329,44,10,9,2,8,4,5,100,100,100,100,100,100,4,25,25,6,6,600,600,2,30
679.329,44,10,9,2,8,4,5,100,100,100,100,100,100,4,25,25,6,6,600,600,2,30
680.329,44,10,9,2,8,4,5,100,100,100,100,100,100,4,25,25,6,6,600,600,3,30
681.329,44,10,9,2,8,4,5,100,100,100,100,100,100,4,25,25,6,6,600,600,2,30
682.329,44,10,9,2,8,4,5,100,100,100,100,100,100,4,25,25,6,6,600,600,3,30
683.329,44,10,9,2,8,4,5,100,100,100,100,100,100,4,25,25,6,6,600,600,4,30
684.329,44,10,9,2,8,4,5,100,100,100,100,100,100,4,25,25,6,6,600,600,4,30
685.329,44,10,9,2,8,4,5,100,100,100,100,100,100,4,25,25,6,6,600,600,4,30
686.329,44,10,9,2,8,4,5,100,100,100,100,100,100,4,25,25,6,6,600,600,3,30
687.329,44,10,9,2,8,4,5,100,100,100,100,100,100,4,25,25,6,6,600,600,2,30
688.329,44,10,9,2,8,4,5,100,100,100,100,100,100,4,25,25,6,6,600,600,3,30
689.329,44,10,9,2,8,4,5,100,100,100,100,100,100,4,25,25,6,6,600,600,3,30
690.329,44,10,9,2,8,4,5,100,100,100,100,100,100,4,25,25,6,6,600,600,3,30
691.329,44,10,9,2,8,4,5,100,100,100,100,100,100,4,25,25,6,6,600,600,3,30
692.329,44,10,9,2,8,4,5,100,100,100,100,100,100,4,25,25,6,6,600,600,3,30
693.329,44,10,9,2,8,4,5,100,100,100,100,100,100,4,25,25,6,6,600,600,4,30
694.328,44,10,9,2,8,4,5,100,100,100,100,100,100,4,25,25,6,6,600,600,3,30
695.328,44,10,9,2,8,4,5,100,100,100,100,100,100,4,25,25,6,6,600,600,2,30
696.328,44,10,9,2,8,4,5,100,100,100,100,100,100,4,25,25,6,6,600,600,2,30
697.328,44,10,9,2,8,4,5,100,100,100,100,100,100,4,25,25,6,6,600,600,3,30
698.328,44,10,9,2,8,4,5,100,100,100,100,100,100,4,25,25,6,6,600,600,2,30
699.328,44,10,9,2,8,4,5,100,100,100,100,100,100,4,25,25,6,6,600,600,4,30
700.328,44,10,9,2,8,4,5,100,100,100,100,100,100,4,25,25,6,6,600,600,3,30
701.328,44,10,9,2,8,4,5,100,100,100,100,100,100,4,25,25,6,6,600,600,2,30
702.328,44,10,9,2,8,4,5,100,100,100,100,100,100,4,25,25,6,6,600,600,3,30
703.328,44,10,9,2,8,4,5,100,100,100,100,100,100,4,25,25,6,6,600,600,2,30
704.328,44,10,9,2,8,4,5,100,100,100,100,100,100,4,25,25,6,6,600,600,1,30
705.328,44,10,9,2,8,4,5,100,100,100,100,100,100,4,25,25,6,6,600,600,3,30
706.328,44,10,9,2,8,4,5,100,100,100,100,100,100,4,25,25,6,6,600,600,2,30
707.328,44,10,9,2,8,4,5,100,100,100,100,100,100,4,25,25,6,6,600,600,2,30
708.328,44,10,9,2,8,4,5,100,100,100,100,100,100,4,25,25,6,6,600,600,4,30
709.328,44,10,9,2,8,4,5,100,100,100,100,100,100,4,25,25,6,6,600,600,3,30
710.328,44,10,9,2,8,4,5,100,100,100,100,100,100,4,25,25,6,6,600,600,3,30
711.327,44,10,9,2,8,4,5,100,100,100,100,100,100,4,25,25,6,6,600,600,2,30
712.327,44,10,9,2,8,4,5,100,100,100,100,100,100,4,25,25,6,6,600,600,2,30
713.327,44,10,9,2,8,4,5,100,100,100,100,100,100,4,25,25,6,6,600,600,2,30
714.327,44,10,9,2,8,4,5,100,100,100,100,100,100,4,25,25,6,6,600,600,2,30
715.327,44,10,9,2,8,4,5,100,100,100,100,100,100,4,25,25,6,6,600,600,2,30
716.327,44,10,9,2,8,4,5,100,100,100,100,100,100,4,25,25,6,6,600,600,2,30
717.327,44,10,9,2,8,4,5,100,100,100,100,100,100,4,25,25,6,6,600,600,3,30
718.327,44,10,9,2,8,4,5,100,100,100,100,100,100,4,25,25,6,6,600,600,4,30
719.327,44,10,9,2,8,4,5,100,100,100,100,100,100,4,25,25,6,6,600,600,3,30
720.327,44,10,9,2,8,4,5,100,100,100,100,100,100,4,25,25,6,6,600,600,3,30
721.327,44,10,9,2,8,4,5,100,100,100,100,100,100,4,25,25,6,6,600,600,3,30
722.327,44,10,9,2,8,4,5,100,100,100,100,100,100,4,25,25,6,6,600,600,3,30
723.327,44,10,9,2,8,4,5,100,100,100,100,100,100,4,25,25,6,6,600,600,2,30
724.327,44,10,9,2,8,4,5,100,100,100,100,100,100,4,25,25,6,6,600,600,3,30
725.327,44,10,9,2,8,4,5,100,100,100,100,100,100,4,25,25,6,6,600,600,2,30
726.327,44,10,9,2,8,4,5,100,100,100,100,100,100,4,25,25,6,6,600,600,2,30
727.326,44,10,9,2,8,4,5,100,100,100,100,100,100,4,25,25,6,6,600,600,2,30
728.326,44,10,9,2,8,4,5,100,100,100,100,100,100,4,25,25,6,6,600,600,3,30
729.326,44,10,9,2,8,4,5,100,100,100,100,100,100,4,25,25,6,6,600,600,3,30
730.326,44,10,9,2,8,4,5,100,100,100,100,100,100,4,25,25,6,6,600,600,3,30
731.326,44,10,9,2,8,4,5,100,100,100,100,100,100,4,25,25,6,6,600,600,3,30
732.326,44,10,9,2,8,4,5,100,100,100,100,100,100,4,25,25,6,6,600,600,3,30
733.326,44,10,9,2,8,4,5,100,100,100,100,100,100,4,25,25,6,6,600,600,2,30
734.326,44,10,9,2,8,4,5,100,100,100,100,100,100,4,25,25,6,6,600,600,3,30
735.326,44,10,9,2,8,4,5,100,100,100,100,100,100,4,25,25,6,6,600,600,4,30
736.326,44,10,9,2,8,4,5,100,100,100,100,100,100,4,25,25,6,6,600,600,3,30
737.326,44,10,9,2,8,4,5,100,100,100,100,100,100,4,25,25,6,6,600,600,2,30
738.326,44,10,9,2,8,4,5,100,100,100,100,100,100,4,25,25,6,6,600,600,2,30
739.326,44,10,9,2,8,4,5,100,100,100,100,100,100,4,25,25,6,6,600,600,2,30
740.326,44,10,9,2,8,4,5,100,100,100,100,100,100,4,25,25,6,6,600,600,2,30
741.326,44,10,9,2,8,4,5,100,100,100,100,100,100,4,25,25,6,6,600,600,2,30
742.326,44,10,9,2,8,4,5,100,100,100,100,100,100,4,25,25,6,6,600,600,2,30
743.325,44,10,9,2,8,4,5,100,100,100,100,100,100,4,25,25,6,6,600,600,2,30
744.325,44,10,9,2,8,4,5,100,100,100,100,100,100,4,25,25,6,6,600,600,2,30
745.325,44,10,9,2,8,4,5,100,100,100,100,100,100,4,25,25,6,6,600,600,2,30
746.325,44,10,9,2,8,4,5,100,100,100,100,100,100,4,25,25,6,6,600,600,2,30
747.325,44,10,9,2,8,4,5,100,100,100,100,100,100,4,25,25,6,6,600,600,2,30
748.325,44,10,9,2,8,4,5,100,100,100,100,100,100,4,25,25,6,6,600,600,2,30
749.325,44,10,9,2,8,4,5,100,100,100,100,100,100,4,25,25,6,6,600,600,2,30
750.325,44,10,9,2,8,4,5,100,100,100,100,100,100,4,25,25,6,6,600,600,3,30
751.325,44,10,9,2,8,4,5,100,100,100,100,100,100,4,25,25,6,6,600,600,3,30
752.325,44,10,9,2,8,4,5,100,100,100,100,100,100,4,25,25,6,6,600,600,3,30
753.325,44,10,9,2,8,4,5,100,100,100,100,100,100,4,25,25,6,6,600,600,3,30
754.325,44,10,9,2,8,4,5,100,100,100,100,100,100,4,25,25,6,6,600,600,2,30
755.325,44,10,9,2,8,4,5,100,100,100,100,100,100,4,25,25,6,6,600,600,2,30
756.325,44,10,9,2,8,4,5,100,100,100,100,100,100,4,25,25,6,6,600,600,3,30
757.325,44,10,9,2,8,4,5,100,100,100,100,100,100,4,25,25,6,6,600,600,3,30
758.325,44,10,9,2,8,4,5,100,100,100,100,100,100,4,25,25,6,6,600,600,3,30
759.325,44,10,9,2,8,4,5,100,100,100,100,100,100,4,25,25,6,6,600,600,3,30
760.324,44,10,9,2,8,4,5,100,100,100,100,100,100,4,25,25,6,6,600,600,3,30
761.324,44,10,9,2,8,4,5,100,100,100,100,100,100,4,25,25,6,6,600,600,2,30
762.324,44,10,9,2,8,4,5,100,100,100,100,100,100,4,25,25,6,6,600,600,4,30
763.324,44,10,9,2,8,4,5,100,100,100,100,100,100,4,25,25,6,6,600,600,4,30
764.324,44,10,9,2,8,4,5,100,100,100,100,100,100,4,25,25,6,6,600,600,3,30
765.324,44,10,9,2,8,4,5,100,100,100,100,100,100,4,25,25,6,6,600,600,3,30
766.324,44,10,9,2,8,4,5,100,100,100,100,100,100,4,25,25,6,6,600,600,3,30
767.324,44,10,9,2,8,4,5,100,100,100,100,100,100,4,25,25,6,6,600,600,3,30
768.324,44,10,9,2,8,4,5,100,100,100,100,100,100,4,25,25,6,6,600,600,3,30
769.324,44,10,9,2,8,4,5,100,100,100,100,100,100,4,25,25,6,6,600,600,4,30
770.324,44,10,9,2,8,4,5,100,100,100,100,100,100,4,25,25,6,6,600,600,4,30
771.324,44,10,9,2,8,4,5,100,100,100,100,100,100,4,25,25,6,6,600,600,4,30
772.324,44,10,9,2,8,4,5,100,100,100,100,100,100,4,25,25,6,6,600,600,3,30
773.324,44,10,9,2,8,4,5,100,100,100,100,100,100,4,25,25,6,6,600,600,4,30
774.324,44,10,9,2,8,4,5,100,100,100,100,100,100,4,25,25,6,6,600,600,3,30
775.324,44,10,9,2,8,4,5,100,100,100,100,100,100,4,25,25,6,6,600,600,3,30
776.323,44,10,9,2,8,4,5,100,100,100,100,100,100,4,25,25,6,6,600,600,4,30
777.323,44,10,9,2,8,4,5,100,100,100,100,100,100,4,25,25,6,6,600,600,3,30
778.323,44,10,9,2,8,4,5,100,100,100,100,100,100,4,25,25,6,6,600,600,3,30
779.323,44,10,9,2,8,4,5,100,100,100,100,100,100,4,25,25,6,6,600,600,3,30
780.323,44,10,9,2,8,4,5,100,100,100,100,100,100,4,25,25,6,6,600,600,3,30
781.323,44,10,9,2,8,4,5,100,100,100,100,100,100,4,25,25,6,6,600,600,3,30
782.323,44,10,9,2,8,4,5,100,100,100,100,100,100,4,25,25,6,6,600,600,2,30
783.323,44,10,9,2,8,4,5,100,100,100,100,100,100,4,25,25,6,6,600,600,3,30
784.323,44,10,9,2,8,4,5,100,100,100,100,100,100,4,25,25,6,6,600,600,2,30
785.323,44,10,9,2,8,4,5,100,100,100,100,100,100,4,25,25,6,6,600,600,2,30
786.323,44,10,9,2,8,4,5,100,100,100,100,100,100,4,25,25,6,6,600,600,2,30
787.323,44,10,9,2,8,4,5,100,100,100,100,100,100,4,25,25,6,6,600,600,3,30
788.323,44,10,9,2,8,4,5,100,100,100,100,100,100,4,25,25,6,6,600,600,2,30
789.323,44,10,9,2,8,4,5,100,100,100,100,100,100,4,25,25,6,6,600,600,2,30
790.323,44,10,9,2,8,4,5,100,100,100,100,100,100,4,25,25,6,6,600,600,2,30
791.323,44,10,9,2,8,4,5,100,100,100,100,100,100,4,25,25,6,6,600,600,2,30
792.322,44,10,9,2,8,4,5,100,100,100,100,100,100,4,25,25,6,6,600,600,2,30
793.322,44,10,9,2,8,4,5,100,100,100,100,100,100,4,25,25,6,6,600,600,2,30
794.322,44,10,9,2,8,4,5,100,100,100,100,100,100,4,25,25,6,6,600,600,2,30
795.322,44,10,9,2,8,4,5,100,100,100,100,100,100,4,25,25,6,6,600,600,2,30
796.322,44,10,9,2,8,4,5,100,100,100,100,100,100,4,25,25,6,6,600,600,2,30
797.322,44,10,9,2,8,4,5,100,100,100,100,100,100,4,25,25,6,6,600,600,2,30
798.322,44,10,9,2,8,4,5,100,100,100,100,100,100,4,25,25,6,6,600,600,2,30
799.322,44,10,9,2,8,4,5,100,100,100,100,100,100,4,25,25,6,6,600,600,3,30
800.322,44,10,9,2,8,4,5,100,100,100,100,100,100,4,25,25,6,6,600,600,3,30
801.322,44,10,9,2,8,4,5,100,100,100,100,100,100,4,25,25,6,6,600,600,4,30
802.322,44,10,9,2,8,4,5,100,100,100,100,100,100,4,25,25,6,6,600,600,2,30
803.322,44,10,9,2,8,4,5,100,100,100,100,100,100,4,25,25,6,6,600,600,3,30
804.322,44,10,9,2,8,4,5,100,100,100,100,100,100,4,25,25,6,6,600,600,2,30
805.322,44,10,9,2,8,4,5,100,100,100,100,100,100,4,25,25,6,6,600,600,2,30
806.322,44,10,9,2,8,4,5,100,100,100,100,100,100,4,25,25,6,6,600,600,2,30
807.322,44,10,9,2,8,4,5,100,100,100,100,100,100,4,25,25,6,6,600,600,2,30
808.322,44,10,9,2,8,4,5,100,100,100,100,100,100,4,25,25,6,6,600,600,2,30
809.321,44,10,9,2,8,4,5,100,100,100,100,100,100,4,25,25,6,6,600,600,2,30
810.321,44,10,9,2,8,4,5,100,100,100,100,100,100,4,25,25,6,6,600,600,2,30
811.321,44,10,9,2,8,4,5,100,100,100,100,100,100,4,25,25,6,6,600,600,2,30
812.321,44,10,9,2,8,4,5,100,100,100,100,100,100,4,25,25,6,6,600,600,2,30
813.321,44,10,9,2,8,4,5,100,100,100,100,100,100,4,25,25,6,6,600,600,2,30
814.321,44,10,9,2,8,4,5,100,100,100,100,100,100,4,25,25,6,6,600,600,2,30
815.321,44,10,9,2,8,4,5,100,100,100,100,100,100,4,25,25,6,6,600,600,2,30
816.321,44,10,9,2,8,4,5,100,100,100,100,100,100,4,25,25,6,6,600,600,2,30
817.321,44,10,9,2,8,4,5,100,100,100,100,100,100,4,25,25,6,6,600,600,2,30
818.321,44,10,9,2,8,4,5,100,100,100,100,100,100,4,25,25,6,6,600,600,2,30
819.321,44,10,9,2,8,4,5,100,100,100,100,100,100,4,25,25,6,6,600,600,2,30
820.321,44,10,9,2,8,4,5,100,100,100,100,100,100,4,25,25,6,6,600,600,3,30
821.321,44,10,9,2,8,4,5,100,100,100,100,100,100,4,25,25,6,6,600,600,3,30
822.321,44,10,9,2,8,4,5,100,100,100,100,100,100,4,25,25,6,6,600,600,2,30
823.321,44,10,9,2,8,4,5,100,100,100,100,100,100,4,25,25,6,6,600,600,2,30
824.321,44,10,9,2,8,4,5,100,100,100,100,100,100,4,25,25,6,6,600,600,2,30
825.32,44,10,9,2,8,4,5,100,100,100,100,100,100,4,25,25,6,6,600,600,2,30
826.32,44,10,9,2,8,4,5,100,100,100,100,100,100,4,25,25,6,6,600,600,3,30
827.32,44,10,9,2,8,4,5,100,100,100,100,100,100,4,25,25,6,6,600,600,4,30
828.32,44,10,9,2,8,4,5,100,100,100,100,100,100,4,25,25,6,6,600,600,2,30
829.32,44,10,9,2,8,4,5,100,100,100,100,100,100,4,25,25,6,6,600,600,2,30
830.32,44,10,9,2,8,4,5,100,100,100,100,100,100,4,25,25,6,6,600,600,2,30
831.32,44,10,9,2,8,4,5,100,100,100,100,100,100,4,25,25,6,6,600,600,3,30
832.32,44,10,9,2,8,4,5,100,100,100,100,100,100,4,25,25,6,6,600,600,2,30
833.32,44,10,9,2,8,4,5,100,100,100,100,100,100,4,25,25,6,6,600,600,3,30
834.32,44,10,9,2,8,4,5,100,100,100,100,100,100,4,25,25,6,6,600,600,2,30
835.32,44,10,9,2,8,4,5,100,100,100,100,100,100,4,25,25,6,6,600,600,2,30
836.32,44,10,9,2,8,4,5,100,100,100,100,100,100,4,25,25,6,6,600,600,3,30
837.32,44,10,9,2,8,4,5,100,100,100,100,100,100,4,25,25,6,6,600,600,2,30
838.32,44,10,9,2,8,4,5,100,100,100,100,100,100,4,25,25,6,6,600,600,3,30
839.32,44,10,9,2,8,4,5,100,100,100,100,100,100,4,25,25,6,6,600,600,2,30
840.32,44,10,9,2,8,4,5,100,100,100,100,100,100,4,25,25,6,6,600,600,2,30
841.32,44,10,9,2,8,4,5,100,100,100,100,100,100,4,25,25,6,6,600,600,2,30
842.319,44,10,9,2,8,4,5,100,100,100,100,100,100,4,25,25,6,6,600,600,2,30
843.319,44,10,9,2,8,4,5,100,100,100,100,100,100,4,25,25,6,6,600,600,2,30
844.319,44,10,9,2,8,4,5,100,100,100,100,100,100,4,25,25,6,6,600,600,2,30
845.319,44,10,9,2,8,4,5,100,100,100,100,100,100,4,25,25,6,6,600,600,2,30
846.319,44,10,9,2,8,4,5,100,100,100,100,100,100,4,25,25,6,6,600,600,2,30
847.319,44,10,9,2,8,4,5,100,100,100,100,100,100,4,25,25,6,6,600,600,2,30
848.319,44,10,9,2,8,4,5,100,100,100,100,100,100,4,25,25,6,6,600,600,2,30
849.319,44,10,9,2,8,4,5,100,100,100,100,100,100,4,25,25,6,6,600,600,2,30
850.319,44,10,9,2,8,4,5,100,100,100,100,100,100,4,25,25,6,6,600,600,2,30
851.319,44,10,9,2,8,4,5,100,100,100,100,100,100,4,25,25,6,6,600,600,4,30
852.319,44,10,9,2,8,4,5,100,100,100,100,100,100,4,25,25,6,6,600,600,3,30
853.319,44,10,9,2,8,4,5,100,100,100,100,100,100,4,25,25,6,6,600,600,2,30
854.319,44,9,9,2,7,4,5,100,100,100,100,100,100,4,26,26,6,6,600,600,4,30
855.319,44,9,9,2,7,4,5,100,100,100,100,100,100,4,26,26,6,6,600,600,3,30
856.319,44,9,9,2,7,4,5,100,100,100,100,100,100,4,26,26,6,6,600,600,2,30
857.319,44,9,9,2,7,4,5,100,100,100,100,100,100,4,26,26,6,6,600,600,2,30
858.318,44,9,9,2,7,4,5,100,100,100,100,100,100,4,26,26,6,6,600,600,2,30
859.318,44,9,9,2,7,4,5,100,100,100,100,100,100,4,26,26,6,6,600,600,2,30
860.318,44,9,9,2,7,4,5,100,100,100,100,100,100,4,26,26,6,6,600,600,2,30
861.318,44,9,9,2,7,4,5,100,100,100,100,100,100,4,26,26,6,6,600,600,2,30
862.318,44,8,9,2,6,4,5,100,100,100,100,100,100,4,27,27,6,6,600,600,2,30
863.318,44,8,9,2,6,4,5,100,100,100,100,100,100,4,27,27,6,6,600,600,2,30
864.318,44,8,9,2,6,4,5,100,100,100,100,100,100,4,27,27,6,6,600,600,2,30
865.318,44,8,9,2,6,4,5,100,100,100,100,100,100,4,27,27,6,6,600,600,2,30
866.318,44,8,9,2,6,4,5,100,100,100,100,100,100,4,27,27,6,6,600,600,3,30
867.318,44,8,9,2,6,4,5,100,100,100,100,100,100,4,27,27,6,6,600,600,3,30
868.318,44,8,9,2,6,4,5,100,100,100,100,100,100,4,27,27,6,6,600,600,3,30
869.318,44,8,9,2,6,4,5,100,100,100,100,100,100,4,27,27,6,6,600,600,4,30
870.318,44,8,9,2,6,4,5,100,100,100,100,100,100,4,27,27,6,6,600,600,4,30
871.318,44,8,9,2,6,4,5,100,100,100,100,100,100,4,27,27,6,6,600,600,3,30
872.318,44,8,9,2,6,4,5,100,100,100,100,100,100,4,27,27,6,6,600,600,3,30
873.318,44,8,9,2,6,4,5,100,100,100,100,100,100,4,27,27,6,6,600,600,2,30
874.317,44,8,9,2,6,4,5,100,100,100,100,100,100,4,27,27,6,6,600,600,2,30
875.317,44,8,9,2,6,4,5,100,100,100,100,100,100,4,27,27,6,6,600,600,2,30
876.317,44,8,9,2,6,4,5,100,100,100,100,100,100,4,27,27,6,6,600,600,3,30
877.317,44,8,9,2,6,4,5,100,100,100,100,100,100,4,27,27,6,6,600,600,2,30
878.317,44,8,9,2,6,4,5,100,100,100,100,100,100,4,27,27,6,6,600,600,3,30
879.317,44,8,9,2,6,4,5,100,100,100,100,100,100,4,27,27,6,6,600,600,3,30
880.317,44,8,9,2,6,4,5,100,100,100,100,100,100,4,27,27,6,6,600,600,3,30
881.317,44,8,9,2,6,4,5,100,100,100,100,100,100,4,27,27,6,6,600,600,3,30
882.317,44,8,9,2,6,4,5,100,100,100,100,100,100,4,27,27,6,6,600,600,2,30
883.317,44,8,9,2,6,4,5,100,100,100,100,100,100,4,27,27,6,6,600,600,2,30
884.317,44,8,9,2,6,4,5,100,100,100,100,100,100,4,27,27,6,6,600,600,2,30
885.317,44,8,9,2,6,4,5,100,100,100,100,100,100,4,27,27,6,6,600,600,2,30
886.317,44,8,9,2,6,4,5,100,100,100,100,100,100,4,27,27,6,6,600,600,3,30
887.317,44,8,9,2,6,4,5,100,100,100,100,100,100,4,27,27,6,6,600,600,3,30
888.317,44,8,9,2,6,4,5,100,100,100,100,100,100,4,27,27,6,6,600,600,2,30
889.317,44,8,9,2,6,4,5,100,100,100,100,100,100,4,27,27,6,6,600,600,2,30
890.317,44,8,9,2,6,4,5,100,100,100,100,100,100,4,27,27,6,6,600,600,3,30
891.316,44,8,9,2,6,4,5,100,100,100,100,100,100,4,27,27,6,6,600,600,3,30
892.316,44,8,9,2,6,4,5,100,100,100,100,100,100,4,27,27,6,6,600,600,3,30
893.316,44,8,9,2,6,4,5,100,100,100,100,100,100,4,27,27,6,6,600,600,3,30
894.316,44,8,9,2,6,4,5,100,100,100,100,100,100,4,27,27,6,6,600,600,3,30
895.316,44,8,9,2,6,4,5,100,100,100,100,100,100,4,27,27,6,6,600,600,2,30
896.316,44,8,9,2,6,4,5,100,100,100,100,100,100,4,27,27,6,6,600,600,2,30
897.316,44,8,9,2,6,4,5,100,100,100,100,100,100,4,27,27,6,6,600,600,3,30
898.316,44,8,9,2,6,4,5,100,100,100,100,100,100,4,27,27,6,6,600,600,3,30
899.316,44,8,9,2,6,4,5,100,100,100,100,100,100,4,27,27,6,6,600,600,3,30
900.316,44,8,9,2,6,4,5,100,100,100,100,100,100,4,27,27,6,6,600,600,3,30
901.316,44,8,9,2,6,4,5,100,100,100,100,100,100,4,27,27,6,6,600,600,2,30
902.316,44,8,9,2,6,4,5,100,100,100,100,100,100,4,27,27,6,6,600,600,2,30
903.316,44,8,9,2,6,4,5,100,100,100,100,100,100,4,27,27,6,6,600,600,2,30
904.316,44,8,9,2,6,4,5,100,100,100,100,100,100,4,27,27,6,6,600,600,3,30
905.316,44,8,9,2,6,4,5,100,100,100,100,100,100,4,27,27,6,6,600,600,2,30
906.316,44,8,9,2,6,4,5,100,100,100,100,100,100,4,27,27,6,6,600,600,2,30
907.315,44,8,9,2,6,4,5,100,100,100,100,100,100,4,27,27,6,6,600,600,3,30
908.315,44,8,9,2,6,4,5,100,100,100,100,100,100,4,27,27,6,6,600,600,3,30
909.315,44,8,9,2,6,4,5,100,100,100,100,100,100,4,27,27,6,6,600,600,3,30
910.315,44,8,9,2,6,4,5,100,100,100,100,100,100,4,27,27,6,6,600,600,4,30
911.315,44,8,9,2,6,4,5,100,100,100,100,100,100,4,27,27,6,6,600,600,2,30
912.315,44,8,9,2,6,4,5,100,100,100,100,100,100,4,27,27,6,6,600,600,2,30
913.315,44,8,9,2,6,4,5,100,100,100,100,100,100,4,27,27,6,6,600,600,2,30
914.315,44,8,9,2,6,4,5,100,100,100,100,100,100,4,27,27,6,6,600,600,3,30
915.315,44,8,9,2,6,4,5,100,100,100,100,100,100,4,27,27,6,6,600,600,2,30
916.315,44,8,9,2,6,4,5,100,100,100,100,100,100,4,27,27,6,6,600,600,2,30
917.315,44,8,9,2,6,4,5,100,100,100,100,100,100,4,27,27,6,6,600,600,2,30
918.315,44,8,9,2,6,4,5,100,100,100,100,100,100,4,27,27,6,6,600,600,2,30
919.315,44,8,9,2,6,4,5,100,100,100,100,100,100,4,27,27,6,6,600,600,2,30
920.315,44,8,9,2,6,4,5,100,100,100,100,100,100,4,27,27,6,6,600,600,2,30
921.315,44,8,9,2,6,4,5,100,100,100,100,100,100,4,27,27,6,6,600,600,2,30
922.315,44,8,9,2,6,4,5,100,100,100,100,100,100,4,27,27,6,6,600,600,2,30
923.315,44,8,9,2,6,4,5,100,100,100,100,100,100,4,27,27,6,6,600,600,4,30
924.314,44,8,9,2,6,4,5,100,100,100,100,100,100,4,27,27,6,6,600,600,4,30
925.314,44,8,9,2,6,4,5,100,100,100,100,100,100,4,27,27,6,6,600,600,2,30
926.314,44,8,9,2,6,4,5,100,100,100,100,100,100,4,27,27,6,6,600,600,2,30
927.314,44,8,9,2,6,4,5,100,100,100,100,100,100,4,27,27,6,6,600,600,2,30
928.314,44,8,9,2,6,4,5,100,100,100,100,100,100,4,27,27,6,6,600,600,2,30
929.314,44,8,9,2,6,4,5,100,100,100,100,100,100,4,27,27,6,6,600,600,2,30
930.314,44,8,9,2,6,4,5,100,100,100,100,100,100,4,27,27,6,6,600,600,2,30
931.314,44,8,9,2,6,4,5,100,100,100,100,100,100,4,27,27,6,6,600,600,2,30
932.314,44,8,9,2,6,4,5,100,100,100,100,100,100,4,27,27,6,6,600,600,2,30
933.314,44,8,9,2,6,4,5,100,100,100,100,100,100,4,27,27,6,6,600,600,2,30
934.314,44,8,9,2,6,4,5,100,100,100,100,100,100,4,27,27,6,6,600,600,2,30
935.314,44,8,9,2,6,4,5,100,100,100,100,100,100,4,27,27,6,6,600,600,2,30
936.314,44,8,9,2,6,4,5,100,100,100,100,100,100,4,27,27,6,6,600,600,2,30
937.314,44,8,9,2,6,4,5,100,100,100,100,100,100,4,27,27,6,6,600,600,2,30
938.314,44,8,9,2,6,4,5,100,100,100,100,100,100,4,27,27,6,6,600,600,2,30
939.314,44,8,9,2,6,4,5,100,100,100,100,100,100,4,27,27,6,6,600,600,2,30
940.313,44,8,9,2,6,4,5,100,100,100,100,100,100,4,27,27,6,6,600,600,2,30
941.313,44,8,9,2,6,4,5,100,100,100,100,100,100,4,27,27,6,6,600,600,2,30
942.313,44,8,9,2,6,4,5,100,100,100,100,100,100,4,27,27,6,6,600,600,3,30
943.313,44,8,9,2,6,4,5,100,100,100,100,100,100,4,27,27,6,6,600,600,3,30
944.313,44,8,9,2,6,4,5,100,100,100,100,100,100,4,27,27,6,6,600,600,2,30
945.313,44,8,9,2,6,4,5,100,100,100,100,100,100,4,27,27,6,6,600,600,3,30
946.313,44,8,9,2,6,4,5,100,100,100,100,100,100,4,27,27,6,6,600,600,3,30
947.313,44,8,9,2,6,4,5,100,100,100,100,100,100,4,27,27,6,6,600,600,4,30
948.313,44,8,9,2,6,4,5,100,100,100,100,100,100,4,27,27,6,6,600,600,3,30
949.313,44,8,9,2,6,4,5,100,100,100,100,100,100,4,27,27,6,6,600,600,3,30
950.313,44,8,9,2,6,4,5,100,100,100,100,100,100,4,27,27,6,6,600,600,2,30
951.313,44,8,9,2,6,4,5,100,100,100,100,100,100,4,27,27,6,6,600,600,2,30
952.313,44,8,9,2,6,4,5,100,100,100,100,100,100,4,27,27,6,6,600,600,3,30
953.313,44,8,9,2,6,4,5,100,100,100,100,100,100,4,27,27,6,6,600,600,3,30
954.313,44,8,9,2,6,4,5,100,100,100,100,100,100,4,27,27,6,6,600,600,3,30
955.313,44,8,9,2,6,4,5,100,100,100,100,100,100,4,27,27,6,6,600,600,3,30
956.312,44,8,9,2,6,4,5,100,100,100,100,100,100,4,27,27,6,6,600,600,2,30
957.312,44,8,9,2,6,4,5,100,100,100,100,100,100,4,27,27,6,6,600,600,2,30
958.312,44,8,9,2,6,4,5,100,100,100,100,100,100,4,27,27,6,6,600,600,3,30
959.312,44,8,9,2,6,4,5,100,100,100,100,100,100,4,27,27,6,6,600,600,2,30
960.312,44,8,9,2,6,4,5,100,100,100,100,100,100,4,27,27,6,6,600,600,2,30
961.312,44,8,9,2,6,4,5,100,100,100,100,100,100,4,27,27,6,6,600,600,3,30
962.312,44,8,9,2,6,4,5,100,100,100,100,100,100,4,27,27,6,6,600,600,3,30
963.312,44,8,9,2,6,4,5,100,100,100,100,100,100,4,27,27,6,6,600,600,3,30
964.312,44,8,9,2,6,4,5,100,100,100,100,100,100,4,27,27,6,6,600,600,2,30
965.312,44,8,9,2,6,4,5,100,100,100,100,100,100,4,27,27,6,6,600,600,2,30
966.312,44,8,9,2,6,4,5,100,100,100,100,100,100,4,27,27,6,6,600,600,2,30
967.312,44,8,9,2,6,4,5,100,100,100,100,100,100,4,27,27,6,6,600,600,2,30
968.312,44,8,9,2,6,4,5,100,100,100,100,100,100,4,27,27,6,6,600,600,3,30
969.312,44,8,9,2,6,4,5,100,100,100,100,100,100,4,27,27,6,6,600,600,3,30
970.312,44,8,9,2,6,4,5,100,100,100,100,100,100,4,27,27,6,6,600,600,4,30
971.312,44,8,9,2,6,4,5,100,100,100,100,100,100,4,27,27,6,6,600,600,4,30
972.312,44,8,9,2,6,4,5,100,100,100,100,100,100,4,27,27,6,6,600,600,5,30
973.311,44,8,9,2,6,4,5,100,100,100,100,100,100,4,27,27,6,6,600,600,5,30
974.311,44,8,9,2,6,4,5,100,100,100,100,100,100,4,27,27,6,6,600,600,3,30
975.311,44,8,9,2,6,4,5,100,100,100,100,100,100,4,27,27,6,6,600,600,4,30
976.311,44,8,9,2,6,4,5,100,100,100,100,100,100,4,27,27,6,6,600,600,4,30
977.311,44,8,9,2,6,4,5,100,100,100,100,100,100,4,27,27,6,6,600,600,3,30
978.311,44,8,9,2,6,4,5,100,100,100,100,100,100,4,27,27,6,6,600,600,2,30
979.311,44,8,9,2,6,4,5,100,100,100,100,100,100,4,27,27,6,6,600,600,4,30
980.311,44,8,9,2,6,4,5,100,100,100,100,100,100,4,27,27,6,6,600,600,2,30
981.311,44,8,9,2,6,4,5,100,100,100,100,100,100,4,27,27,6,6,600,600,3,30
982.311,44,8,9,2,6,4,5,100,100,100,100,100,100,4,27,27,6,6,600,600,2,30
983.311,44,8,9,2,6,4,5,100,100,100,100,100,100,4,27,27,6,6,600,600,2,30
984.311,44,8,9,2,6,4,5,100,100,100,100,100,100,4,27,27,6,6,600,600,3,30
985.311,44,8,9,2,6,4,5,100,100,100,100,100,100,4,27,27,6,6,600,600,2,30
986.311,44,8,9,2,6,4,5,100,100,100,100,100,100,4,27,27,6,6,600,600,2,30
987.311,44,8,9,2,6,4,5,100,100,100,100,100,100,4,27,27,6,6,600,600,2,30
988.311,44,8,9,2,6,4,5,100,100,100,100,100,100,4,27,27,6,6,600,600,3,30
989.31,44,8,9,2,6,4,5,100,100,100,100,100,100,4,27,27,6,6,600,600,2,30
990.31,44,8,9,2,6,4,5,100,100,100,100,100,100,4,27,27,6,6,600,600,3,30
991.31,45,8,10,2,6,5,5,100,97,100,100,85,100,5,27,27,6,6,600,600,4,30
992.31,45,8,10,2,6,5,5,100,97,100,100,85,100,5,27,27,6,6,600,600,3,30
993.31,45,8,10,2,6,5,5,100,97,100,100,85,100,5,27,27,6,6,600,600,3,30
994.31,45,8,10,2,6,5,5,100,97,100,100,85,100,5,27,27,6,6,600,600,4,30
995.31,45,8,10,2,6,5,5,100,97,100,100,85,100,5,27,27,6,6,600,600,4,30
996.31,45,8,10,2,6,5,5,100,97,100,100,85,100,5,27,27,6,6,600,600,4,30
997.31,45,8,10,2,6,5,5,100,97,100,100,85,100,5,27,27,6,6,600,600,3,30
998.31,45,8,10,2,6,5,5,100,97,100,100,85,100,5,27,27,6,6,600,600,3,30
999.31,45,8,10,2,6,5,5,100,98.5,100,100,85,100,5,27,27,6,6,600,600,3,30
1000.31,45,8,10,2,6,5,5,100,98.5,100,100,85,100,5,27,27,6,6,600,600,3,30
1001.31,45,8,10,2,6,5,5,100,98.5,100,100,85,100,5,27,27,6,6,600,600,3,30
1002.31,45,8,10,2,6,5,5,100,98.5,100,100,85,100,5,27,27,6,6,600,600,3,30
1003.31,45,8,10,2,6,5,5,100,98.5,100,100,85,100,5,27,27,6,6,600,600,3,30
1004.31,45,8,10,2,6,5,5,100,98.5,100,100,85,100,5,27,27,6,6,600,600,4,30
1005.309,45,8,10,2,6,5,5,100,98.5,100,100,85,100,5,27,27,6,6,600,600,2,30
1006.309,45,8,10,2,6,5,5,100,98.5,100,100,85,100,5,27,27,6,6,600,600,2,30
1007.309,45,8,10,2,6,5,5,100,98.5,100,100,85,100,5,27,27,6,6,600,600,2,30
1008.309,45,8,10,2,6,5,5,100,98.5,100,100,85,100,5,27,27,6,6,600,600,2,30
1009.309,45,8,10,2,6,5,5,100,98.5,100,100,85,100,5,27,27,6,6,600,600,2,30
1010.309,45,8,10,2,6,5,5,100,98.5,100,100,85,100,5,27,27,6,6,600,600,2,30
1011.309,45,8,10,2,6,5,5,100,98.5,100,100,85,100,5,27,27,6,6,600,600,2,30
1012.309,45,8,10,2,6,5,5,100,98.5,100,100,85,100,5,27,27,6,6,600,600,2,30
1013.309,45,8,10,2,6,5,5,100,98.5,100,100,85,100,5,27,27,6,6,600,600,2,30
1014.309,45,8,10,2,6,5,5,100,98.5,100,100,85,100,5,27,27,6,6,600,600,2,30
1015.309,45,8,10,2,6,5,5,100,98.5,100,100,85,100,5,27,27,6,6,600,600,2,30
1016.309,45,8,10,2,6,5,5,100,98.5,100,100,85,100,5,27,27,6,6,600,600,2,30
1017.309,45,8,10,2,6,5,5,100,98.5,100,100,85,100,5,27,27,6,6,600,600,3,30
1018.309,45,8,10,2,6,5,5,100,98.5,100,100,85,100,5,27,27,6,6,600,600,3,30
1019.309,45,8,10,2,6,5,5,100,98.5,100,100,85,100,5,27,27,6,6,600,600,3,30
1020.309,45,8,10,2,6,5,5,100,98.5,100,100,85,100,5,27,27,6,6,600,600,3,30
1021.308,45,8,10,2,6,5,5,100,98.5,100,100,85,100,5,27,27,6,6,600,600,3,30
1022.308,45,8,10,2,6,5,5,100,98.5,100,100,85,100,5,27,27,6,6,600,600,3,30
1023.308,45,8,10,2,6,5,5,100,98.5,100,100,85,100,5,27,27,6,6,600,600,4,30
1024.308,45,8,10,2,6,5,5,100,98.5,100,100,85,100,5,27,27,6,6,600,600,4,30
1025.308,45,8,10,2,6,5,5,100,98.5,100,100,85,100,5,27,27,6,6,600,600,3,30
1026.309,45,8,10,2,6,5,5,100,98.5,100,100,85,100,5,27,27,6,6,600,600,2,30
1027.309,45,8,10,2,6,5,5,100,98.5,100,100,85,100,5,27,27,6,6,600,600,2,30
1028.309,45,8,10,2,6,5,5,100,98.5,100,100,85,100,5,27,27,6,6,600,600,3,30
1029.309,45,8,10,2,6,5,5,100,100,100,100,100,100,5,27,27,6,6,600,600,3,30
1030.309,45,8,10,2,6,5,5,100,100,100,100,100,100,5,27,27,6,6,600,600,3,30
1031.309,45,8,10,2,6,5,5,100,100,100,100,100,100,5,27,27,6,6,600,600,3,30
1032.309,45,8,10,2,6,5,5,100,100,100,100,100,100,5,27,27,6,6,600,600,4,30
1033.309,45,8,10,2,6,5,5,100,100,100,100,100,100,5,27,27,6,6,600,600,2,30
1034.31,45,8,10,2,6,5,5,100,100,100,100,100,100,5,27,27,6,6,600,600,3,30
1035.31,45,8,10,2,6,5,5,100,100,100,100,100,100,5,27,27,6,6,600,600,4,30
1036.31,45,8,10,2,6,5,5,100,100,100,100,100,100,5,27,27,6,6,600,600,4,30
1037.31,45,8,10,2,6,5,5,100,100,100,100,100,100,5,27,27,6,6,600,600,3,30
1038.31,45,8,10,2,6,5,5,100,100,100,100,100,100,5,27,27,6,6,600,600,3,30
1039.31,45,8,10,2,6,5,5,100,100,100,100,100,100,5,27,27,6,6,600,600,2,30
1040.31,45,8,10,2,6,5,5,100,100,100,100,100,100,5,27,27,6,6,600,600,2,30
1041.31,45,8,10,2,6,5,5,100,100,100,100,100,100,5,27,27,6,6,600,600,2,30
1042.311,45,8,10,2,6,5,5,100,100,100,100,100,100,5,27,27,6,6,600,600,3,30
1043.311,45,8,10,2,6,5,5,100,100,100,100,100,100,5,27,27,6,6,600,600,3,30
1044.311,45,8,10,2,6,5,5,100,100,100,100,100,100,5,27,27,6,6,600,600,2,30
1045.311,45,8,10,2,6,5,5,100,100,100,100,100,100,5,27,27,6,6,600,600,2,30
1046.311,45,8,10,2,6,5,5,100,100,100,100,100,100,5,27,27,6,6,600,600,2,30
1047.311,45,8,10,2,6,5,5,100,100,100,100,100,100,5,27,27,6,6,600,600,4,30
1048.311,45,8,10,2,6,5,5,100,100,100,100,100,100,5,27,27,6,6,600,600,2,30
1049.311,45,8,10,2,6,5,5,100,100,100,100,100,100,5,27,27,6,6,600,600,3,30
1050.312,45,8,10,2,6,5,5,100,100,100,100,100,100,5,27,27,6,6,600,600,3,30
1051.312,45,8,10,2,6,5,5,100,100,100,100,100,100,5,27,27,6,6,600,600,3,30
1052.312,45,8,10,2,6,5,5,100,100,100,100,100,100,5,27,27,6,6,600,600,2,30
1053.312,45,8,10,2,6,5,5,100,100,100,100,100,100,5,27,27,6,6,600,600,2,30
1054.312,45,8,10,2,6,5,5,100,100,100,100,100,100,5,27,27,6,6,600,600,3,30
1055.312,45,8,10,2,6,5,5,100,100,100,100,100,100,5,27,27,6,6,600,600,3,30
1056.312,45,8,10,2,6,5,5,100,100,100,100,100,100,5,27,27,6,6,600,600,4,30
1057.312,45,8,10,2,6,5,5,100,100,100,100,100,100,5,27,27,6,6,600,600,3,30
1058.313,45,8,10,2,6,5,5,100,100,100,100,100,100,5,27,27,6,6,600,600,3,30
1059.313,45,8,10,2,6,5,5,100,100,100,100,100,100,5,27,27,6,6,600,600,2,30
1060.313,45,8,10,2,6,5,5,100,100,100,100,100,100,5,27,27,6,6,600,600,2,30
1061.313,45,8,10,2,6,5,5,100,100,100,100,100,100,5,27,27,6,6,600,600,2,30
1062.313,45,8,10,2,6,5,5,100,100,100,100,100,100,5,27,27,6,6,600,600,2,30
1063.313,45,8,10,2,6,5,5,100,100,100,100,100,100,5,27,27,6,6,600,600,2,30
1064.313,45,8,10,2,6,5,5,100,100,100,100,100,100,5,27,27,6,6,600,600,2,30
1065.313,45,8,10,2,6,5,5,100,100,100,100,100,100,5,27,27,6,6,600,600,2,30
1066.313,45,8,10,2,6,5,5,100,100,100,100,100,100,5,27,27,6,6,600,600,2,30
1067.314,45,8,10,2,6,5,5,100,100,100,100,100,100,5,27,27,6,6,600,600,2,30
1068.314,45,8,10,2,6,5,5,100,100,100,100,100,100,5,27,27,6,6,600,600,2,30
1069.314,45,8,10,2,6,5,5,100,100,100,100,100,100,5,27,27,6,6,600,600,2,30
1070.314,45,8,10,2,6,5,5,100,100,100,100,100,100,5,27,27,6,6,600,600,2,30
1071.314,45,8,10,2,6,5,5,100,100,100,100,100,100,5,27,27,6,6,600,600,2,30
1072.314,45,8,10,2,6,5,5,100,100,100,100,100,100,5,27,27,6,6,600,600,2,30
1073.314,45,8,10,2,6,5,5,100,100,100,100,100,100,5,27,27,6,6,600,600,2,30
1074.314,45,8,10,2,6,5,5,100,100,100,100,100,100,5,27,27,6,6,600,600,2,30
1075.315,45,8,10,2,6,5,5,100,100,100,100,100,100,5,27,27,6,6,600,600,2,30
1076.315,45,8,10,2,6,5,5,100,100,100,100,100,100,5,27,27,6,6,600,600,2,30
1077.315,45,8,10,2,6,5,5,100,100,100,100,100,100,5,27,27,6,6,600,600,2,30
1078.315,45,8,10,2,6,5,5,100,100,100,100,100,100,5,27,27,6,6,600,600,2,30
1079.315,45,8,10,2,6,5,5,100,100,100,100,100,100,5,27,27,6,6,600,600,3,30
1080.315,45,8,10,2,6,5,5,100,100,100,100,100,100,5,27,27,6,6,600,600,3,30
1081.315,45,8,10,2,6,5,5,100,100,100,100,100,100,5,27,27,6,6,600,600,3,30
1082.315,45,8,10,2,6,5,5,100,100,100,100,100,100,5,27,27,6,6,600,600,3,30
1083.316,45,8,10,2,6,5,5,100,100,100,100,100,100,5,27,27,6,6,600,600,3,30
1084.316,45,8,10,2,6,5,5,100,100,100,100,100,100,5,27,27,6,6,600,600,2,30
1085.316,45,8,10,2,6,5,5,100,100,100,100,100,100,5,27,27,6,6,600,600,2,30
1086.316,45,7,10,2,5,5,5,100,100,100,100,100,100,5,28,28,6,6,600,600,3,30
1087.316,45,7,10,2,5,5,5,100,100,100,100,100,100,5,28,28,6,6,600,600,3,30
1088.316,45,7,10,2,5,5,5,100,100,100,100,100,100,5,28,28,6,6,600,600,3,30
1089.316,45,7,10,2,5,5,5,100,100,100,100,100,100,5,28,28,6,6,600,600,3,30
1090.316,45,7,10,2,5,5,5,100,100,100,100,100,100,5,28,28,6,6,600,600,3,30
1091.317,45,7,10,2,5,5,5,100,100,100,100,100,100,5,28,28,6,6,600,600,3,30
1092.317,45,7,10,2,5,5,5,100,100,100,100,100,100,5,28,28,6,6,600,600,2,30
1093.317,45,7,10,2,5,5,5,100,100,100,100,100,100,5,28,28,6,6,600,600,2,30
1094.317,45,7,10,2,5,5,5,100,100,100,100,100,100,5,28,28,6,6,600,600,2,30
1095.317,45,7,10,2,5,5,5,100,100,100,100,100,100,5,28,28,6,6,600,600,2,30
1096.317,45,7,10,2,5,5,5,100,100,100,100,100,100,5,28,28,6,6,600,600,2,30
1097.317,45,7,10,2,5,5,5,100,100,100,100,100,100,5,28,28,6,6,600,600,2,30
1098.317,45,7,10,2,5,5,5,100,100,100,100,100,100,5,28,28,6,6,600,600,4,30
1099.318,45,7,10,2,5,5,5,100,100,100,100,100,100,5,28,28,6,6,600,600,2,30
1100.318,45,7,10,2,5,5,5,100,100,100,100,100,100,5,28,28,6,6,600,600,3,30
1101.318,45,7,10,2,5,5,5,100,100,100,100,100,100,5,28,28,6,6,600,600,2,30
1102.318,45,7,10,2,5,5,5,100,100,100,100,100,100,5,28,28,6,6,600,600,3,30
1103.318,45,7,10,2,5,5,5,100,100,100,100,100,100,5,28,28,6,6,600,600,2,30
1104.318,45,7,10,2,5,5,5,100,100,100,100,100,100,5,28,28,6,6,600,600,2,30
1105.318,45,7,10,2,5,5,5,100,100,100,100,100,100,5,28,28,6,6,600,600,3,30
1106.318,45,7,10,2,5,5,5,100,100,100,100,100,100,5,28,28,6,6,600,600,2,30
1107.318,45,7,10,2,5,5,5,100,100,100,100,100,100,5,28,28,6,6,600,600,2,30
1108.319,45,7,10,2,5,5,5,100,100,100,100,100,100,5,28,28,6,6,600,600,2,30
1109.319,45,7,10,2,5,5,5,100,100,100,100,100,100,5,28,28,6,6,600,600,3,30
1110.319,45,7,10,2,5,5,5,100,100,100,100,100,100,5,28,28,6,6,600,600,3,30
1111.319,45,7,10,2,5,5,5,100,100,100,100,100,100,5,28,28,6,6,600,600,3,30
1112.319,45,7,10,2,5,5,5,100,100,100,100,100,100,5,28,28,6,6,600,600,3,30
1113.319,45,7,10,2,5,5,5,100,100,100,100,100,100,5,28,28,6,6,600,600,3,30
1114.319,45,7,10,2,5,5,5,100,100,100,100,100,100,5,28,28,6,6,600,600,2,30
1115.319,45,7,10,2,5,5,5,100,100,100,100,100,100,5,28,28,6,6,600,600,2,30
1116.32,45,7,10,2,5,5,5,100,100,100,100,100,100,5,28,28,6,6,600,600,2,30
1117.32,45,7,10,2,5,5,5,100,100,100,100,100,100,5,28,28,6,6,600,600,2,30
1118.32,45,7,10,2,5,5,5,100,100,100,100,100,100,5,28,28,6,6,600,600,2,30
1119.32,45,7,10,2,5,5,5,100,100,100,100,100,100,5,28,28,6,6,600,600,2,30
1120.32,45,7,10,2,5,5,5,100,100,100,100,100,100,5,28,28,6,6,600,600,2,30
1121.32,45,7,10,2,5,5,5,100,100,100,100,100,100,5,28,28,6,6,600,600,2,30
1122.32,45,7,10,2,5,5,5,100,100,100,100,100,100,5,28,28,6,6,600,600,2,30
1123.32,45,7,10,2,5,5,5,100,100,100,100,100,100,5,28,28,6,6,600,600,2,30
1124.321,45,7,10,2,5,5,5,100,100,100,100,100,100,5,28,28,6,6,600,600,2,30
1125.321,45,7,10,2,5,5,5,100,100,100,100,100,100,5,28,28,6,6,600,600,3,30
1126.321,45,7,10,2,5,5,5,100,100,100,100,100,100,5,28,28,6,6,600,600,3,30
1127.321,45,7,10,2,5,5,5,100,100,100,100,100,100,5,28,28,6,6,600,600,3,30
1128.321,45,7,10,2,5,5,5,100,100,100,100,100,100,5,28,28,6,6,600,600,3,30
1129.321,45,7,10,2,5,5,5,100,100,100,100,100,100,5,28,28,6,6,600,600,3,30
1130.321,45,7,10,2,5,5,5,100,100,100,100,100,100,5,28,28,6,6,600,600,2,30
1131.321,45,7,10,2,5,5,5,100,100,100,100,100,100,5,28,28,6,6,600,600,2,30
1132.322,45,7,10,2,5,5,5,100,100,100,100,100,100,5,28,28,6,6,600,600,2,30
1133.322,45,7,10,2,5,5,5,100,100,100,100,100,100,5,28,28,6,6,600,600,3,30
1134.322,45,7,10,2,5,5,5,100,100,100,100,100,100,5,28,28,6,6,600,600,3,30
1135.322,45,7,10,2,5,5,5,100,100,100,100,100,100,5,28,28,6,6,600,600,2,30
1136.322,45,7,10,2,5,5,5,100,100,100,100,100,100,5,28,28,6,6,600,600,2,30
1137.322,45,7,10,2,5,5,5,100,100,100,100,100,100,5,28,28,6,6,600,600,2,30
1138.322,45,7,10,2,5,5,5,100,100,100,100,100,100,5,28,28,6,6,600,600,2,30
1139.322,45,7,10,2,5,5,5,100,100,100,100,100,100,5,28,28,6,6,600,600,2,30
1140.323,45,7,10,2,5,5,5,100,100,100,100,100,100,5,28,28,6,6,600,600,2,30
1141.323,45,7,10,2,5,5,5,100,100,100,100,100,100,5,28,28,6,6,600,600,2,30
1142.323,45,7,10,2,5,5,5,100,100,100,100,100,100,5,28,28,6,6,600,600,2,30
1143.323,45,7,10,2,5,5,5,100,100,100,100,100,100,5,28,28,6,6,600,600,2,30
1144.323,45,7,10,2,5,5,5,100,100,100,100,100,100,5,28,28,6,6,600,600,3,30
1145.323,45,7,10,2,5,5,5,100,100,100,100,100,100,5,28,28,6,6,600,600,2,30
1146.323,45,7,10,2,5,5,5,100,100,100,100,100,100,5,28,28,6,6,600,600,4,30
1147.323,45,7,10,2,5,5,5,100,100,100,100,100,100,5,28,28,6,6,600,600,3,30
1148.323,45,7,10,2,5,5,5,100,100,100,100,100,100,5,28,28,6,6,600,600,3,30
1149.324,45,7,10,2,5,5,5,100,100,100,100,100,100,5,28,28,6,6,600,600,3,30
1150.324,45,7,10,2,5,5,5,100,100,100,100,100,100,5,28,28,6,6,600,600,2,30
1151.324,45,7,10,2,5,5,5,100,100,100,100,100,100,5,28,28,6,6,600,600,2,30
1152.324,45,7,10,2,5,5,5,100,100,100,100,100,100,5,28,28,6,6,600,600,4,30
1153.324,45,7,10,2,5,5,5,100,100,100,100,100,100,5,28,28,6,6,600,600,4,30
1154.324,45,7,10,2,5,5,5,100,100,100,100,100,100,5,28,28,6,6,600,600,4,30
1155.324,45,7,10,2,5,5,5,100,100,100,100,100,100,5,28,28,6,6,600,600,4,30
1156.324,45,7,10,2,5,5,5,100,100,100,100,100,100,5,28,28,6,6,600,600,3,30
1157.325,45,7,10,2,5,5,5,100,100,100,100,100,100,5,28,28,6,6,600,600,4,30
1158.325,45,7,10,2,5,5,5,100,100,100,100,100,100,5,28,28,6,6,600,600,4,30
1159.325,45,7,10,2,5,5,5,100,100,100,100,100,100,5,28,28,6,6,600,600,4,30
1160.325,45,7,10,2,5,5,5,100,100,100,100,100,100,5,28,28,6,6,600,600,5,30
1161.325,45,7,10,2,5,5,5,100,100,100,100,100,100,5,28,28,6,6,600,600,5,30
1162.325,45,7,10,2,5,5,5,100,100,100,100,100,100,5,28,28,6,6,600,600,3,30
1163.325,45,7,10,2,5,5,5,100,100,100,100,100,100,5,28,28,6,6,600,600,3,30
1164.325,45,7,10,2,5,5,5,100,100,100,100,100,100,5,28,28,6,6,600,600,2,30
1165.326,45,7,10,2,5,5,5,100,100,100,100,100,100,5,28,28,6,6,600,600,3,30
1166.326,45,7,10,2,5,5,5,100,100,100,100,100,100,5,28,28,6,6,600,600,4,30
1167.326,45,7,10,2,5,5,5,100,100,100,100,100,100,5,28,28,6,6,600,600,3,30
1168.326,45,7,10,2,5,5,5,100,100,100,100,100,100,5,28,28,6,6,600,600,3,30
1169.326,45,7,10,2,5,5,5,100,100,100,100,100,100,5,28,28,6,6,600,600,3,30
1170.326,45,7,10,2,5,5,5,100,100,100,100,100,100,5,28,28,6,6,600,600,3,30
1171.326,45,7,10,2,5,5,5,100,100,100,100,100,100,5,28,28,6,6,600,600,3,30
1172.326,45,7,10,2,5,5,5,100,100,100,100,100,100,5,28,28,6,6,600,600,3,30
1173.327,45,7,10,2,5,5,5,100,100,100,100,100,100,5,28,28,6,6,600,600,3,30
1174.327,45,7,10,2,5,5,5,100,100,100,100,100,100,5,28,28,6,6,600,600,4,30
1175.327,45,7,10,2,5,5,5,100,100,100,100,100,100,5,28,28,6,6,600,600,4,30
1176.327,45,7,10,2,5,5,5,100,100,100,100,100,100,5,28,28,6,6,600,600,3,30
1177.327,45,7,10,2,5,5,5,100,100,100,100,100,100,5,28,28,6,6,600,600,4,30
1178.327,45,7,10,2,5,5,5,100,100,100,100,100,100,5,28,28,6,6,600,600,3,30
1179.327,45,7,10,2,5,5,5,100,100,100,100,100,100,5,28,28,6,6,600,600,3,30
1180.327,45,7,10,2,5,5,5,100,100,100,100,100,100,5,28,28,6,6,600,600,3,30
1181.328,45,7,10,2,5,5,5,100,100,100,100,100,100,5,28,28,6,6,600,600,2,30
1182.328,45,7,10,2,5,5,5,100,100,100,100,100,100,5,28,28,6,6,600,600,2,30
1183.328,45,7,10,2,5,5,5,100,100,100,100,100,100,5,28,28,6,6,600,600,2,30
1184.328,45,7,10,2,5,5,5,100,100,100,100,100,100,5,28,28,6,6,600,600,2,30
1185.328,45,7,10,2,5,5,5,100,100,100,100,100,100,5,28,28,6,6,600,600,2,30
1186.328,45,7,10,2,5,5,5,100,100,100,100,100,100,5,28,28,6,6,600,600,2,30
1187.328,45,7,10,2,5,5,5,100,100,100,100,100,100,5,28,28,6,6,600,600,2,30
1188.328,45,7,10,2,5,5,5,100,100,100,100,100,100,5,28,28,6,6,600,600,2,30
1189.328,45,7,10,2,5,5,5,100,100,100,100,100,100,5,28,28,6,6,600,600,3,30
1190.329,45,7,10,2,5,5,5,100,100,100,100,100,100,5,28,28,6,6,600,600,4,30
1191.329,45,7,10,2,5,5,5,100,100,100,100,100,100,5,28,28,6,6,600,600,3,30
1192.329,45,7,10,2,5,5,5,100,100,100,100,100,100,5,28,28,6,6,600,600,3,30
1193.329,45,7,10,2,5,5,5,100,100,100,100,100,100,5,28,28,6,6,600,600,3,30
1194.329,45,7,10,2,5,5,5,100,100,100,100,100,100,5,28,28,6,6,600,600,4,30
1195.329,45,7,10,2,5,5,5,100,100,100,100,100,100,5,28,28,6,6,600,600,4,30
1196.329,45,7,10,2,5,5,5,100,100,100,100,100,100,5,28,28,6,6,600,600,3,30
1197.329,45,7,10,2,5,5,5,100,100,100,100,100,100,5,28,28,6,6,600,600,3,30
1198.33,45,7,10,2,5,5,5,100,100,100,100,100,100,5,28,28,6,6,600,600,3,30
1199.33,45,7,10,2,5,5,5,100,100,100,100,100,100,5,28,28,6,6,600,600,3,30
1200.33,45,7,10,2,5,5,5,100,100,100,100,100,100,5,28,28,6,6,600,600,3,30
1201.33,45,7,10,2,5,5,5,100,100,100,100,100,100,5,28,28,6,6,600,600,2,30
1202.33,45,7,10,2,5,5,5,100,100,100,100,100,100,5,28,28,6,6,600,600,3,30
1203.33,45,7,10,2,5,5,5,100,100,100,100,100,100,5,28,28,6,6,600,600,3,30
1204.33,45,7,10,2,5,5,5,100,100,100,100,100,100,5,28,28,6,6,600,600,2,30
1205.33,45,7,10,2,5,5,5,100,100,100,100,100,100,5,28,28,6,6,600,600,4,30
1206.331,45,7,10,2,5,5,5,100,100,100,100,100,100,5,28,28,6,6,600,600,5,30
1207.331,45,7,10,2,5,5,5,100,100,100,100,100,100,5,28,28,6,6,600,600,5,30
1208.331,45,7,10,2,5,5,5,100,100,100,100,100,100,5,28,28,6,6,600,600,3,30
1209.331,45,7,10,2,5,5,5,100,100,100,100,100,100,5,28,28,6,6,600,600,2,30
1210.331,45,7,10,2,5,5,5,100,100,100,100,100,100,5,28,28,6,6,600,600,2,30
1211.331,45,7,10,2,5,5,5,100,100,100,100,100,100,5,28,28,6,6,600,600,2,30
1212.331,45,7,10,2,5,5,5,100,100,100,100,100,100,5,28,28,6,6,600,600,3,30
1213.331,45,7,10,2,5,5,5,100,100,100,100,100,100,5,28,28,6,6,600,600,3,30
1214.332,45,7,10,2,5,5,5,100,100,100,100,100,100,5,28,28,6,6,600,600,2,30
1215.332,45,7,10,2,5,5,5,100,100,100,100,100,100,5,28,28,6,6,600,600,2,30
1216.332,45,7,10,2,5,5,5,100,100,100,100,100,100,5,28,28,6,6,600,600,2,30
1217.332,45,7,10,2,5,5,5,100,100,100,100,100,100,5,28,28,6,6,600,600,2,30
1218.332,45,7,10,2,5,5,5,100,100,100,100,100,100,5,28,28,6,6,600,600,3,30
1219.332,45,7,10,2,5,5,5,100,100,100,100,100,100,5,28,28,6,6,600,600,2,30
1220.332,45,7,10,2,5,5,5,100,100,100,100,100,100,5,28,28,6,6,600,600,2,30
1221.332,45,7,10,2,5,5,5,100,100,100,100,100,100,5,28,28,6,6,600,600,2,30
1222.333,45,7,10,2,5,5,5,100,100,100,100,100,100,5,28,28,6,6,600,600,2,30
1223.333,45,7,10,2,5,5,5,100,100,100,100,100,100,5,28,28,6,6,600,600,3,30
1224.333,45,7,10,2,5,5,5,100,100,100,100,100,100,5,28,28,6,6,600,600,3,30
1225.333,45,7,10,2,5,5,5,100,100,100,100,100,100,5,28,28,6,6,600,600,2,30
1226.333,45,7,10,2,5,5,5,100,100,100,100,100,100,5,28,28,6,6,600,600,2,30
1227.333,45,7,10,2,5,5,5,100,100,100,100,100,100,5,28,28,6,6,600,600,2,30
1228.333,45,7,10,2,5,5,5,100,100,100,100,100,100,5,28,28,6,6,600,600,2,30
1229.333,45,7,10,2,5,5,5,100,100,100,100,100,100,5,28,28,6,6,600,600,2,30
1230.333,45,7,10,2,5,5,5,100,100,100,100,100,100,5,28,28,6,6,600,600,2,30
1231.334,45,7,10,2,5,5,5,100,100,100,100,100,100,5,28,28,6,6,600,600,2,30
1232.334,45,7,10,2,5,5,5,100,100,100,100,100,100,5,28,28,6,6,600,600,2,30
1233.334,45,7,10,2,5,5,5,100,100,100,100,100,100,5,28,28,6,6,600,600,2,30
1234.334,45,7,10,2,5,5,5,100,100,100,100,100,100,5,28,28,6,6,600,600,2,30
1235.334,45,7,10,2,5,5,5,100,100,100,100,100,100,5,28,28,6,6,600,600,3,30
1236.334,45,7,10,2,5,5,5,100,100,100,100,100,100,5,28,28,6,6,600,600,3,30
1237.334,45,7,10,2,5,5,5,100,100,100,100,100,100,5,28,28,6,6,600,600,3,30
1238.334,45,7,10,2,5,5,5,100,100,100,100,100,100,5,28,28,6,6,600,600,3,30
1239.335,45,7,10,2,5,5,5,100,100,100,100,100,100,5,28,28,6,6,600,600,2,30
1240.335,45,7,10,2,5,5,5,100,100,100,100,100,100,5,28,28,6,6,600,600,2,30
1241.335,45,7,10,2,5,5,5,100,100,100,100,100,100,5,28,28,6,6,600,600,2,30
1242.335,45,7,10,2,5,5,5,100,100,100,100,100,100,5,28,28,6,6,600,600,3,30
1243.335,45,7,10,2,5,5,5,100,100,100,100,100,100,5,28,28,6,6,600,600,4,30
1244.335,45,7,10,2,5,5,5,100,100,100,100,100,100,5,28,28,6,6,600,600,4,30
1245.335,45,7,10,2,5,5,5,100,100,100,100,100,100,5,28,28,6,6,600,600,4,30
1246.335,45,7,10,2,5,5,5,100,100,100,100,100,100,5,28,28,6,6,600,600,3,30
1247.336,45,7,10,2,5,5,5,100,100,100,100,100,100,5,28,28,6,6,600,600,3,30
1248.336,45,7,10,2,5,5,5,100,100,100,100,100,100,5,28,28,6,6,600,600,3,30
1249.336,45,7,10,2,5,5,5,100,100,100,100,100,100,5,28,28,6,6,600,600,3,30
1250.336,45,7,10,2,5,5,5,100,100,100,100,100,100,5,28,28,6,6,600,600,4,30
1251.336,45,7,10,2,5,5,5,100,100,100,100,100,100,5,28,28,6,6,600,600,4,30
1252.336,45,7,10,2,5,5,5,100,100,100,100,100,100,5,28,28,6,6,600,600,4,30
1253.336,45,7,10,2,5,5,5,100,100,100,100,100,100,5,28,28,6,6,600,600,3,30
1254.336,45,7,10,2,5,5,5,100,100,100,100,100,100,5,28,28,6,6,600,600,3,30
1255.337,45,7,10,2,5,5,5,100,100,100,100,100,100,5,28,28,6,6,600,600,4,30
1256.337,45,7,10,2,5,5,5,100,100,100,100,100,100,5,28,28,6,6,600,600,3,30
1257.337,45,7,10,2,5,5,5,100,100,100,100,100,100,5,28,28,6,6,600,600,2,30
1258.337,45,7,10,2,5,5,5,100,100,100,100,100,100,5,28,28,6,6,600,600,2,30
1259.337,45,7,10,2,5,5,5,100,100,100,100,100,100,5,28,28,6,6,600,600,2,30
1260.337,45,7,10,2,5,5,5,100,100,100,100,100,100,5,28,28,6,6,600,600,2,30
1261.337,45,7,10,2,5,5,5,100,100,100,100,100,100,5,28,28,6,6,600,600,2,30
1262.337,45,7,10,2,5,5,5,100,100,100,100,100,100,5,28,28,6,6,600,600,2,30
1263.338,45,7,10,2,5,5,5,100,100,100,100,100,100,5,28,28,6,6,600,600,2,30
1264.338,45,7,10,2,5,5,5,100,100,100,100,100,100,5,28,28,6,6,600,600,3,30
1265.338,45,7,10,2,5,5,5,100,100,100,100,100,100,5,28,28,6,6,600,600,3,30
1266.338,45,7,10,2,5,5,5,100,100,100,100,100,100,5,28,28,6,6,600,600,2,30
1267.338,45,7,10,2,5,5,5,100,100,100,100,100,100,5,28,28,6,6,600,600,2,30
1268.338,45,7,10,2,5,5,5,100,100,100,100,100,100,5,28,28,6,6,600,600,2,30
1269.338,45,6,10,2,4,5,5,100,100,100,100,100,100,5,29,29,6,6,600,600,3,30
1270.338,45,6,10,2,4,5,5,100,100,100,100,100,100,5,29,29,6,6,600,600,2,30
1271.339,45,6,10,2,4,5,5,100,100,100,100,100,100,5,29,29,6,6,600,600,2,30
1272.339,45,6,10,2,4,5,5,100,100,100,100,100,100,5,29,29,6,6,600,600,2,30
1273.339,45,6,10,2,4,5,5,100,100,100,100,100,100,5,29,29,6,6,600,600,2,30
1274.339,45,6,10,2,4,5,5,100,100,100,100,100,100,5,29,29,6,6,600,600,2,30
1275.339,45,6,10,2,4,5,5,100,100,100,100,100,100,5,29,29,6,6,600,600,2,30
1276.339,45,6,10,2,4,5,5,100,100,100,100,100,100,5,29,29,6,6,600,600,3,30
1277.339,45,6,10,2,4,5,5,100,100,100,100,100,100,5,29,29,6,6,600,600,2,30
1278.339,45,6,10,2,4,5,5,100,100,100,100,100,100,5,29,29,6,6,600,600,2,30
1279.339,45,6,10,2,4,5,5,100,100,100,100,100,100,5,29,29,6,6,600,600,2,30
1280.34,45,6,10,2,4,5,5,100,100,100,100,100,100,5,29,29,6,6,600,600,2,30
1281.34,45,6,10,2,4,5,5,100,100,100,100,100,100,5,29,29,6,6,600,600,2,30
1282.34,45,6,10,2,4,5,5,100,100,100,100,100,100,5,29,29,6,6,600,600,2,30
1283.34,45,6,10,2,4,5,5,100,100,100,100,100,100,5,29,29,6,6,600,600,3,30
1284.34,45,6,10,2,4,5,5,100,100,100,100,100,100,5,29,29,6,6,600,600,3,30
1285.34,45,6,10,2,4,5,5,100,100,100,100,100,100,5,29,29,6,6,600,600,3,30
1286.34,45,6,10,2,4,5,5,100,100,100,100,100,100,5,29,29,6,6,600,600,4,30
1287.34,45,6,10,2,4,5,5,100,100,100,100,100,100,5,29,29,6,6,600,600,2,30
1288.341,45,6,10,2,4,5,5,100,100,100,100,100,100,5,29,29,6,6,600,600,3,30
1289.341,45,6,10,2,4,5,5,100,100,100,100,100,100,5,29,29,6,6,600,600,3,30
1290.341,45,6,10,2,4,5,5,100,100,100,100,100,100,5,29,29,6,6,600,600,2,30
1291.341,45,6,10,2,4,5,5,100,100,100,100,100,100,5,29,29,6,6,600,600,2,30
1292.341,45,6,10,2,4,5,5,100,100,100,100,100,100,5,29,29,6,6,600,600,2,30
1293.341,45,6,10,2,4,5,5,100,100,100,100,100,100,5,29,29,6,6,600,600,3,30
1294.341,45,6,10,2,4,5,5,100,100,100,100,100,100,5,29,29,6,6,600,600,3,30
1295.341,45,6,10,2,4,5,5,100,100,100,100,100,100,5,29,29,6,6,600,600,3,30
1296.342,45,6,10,2,4,5,5,100,100,100,100,100,100,5,29,29,6,6,600,600,3,30
1297.342,45,6,10,2,4,5,5,100,100,100,100,100,100,5,29,29,6,6,600,600,3,30
1298.342,45,6,10,2,4,5,5,100,100,100,100,100,100,5,29,29,6,6,600,600,2,30
1299.342,45,6,10,2,4,5,5,100,100,100,100,100,100,5,29,29,6,6,600,600,2,30
1300.342,45,6,10,2,4,5,5,100,100,100,100,100,100,5,29,29,6,6,600,600,2,30
1301.342,45,6,10,2,4,5,5,100,100,100,100,100,100,5,29,29,6,6,600,600,2,30
1302.342,45,6,10,2,4,5,5,100,100,100,100,100,100,5,29,29,6,6,600,600,2,30
1303.342,45,6,10,2,4,5,5,100,100,100,100,100,100,5,29,29,6,6,600,600,2,30
1304.343,45,6,10,2,4,5,5,100,100,100,100,100,100,5,29,29,6,6,600,600,2,30
1305.343,45,6,10,2,4,5,5,100,100,100,100,100,100,5,29,29,6,6,600,600,3,30
1306.343,45,6,10,2,4,5,5,100,100,100,100,100,100,5,29,29,6,6,600,600,2,30
1307.343,45,6,10,2,4,5,5,100,100,100,100,100,100,5,29,29,6,6,600,600,2,30
1308.343,45,6,10,2,4,5,5,100,100,100,100,100,100,5,29,29,6,6,600,600,2,30
1309.343,45,6,10,2,4,5,5,100,100,100,100,100,100,5,29,29,6,6,600,600,3,30
1310.343,45,6,10,2,4,5,5,100,100,100,100,100,100,5,29,29,6,6,600,600,3,30
1311.343,45,6,10,2,4,5,5,100,100,100,100,100,100,5,29,29,6,6,600,600,3,30
1312.344,45,6,10,2,4,5,5,100,100,100,100,100,100,5,29,29,6,6,600,600,3,30
1313.344,45,6,10,2,4,5,5,100,100,100,100,100,100,5,29,29,6,6,600,600,2,30
1314.344,45,6,10,2,4,5,5,100,100,100,100,100,100,5,29,29,6,6,600,600,3,30
1315.344,45,6,10,2,4,5,5,100,100,100,100,100,100,5,29,29,6,6,600,600,4,30
1316.344,45,6,10,2,4,5,5,100,100,100,100,100,100,5,29,29,6,6,600,600,4,30
1317.344,45,6,10,2,4,5,5,100,100,100,100,100,100,5,29,29,6,6,600,600,3,30
1318.344,45,6,10,2,4,5,5,100,100,100,100,100,100,5,29,29,6,6,600,600,3,30
1319.344,45,6,10,2,4,5,5,100,100,100,100,100,100,5,29,29,6,6,600,600,2,30
1320.344,45,6,10,2,4,5,5,100,100,100,100,100,100,5,29,29,6,6,600,600,3,30
1321.345,45,6,10,2,4,5,5,100,100,100,100,100,100,5,29,29,6,6,600,600,4,30
1322.345,45,6,10,2,4,5,5,100,100,100,100,100,100,5,29,29,6,6,600,600,3,30
1323.345,45,6,10,2,4,5,5,100,100,100,100,100,100,5,29,29,6,6,600,600,3,30
1324.345,45,6,10,2,4,5,5,100,100,100,100,100,100,5,29,29,6,6,600,600,2,30
1325.345,45,6,10,2,4,5,5,100,100,100,100,100,100,5,29,29,6,6,600,600,2,30
1326.345,45,6,10,2,4,5,5,100,100,100,100,100,100,5,29,29,6,6,600,600,2,30
1327.345,45,6,10,2,4,5,5,100,100,100,100,100,100,5,29,29,6,6,600,600,2,30
1328.345,45,6,10,2,4,5,5,100,100,100,100,100,100,5,29,29,6,6,600,600,2,30
1329.346,45,6,10,2,4,5,5,100,100,100,100,100,100,5,29,29,6,6,600,600,2,30
1330.346,45,6,10,2,4,5,5,100,100,100,100,100,100,5,29,29,6,6,600,600,2,30
1331.346,45,6,10,2,4,5,5,100,100,100,100,100,100,5,29,29,6,6,600,600,2,30
1332.346,45,6,10,2,4,5,5,100,100,100,100,100,100,5,29,29,6,6,600,600,2,30
1333.346,45,6,10,2,4,5,5,100,100,100,100,100,100,5,29,29,6,6,600,600,2,30
1334.346,45,6,10,2,4,5,5,100,100,100,100,100,100,5,29,29,6,6,600,600,2,30
1335.346,45,6,10,2,4,5,5,100,100,100,100,100,100,5,29,29,6,6,600,600,2,30
1336.346,45,6,10,2,4,5,5,100,100,100,100,100,100,5,29,29,6,6,600,600,2,30
1337.347,45,6,10,2,4,5,5,100,100,100,100,100,100,5,29,29,6,6,600,600,2,30
1338.347,45,6,10,2,4,5,5,100,100,100,100,100,100,5,29,29,6,6,600,600,2,30
1339.347,45,6,10,2,4,5,5,100,100,100,100,100,100,5,29,29,6,6,600,600,2,30
1340.347,45,6,10,2,4,5,5,100,100,100,100,100,100,5,29,29,6,6,600,600,2,30
1341.347,45,6,10,2,4,5,5,100,100,100,100,100,100,5,29,29,6,6,600,600,2,30
1342.347,45,6,10,2,4,5,5,100,100,100,100,100,100,5,29,29,6,6,600,600,2,30
1343.347,45,6,10,2,4,5,5,100,100,100,100,100,100,5,29,29,6,6,600,600,3,30
1344.347,45,6,10,2,4,5,5,100,100,100,100,100,100,5,29,29,6,6,600,600,3,30
1345.348,45,6,10,2,4,5,5,100,100,100,100,100,100,5,29,29,6,6,600,600,4,30
1346.348,45,6,10,2,4,5,5,100,100,100,100,100,100,5,29,29,6,6,600,600,4,30
1347.348,45,6,10,2,4,5,5,100,100,100,100,100,100,5,29,29,6,6,600,600,3,30
1348.348,45,6,10,2,4,5,5,100,100,100,100,100,100,5,29,29,6,6,600,600,2,30
1349.348,45,6,10,2,4,5,5,100,100,100,100,100,100,5,29,29,6,6,600,600,2,30
1350.348,45,6,10,2,4,5,5,100,100,100,100,100,100,5,29,29,6,6,600,600,2,30
1351.348,45,6,10,2,4,5,5,100,100,100,100,100,100,5,29,29,6,6,600,600,3,30
1352.348,45,6,10,2,4,5,5,100,100,100,100,100,100,5,29,29,6,6,600,600,4,30
1353.349,45,6,10,2,4,5,5,100,100,100,100,100,100,5,29,29,6,6,600,600,3,30
1354.349,45,6,10,2,4,5,5,100,100,100,100,100,100,5,29,29,6,6,600,600,3,30
1355.349,45,6,10,2,4,5,5,100,100,100,100,100,100,5,29,29,6,6,600,600,3,30
1356.349,45,6,10,2,4,5,5,100,100,100,100,100,100,5,29,29,6,6,600,600,4,30
1357.349,45,6,10,2,4,5,5,100,100,100,100,100,100,5,29,29,6,6,600,600,3,30
1358.349,45,6,10,2,4,5,5,100,100,100,100,100,100,5,29,29,6,6,600,600,4,30
1359.349,45,6,10,2,4,5,5,100,100,100,100,100,100,5,29,29,6,6,600,600,4,30
1360.349,45,6,10,2,4,5,5,100,100,100,100,100,100,5,29,29,6,6,600,600,4,30
1361.349,45,6,10,2,4,5,5,100,100,100,100,100,100,5,29,29,6,6,600,600,3,30
1362.35,45,6,10,2,4,5,5,100,100,100,100,100,100,5,29,29,6,6,600,600,3,30
1363.35,45,6,10,2,4,5,5,100,100,100,100,100,100,5,29,29,6,6,600,600,3,30
1364.35,45,6,10,2,4,5,5,100,100,100,100,100,100,5,29,29,6,6,600,600,3,30
1365.35,45,6,10,2,4,5,5,100,100,100,100,100,100,5,29,29,6,6,600,600,3,30
1366.35,45,6,10,2,4,5,5,100,100,100,100,100,100,5,29,29,6,6,600,600,4,30
1367.35,45,6,10,2,4,5,5,100,100,100,100,100,100,5,29,29,6,6,600,600,4,30
1368.35,45,6,10,2,4,5,5,100,100,100,100,100,100,5,29,29,6,6,600,600,4,30
1369.35,45,6,10,2,4,5,5,100,100,100,100,100,100,5,29,29,6,6,600,600,2,30
1370.351,45,6,10,2,4,5,5,100,100,100,100,100,100,5,29,29,6,6,600,600,2,30
1371.351,45,6,10,2,4,5,5,100,100,100,100,100,100,5,29,29,6,6,600,600,2,30
1372.351,45,6,10,2,4,5,5,100,100,100,100,100,100,5,29,29,6,6,600,600,2,30
1373.351,45,6,10,2,4,5,5,100,100,100,100,100,100,5,29,29,6,6,600,600,4,30
1374.351,45,6,10,2,4,5,5,100,100,100,100,100,100,5,29,29,6,6,600,600,3,30
1375.351,45,6,10,2,4,5,5,100,100,100,100,100,100,5,29,29,6,6,600,600,3,30
1376.351,45,6,10,2,4,5,5,100,100,100,100,100,100,5,29,29,6,6,600,600,4,30
1377.351,45,6,10,2,4,5,5,100,100,100,100,100,100,5,29,29,6,6,600,600,3,30
1378.352,45,6,10,2,4,5,5,100,100,100,100,100,100,5,29,29,6,6,600,600,4,30
1379.352,45,6,10,2,4,5,5,100,100,100,100,100,100,5,29,29,6,6,600,600,4,30
1380.352,45,6,10,2,4,5,5,100,100,100,100,100,100,5,29,29,6,6,600,600,2,30
1381.352,45,6,10,2,4,5,5,100,100,100,100,100,100,5,29,29,6,6,600,600,3,30
1382.352,45,6,10,2,4,5,5,100,100,100,100,100,100,5,29,29,6,6,600,600,3,30
1383.352,45,6,10,2,4,5,5,100,100,100,100,100,100,5,29,29,6,6,600,600,4,30
1384.352,45,6,10,2,4,5,5,100,100,100,100,100,100,5,29,29,6,6,600,600,3,30
1385.352,45,6,10,2,4,5,5,100,100,100,100,100,100,5,29,29,6,6,600,600,3,30
1386.353,45,6,10,2,4,5,5,100,100,100,100,100,100,5,29,29,6,6,600,600,3,30
1387.353,45,6,10,2,4,5,5,100,100,100,100,100,100,5,29,29,6,6,600,600,2,30
1388.353,45,6,10,2,4,5,5,100,100,100,100,100,100,5,29,29,6,6,600,600,2,30
1389.353,45,6,10,2,4,5,5,100,100,100,100,100,100,5,29,29,6,6,600,600,2,30
1390.353,45,6,10,2,4,5,5,100,100,100,100,100,100,5,29,29,6,6,600,600,2,30
1391.353,45,6,10,2,4,5,5,100,100,100,100,100,100,5,29,29,6,6,600,600,4,30
1392.353,45,6,10,2,4,5,5,100,100,100,100,100,100,5,29,29,6,6,600,600,2,30
1393.353,45,6,10,2,4,5,5,100,100,100,100,100,100,5,29,29,6,6,600,600,2,30
1394.354,45,6,10,2,4,5,5,100,100,100,100,100,100,5,29,29,6,6,600,600,2,30
1395.354,45,6,10,2,4,5,5,100,100,100,100,100,100,5,29,29,6,6,600,600,2,30
1396.354,45,6,10,2,4,5,5,100,100,100,100,100,100,5,29,29,6,6,600,600,2,30
1397.354,45,6,10,2,4,5,5,100,100,100,100,100,100,5,29,29,6,6,600,600,2,30
1398.354,45,6,10,2,4,5,5,100,100,100,100,100,100,5,29,29,6,6,600,600,2,30
1399.354,45,6,10,2,4,5,5,100,100,100,100,100,100,5,29,29,6,6,600,600,2,30
1400.354,45,6,10,2,4,5,5,100,100,100,100,100,100,5,29,29,6,6,600,600,2,30
1401.354,45,6,10,2,4,5,5,100,100,100,100,100,100,5,29,29,6,6,600,600,2,30
1402.354,45,6,10,2,4,5,5,100,100,100,100,100,100,5,29,29,6,6,600,600,2,30
1403.355,45,6,10,2,4,5,5,100,100,100,100,100,100,5,29,29,6,6,600,600,3,30
1404.355,45,6,10,2,4,5,5,100,100,100,100,100,100,5,29,29,6,6,600,600,3,30
1405.355,45,6,10,2,4,5,5,100,100,100,100,100,100,5,29,29,6,6,600,600,3,30
1406.355,45,6,10,2,4,5,5,100,100,100,100,100,100,5,29,29,6,6,600,600,3,30
1407.355,45,6,10,2,4,5,5,100,100,100,100,100,100,5,29,29,6,6,600,600,3,30
1408.355,45,6,10,2,4,5,5,100,100,100,100,100,100,5,29,29,6,6,600,600,2,30
1409.355,45,6,10,2,4,5,5,100,100,100,100,100,100,5,29,29,6,6,600,600,3,30
1410.355,45,6,10,2,4,5,5,100,100,100,100,100,100,5,29,29,6,6,600,600,2,30
1411.356,45,6,10,2,4,5,5,100,100,100,100,100,100,5,29,29,6,6,600,600,2,30
1412.356,45,6,10,2,4,5,5,100,100,100,100,100,100,5,29,29,6,6,600,600,3,30
1413.356,45,6,10,2,4,5,5,100,100,100,100,100,100,5,29,29,6,6,600,600,2,30
1414.356,45,6,10,2,4,5,5,100,100,100,100,100,100,5,29,29,6,6,600,600,2,30
1415.356,45,6,10,2,4,5,5,100,100,100,100,100,100,5,29,29,6,6,600,600,3,30
1416.356,45,6,10,2,4,5,5,100,100,100,100,100,100,5,29,29,6,6,600,600,4,30
1417.356,45,6,10,2,4,5,5,100,100,100,100,100,100,5,29,29,6,6,600,600,3,30
1418.356,45,6,10,2,4,5,5,100,100,100,100,100,100,5,29,29,6,6,600,600,3,30
1419.357,45,6,10,2,4,5,5,100,100,100,100,100,100,5,29,29,6,6,600,600,2,30
1420.357,45,6,10,2,4,5,5,100,100,100,100,100,100,5,29,29,6,6,600,600,2,30
1421.357,45,6,10,2,4,5,5,100,100,100,100,100,100,5,29,29,6,6,600,600,2,30
1422.357,45,6,10,2,4,5,5,100,100,100,100,100,100,5,29,29,6,6,600,600,2,30
1423.357,45,6,10,2,4,5,5,100,100,100,100,100,100,5,29,29,6,6,600,600,3,30
1424.357,45,6,10,2,4,5,5,100,100,100,100,100,100,5,29,29,6,6,600,600,2,30
1425.357,45,6,10,2,4,5,5,100,100,100,100,100,100,5,29,29,6,6,600,600,2,30
1426.357,45,6,10,2,4,5,5,100,100,100,100,100,100,5,29,29,6,6,600,600,2,30
1427.358,45,6,10,2,4,5,5,100,100,100,100,100,100,5,29,29,6,6,600,600,3,30
1428.358,45,6,10,2,4,5,5,100,100,100,100,100,100,5,29,29,6,6,600,600,3,30
1429.358,45,6,10,2,4,5,5,100,100,100,100,100,100,5,29,29,6,6,600,600,2,30
1430.358,45,6,10,2,4,5,5,100,100,100,100,100,100,5,29,29,6,6,600,600,2,30
1431.358,45,6,10,2,4,5,5,100,100,100,100,100,100,5,29,29,6,6,600,600,4,30
1432.358,45,6,10,2,4,5,5,100,100,100,100,100,100,5,29,29,6,6,600,600,2,30
1433.358,45,6,10,2,4,5,5,100,100,100,100,100,100,5,29,29,6,6,600,600,2,30
1434.358,45,6,10,2,4,5,5,100,100,100,100,100,100,5,29,29,6,6,600,600,2,30
1435.359,45,6,10,2,4,5,5,100,100,100,100,100,100,5,29,29,6,6,600,600,2,30
1436.359,45,6,10,2,4,5,5,100,100,100,100,100,100,5,29,29,6,6,600,600,2,30
1437.359,45,6,10,2,4,5,5,100,100,100,100,100,100,5,29,29,6,6,600,600,2,30
1438.359,45,6,10,2,4,5,5,100,100,100,100,100,100,5,29,29,6,6,600,600,2,30
1439.359,45,6,10,2,4,5,5,100,100,100,100,100,100,5,29,29,6,6,600,600,2,30
1440.359,45,6,10,2,4,5,5,100,100,100,100,100,100,5,29,29,6,6,600,600,2,30
1441.359,45,6,10,2,4,5,5,100,100,100,100,100,100,5,29,29,6,6,600,600,2,30
1442.359,45,6,10,2,4,5,5,100,100,100,100,100,100,5,29,29,6,6,600,600,3,30
1443.359,45,6,10,2,4,5,5,100,100,100,100,100,100,5,29,29,6,6,600,600,3,30
1444.36,45,6,10,2,4,5,5,100,100,100,100,100,100,5,29,29,6,6,600,600,3,30
1445.36,45,6,10,2,4,5,5,100,100,100,100,100,100,5,29,29,6,6,600,600,3,30
1446.36,45,6,10,2,4,5,5,100,100,100,100,100,100,5,29,29,6,6,600,600,3,30
1447.36,45,6,10,2,4,5,5,100,100,100,100,100,100,5,29,29,6,6,600,600,3,30
1448.36,45,6,10,2,4,5,5,100,100,100,100,100,100,5,29,29,6,6,600,600,3,30
1449.36,45,6,10,2,4,5,5,100,100,100,100,100,100,5,29,29,6,6,600,600,3,30
1450.36,45,6,10,2,4,5,5,100,100,100,100,100,100,5,29,29,6,6,600,600,4,30
1451.36,45,6,10,2,4,5,5,100,100,100,100,100,100,5,29,29,6,6,600,600,4,30
1452.361,45,6,10,2,4,5,5,100,100,100,100,100,100,5,29,29,6,6,600,600,4,30
1453.361,45,6,10,2,4,5,5,100,100,100,100,100,100,5,29,29,6,6,600,600,4,30
1454.361,45,6,10,2,4,5,5,100,100,100,100,100,100,5,29,29,6,6,600,600,4,30
1455.361,45,6,10,2,4,5,5,100,100,100,100,100,100,5,29,29,6,6,600,600,4,30
1456.361,45,6,10,2,4,5,5,100,100,100,100,100,100,5,29,29,6,6,600,600,4,30
1457.361,45,6,10,2,4,5,5,100,100,100,100,100,100,5,29,29,6,6,600,600,4,30
1458.361,45,6,10,2,4,5,5,100,100,100,100,100,100,5,29,29,6,6,600,600,4,30
1459.361,45,6,10,2,4,5,5,100,100,100,100,100,100,5,29,29,6,6,600,600,3,30
1460.362,45,6,10,2,4,5,5,100,100,100,100,100,100,5,29,29,6,6,600,600,3,30
1461.362,45,6,10,2,4,5,5,100,100,100,100,100,100,5,29,29,6,6,600,600,2,30
1462.362,45,6,10,2,4,5,5,100,100,100,100,100,100,5,29,29,6,6,600,600,3,30
1463.362,45,6,10,2,4,5,5,100,100,100,100,100,100,5,29,29,6,6,600,600,3,30
1464.362,45,6,10,2,4,5,5,100,100,100,100,100,100,5,29,29,6,6,600,600,3,30
1465.362,45,6,10,2,4,5,5,100,100,100,100,100,100,5,29,29,6,6,600,600,3,30
1466.362,45,6,10,2,4,5,5,100,100,100,100,100,100,5,29,29,6,6,600,600,3,30
1467.362,45,6,10,2,4,5,5,100,100,100,100,100,100,5,29,29,6,6,600,600,4,30
1468.363,45,6,10,2,4,5,5,100,100,100,100,100,100,5,29,29,6,6,600,600,4,30
1469.363,45,6,10,2,4,5,5,100,100,100,100,100,100,5,29,29,6,6,600,600,3,30
1470.363,45,6,10,2,4,5,5,100,100,100,100,100,100,5,29,29,6,6,600,600,4,30
1471.363,45,6,10,2,4,5,5,100,100,100,100,100,100,5,29,29,6,6,600,600,3,30
1472.363,45,6,10,2,4,5,5,100,100,100,100,100,100,5,29,29,6,6,600,600,3,30
1473.363,45,6,10,2,4,5,5,100,100,100,100,100,100,5,29,29,6,6,600,600,2,30
1474.363,45,6,10,2,4,5,5,100,100,100,100,100,100,5,29,29,6,6,600,600,3,30
1475.363,45,6,10,2,4,5,5,100,100,100,100,100,100,5,29,29,6,6,600,600,2,30
1476.364,45,6,10,2,4,5,5,100,100,100,100,100,100,5,29,29,6,6,600,600,2,30
1477.364,45,6,10,2,4,5,5,100,100,100,100,100,100,5,29,29,6,6,600,600,2,30
1478.364,45,6,10,2,4,5,5,100,100,100,100,100,100,5,29,29,6,6,600,600,2,30
1479.364,45,6,10,2,4,5,5,100,100,100,100,100,100,5,29,29,6,6,600,600,3,30
1480.364,45,6,10,2,4,5,5,100,100,100,100,100,100,5,29,29,6,6,600,600,3,30
1481.364,45,6,10,2,4,5,5,100,100,100,100,100,100,5,29,29,6,6,600,600,3,30
1482.364,45,6,10,2,4,5,5,100,100,100,100,100,100,5,29,29,6,6,600,600,3,30
1483.364,45,6,10,2,4,5,5,100,100,100,100,100,100,5,29,29,6,6,600,600,3,30
1484.365,45,6,10,2,4,5,5,100,100,100,100,100,100,5,29,29,6,6,600,600,3,30
1485.365,45,6,10,2,4,5,5,100,100,100,100,100,100,5,29,29,6,6,600,600,2,30
1486.365,45,6,10,2,4,5,5,100,100,100,100,100,100,5,29,29,6,6,600,600,2,30
1487.365,45,6,10,2,4,5,5,100,100,100,100,100,100,5,29,29,6,6,600,600,2,30
1488.365,45,6,10,2,4,5,5,100,100,100,100,100,100,5,29,29,6,6,600,600,3,30
1489.365,45,6,10,2,4,5,5,100,100,100,100,100,100,5,29,29,6,6,600,600,2,30
1490.365,45,6,10,2,4,5,5,100,100,100,100,100,100,5,29,29,6,6,600,600,3,30
1491.365,45,6,10,2,4,5,5,100,100,100,100,100,100,5,29,29,6,6,600,600,3,30
1492.365,45,6,10,2,4,5,5,100,100,100,100,100,100,5,29,29,6,6,600,600,3,30
1493.366,45,6,10,2,4,5,5,100,100,100,100,100,100,5,29,29,6,6,600,600,3,30
1494.366,45,6,10,2,4,5,5,100,100,100,100,100,100,5,29,29,6,6,600,600,2,30
1495.366,45,6,10,2,4,5,5,100,100,100,100,100,100,5,29,29,6,6,600,600,2,30
1496.366,45,6,10,2,4,5,5,100,100,100,100,100,100,5,29,29,6,6,600,600,2,30
1497.366,45,6,10,2,4,5,5,100,100,100,100,100,100,5,29,29,6,6,600,600,2,30
1498.366,45,6,10,2,4,5,5,100,100,100,100,100,100,5,29,29,6,6,600,600,2,30
1499.366,45,6,10,2,4,5,5,100,100,100,100,100,100,5,29,29,6,6,600,600,3,30
1500.366,45,6,10,2,4,5,5,100,100,100,100,100,100,5,29,29,6,6,600,600,2,30
1501.367,45,6,10,2,4,5,5,100,100,100,100,100,100,5,29,29,6,6,600,600,2,30
1502.367,45,6,10,2,4,5,5,100,100,100,100,100,100,5,29,29,6,6,600,600,2,30
1503.367,45,6,10,2,4,5,5,100,100,100,100,100,100,5,29,29,6,6,600,600,2,30
1504.367,45,6,10,2,4,5,5,100,100,100,100,100,100,5,29,29,6,6,600,600,1,30
1505.367,45,6,10,2,4,5,5,100,100,100,100,100,100,5,29,29,6,6,600,600,3,30
1506.367,45,6,10,2,4,5,5,100,100,100,100,100,100,5,29,29,6,6,600,600,2,30
1507.367,45,6,10,2,4,5,5,100,100,100,100,100,100,5,29,29,6,6,600,600,2,30
1508.367,45,6,10,2,4,5,5,100,100,100,100,100,100,5,29,29,6,6,600,600,3,30
1509.368,45,6,10,2,4,5,5,100,100,100,100,100,100,5,29,29,6,6,600,600,3,30
1510.368,45,6,10,2,4,5,5,100,100,100,100,100,100,5,29,29,6,6,600,600,4,30
1511.368,45,6,10,2,4,5,5,100,100,100,100,100,100,5,29,29,6,6,600,600,3,30
1512.368,45,6,10,2,4,5,5,100,100,100,100,100,100,5,29,29,6,6,600,600,3,30
1513.368,45,6,10,2,4,5,5,100,100,100,100,100,100,5,29,29,6,6,600,600,3,30
1514.368,45,6,10,2,4,5,5,100,100,100,100,100,100,5,29,29,6,6,600,600,3,30
1515.368,45,6,10,2,4,5,5,100,100,100,100,100,100,5,29,29,6,6,600,600,2,30
1516.368,45,6,10,2,4,5,5,100,100,100,100,100,100,5,29,29,6,6,600,600,2,30
1517.369,45,6,10,2,4,5,5,100,100,100,100,100,100,5,29,29,6,6,600,600,2,30
1518.369,45,6,10,2,4,5,5,100,100,100,100,100,100,5,29,29,6,6,600,600,2,30
1519.369,45,6,10,2,4,5,5,100,100,100,100,100,100,5,29,29,6,6,600,600,2,30
1520.369,45,6,10,2,4,5,5,100,100,100,100,100,100,5,29,29,6,6,600,600,2,30
1521.369,45,6,10,2,4,5,5,100,100,100,100,100,100,5,29,29,6,6,600,600,2,30
1522.369,45,6,10,2,4,5,5,100,100,100,100,100,100,5,29,29,6,6,600,600,2,30
1523.369,45,6,10,2,4,5,5,100,100,100,100,100,100,5,29,29,6,6,600,600,2,30
1524.369,45,6,10,2,4,5,5,100,100,100,100,100,100,5,29,29,6,6,600,600,3,30
1525.37,45,6,10,2,4,5,5,100,100,100,100,100,100,5,29,29,6,6,600,600,2,30
1526.37,45,6,10,2,4,5,5,100,100,100,100,100,100,5,29,29,6,6,600,600,2,30
1527.37,45,6,10,2,4,5,5,100,100,100,100,100,100,5,29,29,6,6,600,600,2,30
1528.37,45,6,10,2,4,5,5,100,100,100,100,100,100,5,29,29,6,6,600,600,2,30
1529.37,45,6,10,2,4,5,5,100,100,100,100,100,100,5,29,29,6,6,600,600,2,30
1530.37,45,6,10,2,4,5,5,100,100,100,100,100,100,5,29,29,6,6,600,600,2,30
1531.37,45,6,10,2,4,5,5,100,100,100,100,100,100,5,29,29,6,6,600,600,2,30
1532.37,45,6,10,2,4,5,5,100,100,100,100,100,100,5,29,29,6,6,600,600,2,30
1533.37,45,6,10,2,4,5,5,100,100,100,100,100,100,5,29,29,6,6,600,600,2,30
1534.371,45,6,10,2,4,5,5,100,100,100,100,100,100,5,29,29,6,6,600,600,2,30
1535.371,45,6,10,2,4,5,5,100,100,100,100,100,100,5,29,29,6,6,600,600,2,30
1536.371,45,6,10,2,4,5,5,100,100,100,100,100,100,5,29,29,6,6,600,600,3,30
1537.371,45,6,10,2,4,5,5,100,100,100,100,100,100,5,29,29,6,6,600,600,3,30
1538.371,45,6,10,2,4,5,5,100,100,100,100,100,100,5,29,29,6,6,600,600,3,30
1539.371,45,6,10,2,4,5,5,100,100,100,100,100,100,5,29,29,6,6,600,600,2,30
1540.371,45,6,10,2,4,5,5,100,100,100,100,100,100,5,29,29,6,6,600,600,2,30
1541.371,45,6,10,2,4,5,5,100,100,100,100,100,100,5,29,29,6,6,600,600,2,30
1542.372,45,6,10,2,4,5,5,100,100,100,100,100,100,5,29,29,6,6,600,600,2,30
1543.372,45,6,10,2,4,5,5,100,100,100,100,100,100,5,29,29,6,6,600,600,2,30
1544.372,45,6,10,2,4,5,5,100,100,100,100,100,100,5,29,29,6,6,600,600,2,30
1545.372,45,6,10,2,4,5,5,100,100,100,100,100,100,5,29,29,6,6,600,600,2,30
1546.372,45,6,10,2,4,5,5,100,100,100,100,100,100,5,29,29,6,6,600,600,2,30
1547.372,45,6,10,2,4,5,5,100,100,100,100,100,100,5,29,29,6,6,600,600,2,30
1548.372,45,6,10,2,4,5,5,100,100,100,100,100,100,5,29,29,6,6,600,600,2,30
1549.372,45,6,10,2,4,5,5,100,100,100,100,100,100,5,29,29,6,6,600,600,2,30
1550.373,45,6,10,2,4,5,5,100,100,100,100,100,100,5,29,29,6,6,600,600,2,30
1551.373,45,6,10,2,4,5,5,100,100,100,100,100,100,5,29,29,6,6,600,600,2,30
1552.373,45,6,10,2,4,5,5,100,100,100,100,100,100,5,29,29,6,6,600,600,2,30
1553.373,45,6,10,2,4,5,5,100,100,100,100,100,100,5,29,29,6,6,600,600,3,30
1554.373,45,6,10,2,4,5,5,100,100,100,100,100,100,5,29,29,6,6,600,600,3,30
1555.373,45,6,10,2,4,5,5,100,100,100,100,100,100,5,29,29,6,6,600,600,3,30
1556.373,45,6,10,2,4,5,5,100,100,100,100,100,100,5,29,29,6,6,600,600,2,30
1557.373,45,6,10,2,4,5,5,100,100,100,100,100,100,5,29,29,6,6,600,600,2,30
1558.374,45,6,10,2,4,5,5,100,100,100,100,100,100,5,29,29,6,6,600,600,2,30
1559.374,45,6,10,2,4,5,5,100,100,100,100,100,100,5,29,29,6,6,600,600,3,30
1560.374,45,6,10,2,4,5,5,100,100,100,100,100,100,5,29,29,6,6,600,600,2,30
1561.374,45,6,10,2,4,5,5,100,100,100,100,100,100,5,29,29,6,6,600,600,2,30
1562.374,45,6,10,2,4,5,5,100,100,100,100,100,100,5,29,29,6,6,600,600,2,30
1563.374,45,6,10,2,4,5,5,100,100,100,100,100,100,5,29,29,6,6,600,600,3,30
1564.374,45,6,10,2,4,5,5,100,100,100,100,100,100,5,29,29,6,6,600,600,3,30
1565.374,45,6,10,2,4,5,5,100,100,100,100,100,100,5,29,29,6,6,600,600,3,30
1566.375,45,6,10,2,4,5,5,100,100,100,100,100,100,5,29,29,6,6,600,600,3,30
1567.375,45,6,10,2,4,5,5,100,100,100,100,100,100,5,29,29,6,6,600,600,3,30
1568.375,45,6,10,2,4,5,5,100,100,100,100,100,100,5,29,29,6,6,600,600,2,30
1569.375,45,6,10,2,4,5,5,100,100,100,100,100,100,5,29,29,6,6,600,600,2,30
1570.375,45,6,10,2,4,5,5,100,100,100,100,100,100,5,29,29,6,6,600,600,2,30
1571.375,45,6,10,2,4,5,5,100,100,100,100,100,100,5,29,29,6,6,600,600,2,30
1572.375,45,6,10,2,4,5,5,100,100,100,100,100,100,5,29,29,6,6,600,600,3,30
1573.375,45,6,10,2,4,5,5,100,100,100,100,100,100,5,29,29,6,6,600,600,3,30
1574.375,45,6,10,2,4,5,5,100,100,100,100,100,100,5,29,29,6,6,600,600,3,30
1575.376,45,6,10,2,4,5,5,100,100,100,100,100,100,5,29,29,6,6,600,600,2,30
1576.376,45,6,10,2,4,5,5,100,100,100,100,100,100,5,29,29,6,6,600,600,2,30
1577.376,45,6,10,2,4,5,5,100,100,100,100,100,100,5,29,29,6,6,600,600,2,30
1578.376,45,6,10,2,4,5,5,100,100,100,100,100,100,5,29,29,6,6,600,600,2,30
1579.376,45,6,10,2,4,5,5,100,100,100,100,100,100,5,29,29,6,6,600,600,2,30
1580.376,45,6,10,2,4,5,5,100,100,100,100,100,100,5,29,29,6,6,600,600,2,30
1581.376,45,6,10,2,4,5,5,100,100,100,100,100,100,5,29,29,6,6,600,600,3,30
1582.376,45,6,10,2,4,5,5,100,100,100,100,100,100,5,29,29,6,6,600,600,3,30
1583.377,45,6,10,2,4,5,5,100,100,100,100,100,100,5,29,29,6,6,600,600,3,30
1584.377,45,6,10,2,4,5,5,100,100,100,100,100,100,5,29,29,6,6,600,600,2,30
1585.377,45,6,10,2,4,5,5,100,100,100,100,100,100,5,29,29,6,6,600,600,3,30
1586.377,45,6,10,2,4,5,5,100,100,100,100,100,100,5,29,29,6,6,600,600,3,30
1587.377,45,6,10,2,4,5,5,100,100,100,100,100,100,5,29,29,6,6,600,600,2,30
1588.377,45,6,10,2,4,5,5,100,100,100,100,100,100,5,29,29,6,6,600,600,2,30
1589.377,45,6,10,2,4,5,5,100,100,100,100,100,100,5,29,29,6,6,600,600,2,30
1590.377,45,6,10,2,4,5,5,100,100,100,100,100,100,5,29,29,6,6,600,600,3,30
1591.378,45,6,10,2,4,5,5,100,100,100,100,100,100,5,29,29,6,6,600,600,3,30
1592.378,45,6,10,2,4,5,5,100,100,100,100,100,100,5,29,29,6,6,600,600,2,30
1593.378,45,6,10,2,4,5,5,100,100,100,100,100,100,5,29,29,6,6,600,600,2,30
1594.378,45,6,10,2,4,5,5,100,100,100,100,100,100,5,29,29,6,6,600,600,2,30
1595.378,45,6,10,2,4,5,5,100,100,100,100,100,100,5,29,29,6,6,600,600,2,30
1596.378,45,6,10,2,4,5,5,100,100,100,100,100,100,5,29,29,6,6,600,600,2,30
1597.378,45,6,10,2,4,5,5,100,100,100,100,100,100,5,29,29,6,6,600,600,2,30
1598.378,45,6,10,2,4,5,5,100,100,100,100,100,100,5,29,29,6,6,600,600,3,30
1599.379,45,6,10,2,4,5,5,100,100,100,100,100,100,5,29,29,6,6,600,600,2,30
1600.379,45,6,10,2,4,5,5,100,100,100,100,100,100,5,29,29,6,6,600,600,2,30
1601.379,45,6,10,2,4,5,5,100,100,100,100,100,100,5,29,29,6,6,600,600,2,30
1602.379,45,6,10,2,4,5,5,100,100,100,100,100,100,5,29,29,6,6,600,600,2,30
1603.379,45,6,10,2,4,5,5,100,100,100,100,100,100,5,29,29,6,6,600,600,2,30
1604.379,45,6,10,2,4,5,5,100,100,100,100,100,100,5,29,29,6,6,600,600,2,30
1605.379,45,6,10,2,4,5,5,100,100,100,100,100,100,5,29,29,6,6,600,600,2,30
1606.379,45,6,10,2,4,5,5,100,100,100,100,100,100,5,29,29,6,6,600,600,2,30
1607.38,45,6,10,2,4,5,5,100,100,100,100,100,100,5,29,29,6,6,600,600,2,30
1608.38,45,6,10,2,4,5,5,100,100,100,100,100,100,5,29,29,6,6,600,600,2,30
1609.38,45,6,10,2,4,5,5,100,100,100,100,100,100,5,29,29,6,6,600,600,2,30
1610.38,45,6,10,2,4,5,5,100,100,100,100,100,100,5,29,29,6,6,600,600,2,30
1611.38,45,6,10,2,4,5,5,100,100,100,100,100,100,5,29,29,6,6,600,600,2,30
1612.38,45,6,10,2,4,5,5,100,100,100,100,100,100,5,29,29,6,6,600,600,2,30
1613.38,45,6,10,2,4,5,5,100,100,100,100,100,100,5,29,29,6,6,600,600,2,30
1614.38,45,6,10,2,4,5,5,100,100,100,100,100,100,5,29,29,6,6,600,600,2,30
1615.38,45,6,10,2,4,5,5,100,100,100,100,100,100,5,29,29,6,6,600,600,2,30
1616.381,45,6,10,2,4,5,5,100,100,100,100,100,100,5,29,29,6,6,600,600,2,30
1617.381,45,6,10,2,4,5,5,100,100,100,100,100,100,5,29,29,6,6,600,600,2,30
1618.381,45,6,10,2,4,5,5,100,100,100,100,100,100,5,29,29,6,6,600,600,2,30
1619.381,45,6,10,2,4,5,5,100,100,100,100,100,100,5,29,29,6,6,600,600,2,30
1620.381,45,6,10,2,4,5,5,100,100,100,100,100,100,5,29,29,6,6,600,600,2,30
1621.381,45,6,10,2,4,5,5,100,100,100,100,100,100,5,29,29,6,6,600,600,2,30
1622.381,45,6,10,2,4,5,5,100,100,100,100,100,100,5,29,29,6,6,600,600,2,30
1623.381,45,6,10,2,4,5,5,100,100,100,100,100,100,5,29,29,6,6,600,600,2,30
1624.382,45,6,10,2,4,5,5,100,100,100,100,100,100,5,29,29,6,6,600,600,2,30
1625.382,45,6,10,2,4,5,5,100,100,100,100,100,100,5,29,29,6,6,600,600,3,30
1626.382,45,6,10,2,4,5,5,100,100,100,100,100,100,5,29,29,6,6,600,600,3,30
1627.382,45,6,10,2,4,5,5,100,100,100,100,100,100,5,29,29,6,6,600,600,3,30
1628.382,45,6,10,2,4,5,5,100,100,100,100,100,100,5,29,29,6,6,600,600,3,30
1629.382,45,6,10,2,4,5,5,100,100,100,100,100,100,5,29,29,6,6,600,600,3,30
1630.382,45,6,10,2,4,5,5,100,100,100,100,100,100,5,29,29,6,6,600,600,3,30
1631.382,45,6,10,2,4,5,5,100,100,100,100,100,100,5,29,29,6,6,600,600,3,30
1632.383,45,6,10,2,4,5,5,100,100,100,100,100,100,5,29,29,6,6,600,600,3,30
1633.383,45,6,10,2,4,5,5,100,100,100,100,100,100,5,29,29,6,6,600,600,3,30
1634.383,45,6,10,2,4,5,5,100,100,100,100,100,100,5,29,29,6,6,600,600,3,30
1635.383,45,6,10,2,4,5,5,100,100,100,100,100,100,5,29,29,6,6,600,600,2,30
1636.383,45,6,10,2,4,5,5,100,100,100,100,100,100,5,29,29,6,6,600,600,2,30
1637.383,45,6,10,2,4,5,5,100,100,100,100,100,100,5,29,29,6,6,600,600,2,30
1638.383,45,6,10,2,4,5,5,100,100,100,100,100,100,5,29,29,6,6,600,600,2,30
1639.383,45,6,10,2,4,5,5,100,100,100,100,100,100,5,29,29,6,6,600,600,2,30
1640.384,45,6,10,2,4,5,5,100,100,100,100,100,100,5,29,29,6,6,600,600,2,30
1641.384,45,6,10,2,4,5,5,100,100,100,100,100,100,5,29,29,6,6,600,600,2,30
1642.384,45,6,10,2,4,5,5,100,100,100,100,100,100,5,29,29,6,6,600,600,2,30
1643.384,45,6,10,2,4,5,5,100,100,100,100,100,100,5,29,29,6,6,600,600,2,30
1644.384,45,6,10,2,4,5,5,100,100,100,100,100,100,5,29,29,6,6,600,600,2,30
1645.384,45,6,10,2,4,5,5,100,100,100,100,100,100,5,29,29,6,6,600,600,2,30
1646.384,45,6,10,2,4,5,5,100,100,100,100,100,100,5,29,29,6,6,600,600,2,30
1647.384,45,6,10,2,4,5,5,100,100,100,100,100,100,5,29,29,6,6,600,600,2,30
1648.385,45,6,10,2,4,5,5,100,100,100,100,100,100,5,29,29,6,6,600,600,2,30
1649.385,45,6,10,2,4,5,5,100,100,100,100,100,100,5,29,29,6,6,600,600,2,30
1650.385,45,6,10,2,4,5,5,100,100,100,100,100,100,5,29,29,6,6,600,600,2,30
1651.385,45,6,10,2,4,5,5,100,100,100,100,100,100,5,29,29,6,6,600,600,2,30
1652.385,45,6,10,2,4,5,5,100,100,100,100,100,100,5,29,29,6,6,600,600,3,30
1653.385,45,6,10,2,4,5,5,100,100,100,100,100,100,5,29,29,6,6,600,600,3,30
1654.385,45,6,10,2,4,5,5,100,100,100,100,100,100,5,29,29,6,6,600,600,3,30
1655.385,45,6,10,2,4,5,5,100,100,100,100,100,100,5,29,29,6,6,600,600,3,30
1656.385,45,6,10,2,4,5,5,100,100,100,100,100,100,5,29,29,6,6,600,600,2,30
1657.386,45,6,10,2,4,5,5,100,100,100,100,100,100,5,29,29,6,6,600,600,2,30
1658.386,45,6,10,2,4,5,5,100,100,100,100,100,100,5,29,29,6,6,600,600,2,30
1659.386,45,6,10,2,4,5,5,100,100,100,100,100,100,5,29,29,6,6,600,600,3,30
1660.386,45,6,10,2,4,5,5,100,100,100,100,100,100,5,29,29,6,6,600,600,2,30
1661.386,45,6,10,2,4,5,5,100,100,100,100,100,100,5,29,29,6,6,600,600,2,30
1662.386,45,6,10,2,4,5,5,100,100,100,100,100,100,5,29,29,6,6,600,600,2,30
1663.386,45,6,10,2,4,5,5,100,100,100,100,100,100,5,29,29,6,6,600,600,2,30
1664.386,45,6,10,2,4,5,5,100,100,100,100,100,100,5,29,29,6,6,600,600,2,30
1665.387,45,6,10,2,4,5,5,100,100,100,100,100,100,5,29,29,6,6,600,600,2,30
1666.387,45,6,10,2,4,5,5,100,100,100,100,100,100,5,29,29,6,6,600,600,2,30
1667.387,45,6,10,2,4,5,5,100,100,100,100,100,100,5,29,29,6,6,600,600,2,30
1668.387,45,6,10,2,4,5,5,100,100,100,100,100,100,5,29,29,6,6,600,600,2,30
1669.387,45,6,10,2,4,5,5,100,100,100,100,100,100,5,29,29,6,6,600,600,3,30
1670.387,45,6,10,2,4,5,5,100,100,100,100,100,100,5,29,29,6,6,600,600,3,30
1671.387,45,6,10,2,4,5,5,100,100,100,100,100,100,5,29,29,6,6,600,600,3,30
1672.387,45,6,10,2,4,5,5,100,100,100,100,100,100,5,29,29,6,6,600,600,2,30
1673.388,45,6,10,2,4,5,5,100,100,100,100,100,100,5,29,29,6,6,600,600,2,30
1674.388,45,6,10,2,4,5,5,100,100,100,100,100,100,5,29,29,6,6,600,600,2,30
1675.388,45,6,10,2,4,5,5,100,100,100,100,100,100,5,29,29,6,6,600,600,2,30
1676.388,45,6,10,2,4,5,5,100,100,100,100,100,100,5,29,29,6,6,600,600,2,30
1677.388,45,6,10,2,4,5,5,100,100,100,100,100,100,5,29,29,6,6,600,600,2,30
1678.388,45,6,10,2,4,5,5,100,100,100,100,100,100,5,29,29,6,6,600,600,2,30
1679.388,45,6,10,2,4,5,5,100,100,100,100,100,100,5,29,29,6,6,600,600,2,30
1680.388,45,6,10,2,4,5,5,100,100,100,100,100,100,5,29,29,6,6,600,600,2,30
1681.389,45,6,10,2,4,5,5,100,100,100,100,100,100,5,29,29,6,6,600,600,2,30
1682.389,45,6,10,2,4,5,5,100,100,100,100,100,100,5,29,29,6,6,600,600,2,30
1683.389,45,6,10,2,4,5,5,100,100,100,100,100,100,5,29,29,6,6,600,600,3,30
1684.389,45,6,10,2,4,5,5,100,100,100,100,100,100,5,29,29,6,6,600,600,3,30
1685.389,45,6,10,2,4,5,5,100,100,100,100,100,100,5,29,29,6,6,600,600,3,30
1686.389,45,6,10,2,4,5,5,100,100,100,100,100,100,5,29,29,6,6,600,600,3,30
1687.389,45,6,10,2,4,5,5,100,100,100,100,100,100,5,29,29,6,6,600,600,3,30
1688.389,45,6,10,2,4,5,5,100,100,100,100,100,100,5,29,29,6,6,600,600,3,30
1689.39,45,6,10,2,4,5,5,100,100,100,100,100,100,5,29,29,6,6,600,600,2,30
1690.39,45,6,10,2,4,5,5,100,100,100,100,100,100,5,29,29,6,6,600,600,3,30
1691.39,45,6,10,2,4,5,5,100,100,100,100,100,100,5,29,29,6,6,600,600,3,30
1692.39,45,6,10,2,4,5,5,100,100,100,100,100,100,5,29,29,6,6,600,600,3,30
1693.39,45,6,10,2,4,5,5,100,100,100,100,100,100,5,29,29,6,6,600,600,3,30
1694.39,45,6,10,2,4,5,5,100,100,100,100,100,100,5,29,29,6,6,600,600,3,30
1695.39,45,6,10,2,4,5,5,100,100,100,100,100,100,5,29,29,6,6,600,600,3,30
1696.39,45,6,10,2,4,5,5,100,100,100,100,100,100,5,29,29,6,6,600,600,3,30
1697.391,45,6,10,2,4,5,5,100,100,100,100,100,100,5,29,29,6,6,600,600,2,30
1698.391,45,6,10,2,4,5,5,100,100,100,100,100,100,5,29,29,6,6,600,600,2,30
1699.391,45,6,10,2,4,5,5,100,100,100,100,100,100,5,29,29,6,6,600,600,3,30
1700.391,45,6,10,2,4,5,5,100,100,100,100,100,100,5,29,29,6,6,600,600,3,30
1701.391,45,6,10,2,4,5,5,100,100,100,100,100,100,5,29,29,6,6,600,600,3,30
1702.391,45,6,10,2,4,5,5,100,100,100,100,100,100,5,29,29,6,6,600,600,3,30
1703.391,45,6,10,2,4,5,5,100,100,100,100,100,100,5,29,29,6,6,600,600,2,30
1704.391,45,6,10,2,4,5,5,100,100,100,100,100,100,5,29,29,6,6,600,600,2,30
1705.391,45,6,10,2,4,5,5,100,100,100,100,100,100,5,29,29,6,6,600,600,2,30
1706.392,45,6,10,2,4,5,5,100,100,100,100,100,100,5,29,29,6,6,600,600,2,30
1707.392,45,6,10,2,4,5,5,100,100,100,100,100,100,5,29,29,6,6,600,600,2,30
1708.392,45,6,10,2,4,5,5,100,100,100,100,100,100,5,29,29,6,6,600,600,2,30
1709.392,45,6,10,2,4,5,5,100,100,100,100,100,100,5,29,29,6,6,600,600,2,30
1710.392,45,6,10,2,4,5,5,100,100,100,100,100,100,5,29,29,6,6,600,600,2,30
1711.392,45,6,10,2,4,5,5,100,100,100,100,100,100,5,29,29,6,6,600,600,2,30
1712.392,45,6,10,2,4,5,5,100,100,100,100,100,100,5,29,29,6,6,600,600,2,30
1713.392,45,6,10,2,4,5,5,100,100,100,100,100,100,5,29,29,6,6,600,600,2,30
1714.393,45,6,10,2,4,5,5,100,100,100,100,100,100,5,29,29,6,6,600,600,2,30
1715.393,45,6,10,2,4,5,5,100,100,100,100,100,100,5,29,29,6,6,600,600,2,30
1716.393,45,6,10,2,4,5,5,100,100,100,100,100,100,5,29,29,6,6,600,600,2,30
1717.393,45,6,10,2,4,5,5,100,100,100,100,100,100,5,29,29,6,6,600,600,2,30
1718.393,45,6,10,2,4,5,5,100,100,100,100,100,100,5,29,29,6,6,600,600,2,30
1719.393,45,6,10,2,4,5,5,100,100,100,100,100,100,5,29,29,6,6,600,600,2,30
1720.393,45,6,10,2,4,5,5,100,100,100,100,100,100,5,29,29,6,6,600,600,2,30
1721.393,45,6,10,2,4,5,5,100,100,100,100,100,100,5,29,29,6,6,600,600,2,30
1722.394,45,6,10,2,4,5,5,100,100,100,100,100,100,5,29,29,6,6,600,600,2,30
1723.394,45,6,10,2,4,5,5,100,100,100,100,100,100,5,29,29,6,6,600,600,2,30
1724.394,45,6,10,2,4,5,5,100,100,100,100,100,100,5,29,29,6,6,600,600,2,30
1725.394,45,6,10,2,4,5,5,100,100,100,100,100,100,5,29,29,6,6,600,600,4,30
1726.394,45,6,10,2,4,5,5,100,100,100,100,100,100,5,29,29,6,6,600,600,3,30
1727.394,45,6,10,2,4,5,5,100,100,100,100,100,100,5,29,29,6,6,600,600,3,30
1728.394,45,6,10,2,4,5,5,100,100,100,100,100,100,5,29,29,6,6,600,600,2,30
1729.394,45,6,10,2,4,5,5,100,100,100,100,100,100,5,29,29,6,6,600,600,2,30
1730.395,45,6,10,2,4,5,5,100,100,100,100,100,100,5,29,29,6,6,600,600,2,30
1731.395,45,6,10,2,4,5,5,100,100,100,100,100,100,5,29,29,6,6,600,600,2,30
1732.395,45,6,10,2,4,5,5,100,100,100,100,100,100,5,29,29,6,6,600,600,2,30
1733.395,45,6,10,2,4,5,5,100,100,100,100,100,100,5,29,29,6,6,600,600,2,30
1734.395,45,6,10,2,4,5,5,100,100,100,100,100,100,5,29,29,6,6,600,600,3,30
1735.395,45,6,10,2,4,5,5,100,100,100,100,100,100,5,29,29,6,6,600,600,2,30
1736.395,45,6,10,2,4,5,5,100,100,100,100,100,100,5,29,29,6,6,600,600,3,30
1737.395,45,6,10,2,4,5,5,100,100,100,100,100,100,5,29,29,6,6,600,600,2,30
1738.396,45,6,10,2,4,5,5,100,100,100,100,100,100,5,29,29,6,6,600,600,3,30
1739.396,45,6,10,2,4,5,5,100,100,100,100,100,100,5,29,29,6,6,600,600,3,30
1740.396,45,6,10,2,4,5,5,100,100,100,100,100,100,5,29,29,6,6,600,600,3,30
1741.396,45,6,10,2,4,5,5,100,100,100,100,100,100,5,29,29,6,6,600,600,3,30
1742.396,45,6,10,2,4,5,5,100,100,100,100,100,100,5,29,29,6,6,600,600,2,30
1743.396,45,6,10,2,4,5,5,100,100,100,100,100,100,5,29,29,6,6,600,600,2,30
1744.396,45,6,10,2,4,5,5,100,100,100,100,100,100,5,29,29,6,6,600,600,3,30
1745.396,45,6,10,2,4,5,5,100,100,100,100,100,100,5,29,29,6,6,600,600,3,30
1746.396,45,6,10,2,4,5,5,100,100,100,100,100,100,5,29,29,6,6,600,600,3,30
1747.397,45,6,10,2,4,5,5,100,100,100,100,100,100,5,29,29,6,6,600,600,2,30
1748.397,45,6,10,2,4,5,5,100,100,100,100,100,100,5,29,29,6,6,600,600,2,30
1749.397,45,6,10,2,4,5,5,100,100,100,100,100,100,5,29,29,6,6,600,600,2,30
1750.397,45,6,10,2,4,5,5,100,100,100,100,100,100,5,29,29,6,6,600,600,2,30
1751.397,45,6,10,2,4,5,5,100,100,100,100,100,100,5,29,29,6,6,600,600,2,30
1752.397,45,6,10,2,4,5,5,100,100,100,100,100,100,5,29,29,6,6,600,600,2,30
1753.397,45,6,10,2,4,5,5,100,100,100,100,100,100,5,29,29,6,6,600,600,3,30
1754.397,45,6,10,2,4,5,5,100,100,100,100,100,100,5,29,29,6,6,600,600,3,30
1755.398,45,6,10,2,4,5,5,100,100,100,100,100,100,5,29,29,6,6,600,600,3,30
1756.398,45,6,10,2,4,5,5,100,100,100,100,100,100,5,29,29,6,6,600,600,3,30
1757.398,45,6,10,2,4,5,5,100,100,100,100,100,100,5,29,29,6,6,600,600,3,30
1758.398,45,6,10,2,4,5,5,100,100,100,100,100,100,5,29,29,6,6,600,600,3,30
1759.398,45,6,10,2,4,5,5,100,100,100,100,100,100,5,29,29,6,6,600,600,3,30
1760.398,45,6,10,2,4,5,5,100,100,100,100,100,100,5,29,29,6,6,600,600,3,30
1761.398,45,6,10,2,4,5,5,100,100,100,100,100,100,5,29,29,6,6,600,600,3,30
1762.398,45,6,10,2,4,5,5,100,100,100,100,100,100,5,29,29,6,6,600,600,3,30
1763.399,45,6,10,2,4,5,5,100,100,100,100,100,100,5,29,29,6,6,600,600,3,30
1764.399,45,6,10,2,4,5,5,100,100,100,100,100,100,5,29,29,6,6,600,600,3,30
1765.399,45,6,10,2,4,5,5,100,100,100,100,100,100,5,29,29,6,6,600,600,3,30
1766.399,45,6,10,2,4,5,5,100,100,100,100,100,100,5,29,29,6,6,600,600,3,30
1767.399,45,6,10,2,4,5,5,100,100,100,100,100,100,5,29,29,6,6,600,600,2,30
1768.399,45,6,10,2,4,5,5,100,100,100,100,100,100,5,29,29,6,6,600,600,2,30
1769.399,45,6,10,2,4,5,5,100,100,100,100,100,100,5,29,29,6,6,600,600,2,30
1770.399,45,6,10,2,4,5,5,100,100,100,100,100,100,5,29,29,6,6,600,600,2,30
1771.4,45,6,10,2,4,5,5,100,100,100,100,100,100,5,29,29,6,6,600,600,2,30
1772.4,45,6,10,2,4,5,5,100,100,100,100,100,100,5,29,29,6,6,600,600,2,30
1773.4,45,6,10,2,4,5,5,100,100,100,100,100,100,5,29,29,6,6,600,600,3,30
1774.4,45,6,10,2,4,5,5,100,100,100,100,100,100,5,29,29,6,6,600,600,3,30
1775.4,45,6,10,2,4,5,5,100,100,100,100,100,100,5,29,29,6,6,600,600,4,30
1776.4,45,6,10,2,4,5,5,100,100,100,100,100,100,5,29,29,6,6,600,600,4,30
1777.4,45,6,10,2,4,5,5,100,100,100,100,100,100,5,29,29,6,6,600,600,3,30
1778.4,45,6,10,2,4,5,5,100,100,100,100,100,100,5,29,29,6,6,600,600,3,30
1779.401,45,6,10,2,4,5,5,100,100,100,100,100,100,5,29,29,6,6,600,600,2,30
1780.401,45,6,10,2,4,5,5,100,100,100,100,100,100,5,29,29,6,6,600,600,2,30
1781.401,45,6,10,2,4,5,5,100,100,100,100,100,100,5,29,29,6,6,600,600,2,30
1782.401,45,6,10,2,4,5,5,100,100,100,100,100,100,5,29,29,6,6,600,600,2,30
1783.401,45,6,10,2,4,5,5,100,100,100,100,100,100,5,29,29,6,6,600,600,2,30
1784.401,45,6,10,2,4,5,5,100,100,100,100,100,100,5,29,29,6,6,600,600,3,30
1785.401,45,6,10,2,4,5,5,100,100,100,100,100,100,5,29,29,6,6,600,600,3,30
1786.401,45,6,10,2,4,5,5,100,100,100,100,100,100,5,29,29,6,6,600,600,2,30
1787.401,45,6,10,2,4,5,5,100,100,100,100,100,100,5,29,29,6,6,600,600,3,30
1788.402,45,6,10,2,4,5,5,100,100,100,100,100,100,5,29,29,6,6,600,600,3,30
1789.402,45,6,10,2,4,5,5,100,100,100,100,100,100,5,29,29,6,6,600,600,2,30
1790.402,45,6,10,2,4,5,5,100,100,100,100,100,100,5,29,29,6,6,600,600,2,30
1791.402,45,6,10,2,4,5,5,100,100,100,100,100,100,5,29,29,6,6,600,600,2,30
1792.402,45,6,10,2,4,5,5,100,100,100,100,100,100,5,29,29,6,6,600,600,2,30
1793.402,45,6,10,2,4,5,5,100,100,100,100,100,100,5,29,29,6,6,600,600,3,30
1794.402,45,6,10,2,4,5,5,100,100,100,100,100,100,5,29,29,6,6,600,600,3,30
1795.402,45,6,10,2,4,5,5,100,100,100,100,100,100,5,29,29,6,6,600,600,3,30
1796.403,45,6,10,2,4,5,5,100,100,100,100,100,100,5,29,29,6,6,600,600,3,30
1797.403,45,6,10,2,4,5,5,100,100,100,100,100,100,5,29,29,6,6,600,600,3,30
1798.403,45,6,10,2,4,5,5,100,100,100,100,100,100,5,29,29,6,6,600,600,3,30
1799.403,45,6,10,2,4,5,5,100,100,100,100,100,100,5,29,29,6,6,600,600,3,30
1800.403,45,6,10,2,4,5,5,100,100,100,100,100,100,5,29,29,6,6,600,600,2,30
1801.403,45,6,10,2,4,5,5,100,100,100,100,100,100,5,29,29,6,6,600,600,2,30
1802.403,45,6,10,2,4,5,5,100,100,100,100,100,100,5,29,29,6,6,600,600,2,30
1803.403,45,6,10,2,4,5,5,100,100,100,100,100,100,5,29,29,6,6,600,600,2,30
1804.404,45,6,10,2,4,5,5,100,100,100,100,100,100,5,29,29,6,6,600,600,2,30
1805.404,45,6,10,2,4,5,5,100,100,100,100,100,100,5,29,29,6,6,600,600,4,30
1806.404,45,6,10,2,4,5,5,100,100,100,100,100,100,5,29,29,6,6,600,600,3,30
1807.404,45,6,10,2,4,5,5,100,100,100,100,100,100,5,29,29,6,6,600,600,2,30
1808.404,45,6,10,2,4,5,5,100,100,100,100,100,100,5,29,29,6,6,600,600,2,30
1809.404,45,6,10,2,4,5,5,100,100,100,100,100,100,5,29,29,6,6,600,600,2,30
1810.404,45,6,10,2,4,5,5,100,100,100,100,100,100,5,29,29,6,6,600,600,2,30
1811.404,45,6,10,2,4,5,5,100,100,100,100,100,100,5,29,29,6,6,600,600,2,30
1812.405,45,6,10,2,4,5,5,100,100,100,100,100,100,5,29,29,6,6,600,600,2,30
1813.405,45,6,10,2,4,5,5,100,100,100,100,100,100,5,29,29,6,6,600,600,2,30
1814.405,45,6,10,2,4,5,5,100,100,100,100,100,100,5,29,29,6,6,600,600,2,30
1815.405,45,6,10,2,4,5,5,100,100,100,100,100,100,5,29,29,6,6,600,600,2,30
1816.405,45,6,10,2,4,5,5,100,100,100,100,100,100,5,29,29,6,6,600,600,2,30
1817.405,45,6,10,2,4,5,5,100,100,100,100,100,100,5,29,29,6,6,600,600,2,30
1818.405,45,6,10,2,4,5,5,100,100,100,100,100,100,5,29,29,6,6,600,600,3,30
1819.405,45,6,10,2,4,5,5,100,100,100,100,100,100,5,29,29,6,6,600,600,2,30
1820.406,45,6,10,2,4,5,5,100,100,100,100,100,100,5,29,29,6,6,600,600,2,30
1821.406,45,6,10,2,4,5,5,100,100,100,100,100,100,5,29,29,6,6,600,600,2,30
1822.406,45,6,10,2,4,5,5,100,100,100,100,100,100,5,29,29,6,6,600,600,2,30
1823.406,45,6,10,2,4,5,5,100,100,100,100,100,100,5,29,29,6,6,600,600,2,30
1824.406,45,6,10,2,4,5,5,100,100,100,100,100,100,5,29,29,6,6,600,600,2,30
1825.406,45,6,10,2,4,5,5,100,100,100,100,100,100,5,29,29,6,6,600,600,2,30
1826.406,45,6,10,2,4,5,5,100,100,100,100,100,100,5,29,29,6,6,600,600,2,30
1827.406,45,6,10,2,4,5,5,100,100,100,100,100,100,5,29,29,6,6,600,600,2,30
1828.406,45,6,10,2,4,5,5,100,100,100,100,100,100,5,29,29,6,6,600,600,2,30
1829.407,45,6,10,2,4,5,5,100,100,100,100,100,100,5,29,29,6,6,600,600,2,30
1830.407,45,6,10,2,4,5,5,100,100,100,100,100,100,5,29,29,6,6,600,600,2,30
1831.407,45,6,10,2,4,5,5,100,100,100,100,100,100,5,29,29,6,6,600,600,2,30
1832.407,45,6,10,2,4,5,5,100,100,100,100,100,100,5,29,29,6,6,600,600,2,30
1833.407,45,6,10,2,4,5,5,100,100,100,100,100,100,5,29,29,6,6,600,600,3,30
1834.407,45,6,10,2,4,5,5,100,100,100,100,100,100,5,29,29,6,6,600,600,3,30
1835.407,45,6,10,2,4,5,5,100,100,100,100,100,100,5,29,29,6,6,600,600,3,30
1836.407,45,6,10,2,4,5,5,100,100,100,100,100,100,5,29,29,6,6,600,600,3,30
1837.408,45,6,10,2,4,5,5,100,100,100,100,100,100,5,29,29,6,6,600,600,3,30
1838.408,45,6,10,2,4,5,5,100,100,100,100,100,100,5,29,29,6,6,600,600,3,30
1839.408,45,6,10,2,4,5,5,100,100,100,100,100,100,5,29,29,6,6,600,600,3,30
1840.408,45,6,10,2,4,5,5,100,100,100,100,100,100,5,29,29,6,6,600,600,3,30
1841.408,45,6,10,2,4,5,5,100,100,100,100,100,100,5,29,29,6,6,600,600,2,30
1842.408,45,6,10,2,4,5,5,100,100,100,100,100,100,5,29,29,6,6,600,600,2,30
1843.408,45,6,10,2,4,5,5,100,100,100,100,100,100,5,29,29,6,6,600,600,2,30
1844.408,45,6,10,2,4,5,5,100,100,100,100,100,100,5,29,29,6,6,600,600,2,30
1845.409,45,6,10,2,4,5,5,100,100,100,100,100,100,5,29,29,6,6,600,600,3,30
1846.409,45,6,10,2,4,5,5,100,100,100,100,100,100,5,29,29,6,6,600,600,3,30
1847.409,45,6,10,2,4,5,5,100,100,100,100,100,100,5,29,29,6,6,600,600,2,30
1848.409,45,6,10,2,4,5,5,100,100,100,100,100,100,5,29,29,6,6,600,600,2,30
1849.409,45,6,10,2,4,5,5,100,100,100,100,100,100,5,29,29,6,6,600,600,2,30
1850.409,45,6,10,2,4,5,5,100,100,100,100,100,100,5,29,29,6,6,600,600,2,30
1851.409,45,6,10,2,4,5,5,100,100,100,100,100,100,5,29,29,6,6,600,600,3,30
1852.409,45,6,10,2,4,5,5,100,100,100,100,100,100,5,29,29,6,6,600,600,3,30
1853.41,45,6,10,2,4,5,5,100,100,100,100,100,100,5,29,29,6,6,600,600,3,30
1854.41,45,6,10,2,4,5,5,100,100,100,100,100,100,5,29,29,6,6,600,600,3,30
1855.41,45,6,10,2,4,5,5,100,100,100,100,100,100,5,29,29,6,6,600,600,3,30
1856.41,45,6,10,2,4,5,5,100,100,100,100,100,100,5,29,29,6,6,600,600,2,30
1857.41,45,6,10,2,4,5,5,100,100,100,100,100,100,5,29,29,6,6,600,600,2,30
1858.41,45,6,10,2,4,5,5,100,100,100,100,100,100,5,29,29,6,6,600,600,2,30
1859.41,45,6,10,2,4,5,5,100,100,100,100,100,100,5,29,29,6,6,600,600,2,30
1860.41,45,6,10,2,4,5,5,100,100,100,100,100,100,5,29,29,6,6,600,600,2,30
1861.411,45,6,10,2,4,5,5,100,100,100,100,100,100,5,29,29,6,6,600,600,2,30
1862.411,45,6,10,2,4,5,5,100,100,100,100,100,100,5,29,29,6,6,600,600,2,30
1863.411,45,6,10,2,4,5,5,100,100,100,100,100,100,5,29,29,6,6,600,600,2,30
1864.411,45,6,10,2,4,5,5,100,100,100,100,100,100,5,29,29,6,6,600,600,2,30
1865.411,45,6,10,2,4,5,5,100,100,100,100,100,100,5,29,29,6,6,600,600,3,30
1866.411,45,6,10,2,4,5,5,100,100,100,100,100,100,5,29,29,6,6,600,600,3,30
1867.411,45,6,10,2,4,5,5,100,100,100,100,100,100,5,29,29,6,6,600,600,3,30
1868.411,45,6,10,2,4,5,5,100,100,100,100,100,100,5,29,29,6,6,600,600,3,30
1869.411,45,6,10,2,4,5,5,100,100,100,100,100,100,5,29,29,6,6,600,600,3,30
1870.412,45,6,10,2,4,5,5,100,100,100,100,100,100,5,29,29,6,6,600,600,3,30
1871.412,45,6,10,2,4,5,5,100,100,100,100,100,100,5,29,29,6,6,600,600,3,30
1872.412,45,6,10,2,4,5,5,100,100,100,100,100,100,5,29,29,6,6,600,600,3,30
1873.412,45,6,10,2,4,5,5,100,100,100,100,100,100,5,29,29,6,6,600,600,3,30
1874.412,45,6,10,2,4,5,5,100,100,100,100,100,100,5,29,29,6,6,600,600,3,30
1875.412,45,6,10,2,4,5,5,100,100,100,100,100,100,5,29,29,6,6,600,600,3,30
1876.412,45,6,10,2,4,5,5,100,100,100,100,100,100,5,29,29,6,6,600,600,2,30
1877.412,45,6,10,2,4,5,5,100,100,100,100,100,100,5,29,29,6,6,600,600,2,30
1878.413,45,6,10,2,4,5,5,100,100,100,100,100,100,5,29,29,6,6,600,600,2,30
1879.413,45,6,10,2,4,5,5,100,100,100,100,100,100,5,29,29,6,6,600,600,2,30
1880.413,45,6,10,2,4,5,5,100,100,100,100,100,100,5,29,29,6,6,600,600,2,30
1881.413,45,6,10,2,4,5,5,100,100,100,100,100,100,5,29,29,6,6,600,600,2,30
1882.413,45,6,10,2,4,5,5,100,100,100,100,100,100,5,29,29,6,6,600,600,3,30
1883.413,45,6,10,2,4,5,5,100,100,100,100,100,100,5,29,29,6,6,600,600,3,30
1884.413,45,6,10,2,4,5,5,100,100,100,100,100,100,5,29,29,6,6,600,600,3,30
1885.413,45,6,10,2,4,5,5,100,100,100,100,100,100,5,29,29,6,6,600,600,4,30
1886.414,45,6,10,2,4,5,5,100,100,100,100,100,100,5,29,29,6,6,600,600,3,30
1887.414,45,6,10,2,4,5,5,100,100,100,100,100,100,5,29,29,6,6,600,600,3,30
1888.414,45,6,10,2,4,5,5,100,100,100,100,100,100,5,29,29,6,6,600,600,3,30
1889.414,45,6,10,2,4,5,5,100,100,100,100,100,100,5,29,29,6,6,600,600,3,30
1890.414,45,6,10,2,4,5,5,100,100,100,100,100,100,5,29,29,6,6,600,600,4,30
1891.414,45,6,10,2,4,5,5,100,100,100,100,100,100,5,29,29,6,6,600,600,4,30
1892.414,45,6,10,2,4,5,5,100,100,100,100,100,100,5,29,29,6,6,600,600,3,30
1893.414,45,6,10,2,4,5,5,100,100,100,100,100,100,5,29,29,6,6,600,600,4,30
1894.415,45,6,10,2,4,5,5,100,100,100,100,100,100,5,29,29,6,6,600,600,3,30
1895.415,45,6,10,2,4,5,5,100,100,100,100,100,100,5,29,29,6,6,600,600,3,30
1896.415,45,6,10,2,4,5,5,100,100,100,100,100,100,5,29,29,6,6,600,600,3,30
1897.415,45,6,10,2,4,5,5,100,100,100,100,100,100,5,29,29,6,6,600,600,3,30
1898.415,45,6,10,2,4,5,5,100,100,100,100,100,100,5,29,29,6,6,600,600,3,30
1899.415,45,6,10,2,4,5,5,100,100,100,100,100,100,5,29,29,6,6,600,600,2,30
1900.415,45,6,10,2,4,5,5,100,100,100,100,100,100,5,29,29,6,6,600,600,2,30
1901.415,45,6,10,2,4,5,5,100,100,100,100,100,100,5,29,29,6,6,600,600,2,30
1902.416,45,6,10,2,4,5,5,100,100,100,100,100,100,5,29,29,6,6,600,600,2,30
1903.416,45,6,10,2,4,5,5,100,100,100,100,100,100,5,29,29,6,6,600,600,2,30
1904.416,45,6,10,2,4,5,5,100,100,100,100,100,100,5,29,29,6,6,600,600,2,30
1905.416,45,6,10,2,4,5,5,100,100,100,100,100,100,5,29,29,6,6,600,600,2,30
1906.416,45,6,10,2,4,5,5,100,100,100,100,100,100,5,29,29,6,6,600,600,2,30
1907.416,45,6,10,2,4,5,5,100,100,100,100,100,100,5,29,29,6,6,600,600,2,30
1908.416,45,6,10,2,4,5,5,100,100,100,100,100,100,5,29,29,6,6,600,600,3,30
1909.416,45,6,10,2,4,5,5,100,100,100,100,100,100,5,29,29,6,6,600,600,4,30
1910.417,45,6,10,2,4,5,5,100,100,100,100,100,100,5,29,29,6,6,600,600,3,30
1911.417,45,6,10,2,4,5,5,100,100,100,100,100,100,5,29,29,6,6,600,600,4,30
1912.417,45,6,10,2,4,5,5,100,100,100,100,100,100,5,29,29,6,6,600,600,4,30
1913.417,45,6,10,2,4,5,5,100,100,100,100,100,100,5,29,29,6,6,600,600,4,30
1914.417,45,6,10,2,4,5,5,100,100,100,100,100,100,5,29,29,6,6,600,600,4,30
1915.417,45,6,10,2,4,5,5,100,100,100,100,100,100,5,29,29,6,6,600,600,3,30
1916.417,45,6,10,2,4,5,5,100,100,100,100,100,100,5,29,29,6,6,600,600,3,30
1917.417,45,6,10,2,4,5,5,100,100,100,100,100,100,5,29,29,6,6,600,600,3,30
1918.417,45,6,10,2,4,5,5,100,100,100,100,100,100,5,29,29,6,6,600,600,3,30
1919.418,45,6,10,2,4,5,5,100,100,100,100,100,100,5,29,29,6,6,600,600,3,30
1920.418,45,6,10,2,4,5,5,100,100,100,100,100,100,5,29,29,6,6,600,600,3,30
1921.418,45,6,10,2,4,5,5,100,100,100,100,100,100,5,29,29,6,6,600,600,3,30
1922.418,45,6,10,2,4,5,5,100,100,100,100,100,100,5,29,29,6,6,600,600,3,30
1923.418,45,6,10,2,4,5,5,100,100,100,100,100,100,5,29,29,6,6,600,600,3,30
1924.418,45,6,10,2,4,5,5,100,100,100,100,100,100,5,29,29,6,6,600,600,2,30
1925.418,45,6,10,2,4,5,5,100,100,100,100,100,100,5,29,29,6,6,600,600,2,30
1926.418,45,6,10,2,4,5,5,100,100,100,100,100,100,5,29,29,6,6,600,600,2,30
1927.419,45,6,10,2,4,5,5,100,100,100,100,100,100,5,29,29,6,6,600,600,2,30
1928.419,45,6,10,2,4,5,5,100,100,100,100,100,100,5,29,29,6,6,600,600,2,30
1929.419,45,6,10,2,4,5,5,100,100,100,100,100,100,5,29,29,6,6,600,600,2,30
1930.419,45,6,10,2,4,5,5,100,100,100,100,100,100,5,29,29,6,6,600,600,2,30
1931.419,45,6,10,2,4,5,5,100,100,100,100,100,100,5,29,29,6,6,600,600,3,30
1932.419,45,6,10,2,4,5,5,100,100,100,100,100,100,5,29,29,6,6,600,600,3,30
1933.419,45,6,10,2,4,5,5,100,100,100,100,100,100,5,29,29,6,6,600,600,3,30
1934.419,45,6,10,2,4,5,5,100,100,100,100,100,100,5,29,29,6,6,600,600,4,30
1935.42,45,6,10,2,4,5,5,100,100,100,100,100,100,5,29,29,6,6,600,600,4,30
1936.42,45,6,10,2,4,5,5,100,100,100,100,100,100,5,29,29,6,6,600,600,3,30
1937.42,45,6,10,2,4,5,5,100,100,100,100,100,100,5,29,29,6,6,600,600,3,30
1938.42,45,6,10,2,4,5,5,100,100,100,100,100,100,5,29,29,6,6,600,600,3,30
1939.42,45,6,10,2,4,5,5,100,100,100,100,100,100,5,29,29,6,6,600,600,3,30
1940.42,45,6,10,2,4,5,5,100,100,100,100,100,100,5,29,29,6,6,600,600,3,30
1941.42,45,6,10,2,4,5,5,100,100,100,100,100,100,5,29,29,6,6,600,600,3,30
1942.42,45,6,10,2,4,5,5,100,100,100,100,100,100,5,29,29,6,6,600,600,3,30
1943.421,45,6,10,2,4,5,5,100,100,100,100,100,100,5,29,29,6,6,600,600,3,30
1944.421,45,6,10,2,4,5,5,100,100,100,100,100,100,5,29,29,6,6,600,600,2,30
1945.421,45,6,10,2,4,5,5,100,100,100,100,100,100,5,29,29,6,6,600,600,2,30
1946.421,45,6,10,2,4,5,5,100,100,100,100,100,100,5,29,29,6,6,600,600,2,30
1947.421,45,6,10,2,4,5,5,100,100,100,100,100,100,5,29,29,6,6,600,600,2,30
1948.421,45,6,10,2,4,5,5,100,100,100,100,100,100,5,29,29,6,6,600,600,4,30
1949.421,45,6,10,2,4,5,5,100,100,100,100,100,100,5,29,29,6,6,600,600,4,30
1950.421,45,6,10,2,4,5,5,100,100,100,100,100,100,5,29,29,6,6,600,600,4,30
1951.422,45,6,10,2,4,5,5,100,100,100,100,100,100,5,29,29,6,6,600,600,4,30
1952.422,45,6,10,2,4,5,5,100,100,100,100,100,100,5,29,29,6,6,600,600,4,30
1953.422,45,6,10,2,4,5,5,100,100,100,100,100,100,5,29,29,6,6,600,600,3,30
1954.422,45,6,10,2,4,5,5,100,100,100,100,100,100,5,29,29,6,6,600,600,3,30
1955.422,45,6,10,2,4,5,5,100,100,100,100,100,100,5,29,29,6,6,600,600,3,30
1956.422,45,6,10,2,4,5,5,100,100,100,100,100,100,5,29,29,6,6,600,600,2,30
1957.422,45,6,10,2,4,5,5,100,100,100,100,100,100,5,29,29,6,6,600,600,3,30
1958.422,45,6,10,2,4,5,5,100,100,100,100,100,100,5,29,29,6,6,600,600,3,30
1959.422,45,6,10,2,4,5,5,100,100,100,100,100,100,5,29,29,6,6,600,600,4,30
1960.423,45,6,10,2,4,5,5,100,100,100,100,100,100,5,29,29,6,6,600,600,4,30
1961.423,45,6,10,2,4,5,5,100,100,100,100,100,100,5,29,29,6,6,600,600,3,30
1962.423,45,6,10,2,4,5,5,100,100,100,100,100,100,5,29,29,6,6,600,600,3,30
1963.423,45,6,10,2,4,5,5,100,100,100,100,100,100,5,29,29,6,6,600,600,3,30
1964.423,45,6,10,2,4,5,5,100,100,100,100,100,100,5,29,29,6,6,600,600,3,30
1965.423,45,6,10,2,4,5,5,100,100,100,100,100,100,5,29,29,6,6,600,600,3,30
1966.423,45,6,10,2,4,5,5,100,100,100,100,100,100,5,29,29,6,6,600,600,2,30
1967.423,45,6,10,2,4,5,5,100,100,100,100,100,100,5,29,29,6,6,600,600,2,30
1968.424,45,6,10,2,4,5,5,100,100,100,100,100,100,5,29,29,6,6,600,600,2,30
1969.424,45,6,10,2,4,5,5,100,100,100,100,100,100,5,29,29,6,6,600,600,4,30
1970.424,45,6,10,2,4,5,5,100,100,100,100,100,100,5,29,29,6,6,600,600,4,30
1971.424,45,6,10,2,4,5,5,100,100,100,100,100,100,5,29,29,6,6,600,600,3,30
1972.424,45,6,10,2,4,5,5,100,100,100,100,100,100,5,29,29,6,6,600,600,3,30
1973.424,45,6,10,2,4,5,5,100,100,100,100,100,100,5,29,29,6,6,600,600,2,30
1974.424,45,6,10,2,4,5,5,100,100,100,100,100,100,5,29,29,6,6,600,600,4,30
1975.424,45,6,10,2,4,5,5,100,100,100,100,100,100,5,29,29,6,6,600,600,3,30
1976.425,45,6,10,2,4,5,5,100,100,100,100,100,100,5,29,29,6,6,600,600,3,30
1977.425,45,6,10,2,4,5,5,100,100,100,100,100,100,5,29,29,6,6,600,600,3,30
1978.425,45,6,10,2,4,5,5,100,100,100,100,100,100,5,29,29,6,6,600,600,3,30
1979.425,45,6,10,2,4,5,5,100,100,100,100,100,100,5,29,29,6,6,600,600,3,30
1980.425,45,6,10,2,4,5,5,100,100,100,100,100,100,5,29,29,6,6,600,600,3,30
1981.425,45,6,10,2,4,5,5,100,100,100,100,100,100,5,29,29,6,6,600,600,3,30
1982.425,45,6,10,2,4,5,5,100,100,100,100,100,100,5,29,29,6,6,600,600,3,30
1983.425,45,6,10,2,4,5,5,100,100,100,100,100,100,5,29,29,6,6,600,600,3,30
1984.426,45,6,10,2,4,5,5,100,100,100,100,100,100,5,29,29,6,6,600,600,2,30
1985.426,45,6,10,2,4,5,5,100,100,100,100,100,100,5,29,29,6,6,600,600,2,30
1986.426,45,6,10,2,4,5,5,100,100,100,100,100,100,5,29,29,6,6,600,600,2,30
1987.426,45,6,10,2,4,5,5,100,100,100,100,100,100,5,29,29,6,6,600,600,2,30
1988.426,45,6,10,2,4,5,5,100,100,100,100,100,100,5,29,29,6,6,600,600,2,30
1989.426,45,6,10,2,4,5,5,100,100,100,100,100,100,5,29,29,6,6,600,600,3,30
1990.426,45,6,10,2,4,5,5,100,100,100,100,100,100,5,29,29,6,6,600,600,3,30
1991.426,45,6,10,2,4,5,5,100,100,100,100,100,100,5,29,29,6,6,600,600,3,30
1992.427,45,6,10,2,4,5,5,100,100,100,100,100,100,5,29,29,6,6,600,600,3,30
1993.427,45,6,10,2,4,5,5,100,100,100,100,100,100,5,29,29,6,6,600,600,3,30
1994.427,45,6,10,2,4,5,5,100,100,100,100,100,100,5,29,29,6,6,600,600,3,30
1995.427,45,6,10,2,4,5,5,100,100,100,100,100,100,5,29,29,6,6,600,600,3,30
1996.427,45,6,10,2,4,5,5,100,100,100,100,100,100,5,29,29,6,6,600,600,3,30
1997.427,45,6,10,2,4,5,5,100,100,100,100,100,100,5,29,29,6,6,600,600,2,30
1998.427,45,6,10,2,4,5,5,100,100,100,100,100,100,5,29,29,6,6,600,600,2,30
1999.427,45,6,10,2,4,5,5,100,100,100,100,100,100,5,29,29,6,6,600,600,2,30
2000.427,45,6,10,2,4,5,5,100,100,100,100,100,100,5,29,29,6,6,600,600,2,30
2001.428,45,6,10,2,4,5,5,100,100,100,100,100,100,5,29,29,6,6,600,600,2,30
2002.428,45,6,10,2,4,5,5,100,100,100,100,100,100,5,29,29,6,6,600,600,2,30
2003.428,45,6,10,2,4,5,5,100,100,100,100,100,100,5,29,29,6,6,600,600,2,30
2004.428,45,6,10,2,4,5,5,100,100,100,100,100,100,5,29,29,6,6,600,600,2,30
2005.428,45,6,10,2,4,5,5,100,100,100,100,100,100,5,29,29,6,6,600,600,2,30
2006.428,45,6,10,2,4,5,5,100,100,100,100,100,100,5,29,29,6,6,600,600,2,30
2007.428,45,6,10,2,4,5,5,100,100,100,100,100,100,5,29,29,6,6,600,600,2,30
2008.428,45,6,10,2,4,5,5,100,100,100,100,100,100,5,29,29,6,6,600,600,2,30
2009.429,45,6,10,2,4,5,5,100,100,100,100,100,100,5,29,29,6,6,600,600,2,30
2010.429,45,6,10,2,4,5,5,100,100,100,100,100,100,5,29,29,6,6,600,600,2,30
2011.429,45,6,10,2,4,5,5,100,100,100,100,100,100,5,29,29,6,6,600,600,2,30
2012.429,45,6,10,2,4,5,5,100,100,100,100,100,100,5,29,29,6,6,600,600,2,30
2013.429,45,6,10,2,4,5,5,100,100,100,100,100,100,5,29,29,6,6,600,600,3,30
2014.429,45,6,10,2,4,5,5,100,100,100,100,100,100,5,29,29,6,6,600,600,3,30
2015.429,45,6,10,2,4,5,5,100,100,100,100,100,100,5,29,29,6,6,600,600,2,30
2016.429,45,6,10,2,4,5,5,100,100,100,100,100,100,5,29,29,6,6,600,600,2,30
2017.43,45,6,10,2,4,5,5,100,100,100,100,100,100,5,29,29,6,6,600,600,3,30
2018.43,45,6,10,2,4,5,5,100,100,100,100,100,100,5,29,29,6,6,600,600,4,30
2019.43,45,6,10,2,4,5,5,100,100,100,100,100,100,5,29,29,6,6,600,600,4,30
2020.43,45,6,10,2,4,5,5,100,100,100,100,100,100,5,29,29,6,6,600,600,3,30
2021.43,45,6,10,2,4,5,5,100,100,100,100,100,100,5,29,29,6,6,600,600,3,30
2022.43,45,6,10,2,4,5,5,100,100,100,100,100,100,5,29,29,6,6,600,600,3,30
2023.43,45,6,10,2,4,5,5,100,100,100,100,100,100,5,29,29,6,6,600,600,3,30
2024.43,45,6,10,2,4,5,5,100,100,100,100,100,100,5,29,29,6,6,600,600,3,30
2025.431,45,6,10,2,4,5,5,100,100,100,100,100,100,5,29,29,6,6,600,600,3,30
2026.431,45,6,10,2,4,5,5,100,100,100,100,100,100,5,29,29,6,6,600,600,4,30
2027.431,45,6,10,2,4,5,5,100,100,100,100,100,100,5,29,29,6,6,600,600,4,30
2028.431,45,6,10,2,4,5,5,100,100,100,100,100,100,5,29,29,6,6,600,600,4,30
2029.431,45,6,10,2,4,5,5,100,100,100,100,100,100,5,29,29,6,6,600,600,3,30
2030.431,45,6,10,2,4,5,5,100,100,100,100,100,100,5,29,29,6,6,600,600,3,30
2031.431,45,6,10,2,4,5,5,100,100,100,100,100,100,5,29,29,6,6,600,600,3,30
2032.431,45,6,10,2,4,5,5,100,100,100,100,100,100,5,29,29,6,6,600,600,3,30
2033.432,45,6,10,2,4,5,5,100,100,100,100,100,100,5,29,29,6,6,600,600,3,30
2034.432,45,6,10,2,4,5,5,100,100,100,100,100,100,5,29,29,6,6,600,600,4,30
2035.432,45,6,10,2,4,5,5,100,100,100,100,100,100,5,29,29,6,6,600,600,4,30
2036.432,45,6,10,2,4,5,5,100,100,100,100,100,100,5,29,29,6,6,600,600,4,30
2037.432,45,6,10,2,4,5,5,100,100,100,100,100,100,5,29,29,6,6,600,600,4,30
2038.432,45,6,10,2,4,5,5,100,100,100,100,100,100,5,29,29,6,6,600,600,5,30
2039.432,45,6,10,2,4,5,5,100,100,100,100,100,100,5,29,29,6,6,600,600,4,30
2040.432,45,6,10,2,4,5,5,100,100,100,100,100,100,5,29,29,6,6,600,600,4,30
2041.432,45,6,10,2,4,5,5,100,100,100,100,100,100,5,29,29,6,6,600,600,2,30
2042.433,45,6,10,2,4,5,5,100,100,100,100,100,100,5,29,29,6,6,600,600,2,30
2043.433,45,6,10,2,4,5,5,100,100,100,100,100,100,5,29,29,6,6,600,600,2,30
2044.433,45,6,10,2,4,5,5,100,100,100,100,100,100,5,29,29,6,6,600,600,2,30
2045.433,45,6,10,2,4,5,5,100,100,100,100,100,100,5,29,29,6,6,600,600,2,30
2046.433,45,6,10,2,4,5,5,100,100,100,100,100,100,5,29,29,6,6,600,600,2,30
2047.433,45,6,10,2,4,5,5,100,100,100,100,100,100,5,29,29,6,6,600,600,3,30
2048.433,45,6,10,2,4,5,5,100,100,100,100,100,100,5,29,29,6,6,600,600,3,30
2049.433,45,6,10,2,4,5,5,100,100,100,100,100,100,5,29,29,6,6,600,600,3,30
2050.433,45,6,10,2,4,5,5,100,100,100,100,100,100,5,29,29,6,6,600,600,3,30
2051.432,45,6,10,2,4,5,5,100,100,100,100,100,100,5,29,29,6,6,600,600,3,30
2052.432,45,6,10,2,4,5,5,100,100,100,100,100,100,5,29,29,6,6,600,600,3,30
2053.432,45,6,10,2,4,5,5,100,100,100,100,100,100,5,29,29,6,6,600,600,2,30
2054.432,45,6,10,2,4,5,5,100,100,100,100,100,100,5,29,29,6,6,600,600,3,30
2055.431,45,6,10,2,4,5,5,100,100,100,100,100,100,5,29,29,6,6,600,600,3,30
2056.431,45,6,10,2,4,5,5,100,100,100,100,100,100,5,29,29,6,6,600,600,3,30
2057.431,45,6,10,2,4,5,5,100,100,100,100,100,100,5,29,29,6,6,600,600,3,30
2058.431,45,6,10,2,4,5,5,100,100,100,100,100,100,5,29,29,6,6,600,600,3,30
2059.43,45,6,10,2,4,5,5,100,100,100,100,100,100,5,29,29,6,6,600,600,3,30
2060.43,45,6,10,2,4,5,5,100,100,100,100,100,100,5,29,29,6,6,600,600,3,30
2061.43,45,6,10,2,4,5,5,100,100,100,100,100,100,5,29,29,6,6,600,600,3,30
2062.43,45,6,10,2,4,5,5,100,100,100,100,100,100,5,29,29,6,6,600,600,4,30
2063.429,45,6,10,2,4,5,5,100,100,100,100,100,100,5,29,29,6,6,600,600,4,30
2064.429,45,6,10,2,4,5,5,100,100,100,100,100,100,5,29,29,6,6,600,600,4,30
2065.429,45,6,10,2,4,5,5,100,100,100,100,100,100,5,29,29,6,6,600,600,3,30
2066.429,45,6,10,2,4,5,5,100,100,100,100,100,100,5,29,29,6,6,600,600,3,30
2067.428,45,6,10,2,4,5,5,100,100,100,100,100,100,5,29,29,6,6,600,600,2,30
2068.428,45,6,10,2,4,5,5,100,100,100,100,100,100,5,29,29,6,6,600,600,2,30
2069.428,45,6,10,2,4,5,5,100,100,100,100,100,100,5,29,29,6,6,600,600,3,30
2070.428,45,6,10,2,4,5,5,100,100,100,100,100,100,5,29,29,6,6,600,600,3,30
2071.427,45,6,10,2,4,5,5,100,100,100,100,100,100,5,29,29,6,6,600,600,3,30
2072.427,45,6,10,2,4,5,5,100,100,100,100,100,100,5,29,29,6,6,600,600,3,30
2073.427,45,6,10,2,4,5,5,100,100,100,100,100,100,5,29,29,6,6,600,600,2,30
2074.427,45,6,10,2,4,5,5,100,100,100,100,100,100,5,29,29,6,6,600,600,2,30
2075.427,45,6,10,2,4,5,5,100,100,100,100,100,100,5,29,29,6,6,600,600,2,30
2076.426,45,6,10,2,4,5,5,100,100,100,100,100,100,5,29,29,6,6,600,600,2,30
2077.426,45,6,10,2,4,5,5,100,100,100,100,100,100,5,29,29,6,6,600,600,2,30
2078.426,45,6,10,2,4,5,5,100,100,100,100,100,100,5,29,29,6,6,600,600,3,30
2079.426,45,6,10,2,4,5,5,100,100,100,100,100,100,5,29,29,6,6,600,600,3,30
2080.425,45,6,10,2,4,5,5,100,100,100,100,100,100,5,29,29,6,6,600,600,2,30
2081.425,45,6,10,2,4,5,5,100,100,100,100,100,100,5,29,29,6,6,600,600,2,30
2082.425,45,6,10,2,4,5,5,100,100,100,100,100,100,5,29,29,6,6,600,600,2,30
2083.425,45,6,10,2,4,5,5,100,100,100,100,100,100,5,29,29,6,6,600,600,3,30
2084.424,45,6,10,2,4,5,5,100,100,100,100,100,100,5,29,29,6,6,600,600,3,30
2085.424,45,6,10,2,4,5,5,100,100,100,100,100,100,5,29,29,6,6,600,600,3,30
2086.424,45,6,10,2,4,5,5,100,100,100,100,100,100,5,29,29,6,6,600,600,2,30
2087.424,45,6,10,2,4,5,5,100,100,100,100,100,100,5,29,29,6,6,600,600,2,30
2088.423,45,6,10,2,4,5,5,100,100,100,100,100,100,5,29,29,6,6,600,600,2,30
2089.423,45,6,10,2,4,5,5,100,100,100,100,100,100,5,29,29,6,6,600,600,2,30
2090.423,45,6,10,2,4,5,5,100,100,100,100,100,100,5,29,29,6,6,600,600,3,30
2091.423,45,6,10,2,4,5,5,100,100,100,100,100,100,5,29,29,6,6,600,600,3,30
2092.422,45,6,10,2,4,5,5,100,100,100,100,100,100,5,29,29,6,6,600,600,3,30
2093.422,45,6,10,2,4,5,5,100,100,100,100,100,100,5,29,29,6,6,600,600,2,30
2094.422,45,6,10,2,4,5,5,100,100,100,100,100,100,5,29,29,6,6,600,600,3,30
2095.422,45,6,10,2,4,5,5,100,100,100,100,100,100,5,29,29,6,6,600,600,3,30
2096.421,45,6,10,2,4,5,5,100,100,100,100,100,100,5,29,29,6,6,600,600,3,30
2097.421,45,6,10,2,4,5,5,100,100,100,100,100,100,5,29,29,6,6,600,600,3,30
2098.421,45,6,10,2,4,5,5,100,100,100,100,100,100,5,29,29,6,6,600,600,2,30
2099.421,45,6,10,2,4,5,5,100,100,100,100,100,100,5,29,29,6,6,600,600,2,30
2100.42,45,6,10,2,4,5,5,100,100,100,100,100,100,5,29,29,6,6,600,600,2,30
2101.42,45,6,10,2,4,5,5,100,100,100,100,100,100,5,29,29,6,6,600,600,2,30
2102.42,45,6,10,2,4,5,5,100,100,100,100,100,100,5,29,29,6,6,600,600,2,30
2103.42,45,6,10,2,4,5,5,100,100,100,100,100,100,5,29,29,6,6,600,600,2,30
2104.419,45,6,10,2,4,5,5,100,100,100,100,100,100,5,29,29,6,6,600,600,3,30
2105.419,45,6,10,2,4,5,5,100,100,100,100,100,100,5,29,29,6,6,600,600,3,30
2106.419,45,6,10,2,4,5,5,100,100,100,100,100,100,5,29,29,6,6,600,600,3,30
2107.419,45,6,10,2,4,5,5,100,100,100,100,100,100,5,29,29,6,6,600,600,4,30
2108.418,45,6,10,2,4,5,5,100,100,100,100,100,100,5,29,29,6,6,600,600,3,30
2109.418,45,6,10,2,4,5,5,100,100,100,100,100,100,5,29,29,6,6,600,600,2,30
2110.418,45,6,10,2,4,5,5,100,100,100,100,100,100,5,29,29,6,6,600,600,2,30
2111.418,45,6,10,2,4,5,5,100,100,100,100,100,100,5,29,29,6,6,600,600,2,30
2112.417,45,6,10,2,4,5,5,100,100,100,100,100,100,5,29,29,6,6,600,600,2,30
2113.417,45,6,10,2,4,5,5,100,100,100,100,100,100,5,29,29,6,6,600,600,3,30
2114.417,45,6,10,2,4,5,5,100,100,100,100,100,100,5,29,29,6,6,600,600,3,30
2115.417,45,6,10,2,4,5,5,100,100,100,100,100,100,5,29,29,6,6,600,600,3,30
2116.417,45,6,10,2,4,5,5,100,100,100,100,100,100,5,29,29,6,6,600,600,3,30
2117.416,45,6,10,2,4,5,5,100,100,100,100,100,100,5,29,29,6,6,600,600,3,30
2118.416,45,6,10,2,4,5,5,100,100,100,100,100,100,5,29,29,6,6,600,600,4,30
2119.416,45,6,10,2,4,5,5,100,100,100,100,100,100,5,29,29,6,6,600,600,4,30
2120.416,45,6,10,2,4,5,5,100,100,100,100,100,100,5,29,29,6,6,600,600,4,30
2121.415,45,6,10,2,4,5,5,100,100,100,100,100,100,5,29,29,6,6,600,600,4,30
2122.415,45,6,10,2,4,5,5,100,100,100,100,100,100,5,29,29,6,6,600,600,3,30
2123.415,45,6,10,2,4,5,5,100,100,100,100,100,100,5,29,29,6,6,600,600,3,30
2124.415,45,6,10,2,4,5,5,100,100,100,100,100,100,5,29,29,6,6,600,600,3,30
2125.414,45,6,10,2,4,5,5,100,100,100,100,100,100,5,29,29,6,6,600,600,3,30
2126.414,45,6,10,2,4,5,5,100,100,100,100,100,100,5,29,29,6,6,600,600,3,30
2127.414,45,6,10,2,4,5,5,100,100,100,100,100,100,5,29,29,6,6,600,600,4,30
2128.414,45,6,10,2,4,5,5,100,100,100,100,100,100,5,29,29,6,6,600,600,4,30
2129.413,45,6,10,2,4,5,5,100,100,100,100,100,100,5,29,29,6,6,600,600,4,30
2130.413,45,6,10,2,4,5,5,100,100,100,100,100,100,5,29,29,6,6,600,600,4,30
2131.413,45,6,10,2,4,5,5,100,100,100,100,100,100,5,29,29,6,6,600,600,3,30
2132.413,45,6,10,2,4,5,5,100,100,100,100,100,100,5,29,29,6,6,600,600,2,30
2133.412,45,6,10,2,4,5,5,100,100,100,100,100,100,5,29,29,6,6,600,600,3,30
2134.412,45,6,10,2,4,5,5,100,100,100,100,100,100,5,29,29,6,6,600,600,3,30
2135.412,45,6,10,2,4,5,5,100,100,100,100,100,100,5,29,29,6,6,600,600,2,30
2136.412,45,6,10,2,4,5,5,100,100,100,100,100,100,5,29,29,6,6,600,600,2,30
2137.411,45,6,10,2,4,5,5,100,100,100,100,100,100,5,29,29,6,6,600,600,2,30
2138.411,45,6,10,2,4,5,5,100,100,100,100,100,100,5,29,29,6,6,600,600,2,30
2139.411,45,6,10,2,4,5,5,100,100,100,100,100,100,5,29,29,6,6,600,600,2,30
2140.411,45,6,10,2,4,5,5,100,100,100,100,100,100,5,29,29,6,6,600,600,2,30
2141.41,45,6,10,2,4,5,5,100,100,100,100,100,100,5,29,29,6,6,600,600,2,30
2142.41,45,6,10,2,4,5,5,100,100,100,100,100,100,5,29,29,6,6,600,600,2,30
2143.41,45,6,10,2,4,5,5,100,100,100,100,100,100,5,29,29,6,6,600,600,2,30
2144.41,45,6,10,2,4,5,5,100,100,100,100,100,100,5,29,29,6,6,600,600,2,30
2145.409,45,6,10,2,4,5,5,100,100,100,100,100,100,5,29,29,6,6,600,600,2,30
2146.409,45,6,10,2,4,5,5,100,100,100,100,100,100,5,29,29,6,6,600,600,2,30
2147.409,45,6,10,2,4,5,5,100,100,100,100,100,100,5,29,29,6,6,600,600,2,30
2148.409,45,6,10,2,4,5,5,100,100,100,100,100,100,5,29,29,6,6,600,600,2,30
2149.408,45,6,10,2,4,5,5,100,100,100,100,100,100,5,29,29,6,6,600,600,2,30
2150.408,45,6,10,2,4,5,5,100,100,100,100,100,100,5,29,29,6,6,600,600,2,30
2151.408,45,6,10,2,4,5,5,100,100,100,100,100,100,5,29,29,6,6,600,600,2,30
2152.408,45,6,10,2,4,5,5,100,100,100,100,100,100,5,29,29,6,6,600,600,2,30
2153.407,45,6,10,2,4,5,5,100,100,100,100,100,100,5,29,29,6,6,600,600,2,30
2154.407,45,6,10,2,4,5,5,100,100,100,100,100,100,5,29,29,6,6,600,600,2,30
2155.407,45,6,10,2,4,5,5,100,100,100,100,100,100,5,29,29,6,6,600,600,2,30
2156.407,45,6,10,2,4,5,5,100,100,100,100,100,100,5,29,29,6,6,600,600,3,30
2157.406,45,6,10,2,4,5,5,100,100,100,100,100,100,5,29,29,6,6,600,600,3,30
2158.406,45,6,10,2,4,5,5,100,100,100,100,100,100,5,29,29,6,6,600,600,3,30
2159.406,45,6,10,2,4,5,5,100,100,100,100,100,100,5,29,29,6,6,600,600,3,30
2160.406,45,6,10,2,4,5,5,100,100,100,100,100,100,5,29,29,6,6,600,600,3,30
2161.406,45,6,10,2,4,5,5,100,100,100,100,100,100,5,29,29,6,6,600,600,3,30
2162.405,45,6,10,2,4,5,5,100,100,100,100,100,100,5,29,29,6,6,600,600,3,30
2163.405,45,6,10,2,4,5,5,100,100,100,100,100,100,5,29,29,6,6,600,600,3,30
2164.405,45,6,10,2,4,5,5,100,100,100,100,100,100,5,29,29,6,6,600,600,3,30
2165.405,45,6,10,2,4,5,5,100,100,100,100,100,100,5,29,29,6,6,600,600,3,30
2166.404,45,6,10,2,4,5,5,100,100,100,100,100,100,5,29,29,6,6,600,600,3,30
2167.404,45,6,10,2,4,5,5,100,100,100,100,100,100,5,29,29,6,6,600,600,3,30
2168.404,45,6,10,2,4,5,5,100,100,100,100,100,100,5,29,29,6,6,600,600,3,30
2169.404,45,6,10,2,4,5,5,100,100,100,100,100,100,5,29,29,6,6,600,600,2,30
2170.403,45,6,10,2,4,5,5,100,100,100,100,100,100,5,29,29,6,6,600,600,3,30
2171.403,45,6,10,2,4,5,5,100,100,100,100,100,100,5,29,29,6,6,600,600,3,30
2172.403,45,6,10,2,4,5,5,100,100,100,100,100,100,5,29,29,6,6,600,600,4,30
2173.403,45,6,10,2,4,5,5,100,100,100,100,100,100,5,29,29,6,6,600,600,4,30
2174.402,45,6,10,2,4,5,5,100,100,100,100,100,100,5,29,29,6,6,600,600,3,30
2175.402,45,6,10,2,4,5,5,100,100,100,100,100,100,5,29,29,6,6,600,600,3,30
2176.402,45,6,10,2,4,5,5,100,100,100,100,100,100,5,29,29,6,6,600,600,4,30
2177.402,45,6,10,2,4,5,5,100,100,100,100,100,100,5,29,29,6,6,600,600,4,30
2178.401,45,6,10,2,4,5,5,100,100,100,100,100,100,5,29,29,6,6,600,600,4,30
2179.401,45,6,10,2,4,5,5,100,100,100,100,100,100,5,29,29,6,6,600,600,3,30
2180.401,45,6,10,2,4,5,5,100,100,100,100,100,100,5,29,29,6,6,600,600,3,30
2181.401,45,6,10,2,4,5,5,100,100,100,100,100,100,5,29,29,6,6,600,600,4,30
2182.4,45,6,10,2,4,5,5,100,100,100,100,100,100,5,29,29,6,6,600,600,3,30
2183.4,45,6,10,2,4,5,5,100,100,100,100,100,100,5,29,29,6,6,600,600,4,30
2184.4,45,6,10,2,4,5,5,100,100,100,100,100,100,5,29,29,6,6,600,600,4,30
2185.4,45,6,10,2,4,5,5,100,100,100,100,100,100,5,29,29,6,6,600,600,2,30
2186.399,45,6,10,2,4,5,5,100,100,100,100,100,100,5,29,29,6,6,600,600,2,30
2187.399,45,6,10,2,4,5,5,100,100,100,100,100,100,5,29,29,6,6,600,600,2,30
2188.399,45,6,10,2,4,5,5,100,100,100,100,100,100,5,29,29,6,6,600,600,3,30
2189.399,45,6,10,2,4,5,5,100,100,100,100,100,100,5,29,29,6,6,600,600,4,30
2190.398,45,6,10,2,4,5,5,100,100,100,100,100,100,5,29,29,6,6,600,600,4,30
2191.398,45,6,10,2,4,5,5,100,100,100,100,100,100,5,29,29,6,6,600,600,3,30
2192.398,45,6,10,2,4,5,5,100,100,100,100,100,100,5,29,29,6,6,600,600,3,30
2193.398,45,6,10,2,4,5,5,100,100,100,100,100,100,5,29,29,6,6,600,600,3,30
2194.397,45,6,10,2,4,5,5,100,100,100,100,100,100,5,29,29,6,6,600,600,3,30
2195.397,45,6,10,2,4,5,5,100,100,100,100,100,100,5,29,29,6,6,600,600,4,30
2196.397,45,6,10,2,4,5,5,100,100,100,100,100,100,5,29,29,6,6,600,600,4,30
2197.397,45,6,10,2,4,5,5,100,100,100,100,100,100,5,29,29,6,6,600,600,4,30
2198.396,45,6,10,2,4,5,5,100,100,100,100,100,100,5,29,29,6,6,600,600,4,30
2199.396,45,6,10,2,4,5,5,100,100,100,100,100,100,5,29,29,6,6,600,600,4,30
2200.396,45,6,10,2,4,5,5,100,100,100,100,100,100,5,29,29,6,6,600,600,3,30
2201.396,45,6,10,2,4,5,5,100,100,100,100,100,100,5,29,29,6,6,600,600,3,30
2202.396,45,6,10,2,4,5,5,100,100,100,100,100,100,5,29,29,6,6,600,600,2,30
2203.395,45,6,10,2,4,5,5,100,100,100,100,100,100,5,29,29,6,6,600,600,2,30
2204.395,45,6,10,2,4,5,5,100,100,100,100,100,100,5,29,29,6,6,600,600,3,30
2205.395,45,6,10,2,4,5,5,100,100,100,100,100,100,5,29,29,6,6,600,600,3,30
2206.395,45,6,10,2,4,5,5,100,100,100,100,100,100,5,29,29,6,6,600,600,3,30
2207.394,45,6,10,2,4,5,5,100,100,100,100,100,100,5,29,29,6,6,600,600,3,30
2208.394,45,6,10,2,4,5,5,100,100,100,100,100,100,5,29,29,6,6,600,600,3,30
2209.394,45,6,10,2,4,5,5,100,100,100,100,100,100,5,29,29,6,6,600,600,3,30
2210.394,45,6,10,2,4,5,5,100,100,100,100,100,100,5,29,29,6,6,600,600,4,30
2211.393,45,6,10,2,4,5,5,100,100,100,100,100,100,5,29,29,6,6,600,600,3,30
2212.393,45,6,10,2,4,5,5,100,100,100,100,100,100,5,29,29,6,6,600,600,3,30
2213.393,45,6,10,2,4,5,5,100,100,100,100,100,100,5,29,29,6,6,600,600,3,30
2214.393,45,6,10,2,4,5,5,100,100,100,100,100,100,5,29,29,6,6,600,600,3,30
2215.392,45,6,10,2,4,5,5,100,100,100,100,100,100,5,29,29,6,6,600,600,3,30
2216.392,45,6,10,2,4,5,5,100,100,100,100,100,100,5,29,29,6,6,600,600,2,30
2217.392,45,6,10,2,4,5,5,100,100,100,100,100,100,5,29,29,6,6,600,600,3,30
2218.392,45,6,10,2,4,5,5,100,100,100,100,100,100,5,29,29,6,6,600,600,4,30
2219.391,45,6,10,2,4,5,5,100,100,100,100,100,100,5,29,29,6,6,600,600,3,30
2220.391,45,6,10,2,4,5,5,100,100,100,100,100,100,5,29,29,6,6,600,600,2,30
2221.391,45,6,10,2,4,5,5,100,100,100,100,100,100,5,29,29,6,6,600,600,2,30
2222.391,45,6,10,2,4,5,5,100,100,100,100,100,100,5,29,29,6,6,600,600,2,30
2223.39,45,6,10,2,4,5,5,100,100,100,100,100,100,5,29,29,6,6,600,600,2,30
2224.39,45,6,10,2,4,5,5,100,100,100,100,100,100,5,29,29,6,6,600,600,3,30
2225.39,45,6,10,2,4,5,5,100,100,100,100,100,100,5,29,29,6,6,600,600,4,30
2226.39,45,6,10,2,4,5,5,100,100,100,100,100,100,5,29,29,6,6,600,600,4,30
2227.389,45,6,10,2,4,5,5,100,100,100,100,100,100,5,29,29,6,6,600,600,3,30
2228.389,45,6,10,2,4,5,5,100,100,100,100,100,100,5,29,29,6,6,600,600,3,30
2229.389,45,6,10,2,4,5,5,100,100,100,100,100,100,5,29,29,6,6,600,600,3,30
2230.389,45,6,10,2,4,5,5,100,100,100,100,100,100,5,29,29,6,6,600,600,3,30
2231.388,45,6,10,2,4,5,5,100,100,100,100,100,100,5,29,29,6,6,600,600,3,30
2232.388,45,6,10,2,4,5,5,100,100,100,100,100,100,5,29,29,6,6,600,600,3,30
2233.388,45,6,10,2,4,5,5,100,100,100,100,100,100,5,29,29,6,6,600,600,2,30
2234.388,45,6,10,2,4,5,5,100,100,100,100,100,100,5,29,29,6,6,600,600,2,30
2235.387,45,6,10,2,4,5,5,100,100,100,100,100,100,5,29,29,6,6,600,600,3,30
2236.387,45,6,10,2,4,5,5,100,100,100,100,100,100,5,29,29,6,6,600,600,2,30
2237.387,45,6,10,2,4,5,5,100,100,100,100,100,100,5,29,29,6,6,600,600,3,30
2238.387,45,6,10,2,4,5,5,100,100,100,100,100,100,5,29,29,6,6,600,600,3,30
2239.386,45,6,10,2,4,5,5,100,100,100,100,100,100,5,29,29,6,6,600,600,3,30
2240.386,45,6,10,2,4,5,5,100,100,100,100,100,100,5,29,29,6,6,600,600,4,30
2241.386,45,6,10,2,4,5,5,100,100,100,100,100,100,5,29,29,6,6,600,600,4,30
2242.386,45,6,10,2,4,5,5,100,100,100,100,100,100,5,29,29,6,6,600,600,4,30
2243.385,45,6,10,2,4,5,5,100,100,100,100,100,100,5,29,29,6,6,600,600,3,30
2244.385,45,6,10,2,4,5,5,100,100,100,100,100,100,5,29,29,6,6,600,600,4,30
2245.385,45,6,10,2,4,5,5,100,100,100,100,100,100,5,29,29,6,6,600,600,3,30
2246.385,45,6,10,2,4,5,5,100,100,100,100,100,100,5,29,29,6,6,600,600,3,30
2247.385,45,6,10,2,4,5,5,100,100,100,100,100,100,5,29,29,6,6,600,600,3,30
2248.384,45,6,10,2,4,5,5,100,100,100,100,100,100,5,29,29,6,6,600,600,4,30
2249.384,45,6,10,2,4,5,5,100,100,100,100,100,100,5,29,29,6,6,600,600,4,30
2250.384,45,6,10,2,4,5,5,100,100,100,100,100,100,5,29,29,6,6,600,600,3,30
2251.384,45,6,10,2,4,5,5,100,100,100,100,100,100,5,29,29,6,6,600,600,2,30
2252.383,45,6,10,2,4,5,5,100,100,100,100,100,100,5,29,29,6,6,600,600,2,30
2253.383,45,6,10,2,4,5,5,100,100,100,100,100,100,5,29,29,6,6,600,600,2,30
2254.383,45,6,10,2,4,5,5,100,100,100,100,100,100,5,29,29,6,6,600,600,2,30
2255.383,45,6,10,2,4,5,5,100,100,100,100,100,100,5,29,29,6,6,600,600,3,30
2256.382,45,6,10,2,4,5,5,100,100,100,100,100,100,5,29,29,6,6,600,600,2,30
2257.382,45,6,10,2,4,5,5,100,100,100,100,100,100,5,29,29,6,6,600,600,2,30
2258.382,45,6,10,2,4,5,5,100,100,100,100,100,100,5,29,29,6,6,600,600,2,30
2259.382,45,6,10,2,4,5,5,100,100,100,100,100,100,5,29,29,6,6,600,600,3,30
2260.381,45,6,10,2,4,5,5,100,100,100,100,100,100,5,29,29,6,6,600,600,4,30
2261.381,45,6,10,2,4,5,5,100,100,100,100,100,100,5,29,29,6,6,600,600,4,30
2262.381,45,6,10,2,4,5,5,100,100,100,100,100,100,5,29,29,6,6,600,600,4,30
2263.381,45,6,10,2,4,5,5,100,100,100,100,100,100,5,29,29,6,6,600,600,3,30
2264.38,45,6,10,2,4,5,5,100,100,100,100,100,100,5,29,29,6,6,600,600,2,30
2265.38,45,6,10,2,4,5,5,100,100,100,100,100,100,5,29,29,6,6,600,600,2,30
2266.38,45,6,10,2,4,5,5,100,100,100,100,100,100,5,29,29,6,6,600,600,2,30
2267.38,45,6,10,2,4,5,5,100,100,100,100,100,100,5,29,29,6,6,600,600,3,30
2268.379,45,6,10,2,4,5,5,100,100,100,100,100,100,5,29,29,6,6,600,600,2,30
2269.379,45,6,10,2,4,5,5,100,100,100,100,100,100,5,29,29,6,6,600,600,2,30
2270.379,45,6,10,2,4,5,5,100,100,100,100,100,100,5,29,29,6,6,600,600,2,30
2271.379,45,6,10,2,4,5,5,100,100,100,100,100,100,5,29,29,6,6,600,600,2,30
2272.378,45,6,10,2,4,5,5,100,100,100,100,100,100,5,29,29,6,6,600,600,3,30
2273.378,45,6,10,2,4,5,5,100,100,100,100,100,100,5,29,29,6,6,600,600,2,30
2274.378,45,6,10,2,4,5,5,100,100,100,100,100,100,5,29,29,6,6,600,600,3,30
2275.378,45,6,10,2,4,5,5,100,100,100,100,100,100,5,29,29,6,6,600,600,3,30
2276.377,45,6,10,2,4,5,5,100,100,100,100,100,100,5,29,29,6,6,600,600,4,30
2277.377,45,6,10,2,4,5,5,100,100,100,100,100,100,5,29,29,6,6,600,600,4,30
2278.377,45,6,10,2,4,5,5,100,100,100,100,100,100,5,29,29,6,6,600,600,4,30
2279.377,45,6,10,2,4,5,5,100,100,100,100,100,100,5,29,29,6,6,600,600,3,30
2280.376,45,6,10,2,4,5,5,100,100,100,100,100,100,5,29,29,6,6,600,600,3,30
2281.376,45,6,10,2,4,5,5,100,100,100,100,100,100,5,29,29,6,6,600,600,3,30
2282.376,45,6,10,2,4,5,5,100,100,100,100,100,100,5,29,29,6,6,600,600,3,30
2283.376,45,6,10,2,4,5,5,100,100,100,100,100,100,5,29,29,6,6,600,600,3,30
2284.375,45,6,10,2,4,5,5,100,100,100,100,100,100,5,29,29,6,6,600,600,3,30
2285.375,45,6,10,2,4,5,5,100,100,100,100,100,100,5,29,29,6,6,600,600,3,30
2286.375,45,6,10,2,4,5,5,100,100,100,100,100,100,5,29,29,6,6,600,600,3,30
2287.375,45,6,10,2,4,5,5,100,100,100,100,100,100,5,29,29,6,6,600,600,3,30
2288.375,45,6,10,2,4,5,5,100,100,100,100,100,100,5,29,29,6,6,600,600,2,30
2289.374,45,6,10,2,4,5,5,100,100,100,100,100,100,5,29,29,6,6,600,600,2,30
2290.374,45,6,10,2,4,5,5,100,100,100,100,100,100,5,29,29,6,6,600,600,2,30
2291.374,45,6,10,2,4,5,5,100,100,100,100,100,100,5,29,29,6,6,600,600,2,30
2292.374,45,6,10,2,4,5,5,100,100,100,100,100,100,5,29,29,6,6,600,600,2,30
2293.373,45,6,10,2,4,5,5,100,100,100,100,100,100,5,29,29,6,6,600,600,2,30
2294.373,45,6,10,2,4,5,5,100,100,100,100,100,100,5,29,29,6,6,600,600,2,30
2295.373,45,6,10,2,4,5,5,100,100,100,100,100,100,5,29,29,6,6,600,600,3,30
2296.373,45,6,10,2,4,5,5,100,100,100,100,100,100,5,29,29,6,6,600,600,4,30
2297.372,45,6,10,2,4,5,5,100,100,100,100,100,100,5,29,29,6,6,600,600,3,30
2298.372,45,6,10,2,4,5,5,100,100,100,100,100,100,5,29,29,6,6,600,600,3,30
2299.372,45,6,10,2,4,5,5,100,100,100,100,100,100,5,29,29,6,6,600,600,2,30
2300.372,45,6,10,2,4,5,5,100,100,100,100,100,100,5,29,29,6,6,600,600,2,30
2301.371,45,6,10,2,4,5,5,100,100,100,100,100,100,5,29,29,6,6,600,600,2,30
2302.371,45,6,10,2,4,5,5,100,100,100,100,100,100,5,29,29,6,6,600,600,2,30
2303.371,45,6,10,2,4,5,5,100,100,100,100,100,100,5,29,29,6,6,600,600,2,30
2304.371,45,6,10,2,4,5,5,100,100,100,100,100,100,5,29,29,6,6,600,600,2,30
2305.37,45,6,10,2,4,5,5,100,100,100,100,100,100,5,29,29,6,6,600,600,2,30
2306.37,45,6,10,2,4,5,5,100,100,100,100,100,100,5,29,29,6,6,600,600,2,30
2307.37,45,6,10,2,4,5,5,100,100,100,100,100,100,5,29,29,6,6,600,600,3,30
2308.37,45,6,10,2,4,5,5,100,100,100,100,100,100,5,29,29,6,6,600,600,4,30
2309.369,45,6,10,2,4,5,5,100,100,100,100,100,100,5,29,29,6,6,600,600,4,30
2310.369,45,6,10,2,4,5,5,100,100,100,100,100,100,5,29,29,6,6,600,600,5,30
2311.369,45,6,10,2,4,5,5,100,100,100,100,100,100,5,29,29,6,6,600,600,5,30
2312.369,45,6,10,2,4,5,5,100,100,100,100,100,100,5,29,29,6,6,600,600,4,30
2313.368,45,6,10,2,4,5,5,100,100,100,100,100,100,5,29,29,6,6,600,600,4,30
2314.368,45,6,10,2,4,5,5,100,100,100,100,100,100,5,29,29,6,6,600,600,4,30
2315.368,45,6,10,2,4,5,5,100,100,100,100,100,100,5,29,29,6,6,600,600,3,30
2316.368,45,6,10,2,4,5,5,100,100,100,100,100,100,5,29,29,6,6,600,600,3,30
2317.367,45,6,10,2,4,5,5,100,100,100,100,100,100,5,29,29,6,6,600,600,2,30
2318.367,45,6,10,2,4,5,5,100,100,100,100,100,100,5,29,29,6,6,600,600,2,30
2319.367,45,6,10,2,4,5,5,100,100,100,100,100,100,5,29,29,6,6,600,600,2,30
2320.367,45,6,10,2,4,5,5,100,100,100,100,100,100,5,29,29,6,6,600,600,2,30
2321.366,45,6,10,2,4,5,5,100,100,100,100,100,100,5,29,29,6,6,600,600,2,30
2322.366,45,6,10,2,4,5,5,100,100,100,100,100,100,5,29,29,6,6,600,600,2,30
2323.366,45,6,10,2,4,5,5,100,100,100,100,100,100,5,29,29,6,6,600,600,2,30
2324.366,45,6,10,2,4,5,5,100,100,100,100,100,100,5,29,29,6,6,600,600,2,30
2325.365,45,6,10,2,4,5,5,100,100,100,100,100,100,5,29,29,6,6,600,600,2,30
2326.365,45,6,10,2,4,5,5,100,100,100,100,100,100,5,29,29,6,6,600,600,2,30
2327.365,45,6,10,2,4,5,5,100,100,100,100,100,100,5,29,29,6,6,600,600,2,30
2328.365,45,6,10,2,4,5,5,100,100,100,100,100,100,5,29,29,6,6,600,600,4,30
2329.365,45,6,10,2,4,5,5,100,100,100,100,100,100,5,29,29,6,6,600,600,3,30
2330.364,45,6,10,2,4,5,5,100,100,100,100,100,100,5,29,29,6,6,600,600,3,30
2331.364,45,6,10,2,4,5,5,100,100,100,100,100,100,5,29,29,6,6,600,600,3,30
2332.364,45,6,10,2,4,5,5,100,100,100,100,100,100,5,29,29,6,6,600,600,3,30
2333.364,45,6,10,2,4,5,5,100,100,100,100,100,100,5,29,29,6,6,600,600,3,30
2334.363,45,6,10,2,4,5,5,100,100,100,100,100,100,5,29,29,6,6,600,600,3,30
2335.363,45,6,10,2,4,5,5,100,100,100,100,100,100,5,29,29,6,6,600,600,3,30
2336.363,45,6,10,2,4,5,5,100,100,100,100,100,100,5,29,29,6,6,600,600,3,30
2337.363,45,6,10,2,4,5,5,100,100,100,100,100,100,5,29,29,6,6,600,600,2,30
2338.362,45,6,10,2,4,5,5,100,100,100,100,100,100,5,29,29,6,6,600,600,2,30
2339.362,45,6,10,2,4,5,5,100,100,100,100,100,100,5,29,29,6,6,600,600,2,30
2340.362,45,6,10,2,4,5,5,100,100,100,100,100,100,5,29,29,6,6,600,600,3,30
2341.362,45,6,10,2,4,5,5,100,100,100,100,100,100,5,29,29,6,6,600,600,3,30
2342.361,45,6,10,2,4,5,5,100,100,100,100,100,100,5,29,29,6,6,600,600,3,30
2343.361,45,6,10,2,4,5,5,100,100,100,100,100,100,5,29,29,6,6,600,600,2,30
2344.361,45,6,10,2,4,5,5,100,100,100,100,100,100,5,29,29,6,6,600,600,2,30
2345.361,45,6,10,2,4,5,5,100,100,100,100,100,100,5,29,29,6,6,600,600,2,30
2346.36,45,6,10,2,4,5,5,100,100,100,100,100,100,5,29,29,6,6,600,600,2,30
2347.36,45,6,10,2,4,5,5,100,100,100,100,100,100,5,29,29,6,6,600,600,2,30
2348.36,45,6,10,2,4,5,5,100,100,100,100,100,100,5,29,29,6,6,600,600,2,30
2349.36,45,6,10,2,4,5,5,100,100,100,100,100,100,5,29,29,6,6,600,600,3,30
2350.359,45,6,10,2,4,5,5,100,100,100,100,100,100,5,29,29,6,6,600,600,2,30
2351.359,45,6,10,2,4,5,5,100,100,100,100,100,100,5,29,29,6,6,600,600,2,30
2352.359,45,6,10,2,4,5,5,100,100,100,100,100,100,5,29,29,6,6,600,600,2,30
2353.359,45,6,10,2,4,5,5,100,100,100,100,100,100,5,29,29,6,6,600,600,2,30
2354.358,45,6,10,2,4,5,5,100,100,100,100,100,100,5,29,29,6,6,600,600,2,30
2355.358,45,6,10,2,4,5,5,100,100,100,100,100,100,5,29,29,6,6,600,600,3,30
2356.358,45,6,10,2,4,5,5,100,100,100,100,100,100,5,29,29,6,6,600,600,3,30
2357.358,45,6,10,2,4,5,5,100,100,100,100,100,100,5,29,29,6,6,600,600,3,30
2358.357,45,6,10,2,4,5,5,100,100,100,100,100,100,5,29,29,6,6,600,600,3,30
2359.357,45,6,10,2,4,5,5,100,100,100,100,100,100,5,29,29,6,6,600,600,2,30
2360.357,45,6,10,2,4,5,5,100,100,100,100,100,100,5,29,29,6,6,600,600,3,30
2361.357,45,6,10,2,4,5,5,100,100,100,100,100,100,5,29,29,6,6,600,600,3,30
2362.356,45,6,10,2,4,5,5,100,100,100,100,100,100,5,29,29,6,6,600,600,3,30
2363.356,45,6,10,2,4,5,5,100,100,100,100,100,100,5,29,29,6,6,600,600,3,30
2364.356,45,6,10,2,4,5,5,100,100,100,100,100,100,5,29,29,6,6,600,600,2,30
2365.356,45,6,10,2,4,5,5,100,100,100,100,100,100,5,29,29,6,6,600,600,3,30
2366.355,45,6,10,2,4,5,5,100,100,100,100,100,100,5,29,29,6,6,600,600,3,30
2367.355,45,6,10,2,4,5,5,100,100,100,100,100,100,5,29,29,6,6,600,600,3,30
2368.355,45,6,10,2,4,5,5,100,100,100,100,100,100,5,29,29,6,6,600,600,3,30
2369.355,45,6,10,2,4,5,5,100,100,100,100,100,100,5,29,29,6,6,600,600,4,30
2370.354,45,6,10,2,4,5,5,100,100,100,100,100,100,5,29,29,6,6,600,600,4,30
2371.354,45,6,10,2,4,5,5,100,100,100,100,100,100,5,29,29,6,6,600,600,4,30
2372.354,45,6,10,2,4,5,5,100,100,100,100,100,100,5,29,29,6,6,600,600,4,30
2373.354,45,6,10,2,4,5,5,100,100,100,100,100,100,5,29,29,6,6,600,600,4,30
2374.354,45,6,10,2,4,5,5,100,100,100,100,100,100,5,29,29,6,6,600,600,4,30
2375.353,45,6,10,2,4,5,5,100,100,100,100,100,100,5,29,29,6,6,600,600,4,30
2376.353,45,6,10,2,4,5,5,100,100,100,100,100,100,5,29,29,6,6,600,600,3,30
2377.353,45,6,10,2,4,5,5,100,100,100,100,100,100,5,29,29,6,6,600,600,4,30
2378.353,45,6,10,2,4,5,5,100,100,100,100,100,100,5,29,29,6,6,600,600,4,30
2379.352,45,6,10,2,4,5,5,100,100,100,100,100,100,5,29,29,6,6,600,600,4,30
2380.352,45,6,10,2,4,5,5,100,100,100,100,100,100,5,29,29,6,6,600,600,4,30
2381.352,45,6,10,2,4,5,5,100,100,100,100,100,100,5,29,29,6,6,600,600,4,30
2382.352,45,6,10,2,4,5,5,100,100,100,100,100,100,5,29,29,6,6,600,600,3,30
2383.351,45,6,10,2,4,5,5,100,100,100,100,100,100,5,29,29,6,6,600,600,3,30
2384.351,45,6,10,2,4,5,5,100,100,100,100,100,100,5,29,29,6,6,600,600,2,30
2385.351,45,6,10,2,4,5,5,100,100,100,100,100,100,5,29,29,6,6,600,600,2,30
2386.351,45,6,10,2,4,5,5,100,100,100,100,100,100,5,29,29,6,6,600,600,2,30
2387.35,45,6,10,2,4,5,5,100,100,100,100,100,100,5,29,29,6,6,600,600,2,30
2388.35,45,6,10,2,4,5,5,100,100,100,100,100,100,5,29,29,6,6,600,600,2,30
2389.35,45,6,10,2,4,5,5,100,100,100,100,100,100,5,29,29,6,6,600,600,2,30
2390.35,45,6,10,2,4,5,5,100,100,100,100,100,100,5,29,29,6,6,600,600,2,30
2391.349,45,6,10,2,4,5,5,100,100,100,100,100,100,5,29,29,6,6,600,600,2,30
2392.349,45,6,10,2,4,5,5,100,100,100,100,100,100,5,29,29,6,6,600,600,2,30
2393.349,45,6,10,2,4,5,5,100,100,100,100,100,100,5,29,29,6,6,600,600,2,30
2394.349,45,6,10,2,4,5,5,100,100,100,100,100,100,5,29,29,6,6,600,600,4,30
2395.348,45,6,10,2,4,5,5,100,100,100,100,100,100,5,29,29,6,6,600,600,2,30
2396.348,45,6,10,2,4,5,5,100,100,100,100,100,100,5,29,29,6,6,600,600,2,30
2397.348,45,6,10,2,4,5,5,100,100,100,100,100,100,5,29,29,6,6,600,600,2,30
2398.348,45,6,10,2,4,5,5,100,100,100,100,100,100,5,29,29,6,6,600,600,2,30
2399.347,45,6,10,2,4,5,5,100,100,100,100,100,100,5,29,29,6,6,600,600,3,30
2400.347,45,6,10,2,4,5,5,100,100,100,100,100,100,5,29,29,6,6,600,600,3,30
2401.347,45,6,10,2,4,5,5,100,100,100,100,100,100,5,29,29,6,6,600,600,3,30
2402.347,45,6,10,2,4,5,5,100,100,100,100,100,100,5,29,29,6,6,600,600,3,30
2403.346,45,6,10,2,4,5,5,100,100,100,100,100,100,5,29,29,6,6,600,600,3,30
2404.346,45,6,10,2,4,5,5,100,100,100,100,100,100,5,29,29,6,6,600,600,3,30
2405.346,45,6,10,2,4,5,5,100,100,100,100,100,100,5,29,29,6,6,600,600,2,30
2406.346,45,6,10,2,4,5,5,100,100,100,100,100,100,5,29,29,6,6,600,600,2,30
2407.345,45,6,10,2,4,5,5,100,100,100,100,100,100,5,29,29,6,6,600,600,2,30
2408.345,45,6,10,2,4,5,5,100,100,100,100,100,100,5,29,29,6,6,600,600,3,30
2409.345,45,6,10,2,4,5,5,100,100,100,100,100,100,5,29,29,6,6,600,600,3,30
2410.345,45,6,10,2,4,5,5,100,100,100,100,100,100,5,29,29,6,6,600,600,3,30
2411.344,45,6,10,2,4,5,5,100,100,100,100,100,100,5,29,29,6,6,600,600,3,30
2412.344,45,6,10,2,4,5,5,100,100,100,100,100,100,5,29,29,6,6,600,600,3,30
2413.344,45,6,10,2,4,5,5,100,100,100,100,100,100,5,29,29,6,6,600,600,4,30
2414.344,45,6,10,2,4,5,5,100,100,100,100,100,100,5,29,29,6,6,600,600,3,30
2415.344,45,6,10,2,4,5,5,100,100,100,100,100,100,5,29,29,6,6,600,600,3,30
2416.343,45,6,10,2,4,5,5,100,100,100,100,100,100,5,29,29,6,6,600,600,3,30
2417.343,45,6,10,2,4,5,5,100,100,100,100,100,100,5,29,29,6,6,600,600,3,30
2418.343,45,6,10,2,4,5,5,100,100,100,100,100,100,5,29,29,6,6,600,600,2,30
2419.343,45,6,10,2,4,5,5,100,100,100,100,100,100,5,29,29,6,6,600,600,2,30
2420.342,45,6,10,2,4,5,5,100,100,100,100,100,100,5,29,29,6,6,600,600,2,30
2421.342,45,6,10,2,4,5,5,100,100,100,100,100,100,5,29,29,6,6,600,600,2,30
2422.342,45,6,10,2,4,5,5,100,100,100,100,100,100,5,29,29,6,6,600,600,2,30
2423.342,45,6,10,2,4,5,5,100,100,100,100,100,100,5,29,29,6,6,600,600,2,30
2424.341,45,6,10,2,4,5,5,100,100,100,100,100,100,5,29,29,6,6,600,600,2,30
2425.341,45,6,10,2,4,5,5,100,100,100,100,100,100,5,29,29,6,6,600,600,2,30
2426.341,45,6,10,2,4,5,5,100,100,100,100,100,100,5,29,29,6,6,600,600,2,30
2427.341,45,6,10,2,4,5,5,100,100,100,100,100,100,5,29,29,6,6,600,600,3,30
2428.34,45,6,10,2,4,5,5,100,100,100,100,100,100,5,29,29,6,6,600,600,3,30
2429.34,45,6,10,2,4,5,5,100,100,100,100,100,100,5,29,29,6,6,600,600,3,30
2430.34,45,6,10,2,4,5,5,100,100,100,100,100,100,5,29,29,6,6,600,600,3,30
2431.34,45,6,10,2,4,5,5,100,100,100,100,100,100,5,29,29,6,6,600,600,3,30
2432.339,45,6,10,2,4,5,5,100,100,100,100,100,100,5,29,29,6,6,600,600,2,30
2433.339,45,6,10,2,4,5,5,100,100,100,100,100,100,5,29,29,6,6,600,600,2,30
2434.339,45,6,10,2,4,5,5,100,100,100,100,100,100,5,29,29,6,6,600,600,2,30
2435.339,45,6,10,2,4,5,5,100,100,100,100,100,100,5,29,29,6,6,600,600,2,30
2436.338,45,6,10,2,4,5,5,100,100,100,100,100,100,5,29,29,6,6,600,600,2,30
2437.338,45,6,10,2,4,5,5,100,100,100,100,100,100,5,29,29,6,6,600,600,2,30
2438.338,45,6,10,2,4,5,5,100,100,100,100,100,100,5,29,29,6,6,600,600,2,30
2439.338,45,6,10,2,4,5,5,100,100,100,100,100,100,5,29,29,6,6,600,600,2,30
2440.337,45,6,10,2,4,5,5,100,100,100,100,100,100,5,29,29,6,6,600,600,2,30
2441.337,45,6,10,2,4,5,5,100,100,100,100,100,100,5,29,29,6,6,600,600,2,30
2442.337,45,6,10,2,4,5,5,100,100,100,100,100,100,5,29,29,6,6,600,600,3,30
2443.337,45,6,10,2,4,5,5,100,100,100,100,100,100,5,29,29,6,6,600,600,3,30
2444.336,45,6,10,2,4,5,5,100,100,100,100,100,100,5,29,29,6,6,600,600,3,30
2445.336,45,6,10,2,4,5,5,100,100,100,100,100,100,5,29,29,6,6,600,600,3,30
2446.336,45,6,10,2,4,5,5,100,100,100,100,100,100,5,29,29,6,6,600,600,2,30
2447.336,45,6,10,2,4,5,5,100,100,100,100,100,100,5,29,29,6,6,600,600,2,30
2448.335,45,6,10,2,4,5,5,100,100,100,100,100,100,5,29,29,6,6,600,600,2,30
2449.335,45,6,10,2,4,5,5,100,100,100,100,100,100,5,29,29,6,6,600,600,3,30
2450.335,45,6,10,2,4,5,5,100,100,100,100,100,100,5,29,29,6,6,600,600,2,30
2451.335,45,6,10,2,4,5,5,100,100,100,100,100,100,5,29,29,6,6,600,600,2,30
2452.334,45,6,10,2,4,5,5,100,100,100,100,100,100,5,29,29,6,6,600,600,2,30
2453.334,45,6,10,2,4,5,5,100,100,100,100,100,100,5,29,29,6,6,600,600,3,30
2454.334,45,6,10,2,4,5,5,100,100,100,100,100,100,5,29,29,6,6,600,600,3,30
2455.334,45,6,10,2,4,5,5,100,100,100,100,100,100,5,29,29,6,6,600,600,3,30
2456.333,45,6,10,2,4,5,5,100,100,100,100,100,100,5,29,29,6,6,600,600,3,30
2457.333,45,6,10,2,4,5,5,100,100,100,100,100,100,5,29,29,6,6,600,600,3,30
2458.333,45,6,10,2,4,5,5,100,100,100,100,100,100,5,29,29,6,6,600,600,3,30
2459.333,45,6,10,2,4,5,5,100,100,100,100,100,100,5,29,29,6,6,600,600,3,30
2460.333,45,6,10,2,4,5,5,100,100,100,100,100,100,5,29,29,6,6,600,600,2,30
2461.332,45,6,10,2,4,5,5,100,100,100,100,100,100,5,29,29,6,6,600,600,2,30
2462.332,45,6,10,2,4,5,5,100,100,100,100,100,100,5,29,29,6,6,600,600,2,30
2463.332,45,6,10,2,4,5,5,100,100,100,100,100,100,5,29,29,6,6,600,600,2,30
2464.332,45,6,10,2,4,5,5,100,100,100,100,100,100,5,29,29,6,6,600,600,3,30
2465.331,45,6,10,2,4,5,5,100,100,100,100,100,100,5,29,29,6,6,600,600,3,30
2466.331,45,6,10,2,4,5,5,100,100,100,100,100,100,5,29,29,6,6,600,600,3,30
2467.331,45,6,10,2,4,5,5,100,100,100,100,100,100,5,29,29,6,6,600,600,2,30
2468.331,45,6,10,2,4,5,5,100,100,100,100,100,100,5,29,29,6,6,600,600,2,30
2469.33,45,6,10,2,4,5,5,100,100,100,100,100,100,5,29,29,6,6,600,600,2,30
2470.33,45,6,10,2,4,5,5,100,100,100,100,100,100,5,29,29,6,6,600,600,2,30
2471.33,45,6,10,2,4,5,5,100,100,100,100,100,100,5,29,29,6,6,600,600,2,30
2472.33,45,6,10,2,4,5,5,100,100,100,100,100,100,5,29,29,6,6,600,600,2,30
2473.329,45,6,10,2,4,5,5,100,100,100,100,100,100,5,29,29,6,6,600,600,3,30
2474.329,45,6,10,2,4,5,5,100,100,100,100,100,100,5,29,29,6,6,600,600,3,30
2475.329,45,6,10,2,4,5,5,100,100,100,100,100,100,5,29,29,6,6,600,600,3,30
2476.329,45,6,10,2,4,5,5,100,100,100,100,100,100,5,29,29,6,6,600,600,2,30
2477.328,45,6,10,2,4,5,5,100,100,100,100,100,100,5,29,29,6,6,600,600,3,30
2478.328,45,6,10,2,4,5,5,100,100,100,100,100,100,5,29,29,6,6,600,600,4,30
2479.328,45,6,10,2,4,5,5,100,100,100,100,100,100,5,29,29,6,6,600,600,3,30
2480.328,45,6,10,2,4,5,5,100,100,100,100,100,100,5,29,29,6,6,600,600,2,30
2481.327,45,6,10,2,4,5,5,100,100,100,100,100,100,5,29,29,6,6,600,600,2,30
2482.327,45,6,10,2,4,5,5,100,100,100,100,100,100,5,29,29,6,6,600,600,2,30
2483.327,45,6,10,2,4,5,5,100,100,100,100,100,100,5,29,29,6,6,600,600,2,30
2484.327,45,6,10,2,4,5,5,100,100,100,100,100,100,5,29,29,6,6,600,600,2,30
2485.326,45,6,10,2,4,5,5,100,100,100,100,100,100,5,29,29,6,6,600,600,2,30
2486.326,45,6,10,2,4,5,5,100,100,100,100,100,100,5,29,29,6,6,600,600,2,30
2487.326,45,6,10,2,4,5,5,100,100,100,100,100,100,5,29,29,6,6,600,600,2,30
2488.326,45,6,10,2,4,5,5,100,100,100,100,100,100,5,29,29,6,6,600,600,2,30
2489.325,45,6,10,2,4,5,5,100,100,100,100,100,100,5,29,29,6,6,600,600,2,30
2490.325,45,6,10,2,4,5,5,100,100,100,100,100,100,5,29,29,6,6,600,600,2,30
2491.325,45,6,10,2,4,5,5,100,100,100,100,100,100,5,29,29,6,6,600,600,2,30
2492.325,45,6,10,2,4,5,5,100,100,100,100,100,100,5,29,29,6,6,600,600,2,30
2493.324,45,6,10,2,4,5,5,100,100,100,100,100,100,5,29,29,6,6,600,600,2,30
2494.324,45,6,10,2,4,5,5,100,100,100,100,100,100,5,29,29,6,6,600,600,2,30
2495.324,45,6,10,2,4,5,5,100,100,100,100,100,100,5,29,29,6,6,600,600,2,30
2496.324,45,6,10,2,4,5,5,100,100,100,100,100,100,5,29,29,6,6,600,600,2,30
2497.323,45,6,10,2,4,5,5,100,100,100,100,100,100,5,29,29,6,6,600,600,2,30
2498.323,45,6,10,2,4,5,5,100,100,100,100,100,100,5,29,29,6,6,600,600,2,30
2499.323,45,6,10,2,4,5,5,100,100,100,100,100,100,5,29,29,6,6,600,600,2,30
2500.323,45,6,10,2,4,5,5,100,100,100,100,100,100,5,29,29,6,6,600,600,2,30
2501.323,45,6,10,2,4,5,5,100,100,100,100,100,100,5,29,29,6,6,600,600,2,30
2502.322,45,6,10,2,4,5,5,100,100,100,100,100,100,5,29,29,6,6,600,600,2,30
2503.322,45,6,10,2,4,5,5,100,100,100,100,100,100,5,29,29,6,6,600,600,2,30
2504.322,45,6,10,2,4,5,5,100,100,100,100,100,100,5,29,29,6,6,600,600,2,30
2505.322,45,6,10,2,4,5,5,100,100,100,100,100,100,5,29,29,6,6,600,600,2,30
2506.321,45,6,10,2,4,5,5,100,100,100,100,100,100,5,29,29,6,6,600,600,2,30
2507.321,45,6,10,2,4,5,5,100,100,100,100,100,100,5,29,29,6,6,600,600,2,30
2508.321,45,6,10,2,4,5,5,100,100,100,100,100,100,5,29,29,6,6,600,600,2,30
2509.321,45,6,10,2,4,5,5,100,100,100,100,100,100,5,29,29,6,6,600,600,2,30
2510.32,45,6,10,2,4,5,5,100,100,100,100,100,100,5,29,29,6,6,600,600,2,30
2511.32,45,6,10,2,4,5,5,100,100,100,100,100,100,5,29,29,6,6,600,600,2,30
2512.32,45,6,10,2,4,5,5,100,100,100,100,100,100,5,29,29,6,6,600,600,2,30
2513.32,45,6,10,2,4,5,5,100,100,100,100,100,100,5,29,29,6,6,600,600,3,30
2514.319,45,6,10,2,4,5,5,100,100,100,100,100,100,5,29,29,6,6,600,600,3,30
2515.319,45,6,10,2,4,5,5,100,100,100,100,100,100,5,29,29,6,6,600,600,3,30
2516.319,45,6,10,2,4,5,5,100,100,100,100,100,100,5,29,29,6,6,600,600,3,30
2517.319,45,6,10,2,4,5,5,100,100,100,100,100,100,5,29,29,6,6,600,600,3,30
2518.318,45,6,10,2,4,5,5,100,100,100,100,100,100,5,29,29,6,6,600,600,3,30
2519.318,45,6,10,2,4,5,5,100,100,100,100,100,100,5,29,29,6,6,600,600,3,30
2520.318,45,6,10,2,4,5,5,100,100,100,100,100,100,5,29,29,6,6,600,600,4,30
2521.318,45,6,10,2,4,5,5,100,100,100,100,100,100,5,29,29,6,6,600,600,4,30
2522.317,45,6,10,2,4,5,5,100,100,100,100,100,100,5,29,29,6,6,600,600,2,30
2523.317,45,6,10,2,4,5,5,100,100,100,100,100,100,5,29,29,6,6,600,600,2,30
2524.317,45,6,10,2,4,5,5,100,100,100,100,100,100,5,29,29,6,6,600,600,2,30
2525.317,45,6,10,2,4,5,5,100,100,100,100,100,100,5,29,29,6,6,600,600,2,30
2526.316,45,6,10,2,4,5,5,100,100,100,100,100,100,5,29,29,6,6,600,600,2,30
2527.316,45,6,10,2,4,5,5,100,100,100,100,100,100,5,29,29,6,6,600,600,3,30
2528.316,45,6,10,2,4,5,5,100,100,100,100,100,100,5,29,29,6,6,600,600,4,30
2529.316,45,6,10,2,4,5,5,100,100,100,100,100,100,5,29,29,6,6,600,600,4,30
2530.315,45,6,10,2,4,5,5,100,100,100,100,100,100,5,29,29,6,6,600,600,4,30
2531.315,45,6,10,2,4,5,5,100,100,100,100,100,100,5,29,29,6,6,600,600,3,30
2532.315,45,6,10,2,4,5,5,100,100,100,100,100,100,5,29,29,6,6,600,600,3,30
2533.315,45,6,10,2,4,5,5,100,100,100,100,100,100,5,29,29,6,6,600,600,2,30
2534.314,45,6,10,2,4,5,5,100,100,100,100,100,100,5,29,29,6,6,600,600,2,30
2535.314,45,6,10,2,4,5,5,100,100,100,100,100,100,5,29,29,6,6,600,600,2,30
2536.314,45,6,10,2,4,5,5,100,100,100,100,100,100,5,29,29,6,6,600,600,2,30
2537.314,45,6,10,2,4,5,5,100,100,100,100,100,100,5,29,29,6,6,600,600,3,30
2538.313,45,6,10,2,4,5,5,100,100,100,100,100,100,5,29,29,6,6,600,600,3,30
2539.313,45,6,10,2,4,5,5,100,100,100,100,100,100,5,29,29,6,6,600,600,3,30
2540.313,45,6,10,2,4,5,5,100,100,100,100,100,100,5,29,29,6,6,600,600,3,30
2541.313,45,6,10,2,4,5,5,100,100,100,100,100,100,5,29,29,6,6,600,600,3,30
2542.313,45,6,10,2,4,5,5,100,100,100,100,100,100,5,29,29,6,6,600,600,3,30
2543.312,45,6,10,2,4,5,5,100,100,100,100,100,100,5,29,29,6,6,600,600,3,30
2544.312,45,6,10,2,4,5,5,100,100,100,100,100,100,5,29,29,6,6,600,600,3,30
2545.312,45,6,10,2,4,5,5,100,100,100,100,100,100,5,29,29,6,6,600,600,3,30
2546.312,45,6,10,2,4,5,5,100,100,100,100,100,100,5,29,29,6,6,600,600,3,30
2547.311,45,6,10,2,4,5,5,100,100,100,100,100,100,5,29,29,6,6,600,600,3,30
2548.311,45,6,10,2,4,5,5,100,100,100,100,100,100,5,29,29,6,6,600,600,3,30
2549.311,45,6,10,2,4,5,5,100,100,100,100,100,100,5,29,29,6,6,600,600,2,30
2550.311,45,6,10,2,4,5,5,100,100,100,100,100,100,5,29,29,6,6,600,600,3,30
2551.31,45,6,10,2,4,5,5,100,100,100,100,100,100,5,29,29,6,6,600,600,2,30
2552.31,45,6,10,2,4,5,5,100,100,100,100,100,100,5,29,29,6,6,600,600,2,30
2553.31,45,6,10,2,4,5,5,100,100,100,100,100,100,5,29,29,6,6,600,600,2,30
2554.31,45,6,10,2,4,5,5,100,100,100,100,100,100,5,29,29,6,6,600,600,2,30
2555.309,45,6,10,2,4,5,5,100,100,100,100,100,100,5,29,29,6,6,600,600,2,30
2556.309,45,6,10,2,4,5,5,100,100,100,100,100,100,5,29,29,6,6,600,600,2,30
2557.309,45,6,10,2,4,5,5,100,100,100,100,100,100,5,29,29,6,6,600,600,2,30
2558.309,45,6,10,2,4,5,5,100,100,100,100,100,100,5,29,29,6,6,600,600,2,30
2559.308,45,6,10,2,4,5,5,100,100,100,100,100,100,5,29,29,6,6,600,600,4,30
2560.308,45,6,10,2,4,5,5,100,100,100,100,100,100,5,29,29,6,6,600,600,4,30
2561.308,45,6,10,2,4,5,5,100,100,100,100,100,100,5,29,29,6,6,600,600,3,30
2562.308,45,6,10,2,4,5,5,100,100,100,100,100,100,5,29,29,6,6,600,600,3,30
2563.307,45,6,10,2,4,5,5,100,100,100,100,100,100,5,29,29,6,6,600,600,2,30
2564.307,45,6,10,2,4,5,5,100,100,100,100,100,100,5,29,29,6,6,600,600,3,30
2565.307,45,6,10,2,4,5,5,100,100,100,100,100,100,5,29,29,6,6,600,600,4,30
2566.307,45,6,10,2,4,5,5,100,100,100,100,100,100,5,29,29,6,6,600,600,4,30
2567.306,45,6,10,2,4,5,5,100,100,100,100,100,100,5,29,29,6,6,600,600,4,30
2568.306,45,6,10,2,4,5,5,100,100,100,100,100,100,5,29,29,6,6,600,600,4,30
2569.306,45,6,10,2,4,5,5,100,100,100,100,100,100,5,29,29,6,6,600,600,3,30
2570.306,45,6,10,2,4,5,5,100,100,100,100,100,100,5,29,29,6,6,600,600,3,30
2571.305,45,6,10,2,4,5,5,100,100,100,100,100,100,5,29,29,6,6,600,600,3,30
2572.305,45,6,10,2,4,5,5,100,100,100,100,100,100,5,29,29,6,6,600,600,4,30
2573.305,45,6,10,2,4,5,5,100,100,100,100,100,100,5,29,29,6,6,600,600,3,30
2574.305,45,6,10,2,4,5,5,100,100,100,100,100,100,5,29,29,6,6,600,600,3,30
2575.304,45,6,10,2,4,5,5,100,100,100,100,100,100,5,29,29,6,6,600,600,3,30
2576.304,45,6,10,2,4,5,5,100,100,100,100,100,100,5,29,29,6,6,600,600,3,30
2577.304,45,6,10,2,4,5,5,100,100,100,100,100,100,5,29,29,6,6,600,600,3,30
2578.304,45,6,10,2,4,5,5,100,100,100,100,100,100,5,29,29,6,6,600,600,3,30
2579.303,45,6,10,2,4,5,5,100,100,100,100,100,100,5,29,29,6,6,600,600,2,30
2580.303,45,6,10,2,4,5,5,100,100,100,100,100,100,5,29,29,6,6,600,600,2,30
2581.303,45,6,10,2,4,5,5,100,100,100,100,100,100,5,29,29,6,6,600,600,3,30
2582.303,45,6,10,2,4,5,5,100,100,100,100,100,100,5,29,29,6,6,600,600,3,30
2583.302,45,6,10,2,4,5,5,100,100,100,100,100,100,5,29,29,6,6,600,600,3,30
2584.302,45,6,10,2,4,5,5,100,100,100,100,100,100,5,29,29,6,6,600,600,3,30
2585.302,45,6,10,2,4,5,5,100,100,100,100,100,100,5,29,29,6,6,600,600,3,30
2586.302,45,6,10,2,4,5,5,100,100,100,100,100,100,5,29,29,6,6,600,600,3,30
2587.302,45,6,10,2,4,5,5,100,100,100,100,100,100,5,29,29,6,6,600,600,3,30
2588.301,45,6,10,2,4,5,5,100,100,100,100,100,100,5,29,29,6,6,600,600,2,30
2589.301,45,6,10,2,4,5,5,100,100,100,100,100,100,5,29,29,6,6,600,600,3,30
2590.301,45,6,10,2,4,5,5,100,100,100,100,100,100,5,29,29,6,6,600,600,3,30
2591.301,45,6,10,2,4,5,5,100,100,100,100,100,100,5,29,29,6,6,600,600,3,30
2592.3,45,6,10,2,4,5,5,100,100,100,100,100,100,5,29,29,6,6,600,600,4,30
2593.3,45,6,10,2,4,5,5,100,100,100,100,100,100,5,29,29,6,6,600,600,4,30
2594.3,45,6,10,2,4,5,5,100,100,100,100,100,100,5,29,29,6,6,600,600,4,30
2595.3,45,6,10,2,4,5,5,100,100,100,100,100,100,5,29,29,6,6,600,600,3,30
2596.299,45,6,10,2,4,5,5,100,100,100,100,100,100,5,29,29,6,6,600,600,3,30
2597.299,45,6,10,2,4,5,5,100,100,100,100,100,100,5,29,29,6,6,600,600,3,30
2598.299,45,6,10,2,4,5,5,100,100,100,100,100,100,5,29,29,6,6,600,600,3,30
2599.299,45,6,10,2,4,5,5,100,100,100,100,100,100,5,29,29,6,6,600,600,3,30
2600.298,45,6,10,2,4,5,5,100,100,100,100,100,100,5,29,29,6,6,600,600,3,30
2601.298,45,6,10,2,4,5,5,100,100,100,100,100,100,5,29,29,6,6,600,600,3,30
2602.298,45,6,10,2,4,5,5,100,100,100,100,100,100,5,29,29,6,6,600,600,3,30
2603.298,45,6,10,2,4,5,5,100,100,100,100,100,100,5,29,29,6,6,600,600,3,30
2604.297,45,6,10,2,4,5,5,100,100,100,100,100,100,5,29,29,6,6,600,600,2,30
2605.297,45,6,10,2,4,5,5,100,100,100,100,100,100,5,29,29,6,6,600,600,2,30
2606.297,45,6,10,2,4,5,5,100,100,100,100,100,100,5,29,29,6,6,600,600,2,30
2607.297,45,6,10,2,4,5,5,100,100,100,100,100,100,5,29,29,6,6,600,600,2,30
2608.296,45,6,10,2,4,5,5,100,100,100,100,100,100,5,29,29,6,6,600,600,2,30
2609.296,45,6,10,2,4,5,5,100,100,100,100,100,100,5,29,29,6,6,600,600,2,30
2610.296,45,6,10,2,4,5,5,100,100,100,100,100,100,5,29,29,6,6,600,600,2,30
2611.296,45,6,10,2,4,5,5,100,100,100,100,100,100,5,29,29,6,6,600,600,2,30
2612.295,45,6,10,2,4,5,5,100,100,100,100,100,100,5,29,29,6,6,600,600,2,30
2613.295,45,6,10,2,4,5,5,100,100,100,100,100,100,5,29,29,6,6,600,600,3,30
2614.295,45,6,10,2,4,5,5,100,100,100,100,100,100,5,29,29,6,6,600,600,3,30
2615.295,45,6,10,2,4,5,5,100,100,100,100,100,100,5,29,29,6,6,600,600,3,30
2616.294,45,6,10,2,4,5,5,100,100,100,100,100,100,5,29,29,6,6,600,600,3,30
2617.294,45,6,10,2,4,5,5,100,100,100,100,100,100,5,29,29,6,6,600,600,3,30
2618.294,45,6,10,2,4,5,5,100,100,100,100,100,100,5,29,29,6,6,600,600,2,30
2619.294,45,6,10,2,4,5,5,100,100,100,100,100,100,5,29,29,6,6,600,600,2,30
2620.293,45,6,10,2,4,5,5,100,100,100,100,100,100,5,29,29,6,6,600,600,2,30
2621.293,45,6,10,2,4,5,5,100,100,100,100,100,100,5,29,29,6,6,600,600,2,30
2622.293,45,6,10,2,4,5,5,100,100,100,100,100,100,5,29,29,6,6,600,600,2,30
2623.293,45,6,10,2,4,5,5,100,100,100,100,100,100,5,29,29,6,6,600,600,2,30
2624.292,45,6,10,2,4,5,5,100,100,100,100,100,100,5,29,29,6,6,600,600,2,30
2625.292,45,6,10,2,4,5,5,100,100,100,100,100,100,5,29,29,6,6,600,600,2,30
2626.292,45,6,10,2,4,5,5,100,100,100,100,100,100,5,29,29,6,6,600,600,2,30
2627.292,45,6,10,2,4,5,5,100,100,100,100,100,100,5,29,29,6,6,600,600,2,30
2628.292,45,6,10,2,4,5,5,100,100,100,100,100,100,5,29,29,6,6,600,600,2,30
2629.291,45,6,10,2,4,5,5,100,100,100,100,100,100,5,29,29,6,6,600,600,2,30
2630.291,45,6,10,2,4,5,5,100,100,100,100,100,100,5,29,29,6,6,600,600,2,30
2631.291,45,6,10,2,4,5,5,100,100,100,100,100,100,5,29,29,6,6,600,600,2,30
2632.291,45,6,10,2,4,5,5,100,100,100,100,100,100,5,29,29,6,6,600,600,2,30
2633.29,45,6,10,2,4,5,5,100,100,100,100,100,100,5,29,29,6,6,600,600,2,30
2634.29,45,6,10,2,4,5,5,100,100,100,100,100,100,5,29,29,6,6,600,600,2,30
2635.29,45,6,10,2,4,5,5,100,100,100,100,100,100,5,29,29,6,6,600,600,2,30
2636.29,45,6,10,2,4,5,5,100,100,100,100,100,100,5,29,29,6,6,600,600,2,30
2637.289,45,6,10,2,4,5,5,100,100,100,100,100,100,5,29,29,6,6,600,600,2,30
2638.289,45,6,10,2,4,5,5,100,100,100,100,100,100,5,29,29,6,6,600,600,2,30
2639.289,45,6,10,2,4,5,5,100,100,100,100,100,100,5,29,29,6,6,600,600,2,30
2640.289,45,6,10,2,4,5,5,100,100,100,100,100,100,5,29,29,6,6,600,600,3,30
2641.288,45,6,10,2,4,5,5,100,100,100,100,100,100,5,29,29,6,6,600,600,3,30
2642.288,45,6,10,2,4,5,5,100,100,100,100,100,100,5,29,29,6,6,600,600,3,30
2643.288,45,6,10,2,4,5,5,100,100,100,100,100,100,5,29,29,6,6,600,600,3,30
2644.288,45,6,10,2,4,5,5,100,100,100,100,100,100,5,29,29,6,6,600,600,3,30
2645.287,45,6,10,2,4,5,5,100,100,100,100,100,100,5,29,29,6,6,600,600,3,30
2646.287,45,6,10,2,4,5,5,100,100,100,100,100,100,5,29,29,6,6,600,600,3,30
2647.287,45,6,10,2,4,5,5,100,100,100,100,100,100,5,29,29,6,6,600,600,3,30
2648.287,45,6,10,2,4,5,5,100,100,100,100,100,100,5,29,29,6,6,600,600,3,30
2649.286,45,6,10,2,4,5,5,100,100,100,100,100,100,5,29,29,6,6,600,600,3,30
2650.286,45,6,10,2,4,5,5,100,100,100,100,100,100,5,29,29,6,6,600,600,3,30
2651.286,45,6,10,2,4,5,5,100,100,100,100,100,100,5,29,29,6,6,600,600,2,30
2652.286,45,6,10,2,4,5,5,100,100,100,100,100,100,5,29,29,6,6,600,600,2,30
2653.285,45,6,10,2,4,5,5,100,100,100,100,100,100,5,29,29,6,6,600,600,2,30
2654.285,45,6,10,2,4,5,5,100,100,100,100,100,100,5,29,29,6,6,600,600,2,30
2655.285,45,6,10,2,4,5,5,100,100,100,100,100,100,5,29,29,6,6,600,600,2,30
2656.285,45,6,10,2,4,5,5,100,100,100,100,100,100,5,29,29,6,6,600,600,3,30
2657.284,45,6,10,2,4,5,5,100,100,100,100,100,100,5,29,29,6,6,600,600,3,30
2658.284,45,6,10,2,4,5,5,100,100,100,100,100,100,5,29,29,6,6,600,600,3,30
2659.284,45,6,10,2,4,5,5,100,100,100,100,100,100,5,29,29,6,6,600,600,2,30
2660.284,45,6,10,2,4,5,5,100,100,100,100,100,100,5,29,29,6,6,600,600,2,30
2661.283,45,6,10,2,4,5,5,100,100,100,100,100,100,5,29,29,6,6,600,600,2,30
2662.283,45,6,10,2,4,5,5,100,100,100,100,100,100,5,29,29,6,6,600,600,2,30
2663.283,45,6,10,2,4,5,5,100,100,100,100,100,100,5,29,29,6,6,600,600,2,30
2664.283,45,6,10,2,4,5,5,100,100,100,100,100,100,5,29,29,6,6,600,600,2,30
2665.282,45,6,10,2,4,5,5,100,100,100,100,100,100,5,29,29,6,6,600,600,2,30
2666.282,45,6,10,2,4,5,5,100,100,100,100,100,100,5,29,29,6,6,600,600,2,30
2667.282,45,6,10,2,4,5,5,100,100,100,100,100,100,5,29,29,6,6,600,600,2,30
2668.282,45,6,10,2,4,5,5,100,100,100,100,100,100,5,29,29,6,6,600,600,2,30
2669.281,45,6,10,2,4,5,5,100,100,100,100,100,100,5,29,29,6,6,600,600,2,30
2670.281,45,6,10,2,4,5,5,100,100,100,100,100,100,5,29,29,6,6,600,600,2,30
2671.281,45,6,10,2,4,5,5,100,100,100,100,100,100,5,29,29,6,6,600,600,2,30
2672.281,45,6,10,2,4,5,5,100,100,100,100,100,100,5,29,29,6,6,600,600,2,30
2673.281,45,6,10,2,4,5,5,100,100,100,100,100,100,5,29,29,6,6,600,600,2,30
2674.28,45,6,10,2,4,5,5,100,100,100,100,100,100,5,29,29,6,6,600,600,2,30
2675.28,45,6,10,2,4,5,5,100,100,100,100,100,100,5,29,29,6,6,600,600,2,30
2676.28,45,6,10,2,4,5,5,100,100,100,100,100,100,5,29,29,6,6,600,600,2,30
2677.28,45,6,10,2,4,5,5,100,100,100,100,100,100,5,29,29,6,6,600,600,3,30
2678.279,45,6,10,2,4,5,5,100,100,100,100,100,100,5,29,29,6,6,600,600,2,30
2679.279,45,6,10,2,4,5,5,100,100,100,100,100,100,5,29,29,6,6,600,600,2,30
2680.279,45,6,10,2,4,5,5,100,100,100,100,100,100,5,29,29,6,6,600,600,2,30
2681.279,45,6,10,2,4,5,5,100,100,100,100,100,100,5,29,29,6,6,600,600,2,30
2682.278,45,6,10,2,4,5,5,100,100,100,100,100,100,5,29,29,6,6,600,600,3,30
2683.278,45,6,10,2,4,5,5,100,100,100,100,100,100,5,29,29,6,6,600,600,3,30
2684.278,45,6,10,2,4,5,5,100,100,100,100,100,100,5,29,29,6,6,600,600,3,30
2685.278,45,6,10,2,4,5,5,100,100,100,100,100,100,5,29,29,6,6,600,600,3,30
2686.277,45,6,10,2,4,5,5,100,100,100,100,100,100,5,29,29,6,6,600,600,3,30
2687.277,45,6,10,2,4,5,5,100,100,100,100,100,100,5,29,29,6,6,600,600,3,30
2688.277,45,6,10,2,4,5,5,100,100,100,100,100,100,5,29,29,6,6,600,600,2,30
2689.277,45,6,10,2,4,5,5,100,100,100,100,100,100,5,29,29,6,6,600,600,2,30
2690.276,45,6,10,2,4,5,5,100,100,100,100,100,100,5,29,29,6,6,600,600,2,30
2691.276,45,6,10,2,4,5,5,100,100,100,100,100,100,5,29,29,6,6,600,600,2,30
2692.276,45,6,10,2,4,5,5,100,100,100,100,100,100,5,29,29,6,6,600,600,2,30
2693.276,45,6,10,2,4,5,5,100,100,100,100,100,100,5,29,29,6,6,600,600,2,30
2694.275,45,6,10,2,4,5,5,100,100,100,100,100,100,5,29,29,6,6,600,600,2,30
2695.275,45,6,10,2,4,5,5,100,100,100,100,100,100,5,29,29,6,6,600,600,3,30
2696.275,45,6,10,2,4,5,5,100,100,100,100,100,100,5,29,29,6,6,600,600,2,30
2697.275,45,6,10,2,4,5,5,100,100,100,100,100,100,5,29,29,6,6,600,600,2,30
2698.274,45,6,10,2,4,5,5,100,100,100,100,100,100,5,29,29,6,6,600,600,2,30
2699.274,45,6,10,2,4,5,5,100,100,100,100,100,100,5,29,29,6,6,600,600,2,30
2700.274,45,6,10,2,4,5,5,100,100,100,100,100,100,5,29,29,6,6,600,600,2,30
2701.274,45,6,10,2,4,5,5,100,100,100,100,100,100,5,29,29,6,6,600,600,2,30
2702.273,45,6,10,2,4,5,5,100,100,100,100,100,100,5,29,29,6,6,600,600,3,30
2703.273,45,6,10,2,4,5,5,100,100,100,100,100,100,5,29,29,6,6,600,600,3,30
2704.273,45,6,10,2,4,5,5,100,100,100,100,100,100,5,29,29,6,6,600,600,3,30
2705.273,45,6,10,2,4,5,5,100,100,100,100,100,100,5,29,29,6,6,600,600,3,30
2706.272,45,6,10,2,4,5,5,100,100,100,100,100,100,5,29,29,6,6,600,600,3,30
2707.272,45,6,10,2,4,5,5,100,100,100,100,100,100,5,29,29,6,6,600,600,3,30
2708.272,45,6,10,2,4,5,5,100,100,100,100,100,100,5,29,29,6,6,600,600,3,30
2709.272,45,6,10,2,4,5,5,100,100,100,100,100,100,5,29,29,6,6,600,600,4,30
2710.271,45,6,10,2,4,5,5,100,100,100,100,100,100,5,29,29,6,6,600,600,4,30
2711.271,45,6,10,2,4,5,5,100,100,100,100,100,100,5,29,29,6,6,600,600,3,30
2712.271,45,6,10,2,4,5,5,100,100,100,100,100,100,5,29,29,6,6,600,600,3,30
2713.271,45,6,10,2,4,5,5,100,100,100,100,100,100,5,29,29,6,6,600,600,4,30
2714.271,45,6,10,2,4,5,5,100,100,100,100,100,100,5,29,29,6,6,600,600,5,30
2715.27,45,6,10,2,4,5,5,100,100,100,100,100,100,5,29,29,6,6,600,600,4,30
2716.27,45,6,10,2,4,5,5,100,100,100,100,100,100,5,29,29,6,6,600,600,4,30
2717.27,45,6,10,2,4,5,5,100,100,100,100,100,100,5,29,29,6,6,600,600,3,30
2718.27,45,6,10,2,4,5,5,100,100,100,100,100,100,5,29,29,6,6,600,600,3,30
2719.269,45,6,10,2,4,5,5,100,100,100,100,100,100,5,29,29,6,6,600,600,2,30
2720.269,45,6,10,2,4,5,5,100,100,100,100,100,100,5,29,29,6,6,600,600,2,30
2721.269,45,6,10,2,4,5,5,100,100,100,100,100,100,5,29,29,6,6,600,600,3,30
2722.269,45,6,10,2,4,5,5,100,100,100,100,100,100,5,29,29,6,6,600,600,2,30
2723.268,45,6,10,2,4,5,5,100,100,100,100,100,100,5,29,29,6,6,600,600,2,30
2724.268,45,6,10,2,4,5,5,100,100,100,100,100,100,5,29,29,6,6,600,600,2,30
2725.268,45,6,10,2,4,5,5,100,100,100,100,100,100,5,29,29,6,6,600,600,2,30
2726.268,45,6,10,2,4,5,5,100,100,100,100,100,100,5,29,29,6,6,600,600,3,30
2727.267,45,6,10,2,4,5,5,100,100,100,100,100,100,5,29,29,6,6,600,600,2,30
2728.267,45,6,10,2,4,5,5,100,100,100,100,100,100,5,29,29,6,6,600,600,2,30
2729.267,45,6,10,2,4,5,5,100,100,100,100,100,100,5,29,29,6,6,600,600,3,30
2730.267,45,6,10,2,4,5,5,100,100,100,100,100,100,5,29,29,6,6,600,600,4,30
2731.266,45,6,10,2,4,5,5,100,100,100,100,100,100,5,29,29,6,6,600,600,4,30
2732.266,45,6,10,2,4,5,5,100,100,100,100,100,100,5,29,29,6,6,600,600,3,30
2733.266,45,6,10,2,4,5,5,100,100,100,100,100,100,5,29,29,6,6,600,600,3,30
2734.266,45,6,10,2,4,5,5,100,100,100,100,100,100,5,29,29,6,6,600,600,3,30
2735.265,45,6,10,2,4,5,5,100,100,100,100,100,100,5,29,29,6,6,600,600,4,30
2736.265,45,6,10,2,4,5,5,100,100,100,100,100,100,5,29,29,6,6,600,600,2,30
2737.265,45,6,10,2,4,5,5,100,100,100,100,100,100,5,29,29,6,6,600,600,2,30
2738.265,45,6,10,2,4,5,5,100,100,100,100,100,100,5,29,29,6,6,600,600,2,30
2739.264,45,6,10,2,4,5,5,100,100,100,100,100,100,5,29,29,6,6,600,600,2,30
2740.264,45,6,10,2,4,5,5,100,100,100,100,100,100,5,29,29,6,6,600,600,3,30
2741.264,45,6,10,2,4,5,5,100,100,100,100,100,100,5,29,29,6,6,600,600,5,30
2742.264,45,6,10,2,4,5,5,100,100,100,100,100,100,5,29,29,6,6,600,600,4,30
2743.263,45,6,10,2,4,5,5,100,100,100,100,100,100,5,29,29,6,6,600,600,3,30
2744.263,45,6,10,2,4,5,5,100,100,100,100,100,100,5,29,29,6,6,600,600,3,30
2745.263,45,6,10,2,4,5,5,100,100,100,100,100,100,5,29,29,6,6,600,600,3,30
2746.263,45,6,10,2,4,5,5,100,100,100,100,100,100,5,29,29,6,6,600,600,3,30
2747.262,45,6,10,2,4,5,5,100,100,100,100,100,100,5,29,29,6,6,600,600,2,30
2748.262,45,6,10,2,4,5,5,100,100,100,100,100,100,5,29,29,6,6,600,600,2,30
2749.262,45,6,10,2,4,5,5,100,100,100,100,100,100,5,29,29,6,6,600,600,3,30
2750.262,45,6,10,2,4,5,5,100,100,100,100,100,100,5,29,29,6,6,600,600,3,30
2751.261,45,6,10,2,4,5,5,100,100,100,100,100,100,5,29,29,6,6,600,600,4,30
2752.261,45,6,10,2,4,5,5,100,100,100,100,100,100,5,29,29,6,6,600,600,4,30
2753.261,45,6,10,2,4,5,5,100,100,100,100,100,100,5,29,29,6,6,600,600,4,30
2754.261,45,6,10,2,4,5,5,100,100,100,100,100,100,5,29,29,6,6,600,600,4,30
2755.26,45,6,10,2,4,5,5,100,100,100,100,100,100,5,29,29,6,6,600,600,4,30
2756.26,45,6,10,2,4,5,5,100,100,100,100,100,100,5,29,29,6,6,600,600,4,30
2757.26,45,6,10,2,4,5,5,100,100,100,100,100,100,5,29,29,6,6,600,600,3,30
2758.26,45,6,10,2,4,5,5,100,100,100,100,100,100,5,29,29,6,6,600,600,4,30
2759.26,45,6,10,2,4,5,5,100,100,100,100,100,100,5,29,29,6,6,600,600,4,30
2760.259,45,6,10,2,4,5,5,100,100,100,100,100,100,5,29,29,6,6,600,600,4,30
2761.259,45,6,10,2,4,5,5,100,100,100,100,100,100,5,29,29,6,6,600,600,3,30
2762.259,45,6,10,2,4,5,5,100,100,100,100,100,100,5,29,29,6,6,600,600,3,30
2763.259,45,6,10,2,4,5,5,100,100,100,100,100,100,5,29,29,6,6,600,600,3,30
2764.258,45,6,10,2,4,5,5,100,100,100,100,100,100,5,29,29,6,6,600,600,3,30
2765.258,45,6,10,2,4,5,5,100,100,100,100,100,100,5,29,29,6,6,600,600,2,30
2766.258,45,6,10,2,4,5,5,100,100,100,100,100,100,5,29,29,6,6,600,600,2,30
2767.258,45,6,10,2,4,5,5,100,100,100,100,100,100,5,29,29,6,6,600,600,2,30
2768.257,45,6,10,2,4,5,5,100,100,100,100,100,100,5,29,29,6,6,600,600,2,30
2769.257,45,6,10,2,4,5,5,100,100,100,100,100,100,5,29,29,6,6,600,600,2,30
2770.257,45,6,10,2,4,5,5,100,100,100,100,100,100,5,29,29,6,6,600,600,2,30
2771.257,45,6,10,2,4,5,5,100,100,100,100,100,100,5,29,29,6,6,600,600,3,30
2772.256,45,6,10,2,4,5,5,100,100,100,100,100,100,5,29,29,6,6,600,600,3,30
2773.256,45,6,10,2,4,5,5,100,100,100,100,100,100,5,29,29,6,6,600,600,3,30
2774.256,45,6,10,2,4,5,5,100,100,100,100,100,100,5,29,29,6,6,600,600,3,30
2775.256,45,6,10,2,4,5,5,100,100,100,100,100,100,5,29,29,6,6,600,600,2,30
2776.255,45,6,10,2,4,5,5,100,100,100,100,100,100,5,29,29,6,6,600,600,2,30
2777.255,45,6,10,2,4,5,5,100,100,100,100,100,100,5,29,29,6,6,600,600,2,30
2778.255,45,6,10,2,4,5,5,100,100,100,100,100,100,5,29,29,6,6,600,600,2,30
2779.255,45,6,10,2,4,5,5,100,100,100,100,100,100,5,29,29,6,6,600,600,3,30
2780.254,45,6,10,2,4,5,5,100,100,100,100,100,100,5,29,29,6,6,600,600,2,30
2781.254,45,6,10,2,4,5,5,100,100,100,100,100,100,5,29,29,6,6,600,600,2,30
2782.254,45,6,10,2,4,5,5,100,100,100,100,100,100,5,29,29,6,6,600,600,2,30
2783.254,45,6,10,2,4,5,5,100,100,100,100,100,100,5,29,29,6,6,600,600,2,30
2784.253,45,6,10,2,4,5,5,100,100,100,100,100,100,5,29,29,6,6,600,600,2,30
2785.253,45,6,10,2,4,5,5,100,100,100,100,100,100,5,29,29,6,6,600,600,3,30
2786.253,45,6,10,2,4,5,5,100,100,100,100,100,100,5,29,29,6,6,600,600,3,30
2787.253,45,6,10,2,4,5,5,100,100,100,100,100,100,5,29,29,6,6,600,600,3,30
2788.252,45,6,10,2,4,5,5,100,100,100,100,100,100,5,29,29,6,6,600,600,3,30
2789.252,45,6,10,2,4,5,5,100,100,100,100,100,100,5,29,29,6,6,600,600,2,30
2790.252,45,6,10,2,4,5,5,100,100,100,100,100,100,5,29,29,6,6,600,600,2,30
2791.252,45,6,10,2,4,5,5,100,100,100,100,100,100,5,29,29,6,6,600,600,3,30
2792.251,45,6,10,2,4,5,5,100,100,100,100,100,100,5,29,29,6,6,600,600,4,30
2793.251,45,6,10,2,4,5,5,100,100,100,100,100,100,5,29,29,6,6,600,600,5,30
2794.251,45,6,10,2,4,5,5,100,100,100,100,100,100,5,29,29,6,6,600,600,5,30
2795.251,45,6,10,2,4,5,5,100,100,100,100,100,100,5,29,29,6,6,600,600,4,30
2796.25,45,6,10,2,4,5,5,100,100,100,100,100,100,5,29,29,6,6,600,600,3,30
2797.25,45,6,10,2,4,5,5,100,100,100,100,100,100,5,29,29,6,6,600,600,3,30
2798.25,45,6,10,2,4,5,5,100,100,100,100,100,100,5,29,29,6,6,600,600,3,30
2799.25,45,6,10,2,4,5,5,100,100,100,100,100,100,5,29,29,6,6,600,600,4,30
2800.25,45,6,10,2,4,5,5,100,100,100,100,100,100,5,29,29,6,6,600,600,4,30
2801.249,45,6,10,2,4,5,5,100,100,100,100,100,100,5,29,29,6,6,600,600,3,30
2802.249,45,6,10,2,4,5,5,100,100,100,100,100,100,5,29,29,6,6,600,600,3,30
2803.249,45,6,10,2,4,5,5,100,100,100,100,100,100,5,29,29,6,6,600,600,3,30
2804.249,45,6,10,2,4,5,5,100,100,100,100,100,100,5,29,29,6,6,600,600,3,30
2805.248,45,6,10,2,4,5,5,100,100,100,100,100,100,5,29,29,6,6,600,600,3,30
2806.248,45,6,10,2,4,5,5,100,100,100,100,100,100,5,29,29,6,6,600,600,3,30
2807.248,45,6,10,2,4,5,5,100,100,100,100,100,100,5,29,29,6,6,600,600,3,30
2808.248,45,6,10,2,4,5,5,100,100,100,100,100,100,5,29,29,6,6,600,600,3,30
2809.247,45,6,10,2,4,5,5,100,100,100,100,100,100,5,29,29,6,6,600,600,3,30
2810.247,45,6,10,2,4,5,5,100,100,100,100,100,100,5,29,29,6,6,600,600,4,30
2811.247,45,6,10,2,4,5,5,100,100,100,100,100,100,5,29,29,6,6,600,600,4,30
2812.247,45,6,10,2,4,5,5,100,100,100,100,100,100,5,29,29,6,6,600,600,4,30
2813.246,45,6,10,2,4,5,5,100,100,100,100,100,100,5,29,29,6,6,600,600,4,30
2814.246,45,6,10,2,4,5,5,100,100,100,100,100,100,5,29,29,6,6,600,600,3,30
2815.246,45,6,10,2,4,5,5,100,100,100,100,100,100,5,29,29,6,6,600,600,4,30
2816.246,45,6,10,2,4,5,5,100,100,100,100,100,100,5,29,29,6,6,600,600,3,30
2817.245,45,6,10,2,4,5,5,100,100,100,100,100,100,5,29,29,6,6,600,600,2,30
2818.245,45,6,10,2,4,5,5,100,100,100,100,100,100,5,29,29,6,6,600,600,2,30
2819.245,45,6,10,2,4,5,5,100,100,100,100,100,100,5,29,29,6,6,600,600,2,30
2820.245,45,6,10,2,4,5,5,100,100,100,100,100,100,5,29,29,6,6,600,600,2,30
2821.244,45,6,10,2,4,5,5,100,100,100,100,100,100,5,29,29,6,6,600,600,2,30
2822.244,45,6,10,2,4,5,5,100,100,100,100,100,100,5,29,29,6,6,600,600,2,30
2823.244,45,6,10,2,4,5,5,100,100,100,100,100,100,5,29,29,6,6,600,600,2,30
2824.244,45,6,10,2,4,5,5,100,100,100,100,100,100,5,29,29,6,6,600,600,2,30
2825.243,45,6,10,2,4,5,5,100,100,100,100,100,100,5,29,29,6,6,600,600,3,30
2826.243,45,6,10,2,4,5,5,100,100,100,100,100,100,5,29,29,6,6,600,600,3,30
2827.243,45,6,10,2,4,5,5,100,100,100,100,100,100,5,29,29,6,6,600,600,3,30
2828.243,45,6,10,2,4,5,5,100,100,100,100,100,100,5,29,29,6,6,600,600,3,30
2829.242,45,6,10,2,4,5,5,100,100,100,100,100,100,5,29,29,6,6,600,600,2,30
2830.242,45,6,10,2,4,5,5,100,100,100,100,100,100,5,29,29,6,6,600,600,3,30
2831.242,45,6,10,2,4,5,5,100,100,100,100,100,100,5,29,29,6,6,600,600,3,30
2832.242,45,6,10,2,4,5,5,100,100,100,100,100,100,5,29,29,6,6,600,600,3,30
2833.241,45,6,10,2,4,5,5,100,100,100,100,100,100,5,29,29,6,6,600,600,3,30
2834.241,45,6,10,2,4,5,5,100,100,100,100,100,100,5,29,29,6,6,600,600,3,30
2835.241,45,6,10,2,4,5,5,100,100,100,100,100,100,5,29,29,6,6,600,600,3,30
2836.241,45,6,10,2,4,5,5,100,100,100,100,100,100,5,29,29,6,6,600,600,3,30
2837.24,45,6,10,2,4,5,5,100,100,100,100,100,100,5,29,29,6,6,600,600,3,30
2838.24,45,6,10,2,4,5,5,100,100,100,100,100,100,5,29,29,6,6,600,600,3,30
2839.24,45,6,10,2,4,5,5,100,100,100,100,100,100,5,29,29,6,6,600,600,4,30
2840.24,45,6,10,2,4,5,5,100,100,100,100,100,100,5,29,29,6,6,600,600,3,30
2841.24,45,6,10,2,4,5,5,100,100,100,100,100,100,5,29,29,6,6,600,600,4,30
2842.239,45,6,10,2,4,5,5,100,100,100,100,100,100,5,29,29,6,6,600,600,2,30
2843.239,45,6,10,2,4,5,5,100,100,100,100,100,100,5,29,29,6,6,600,600,2,30
2844.239,45,6,10,2,4,5,5,100,100,100,100,100,100,5,29,29,6,6,600,600,3,30
2845.239,45,6,10,2,4,5,5,100,100,100,100,100,100,5,29,29,6,6,600,600,3,30
2846.238,45,6,10,2,4,5,5,100,100,100,100,100,100,5,29,29,6,6,600,600,3,30
2847.238,45,6,10,2,4,5,5,100,100,100,100,100,100,5,29,29,6,6,600,600,3,30
2848.238,45,6,10,2,4,5,5,100,100,100,100,100,100,5,29,29,6,6,600,600,2,30
2849.238,45,6,10,2,4,5,5,100,100,100,100,100,100,5,29,29,6,6,600,600,3,30
2850.237,45,6,10,2,4,5,5,100,100,100,100,100,100,5,29,29,6,6,600,600,2,30
2851.237,45,6,10,2,4,5,5,100,100,100,100,100,100,5,29,29,6,6,600,600,2,30
2852.237,45,6,10,2,4,5,5,100,100,100,100,100,100,5,29,29,6,6,600,600,2,30
2853.237,45,6,10,2,4,5,5,100,100,100,100,100,100,5,29,29,6,6,600,600,2,30
2854.236,45,6,10,2,4,5,5,100,100,100,100,100,100,5,29,29,6,6,600,600,2,30
2855.236,45,6,10,2,4,5,5,100,100,100,100,100,100,5,29,29,6,6,600,600,3,30
2856.236,45,6,10,2,4,5,5,100,100,100,100,100,100,5,29,29,6,6,600,600,3,30
2857.236,45,6,10,2,4,5,5,100,100,100,100,100,100,5,29,29,6,6,600,600,3,30
2858.235,45,6,10,2,4,5,5,100,100,100,100,100,100,5,29,29,6,6,600,600,4,30
2859.235,45,6,10,2,4,5,5,100,100,100,100,100,100,5,29,29,6,6,600,600,4,30
2860.235,45,6,10,2,4,5,5,100,100,100,100,100,100,5,29,29,6,6,600,600,3,30
2861.235,45,6,10,2,4,5,5,100,100,100,100,100,100,5,29,29,6,6,600,600,3,30
2862.234,45,6,10,2,4,5,5,100,100,100,100,100,100,5,29,29,6,6,600,600,3,30
2863.234,45,6,10,2,4,5,5,100,100,100,100,100,100,5,29,29,6,6,600,600,4,30
2864.234,45,6,10,2,4,5,5,100,100,100,100,100,100,5,29,29,6,6,600,600,3,30
2865.234,45,6,10,2,4,5,5,100,100,100,100,100,100,5,29,29,6,6,600,600,3,30
2866.233,45,6,10,2,4,5,5,100,100,100,100,100,100,5,29,29,6,6,600,600,2,30
2867.233,45,6,10,2,4,5,5,100,100,100,100,100,100,5,29,29,6,6,600,600,3,30
2868.233,45,6,10,2,4,5,5,100,100,100,100,100,100,5,29,29,6,6,600,600,3,30
2869.233,45,6,10,2,4,5,5,100,100,100,100,100,100,5,29,29,6,6,600,600,3,30
2870.232,45,6,10,2,4,5,5,100,100,100,100,100,100,5,29,29,6,6,600,600,3,30
2871.232,45,6,10,2,4,5,5,100,100,100,100,100,100,5,29,29,6,6,600,600,3,30
2872.232,45,6,10,2,4,5,5,100,100,100,100,100,100,5,29,29,6,6,600,600,4,30
2873.232,45,6,10,2,4,5,5,100,100,100,100,100,100,5,29,29,6,6,600,600,4,30
2874.231,45,6,10,2,4,5,5,100,100,100,100,100,100,5,29,29,6,6,600,600,3,30
2875.231,45,6,10,2,4,5,5,100,100,100,100,100,100,5,29,29,6,6,600,600,4,30
2876.231,45,6,10,2,4,5,5,100,100,100,100,100,100,5,29,29,6,6,600,600,3,30
2877.231,45,6,10,2,4,5,5,100,100,100,100,100,100,5,29,29,6,6,600,600,3,30
2878.23,45,6,10,2,4,5,5,100,100,100,100,100,100,5,29,29,6,6,600,600,3,30
2879.23,45,6,10,2,4,5,5,100,100,100,100,100,100,5,29,29,6,6,600,600,3,30
2880.23,45,6,10,2,4,5,5,100,100,100,100,100,100,5,29,29,6,6,600,600,4,30
2881.23,45,6,10,2,4,5,5,100,100,100,100,100,100,5,29,29,6,6,600,600,2,30
2882.229,45,6,10,2,4,5,5,100,100,100,100,100,100,5,29,29,6,6,600,600,3,30
2883.229,45,6,10,2,4,5,5,100,100,100,100,100,100,5,29,29,6,6,600,600,3,30
2884.229,45,6,10,2,4,5,5,100,100,100,100,100,100,5,29,29,6,6,600,600,3,30
2885.229,45,6,10,2,4,5,5,100,100,100,100,100,100,5,29,29,6,6,600,600,3,30
2886.229,45,6,10,2,4,5,5,100,100,100,100,100,100,5,29,29,6,6,600,600,3,30
2887.228,45,6,10,2,4,5,5,100,100,100,100,100,100,5,29,29,6,6,600,600,3,30
2888.228,45,6,10,2,4,5,5,100,100,100,100,100,100,5,29,29,6,6,600,600,3,30
2889.228,45,6,10,2,4,5,5,100,100,100,100,100,100,5,29,29,6,6,600,600,3,30
2890.228,45,6,10,2,4,5,5,100,100,100,100,100,100,5,29,29,6,6,600,600,2,30
2891.227,45,6,10,2,4,5,5,100,100,100,100,100,100,5,29,29,6,6,600,600,3,30
2892.227,45,6,10,2,4,5,5,100,100,100,100,100,100,5,29,29,6,6,600,600,5,30
2893.227,45,6,10,2,4,5,5,100,100,100,100,100,100,5,29,29,6,6,600,600,5,30
2894.227,45,6,10,2,4,5,5,100,100,100,100,100,100,5,29,29,6,6,600,600,5,30
2895.226,45,6,10,2,4,5,5,100,100,100,100,100,100,5,29,29,6,6,600,600,4,30
2896.226,45,6,10,2,4,5,5,100,100,100,100,100,100,5,29,29,6,6,600,600,4,30
2897.226,45,6,10,2,4,5,5,100,100,100,100,100,100,5,29,29,6,6,600,600,4,30
2898.226,45,6,10,2,4,5,5,100,100,100,100,100,100,5,29,29,6,6,600,600,4,30
2899.225,45,6,10,2,4,5,5,100,100,100,100,100,100,5,29,29,6,6,600,600,4,30
2900.225,45,6,10,2,4,5,5,100,100,100,100,100,100,5,29,29,6,6,600,600,4,30
2901.225,45,6,10,2,4,5,5,100,100,100,100,100,100,5,29,29,6,6,600,600,4,30
2902.225,45,6,10,2,4,5,5,100,100,100,100,100,100,5,29,29,6,6,600,600,5,30
2903.224,45,6,10,2,4,5,5,100,100,100,100,100,100,5,29,29,6,6,600,600,5,30
2904.224,45,6,10,2,4,5,5,100,100,100,100,100,100,5,29,29,6,6,600,600,5,30
2905.224,45,6,10,2,4,5,5,100,100,100,100,100,100,5,29,29,6,6,600,600,3,30
2906.224,45,6,10,2,4,5,5,100,100,100,100,100,100,5,29,29,6,6,600,600,3,30
2907.223,45,6,10,2,4,5,5,100,100,100,100,100,100,5,29,29,6,6,600,600,3,30
2908.223,45,6,10,2,4,5,5,100,100,100,100,100,100,5,29,29,6,6,600,600,3,30
2909.223,45,6,10,2,4,5,5,100,100,100,100,100,100,5,29,29,6,6,600,600,4,30
2910.223,45,6,10,2,4,5,5,100,100,100,100,100,100,5,29,29,6,6,600,600,3,30
2911.222,45,6,10,2,4,5,5,100,100,100,100,100,100,5,29,29,6,6,600,600,3,30
2912.222,45,6,10,2,4,5,5,100,100,100,100,100,100,5,29,29,6,6,600,600,3,30
2913.222,45,6,10,2,4,5,5,100,100,100,100,100,100,5,29,29,6,6,600,600,3,30
2914.222,45,6,10,2,4,5,5,100,100,100,100,100,100,5,29,29,6,6,600,600,3,30
2915.221,45,6,10,2,4,5,5,100,100,100,100,100,100,5,29,29,6,6,600,600,3,30
2916.221,45,6,10,2,4,5,5,100,100,100,100,100,100,5,29,29,6,6,600,600,3,30
2917.221,45,6,10,2,4,5,5,100,100,100,100,100,100,5,29,29,6,6,600,600,4,30
2918.221,45,6,10,2,4,5,5,100,100,100,100,100,100,5,29,29,6,6,600,600,4,30
2919.22,45,6,10,2,4,5,5,100,100,100,100,100,100,5,29,29,6,6,600,600,4,30
2920.22,45,6,10,2,4,5,5,100,100,100,100,100,100,5,29,29,6,6,600,600,4,30
2921.22,45,6,10,2,4,5,5,100,100,100,100,100,100,5,29,29,6,6,600,600,4,30
2922.22,45,6,10,2,4,5,5,100,100,100,100,100,100,5,29,29,6,6,600,600,5,30
2923.219,45,6,10,2,4,5,5,100,100,100,100,100,100,5,29,29,6,6,600,600,4,30
2924.219,45,6,10,2,4,5,5,100,100,100,100,100,100,5,29,29,6,6,600,600,3,30
2925.219,45,6,10,2,4,5,5,100,100,100,100,100,100,5,29,29,6,6,600,600,5,30
2926.219,45,6,10,2,4,5,5,100,100,100,100,100,100,5,29,29,6,6,600,600,5,30
2927.219,45,6,10,2,4,5,5,100,100,100,100,100,100,5,29,29,6,6,600,600,5,30
2928.218,45,6,10,2,4,5,5,100,100,100,100,100,100,5,29,29,6,6,600,600,4,30
2929.218,45,6,10,2,4,5,5,100,100,100,100,100,100,5,29,29,6,6,600,600,5,30
2930.218,45,6,10,2,4,5,5,100,100,100,100,100,100,5,29,29,6,6,600,600,5,30
2931.218,45,6,10,2,4,5,5,100,100,100,100,100,100,5,29,29,6,6,600,600,5,30
2932.217,45,6,10,2,4,5,5,100,100,100,100,100,100,5,29,29,6,6,600,600,5,30
2933.217,45,6,10,2,4,5,5,100,100,100,100,100,100,5,29,29,6,6,600,600,4,30
2934.217,45,6,10,2,4,5,5,100,100,100,100,100,100,5,29,29,6,6,600,600,5,30
2935.217,45,6,10,2,4,5,5,100,100,100,100,100,100,5,29,29,6,6,600,600,5,30
2936.216,45,6,10,2,4,5,5,100,100,100,100,100,100,5,29,29,6,6,600,600,3,30
2937.216,45,6,10,2,4,5,5,100,100,100,100,100,100,5,29,29,6,6,600,600,3,30
2938.216,45,6,10,2,4,5,5,100,100,100,100,100,100,5,29,29,6,6,600,600,4,30
2939.216,45,6,10,2,4,5,5,100,100,100,100,100,100,5,29,29,6,6,600,600,3,30
2940.215,45,6,10,2,4,5,5,100,100,100,100,100,100,5,29,29,6,6,600,600,4,30
2941.215,45,6,10,2,4,5,5,100,100,100,100,100,100,5,29,29,6,6,600,600,4,30
2942.215,45,6,10,2,4,5,5,100,100,100,100,100,100,5,29,29,6,6,600,600,4,30
2943.215,45,6,10,2,4,5,5,100,100,100,100,100,100,5,29,29,6,6,600,600,4,30
2944.214,45,6,10,2,4,5,5,100,100,100,100,100,100,5,29,29,6,6,600,600,3,30
2945.214,45,6,10,2,4,5,5,100,100,100,100,100,100,5,29,29,6,6,600,600,3,30
2946.214,45,6,10,2,4,5,5,100,100,100,100,100,100,5,29,29,6,6,600,600,3,30
2947.214,45,6,10,2,4,5,5,100,100,100,100,100,100,5,29,29,6,6,600,600,3,30
2948.213,45,6,10,2,4,5,5,100,100,100,100,100,100,5,29,29,6,6,600,600,3,30
2949.213,45,6,10,2,4,5,5,100,100,100,100,100,100,5,29,29,6,6,600,600,4,30
2950.213,45,6,10,2,4,5,5,100,100,100,100,100,100,5,29,29,6,6,600,600,4,30
2951.213,45,6,10,2,4,5,5,100,100,100,100,100,100,5,29,29,6,6,600,600,4,30
2952.212,45,6,10,2,4,5,5,100,100,100,100,100,100,5,29,29,6,6,600,600,2,30
2953.212,45,6,10,2,4,5,5,100,100,100,100,100,100,5,29,29,6,6,600,600,2,30
2954.212,45,6,10,2,4,5,5,100,100,100,100,100,100,5,29,29,6,6,600,600,2,30
2955.212,45,6,10,2,4,5,5,100,100,100,100,100,100,5,29,29,6,6,600,600,2,30
2956.211,45,6,10,2,4,5,5,100,100,100,100,100,100,5,29,29,6,6,600,600,2,30
2957.211,45,6,10,2,4,5,5,100,100,100,100,100,100,5,29,29,6,6,600,600,2,30
2958.211,45,6,10,2,4,5,5,100,100,100,100,100,100,5,29,29,6,6,600,600,2,30
2959.211,45,6,10,2,4,5,5,100,100,100,100,100,100,5,29,29,6,6,600,600,2,30
2960.21,45,6,10,2,4,5,5,100,100,100,100,100,100,5,29,29,6,6,600,600,3,30
2961.21,45,6,10,2,4,5,5,100,100,100,100,100,100,5,29,29,6,6,600,600,3,30
2962.21,45,6,10,2,4,5,5,100,100,100,100,100,100,5,29,29,6,6,600,600,3,30
2963.21,45,6,10,2,4,5,5,100,100,100,100,100,100,5,29,29,6,6,600,600,2,30
2964.209,45,6,10,2,4,5,5,100,100,100,100,100,100,5,29,29,6,6,600,600,3,30
2965.209,45,6,10,2,4,5,5,100,100,100,100,100,100,5,29,29,6,6,600,600,3,30
2966.209,45,6,10,2,4,5,5,100,100,100,100,100,100,5,29,29,6,6,600,600,3,30
2967.209,45,6,10,2,4,5,5,100,100,100,100,100,100,5,29,29,6,6,600,600,3,30
2968.208,45,6,10,2,4,5,5,100,100,100,100,100,100,5,29,29,6,6,600,600,3,30
2969.208,45,6,10,2,4,5,5,100,100,100,100,100,100,5,29,29,6,6,600,600,3,30
2970.208,45,6,10,2,4,5,5,100,100,100,100,100,100,5,29,29,6,6,600,600,3,30
2971.208,45,6,10,2,4,5,5,100,100,100,100,100,100,5,29,29,6,6,600,600,3,30
2972.208,45,6,10,2,4,5,5,100,100,100,100,100,100,5,29,29,6,6,600,600,3,30
2973.207,45,6,10,2,4,5,5,100,100,100,100,100,100,5,29,29,6,6,600,600,4,30
2974.207,45,6,10,2,4,5,5,100,100,100,100,100,100,5,29,29,6,6,600,600,3,30
2975.207,45,6,10,2,4,5,5,100,100,100,100,100,100,5,29,29,6,6,600,600,3,30
2976.207,45,6,10,2,4,5,5,100,100,100,100,100,100,5,29,29,6,6,600,600,3,30
2977.206,45,6,10,2,4,5,5,100,100,100,100,100,100,5,29,29,6,6,600,600,3,30
2978.206,45,6,10,2,4,5,5,100,100,100,100,100,100,5,29,29,6,6,600,600,2,30
2979.206,45,6,10,2,4,5,5,100,100,100,100,100,100,5,29,29,6,6,600,600,2,30
2980.206,45,6,10,2,4,5,5,100,100,100,100,100,100,5,29,29,6,6,600,600,2,30
2981.205,45,6,10,2,4,5,5,100,100,100,100,100,100,5,29,29,6,6,600,600,2,30
2982.205,45,6,10,2,4,5,5,100,100,100,100,100,100,5,29,29,6,6,600,600,2,30
2983.205,45,6,10,2,4,5,5,100,100,100,100,100,100,5,29,29,6,6,600,600,2,30
2984.205,45,6,10,2,4,5,5,100,100,100,100,100,100,5,29,29,6,6,600,600,2,30
2985.204,45,6,10,2,4,5,5,100,100,100,100,100,100,5,29,29,6,6,600,600,3,30
2986.204,45,6,10,2,4,5,5,100,100,100,100,100,100,5,29,29,6,6,600,600,3,30
2987.204,45,6,10,2,4,5,5,100,100,100,100,100,100,5,29,29,6,6,600,600,3,30
2988.204,45,6,10,2,4,5,5,100,100,100,100,100,100,5,29,29,6,6,600,600,2,30
2989.203,45,6,10,2,4,5,5,100,100,100,100,100,100,5,29,29,6,6,600,600,3,30
2990.203,45,6,10,2,4,5,5,100,100,100,100,100,100,5,29,29,6,6,600,600,2,30
2991.203,45,6,10,2,4,5,5,100,100,100,100,100,100,5,29,29,6,6,600,600,2,30
2992.203,45,6,10,2,4,5,5,100,100,100,100,100,100,5,29,29,6,6,600,600,2,30
2993.202,45,6,10,2,4,5,5,100,100,100,100,100,100,5,29,29,6,6,600,600,2,30
2994.202,45,6,10,2,4,5,5,100,100,100,100,100,100,5,29,29,6,6,600,600,2,30
2995.202,45,6,10,2,4,5,5,100,100,100,100,100,100,5,29,29,6,6,600,600,2,30
2996.202,45,6,10,2,4,5,5,100,100,100,100,100,100,5,29,29,6,6,600,600,2,30
2997.201,45,6,10,2,4,5,5,100,100,100,100,100,100,5,29,29,6,6,600,600,2,30
2998.201,45,6,10,2,4,5,5,100,100,100,100,100,100,5,29,29,6,6,600,600,2,30
2999.201,45,6,10,2,4,5,5,100,100,100,100,100,100,5,29,29,6,6,600,600,2,30
3000.201,45,6,10,2,4,5,5,100,100,100,100,100,100,5,29,29,6,6,600,600,2,30
3001.2,45,6,10,2,4,5,5,100,100,100,100,100,100,5,29,29,6,6,600,600,2,30
3002.2,45,6,10,2,4,5,5,100,100,100,100,100,100,5,29,29,6,6,600,600,2,30
3003.2,45,6,10,2,4,5,5,100,100,100,100,100,100,5,29,29,6,6,600,600,3,30
3004.2,45,6,10,2,4,5,5,100,100,100,100,100,100,5,29,29,6,6,600,600,3,30
3005.199,45,6,10,2,4,5,5,100,100,100,100,100,100,5,29,29,6,6,600,600,3,30
3006.199,45,6,10,2,4,5,5,100,100,100,100,100,100,5,29,29,6,6,600,600,3,30
3007.199,45,6,10,2,4,5,5,100,100,100,100,100,100,5,29,29,6,6,600,600,3,30
3008.199,45,6,10,2,4,5,5,100,100,100,100,100,100,5,29,29,6,6,600,600,2,30
3009.198,45,6,10,2,4,5,5,100,100,100,100,100,100,5,29,29,6,6,600,600,4,30
3010.198,45,6,10,2,4,5,5,100,100,100,100,100,100,5,29,29,6,6,600,600,4,30
3011.198,45,6,10,2,4,5,5,100,100,100,100,100,100,5,29,29,6,6,600,600,4,30
3012.198,45,6,10,2,4,5,5,100,100,100,100,100,100,5,29,29,6,6,600,600,3,30
3013.198,45,6,10,2,4,5,5,100,100,100,100,100,100,5,29,29,6,6,600,600,3,30
3014.197,45,6,10,2,4,5,5,100,100,100,100,100,100,5,29,29,6,6,600,600,4,30
3015.197,45,6,10,2,4,5,5,100,100,100,100,100,100,5,29,29,6,6,600,600,4,30
3016.197,45,6,10,2,4,5,5,100,100,100,100,100,100,5,29,29,6,6,600,600,4,30
3017.197,45,6,10,2,4,5,5,100,100,100,100,100,100,5,29,29,6,6,600,600,4,30
3018.196,45,6,10,2,4,5,5,100,100,100,100,100,100,5,29,29,6,6,600,600,4,30
3019.196,45,6,10,2,4,5,5,100,100,100,100,100,100,5,29,29,6,6,600,600,4,30
3020.196,45,6,10,2,4,5,5,100,100,100,100,100,100,5,29,29,6,6,600,600,4,30
3021.196,45,6,10,2,4,5,5,100,100,100,100,100,100,5,29,29,6,6,600,600,4,30
3022.195,45,6,10,2,4,5,5,100,100,100,100,100,100,5,29,29,6,6,600,600,4,30
3023.195,45,6,10,2,4,5,5,100,100,100,100,100,100,5,29,29,6,6,600,600,3,30
3024.195,45,6,10,2,4,5,5,100,100,100,100,100,100,5,29,29,6,6,600,600,3,30
3025.195,45,6,10,2,4,5,5,100,100,100,100,100,100,5,29,29,6,6,600,600,4,30
3026.194,45,6,10,2,4,5,5,100,100,100,100,100,100,5,29,29,6,6,600,600,4,30
3027.194,45,6,10,2,4,5,5,100,100,100,100,100,100,5,29,29,6,6,600,600,4,30
3028.194,45,6,10,2,4,5,5,100,100,100,100,100,100,5,29,29,6,6,600,600,4,30
3029.194,45,6,10,2,4,5,5,100,100,100,100,100,100,5,29,29,6,6,600,600,4,30
3030.193,45,6,10,2,4,5,5,100,100,100,100,100,100,5,29,29,6,6,600,600,4,30
3031.193,45,6,10,2,4,5,5,100,100,100,100,100,100,5,29,29,6,6,600,600,4,30
3032.193,45,6,10,2,4,5,5,100,100,100,100,100,100,5,29,29,6,6,600,600,4,30
3033.193,45,6,10,2,4,5,5,100,100,100,100,100,100,5,29,29,6,6,600,600,4,30
3034.192,45,6,10,2,4,5,5,100,100,100,100,100,100,5,29,29,6,6,600,600,2,30
3035.192,45,6,10,2,4,5,5,100,100,100,100,100,100,5,29,29,6,6,600,600,2,30
3036.192,45,6,10,2,4,5,5,100,100,100,100,100,100,5,29,29,6,6,600,600,2,30
3037.192,45,6,10,2,4,5,5,100,100,100,100,100,100,5,29,29,6,6,600,600,2,30
3038.191,45,6,10,2,4,5,5,100,100,100,100,100,100,5,29,29,6,6,600,600,2,30
3039.191,45,6,10,2,4,5,5,100,100,100,100,100,100,5,29,29,6,6,600,600,2,30
3040.191,45,6,10,2,4,5,5,100,100,100,100,100,100,5,29,29,6,6,600,600,2,30
3041.191,45,6,10,2,4,5,5,100,100,100,100,100,100,5,29,29,6,6,600,600,2,30
3042.19,45,6,10,2,4,5,5,100,100,100,100,100,100,5,29,29,6,6,600,600,2,30
3043.19,45,6,10,2,4,5,5,100,100,100,100,100,100,5,29,29,6,6,600,600,2,30
3044.19,45,6,10,2,4,5,5,100,100,100,100,100,100,5,29,29,6,6,600,600,3,30
3045.19,45,6,10,2,4,5,5,100,100,100,100,100,100,5,29,29,6,6,600,600,4,30
3046.189,45,6,10,2,4,5,5,100,100,100,100,100,100,5,29,29,6,6,600,600,4,30
3047.189,45,6,10,2,4,5,5,100,100,100,100,100,100,5,29,29,6,6,600,600,3,30
3048.189,45,6,10,2,4,5,5,100,100,100,100,100,100,5,29,29,6,6,600,600,3,30
3049.189,45,6,10,2,4,5,5,100,100,100,100,100,100,5,29,29,6,6,600,600,3,30
3050.188,45,6,10,2,4,5,5,100,100,100,100,100,100,5,29,29,6,6,600,600,3,30
3051.188,45,6,10,2,4,5,5,100,100,100,100,100,100,5,29,29,6,6,600,600,3,30
3052.188,45,6,10,2,4,5,5,100,100,100,100,100,100,5,29,29,6,6,600,600,3,30
3053.188,45,6,10,2,4,5,5,100,100,100,100,100,100,5,29,29,6,6,600,600,3,30
3054.188,45,6,10,2,4,5,5,100,100,100,100,100,100,5,29,29,6,6,600,600,3,30
3055.187,45,6,10,2,4,5,5,100,100,100,100,100,100,5,29,29,6,6,600,600,3,30
3056.187,45,6,10,2,4,5,5,100,100,100,100,100,100,5,29,29,6,6,600,600,3,30
3057.187,45,6,10,2,4,5,5,100,100,100,100,100,100,5,29,29,6,6,600,600,3,30
3058.187,45,6,10,2,4,5,5,100,100,100,100,100,100,5,29,29,6,6,600,600,4,30
3059.186,45,6,10,2,4,5,5,100,100,100,100,100,100,5,29,29,6,6,600,600,4,30
3060.186,45,6,10,2,4,5,5,100,100,100,100,100,100,5,29,29,6,6,600,600,3,30
3061.186,45,6,10,2,4,5,5,100,100,100,100,100,100,5,29,29,6,6,600,600,3,30
3062.186,45,6,10,2,4,5,5,100,100,100,100,100,100,5,29,29,6,6,600,600,3,30
3063.185,45,6,10,2,4,5,5,100,100,100,100,100,100,5,29,29,6,6,600,600,2,30
3064.185,45,6,10,2,4,5,5,100,100,100,100,100,100,5,29,29,6,6,600,600,3,30
3065.185,45,6,10,2,4,5,5,100,100,100,100,100,100,5,29,29,6,6,600,600,3,30
3066.185,45,6,10,2,4,5,5,100,100,100,100,100,100,5,29,29,6,6,600,600,3,30
3067.184,45,6,10,2,4,5,5,100,100,100,100,100,100,5,29,29,6,6,600,600,3,30
3068.184,45,6,10,2,4,5,5,100,100,100,100,100,100,5,29,29,6,6,600,600,3,30
3069.184,45,6,10,2,4,5,5,100,100,100,100,100,100,5,29,29,6,6,600,600,3,30
3070.184,45,6,10,2,4,5,5,100,100,100,100,100,100,5,29,29,6,6,600,600,3,30
3071.183,45,6,10,2,4,5,5,100,100,100,100,100,100,5,29,29,6,6,600,600,4,30
3072.183,45,6,10,2,4,5,5,100,100,100,100,100,100,5,29,29,6,6,600,600,4,30
3073.183,45,6,10,2,4,5,5,100,100,100,100,100,100,5,29,29,6,6,600,600,4,30
3074.183,45,6,10,2,4,5,5,100,100,100,100,100,100,5,29,29,6,6,600,600,4,30
3075.182,45,6,10,2,4,5,5,100,100,100,100,100,100,5,29,29,6,6,600,600,3,30
3076.182,45,6,10,2,4,5,5,100,100,100,100,100,100,5,29,29,6,6,600,600,2,30
3077.182,45,6,10,2,4,5,5,100,100,100,100,100,100,5,29,29,6,6,600,600,2,30
3078.182,45,6,10,2,4,5,5,100,100,100,100,100,100,5,29,29,6,6,600,600,2,30
3079.181,45,6,10,2,4,5,5,100,100,100,100,100,100,5,29,29,6,6,600,600,2,30
3080.181,45,6,10,2,4,5,5,100,100,100,100,100,100,5,29,29,6,6,600,600,2,30
3081.181,45,6,10,2,4,5,5,100,100,100,100,100,100,5,29,29,6,6,600,600,2,30
3082.181,45,6,10,2,4,5,5,100,100,100,100,100,100,5,29,29,6,6,600,600,2,30
3083.18,45,6,10,2,4,5,5,100,100,100,100,100,100,5,29,29,6,6,600,600,2,30
3084.18,45,6,10,2,4,5,5,100,100,100,100,100,100,5,29,29,6,6,600,600,2,30
3085.18,45,6,10,2,4,5,5,100,100,100,100,100,100,5,29,29,6,6,600,600,2,30
3086.18,45,6,10,2,4,5,5,100,100,100,100,100,100,5,29,29,6,6,600,600,2,30
3087.179,45,6,10,2,4,5,5,100,100,100,100,100,100,5,29,29,6,6,600,600,2,30
3088.179,45,6,10,2,4,5,5,100,100,100,100,100,100,5,29,29,6,6,600,600,2,30
3089.179,45,6,10,2,4,5,5,100,100,100,100,100,100,5,29,29,6,6,600,600,2,30
3090.179,45,6,10,2,4,5,5,100,100,100,100,100,100,5,29,29,6,6,600,600,2,30
3091.178,45,6,10,2,4,5,5,100,100,100,100,100,100,5,29,29,6,6,600,600,2,30
3092.178,45,6,10,2,4,5,5,100,100,100,100,100,100,5,29,29,6,6,600,600,2,30
3093.178,45,6,10,2,4,5,5,100,100,100,100,100,100,5,29,29,6,6,600,600,2,30
3094.178,45,6,10,2,4,5,5,100,100,100,100,100,100,5,29,29,6,6,600,600,2,30
3095.177,45,6,10,2,4,5,5,100,100,100,100,100,100,5,29,29,6,6,600,600,2,30
3096.177,45,6,10,2,4,5,5,100,100,100,100,100,100,5,29,29,6,6,600,600,2,30
3097.177,45,6,10,2,4,5,5,100,100,100,100,100,100,5,29,29,6,6,600,600,2,30
3098.177,45,6,10,2,4,5,5,100,100,100,100,100,100,5,29,29,6,6,600,600,3,30
3099.177,45,6,10,2,4,5,5,100,100,100,100,100,100,5,29,29,6,6,600,600,2,30
3100.176,45,6,10,2,4,5,5,100,100,100,100,100,100,5,29,29,6,6,600,600,3,30
3101.176,45,6,10,2,4,5,5,100,100,100,100,100,100,5,29,29,6,6,600,600,3,30
3102.176,45,6,10,2,4,5,5,100,100,100,100,100,100,5,29,29,6,6,600,600,4,30
3103.176,45,6,10,2,4,5,5,100,100,100,100,100,100,5,29,29,6,6,600,600,5,30
3104.175,45,6,10,2,4,5,5,100,100,100,100,100,100,5,29,29,6,6,600,600,4,30
3105.175,45,6,10,2,4,5,5,100,100,100,100,100,100,5,29,29,6,6,600,600,4,30
3106.175,45,6,10,2,4,5,5,100,100,100,100,100,100,5,29,29,6,6,600,600,4,30
3107.175,45,6,10,2,4,5,5,100,100,100,100,100,100,5,29,29,6,6,600,600,4,30
3108.174,45,6,10,2,4,5,5,100,100,100,100,100,100,5,29,29,6,6,600,600,4,30
3109.174,45,6,10,2,4,5,5,100,100,100,100,100,100,5,29,29,6,6,600,600,4,30
3110.174,45,6,10,2,4,5,5,100,100,100,100,100,100,5,29,29,6,6,600,600,4,30
3111.174,45,6,10,2,4,5,5,100,100,100,100,100,100,5,29,29,6,6,600,600,4,30
3112.173,45,6,10,2,4,5,5,100,100,100,100,100,100,5,29,29,6,6,600,600,4,30
3113.173,45,6,10,2,4,5,5,100,100,100,100,100,100,5,29,29,6,6,600,600,4,30
3114.173,45,6,10,2,4,5,5,100,100,100,100,100,100,5,29,29,6,6,600,600,4,30
3115.173,45,6,10,2,4,5,5,100,100,100,100,100,100,5,29,29,6,6,600,600,4,30
3116.172,45,6,10,2,4,5,5,100,100,100,100,100,100,5,29,29,6,6,600,600,4,30
3117.172,45,6,10,2,4,5,5,100,100,100,100,100,100,5,29,29,6,6,600,600,4,30
3118.172,45,6,10,2,4,5,5,100,100,100,100,100,100,5,29,29,6,6,600,600,4,30
3119.172,45,6,10,2,4,5,5,100,100,100,100,100,100,5,29,29,6,6,600,600,4,30
3120.171,45,6,10,2,4,5,5,100,100,100,100,100,100,5,29,29,6,6,600,600,4,30
3121.171,45,6,10,2,4,5,5,100,100,100,100,100,100,5,29,29,6,6,600,600,3,30
3122.171,45,6,10,2,4,5,5,100,100,100,100,100,100,5,29,29,6,6,600,600,3,30
3123.171,45,6,10,2,4,5,5,100,100,100,100,100,100,5,29,29,6,6,600,600,3,30
3124.17,45,6,10,2,4,5,5,100,100,100,100,100,100,5,29,29,6,6,600,600,3,30
3125.17,45,6,10,2,4,5,5,100,100,100,100,100,100,5,29,29,6,6,600,600,3,30
3126.17,45,6,10,2,4,5,5,100,100,100,100,100,100,5,29,29,6,6,600,600,3,30
3127.17,45,6,10,2,4,5,5,100,100,100,100,100,100,5,29,29,6,6,600,600,3,30
3128.169,45,6,10,2,4,5,5,100,100,100,100,100,100,5,29,29,6,6,600,600,3,30
3129.169,45,6,10,2,4,5,5,100,100,100,100,100,100,5,29,29,6,6,600,600,3,30
3130.169,45,6,10,2,4,5,5,100,100,100,100,100,100,5,29,29,6,6,600,600,3,30
3131.169,45,6,10,2,4,5,5,100,100,100,100,100,100,5,29,29,6,6,600,600,3,30
3132.168,45,6,10,2,4,5,5,100,100,100,100,100,100,5,29,29,6,6,600,600,4,30
3133.168,45,6,10,2,4,5,5,100,100,100,100,100,100,5,29,29,6,6,600,600,5,30
3134.168,45,6,10,2,4,5,5,100,100,100,100,100,100,5,29,29,6,6,600,600,4,30
3135.168,45,6,10,2,4,5,5,100,100,100,100,100,100,5,29,29,6,6,600,600,4,30
3136.167,45,6,10,2,4,5,5,100,100,100,100,100,100,5,29,29,6,6,600,600,4,30
3137.167,45,6,10,2,4,5,5,100,100,100,100,100,100,5,29,29,6,6,600,600,3,30
3138.167,45,6,10,2,4,5,5,100,100,100,100,100,100,5,29,29,6,6,600,600,3,30
3139.167,45,6,10,2,4,5,5,100,100,100,100,100,100,5,29,29,6,6,600,600,4,30
3140.167,45,6,10,2,4,5,5,100,100,100,100,100,100,5,29,29,6,6,600,600,4,30
3141.166,45,6,10,2,4,5,5,100,100,100,100,100,100,5,29,29,6,6,600,600,4,30
3142.166,45,6,10,2,4,5,5,100,100,100,100,100,100,5,29,29,6,6,600,600,4,30
3143.166,45,6,10,2,4,5,5,100,100,100,100,100,100,5,29,29,6,6,600,600,4,30
3144.166,45,6,10,2,4,5,5,100,100,100,100,100,100,5,29,29,6,6,600,600,4,30
3145.165,45,6,10,2,4,5,5,100,100,100,100,100,100,5,29,29,6,6,600,600,4,30
3146.165,45,6,10,2,4,5,5,100,100,100,100,100,100,5,29,29,6,6,600,600,4,30
3147.165,45,6,10,2,4,5,5,100,100,100,100,100,100,5,29,29,6,6,600,600,4,30
3148.165,45,6,10,2,4,5,5,100,100,100,100,100,100,5,29,29,6,6,600,600,4,30
3149.164,45,6,10,2,4,5,5,100,100,100,100,100,100,5,29,29,6,6,600,600,4,30
3150.164,45,6,10,2,4,5,5,100,100,100,100,100,100,5,29,29,6,6,600,600,4,30
3151.164,45,6,10,2,4,5,5,100,100,100,100,100,100,5,29,29,6,6,600,600,5,30
3152.164,45,6,10,2,4,5,5,100,100,100,100,100,100,5,29,29,6,6,600,600,6,30
3153.163,45,6,10,2,4,5,5,100,100,100,100,100,100,5,29,29,6,6,600,600,6,30
3154.163,45,6,10,2,4,5,5,100,100,100,100,100,100,5,29,29,6,6,600,600,6,30
3155.163,45,6,10,2,4,5,5,100,100,100,100,100,100,5,29,29,6,6,600,600,6,30
3156.163,45,6,10,2,4,5,5,100,100,100,100,100,100,5,29,29,6,6,600,600,5,30
3157.162,45,6,10,2,4,5,5,100,100,100,100,100,100,5,29,29,6,6,600,600,5,30
3158.162,45,6,10,2,4,5,5,100,100,100,100,100,100,5,29,29,6,6,600,600,5,30
3159.162,45,6,10,2,4,5,5,100,100,100,100,100,100,5,29,29,6,6,600,600,4,30
3160.162,45,6,10,2,4,5,5,100,100,100,100,100,100,5,29,29,6,6,600,600,4,30
3161.161,45,6,10,2,4,5,5,100,100,100,100,100,100,5,29,29,6,6,600,600,5,30
3162.161,45,6,10,2,4,5,5,100,100,100,100,100,100,5,29,29,6,6,600,600,5,30
3163.161,45,6,10,2,4,5,5,100,100,100,100,100,100,5,29,29,6,6,600,600,5,30
3164.161,45,6,10,2,4,5,5,100,100,100,100,100,100,5,29,29,6,6,600,600,3,30
3165.16,45,6,10,2,4,5,5,100,100,100,100,100,100,5,29,29,6,6,600,600,4,30
3166.16,45,6,10,2,4,5,5,100,100,100,100,100,100,5,29,29,6,6,600,600,3,30
3167.16,45,6,10,2,4,5,5,100,100,100,100,100,100,5,29,29,6,6,600,600,4,30
3168.16,45,6,10,2,4,5,5,100,100,100,100,100,100,5,29,29,6,6,600,600,3,30
3169.159,45,6,10,2,4,5,5,100,100,100,100,100,100,5,29,29,6,6,600,600,4,30
3170.159,45,6,10,2,4,5,5,100,100,100,100,100,100,5,29,29,6,6,600,600,4,30
3171.159,45,6,10,2,4,5,5,100,100,100,100,100,100,5,29,29,6,6,600,600,5,30
3172.159,45,6,10,2,4,5,5,100,100,100,100,100,100,5,29,29,6,6,600,600,5,30
3173.158,45,6,10,2,4,5,5,100,100,100,100,100,100,5,29,29,6,6,600,600,4,30
3174.158,45,6,10,2,4,5,5,100,100,100,100,100,100,5,29,29,6,6,600,600,4,30
3175.158,45,6,10,2,4,5,5,100,100,100,100,100,100,5,29,29,6,6,600,600,5,30
3176.158,45,6,10,2,4,5,5,100,100,100,100,100,100,5,29,29,6,6,600,600,4,30
3177.157,45,6,10,2,4,5,5,100,100,100,100,100,100,5,29,29,6,6,600,600,4,30
3178.157,45,6,10,2,4,5,5,100,100,100,100,100,100,5,29,29,6,6,600,600,4,30
3179.157,45,6,10,2,4,5,5,100,100,100,100,100,100,5,29,29,6,6,600,600,4,30
3180.157,45,6,10,2,4,5,5,100,100,100,100,100,100,5,29,29,6,6,600,600,4,30
3181.156,45,6,10,2,4,5,5,100,100,100,100,100,100,5,29,29,6,6,600,600,4,30
3182.156,45,6,10,2,4,5,5,100,100,100,100,100,100,5,29,29,6,6,600,600,4,30
3183.156,45,6,10,2,4,5,5,100,100,100,100,100,100,5,29,29,6,6,600,600,4,30
3184.156,45,6,10,2,4,5,5,100,100,100,100,100,100,5,29,29,6,6,600,600,5,30
3185.156,45,6,10,2,4,5,5,100,100,100,100,100,100,5,29,29,6,6,600,600,5,30
3186.155,45,6,10,2,4,5,5,100,100,100,100,100,100,5,29,29,6,6,600,600,5,30
3187.155,45,6,10,2,4,5,5,100,100,100,100,100,100,5,29,29,6,6,600,600,5,30
3188.155,45,6,10,2,4,5,5,100,100,100,100,100,100,5,29,29,6,6,600,600,5,30
3189.155,45,6,10,2,4,5,5,100,100,100,100,100,100,5,29,29,6,6,600,600,4,30
3190.154,45,6,10,2,4,5,5,100,100,100,100,100,100,5,29,29,6,6,600,600,4,30
3191.154,45,6,10,2,4,5,5,100,100,100,100,100,100,5,29,29,6,6,600,600,4,30
3192.154,45,6,10,2,4,5,5,100,100,100,100,100,100,5,29,29,6,6,600,600,4,30
3193.154,45,6,10,2,4,5,5,100,100,100,100,100,100,5,29,29,6,6,600,600,4,30
3194.153,45,6,10,2,4,5,5,100,100,100,100,100,100,5,29,29,6,6,600,600,4,30
3195.153,45,6,10,2,4,5,5,100,100,100,100,100,100,5,29,29,6,6,600,600,3,30
3196.153,45,6,10,2,4,5,5,100,100,100,100,100,100,5,29,29,6,6,600,600,3,30
3197.153,45,6,10,2,4,5,5,100,100,100,100,100,100,5,29,29,6,6,600,600,3,30
3198.152,45,6,10,2,4,5,5,100,100,100,100,100,100,5,29,29,6,6,600,600,3,30
3199.152,45,6,10,2,4,5,5,100,100,100,100,100,100,5,29,29,6,6,600,600,3,30
3200.152,45,6,10,2,4,5,5,100,100,100,100,100,100,5,29,29,6,6,600,600,3,30
3201.152,45,6,10,2,4,5,5,100,100,100,100,100,100,5,29,29,6,6,600,600,4,30
3202.151,45,6,10,2,4,5,5,100,100,100,100,100,100,5,29,29,6,6,600,600,3,30
3203.151,45,6,10,2,4,5,5,100,100,100,100,100,100,5,29,29,6,6,600,600,4,30
3204.151,45,6,10,2,4,5,5,100,100,100,100,100,100,5,29,29,6,6,600,600,4,30
3205.151,45,6,10,2,4,5,5,100,100,100,100,100,100,5,29,29,6,6,600,600,5,30
3206.15,45,6,10,2,4,5,5,100,100,100,100,100,100,5,29,29,6,6,600,600,5,30
3207.15,45,6,10,2,4,5,5,100,100,100,100,100,100,5,29,29,6,6,600,600,5,30
3208.15,45,6,10,2,4,5,5,100,100,100,100,100,100,5,29,29,6,6,600,600,5,30
3209.15,45,6,10,2,4,5,5,100,100,100,100,100,100,5,29,29,6,6,600,600,4,30
3210.149,45,6,10,2,4,5,5,100,100,100,100,100,100,5,29,29,6,6,600,600,4,30
3211.149,45,6,10,2,4,5,5,100,100,100,100,100,100,5,29,29,6,6,600,600,4,30
3212.149,45,6,10,2,4,5,5,100,100,100,100,100,100,5,29,29,6,6,600,600,4,30
3213.149,45,6,10,2,4,5,5,100,100,100,100,100,100,5,29,29,6,6,600,600,3,30
3214.148,45,6,10,2,4,5,5,100,100,100,100,100,100,5,29,29,6,6,600,600,3,30
3215.148,45,6,10,2,4,5,5,100,100,100,100,100,100,5,29,29,6,6,600,600,3,30
3216.148,45,6,10,2,4,5,5,100,100,100,100,100,100,5,29,29,6,6,600,600,2,30
3217.148,45,6,10,2,4,5,5,100,100,100,100,100,100,5,29,29,6,6,600,600,2,30
3218.147,45,6,10,2,4,5,5,100,100,100,100,100,100,5,29,29,6,6,600,600,2,30
3219.147,45,6,10,2,4,5,5,100,100,100,100,100,100,5,29,29,6,6,600,600,2,30
3220.147,45,6,10,2,4,5,5,100,100,100,100,100,100,5,29,29,6,6,600,600,2,30
3221.147,45,6,10,2,4,5,5,100,100,100,100,100,100,5,29,29,6,6,600,600,2,30
3222.146,45,6,10,2,4,5,5,100,100,100,100,100,100,5,29,29,6,6,600,600,2,30
3223.146,45,6,10,2,4,5,5,100,100,100,100,100,100,5,29,29,6,6,600,600,2,30
3224.146,45,6,10,2,4,5,5,100,100,100,100,100,100,5,29,29,6,6,600,600,3,30
3225.146,45,6,10,2,4,5,5,100,100,100,100,100,100,5,29,29,6,6,600,600,3,30
3226.146,45,6,10,2,4,5,5,100,100,100,100,100,100,5,29,29,6,6,600,600,3,30
3227.145,45,6,10,2,4,5,5,100,100,100,100,100,100,5,29,29,6,6,600,600,2,30
3228.145,45,6,10,2,4,5,5,100,100,100,100,100,100,5,29,29,6,6,600,600,2,30
3229.145,45,6,10,2,4,5,5,100,100,100,100,100,100,5,29,29,6,6,600,600,2,30
3230.145,45,6,10,2,4,5,5,100,100,100,100,100,100,5,29,29,6,6,600,600,2,30
3231.144,45,6,10,2,4,5,5,100,100,100,100,100,100,5,29,29,6,6,600,600,2,30
3232.144,45,6,10,2,4,5,5,100,100,100,100,100,100,5,29,29,6,6,600,600,2,30
3233.144,45,6,10,2,4,5,5,100,100,100,100,100,100,5,29,29,6,6,600,600,2,30
3234.144,45,6,10,2,4,5,5,100,100,100,100,100,100,5,29,29,6,6,600,600,2,30
3235.143,45,6,10,2,4,5,5,100,100,100,100,100,100,5,29,29,6,6,600,600,3,30
3236.143,45,6,10,2,4,5,5,100,100,100,100,100,100,5,29,29,6,6,600,600,3,30
3237.143,45,6,10,2,4,5,5,100,100,100,100,100,100,5,29,29,6,6,600,600,3,30
3238.143,45,6,10,2,4,5,5,100,100,100,100,100,100,5,29,29,6,6,600,600,3,30
3239.142,45,6,10,2,4,5,5,100,100,100,100,100,100,5,29,29,6,6,600,600,3,30
3240.142,45,6,10,2,4,5,5,100,100,100,100,100,100,5,29,29,6,6,600,600,4,30
3241.142,45,6,10,2,4,5,5,100,100,100,100,100,100,5,29,29,6,6,600,600,4,30
3242.142,45,6,10,2,4,5,5,100,100,100,100,100,100,5,29,29,6,6,600,600,4,30
3243.141,45,6,10,2,4,5,5,100,100,100,100,100,100,5,29,29,6,6,600,600,3,30
3244.141,45,6,10,2,4,5,5,100,100,100,100,100,100,5,29,29,6,6,600,600,3,30
3245.141,45,6,10,2,4,5,5,100,100,100,100,100,100,5,29,29,6,6,600,600,3,30
3246.141,45,6,10,2,4,5,5,100,100,100,100,100,100,5,29,29,6,6,600,600,2,30
3247.14,45,6,10,2,4,5,5,100,100,100,100,100,100,5,29,29,6,6,600,600,2,30
3248.14,45,6,10,2,4,5,5,100,100,100,100,100,100,5,29,29,6,6,600,600,2,30
3249.14,45,6,10,2,4,5,5,100,100,100,100,100,100,5,29,29,6,6,600,600,2,30
3250.14,45,6,10,2,4,5,5,100,100,100,100,100,100,5,29,29,6,6,600,600,2,30
3251.139,45,6,10,2,4,5,5,100,100,100,100,100,100,5,29,29,6,6,600,600,2,30
3252.139,45,6,10,2,4,5,5,100,100,100,100,100,100,5,29,29,6,6,600,600,2,30
3253.139,45,6,10,2,4,5,5,100,100,100,100,100,100,5,29,29,6,6,600,600,2,30
3254.139,45,6,10,2,4,5,5,100,100,100,100,100,100,5,29,29,6,6,600,600,3,30
3255.138,45,6,10,2,4,5,5,100,100,100,100,100,100,5,29,29,6,6,600,600,3,30
3256.138,45,6,10,2,4,5,5,100,100,100,100,100,100,5,29,29,6,6,600,600,3,30
3257.138,45,6,10,2,4,5,5,100,100,100,100,100,100,5,29,29,6,6,600,600,3,30
3258.138,45,6,10,2,4,5,5,100,100,100,100,100,100,5,29,29,6,6,600,600,3,30
3259.137,45,6,10,2,4,5,5,100,100,100,100,100,100,5,29,29,6,6,600,600,2,30
3260.137,45,6,10,2,4,5,5,100,100,100,100,100,100,5,29,29,6,6,600,600,2,30
3261.137,45,6,10,2,4,5,5,100,100,100,100,100,100,5,29,29,6,6,600,600,2,30
3262.137,45,6,10,2,4,5,5,100,100,100,100,100,100,5,29,29,6,6,600,600,2,30
3263.136,45,6,10,2,4,5,5,100,100,100,100,100,100,5,29,29,6,6,600,600,2,30
3264.136,45,6,10,2,4,5,5,100,100,100,100,100,100,5,29,29,6,6,600,600,2,30
3265.136,45,6,10,2,4,5,5,100,100,100,100,100,100,5,29,29,6,6,600,600,2,30
3266.136,45,6,10,2,4,5,5,100,100,100,100,100,100,5,29,29,6,6,600,600,2,30
3267.135,45,6,10,2,4,5,5,100,100,100,100,100,100,5,29,29,6,6,600,600,2,30
3268.135,45,6,10,2,4,5,5,100,100,100,100,100,100,5,29,29,6,6,600,600,3,30
3269.135,45,6,10,2,4,5,5,100,100,100,100,100,100,5,29,29,6,6,600,600,3,30
3270.135,45,6,10,2,4,5,5,100,100,100,100,100,100,5,29,29,6,6,600,600,3,30
3271.135,45,6,10,2,4,5,5,100,100,100,100,100,100,5,29,29,6,6,600,600,3,30
3272.134,45,6,10,2,4,5,5,100,100,100,100,100,100,5,29,29,6,6,600,600,3,30
3273.134,45,6,10,2,4,5,5,100,100,100,100,100,100,5,29,29,6,6,600,600,3,30
3274.134,45,6,10,2,4,5,5,100,100,100,100,100,100,5,29,29,6,6,600,600,3,30
3275.134,45,6,10,2,4,5,5,100,100,100,100,100,100,5,29,29,6,6,600,600,3,30
3276.133,45,6,10,2,4,5,5,100,100,100,100,100,100,5,29,29,6,6,600,600,4,30
3277.133,45,6,10,2,4,5,5,100,100,100,100,100,100,5,29,29,6,6,600,600,3,30
3278.133,45,6,10,2,4,5,5,100,100,100,100,100,100,5,29,29,6,6,600,600,3,30
3279.133,45,6,10,2,4,5,5,100,100,100,100,100,100,5,29,29,6,6,600,600,3,30
3280.132,45,6,10,2,4,5,5,100,100,100,100,100,100,5,29,29,6,6,600,600,3,30
3281.132,45,6,10,2,4,5,5,100,100,100,100,100,100,5,29,29,6,6,600,600,4,30
3282.132,45,6,10,2,4,5,5,100,100,100,100,100,100,5,29,29,6,6,600,600,4,30
3283.132,45,6,10,2,4,5,5,100,100,100,100,100,100,5,29,29,6,6,600,600,4,30
3284.131,45,6,10,2,4,5,5,100,100,100,100,100,100,5,29,29,6,6,600,600,4,30
3285.131,45,6,10,2,4,5,5,100,100,100,100,100,100,5,29,29,6,6,600,600,5,30
3286.131,45,6,10,2,4,5,5,100,100,100,100,100,100,5,29,29,6,6,600,600,5,30
3287.131,45,6,10,2,4,5,5,100,100,100,100,100,100,5,29,29,6,6,600,600,5,30
3288.13,45,6,10,2,4,5,5,100,100,100,100,100,100,5,29,29,6,6,600,600,5,30
3289.13,45,6,10,2,4,5,5,100,100,100,100,100,100,5,29,29,6,6,600,600,4,30
3290.13,45,6,10,2,4,5,5,100,100,100,100,100,100,5,29,29,6,6,600,600,5,30
3291.13,45,6,10,2,4,5,5,100,100,100,100,100,100,5,29,29,6,6,600,600,3,30
3292.129,45,6,10,2,4,5,5,100,100,100,100,100,100,5,29,29,6,6,600,600,3,30
3293.129,45,6,10,2,4,5,5,100,100,100,100,100,100,5,29,29,6,6,600,600,3,30
3294.129,45,6,10,2,4,5,5,100,100,100,100,100,100,5,29,29,6,6,600,600,3,30
3295.129,45,6,10,2,4,5,5,100,100,100,100,100,100,5,29,29,6,6,600,600,3,30
3296.128,45,6,10,2,4,5,5,100,100,100,100,100,100,5,29,29,6,6,600,600,3,30
3297.128,45,6,10,2,4,5,5,100,100,100,100,100,100,5,29,29,6,6,600,600,2,30
3298.128,45,6,10,2,4,5,5,100,100,100,100,100,100,5,29,29,6,6,600,600,2,30
3299.128,45,6,10,2,4,5,5,100,100,100,100,100,100,5,29,29,6,6,600,600,3,30
3300.127,45,6,10,2,4,5,5,100,100,100,100,100,100,5,29,29,6,6,600,600,2,30
3301.127,45,6,10,2,4,5,5,100,100,100,100,100,100,5,29,29,6,6,600,600,2,30
3302.127,45,6,10,2,4,5,5,100,100,100,100,100,100,5,29,29,6,6,600,600,2,30
3303.127,45,6,10,2,4,5,5,100,100,100,100,100,100,5,29,29,6,6,600,600,2,30
3304.126,45,6,10,2,4,5,5,100,100,100,100,100,100,5,29,29,6,6,600,600,2,30
3305.126,45,6,10,2,4,5,5,100,100,100,100,100,100,5,29,29,6,6,600,600,2,30
3306.126,45,6,10,2,4,5,5,100,100,100,100,100,100,5,29,29,6,6,600,600,2,30
3307.126,45,6,10,2,4,5,5,100,100,100,100,100,100,5,29,29,6,6,600,600,3,30
3308.125,45,6,10,2,4,5,5,100,100,100,100,100,100,5,29,29,6,6,600,600,3,30
3309.125,45,6,10,2,4,5,5,100,100,100,100,100,100,5,29,29,6,6,600,600,3,30
3310.125,45,6,10,2,4,5,5,100,100,100,100,100,100,5,29,29,6,6,600,600,3,30
3311.125,45,6,10,2,4,5,5,100,100,100,100,100,100,5,29,29,6,6,600,600,3,30
3312.125,45,6,10,2,4,5,5,100,100,100,100,100,100,5,29,29,6,6,600,600,3,30
3313.124,45,6,10,2,4,5,5,100,100,100,100,100,100,5,29,29,6,6,600,600,3,30
3314.124,45,6,10,2,4,5,5,100,100,100,100,100,100,5,29,29,6,6,600,600,2,30
3315.124,45,6,10,2,4,5,5,100,100,100,100,100,100,5,29,29,6,6,600,600,2,30
3316.124,45,6,10,2,4,5,5,100,100,100,100,100,100,5,29,29,6,6,600,600,2,30
3317.123,45,6,10,2,4,5,5,100,100,100,100,100,100,5,29,29,6,6,600,600,2,30
3318.123,45,6,10,2,4,5,5,100,100,100,100,100,100,5,29,29,6,6,600,600,2,30
3319.123,45,6,10,2,4,5,5,100,100,100,100,100,100,5,29,29,6,6,600,600,2,30
3320.123,45,6,10,2,4,5,5,100,100,100,100,100,100,5,29,29,6,6,600,600,2,30
3321.122,45,6,10,2,4,5,5,100,100,100,100,100,100,5,29,29,6,6,600,600,2,30
3322.122,45,6,10,2,4,5,5,100,100,100,100,100,100,5,29,29,6,6,600,600,3,30
3323.122,45,6,10,2,4,5,5,100,100,100,100,100,100,5,29,29,6,6,600,600,3,30
3324.122,45,6,10,2,4,5,5,100,100,100,100,100,100,5,29,29,6,6,600,600,3,30
3325.121,45,6,10,2,4,5,5,100,100,100,100,100,100,5,29,29,6,6,600,600,3,30
3326.121,45,6,10,2,4,5,5,100,100,100,100,100,100,5,29,29,6,6,600,600,3,30
3327.121,45,6,10,2,4,5,5,100,100,100,100,100,100,5,29,29,6,6,600,600,3,30
3328.121,45,6,10,2,4,5,5,100,100,100,100,100,100,5,29,29,6,6,600,600,2,30
3329.12,45,6,10,2,4,5,5,100,100,100,100,100,100,5,29,29,6,6,600,600,2,30
3330.12,45,6,10,2,4,5,5,100,100,100,100,100,100,5,29,29,6,6,600,600,2,30
3331.12,45,6,10,2,4,5,5,100,100,100,100,100,100,5,29,29,6,6,600,600,3,30
3332.12,45,6,10,2,4,5,5,100,100,100,100,100,100,5,29,29,6,6,600,600,3,30
3333.119,45,6,10,2,4,5,5,100,100,100,100,100,100,5,29,29,6,6,600,600,3,30
3334.119,45,6,10,2,4,5,5,100,100,100,100,100,100,5,29,29,6,6,600,600,4,30
3335.119,45,6,10,2,4,5,5,100,100,100,100,100,100,5,29,29,6,6,600,600,3,30
3336.119,45,6,10,2,4,5,5,100,100,100,100,100,100,5,29,29,6,6,600,600,3,30
3337.118,45,6,10,2,4,5,5,100,100,100,100,100,100,5,29,29,6,6,600,600,4,30
3338.118,45,6,10,2,4,5,5,100,100,100,100,100,100,5,29,29,6,6,600,600,4,30
3339.118,45,6,10,2,4,5,5,100,100,100,100,100,100,5,29,29,6,6,600,600,4,30
3340.118,45,6,10,2,4,5,5,100,100,100,100,100,100,5,29,29,6,6,600,600,4,30
3341.117,45,6,10,2,4,5,5,100,100,100,100,100,100,5,29,29,6,6,600,600,5,30
3342.117,45,6,10,2,4,5,5,100,100,100,100,100,100,5,29,29,6,6,600,600,4,30
3343.117,45,6,10,2,4,5,5,100,100,100,100,100,100,5,29,29,6,6,600,600,3,30
3344.117,45,6,10,2,4,5,5,100,100,100,100,100,100,5,29,29,6,6,600,600,4,30
3345.116,45,6,10,2,4,5,5,100,100,100,100,100,100,5,29,29,6,6,600,600,3,30
3346.116,45,6,10,2,4,5,5,100,100,100,100,100,100,5,29,29,6,6,600,600,3,30
3347.116,45,6,10,2,4,5,5,100,100,100,100,100,100,5,29,29,6,6,600,600,4,30
3348.116,45,6,10,2,4,5,5,100,100,100,100,100,100,5,29,29,6,6,600,600,3,30
3349.115,45,6,10,2,4,5,5,100,100,100,100,100,100,5,29,29,6,6,600,600,3,30
3350.115,45,6,10,2,4,5,5,100,100,100,100,100,100,5,29,29,6,6,600,600,3,30
3351.115,45,6,10,2,4,5,5,100,100,100,100,100,100,5,29,29,6,6,600,600,3,30
3352.115,45,6,10,2,4,5,5,100,100,100,100,100,100,5,29,29,6,6,600,600,4,30
3353.115,45,6,10,2,4,5,5,100,100,100,100,100,100,5,29,29,6,6,600,600,4,30
3354.114,45,6,10,2,4,5,5,100,100,100,100,100,100,5,29,29,6,6,600,600,4,30
3355.114,45,6,10,2,4,5,5,100,100,100,100,100,100,5,29,29,6,6,600,600,4,30
3356.114,45,6,10,2,4,5,5,100,100,100,100,100,100,5,29,29,6,6,600,600,4,30
3357.114,45,6,10,2,4,5,5,100,100,100,100,100,100,5,29,29,6,6,600,600,5,30
3358.113,45,6,10,2,4,5,5,100,100,100,100,100,100,5,29,29,6,6,600,600,5,30
3359.113,45,6,10,2,4,5,5,100,100,100,100,100,100,5,29,29,6,6,600,600,5,30
3360.113,45,6,10,2,4,5,5,100,100,100,100,100,100,5,29,29,6,6,600,600,5,30
3361.113,45,6,10,2,4,5,5,100,100,100,100,100,100,5,29,29,6,6,600,600,5,30
3362.112,45,6,10,2,4,5,5,100,100,100,100,100,100,5,29,29,6,6,600,600,6,30
3363.112,45,6,10,2,4,5,5,100,100,100,100,100,100,5,29,29,6,6,600,600,6,30
3364.112,45,6,10,2,4,5,5,100,100,100,100,100,100,5,29,29,6,6,600,600,6,30
3365.112,45,6,10,2,4,5,5,100,100,100,100,100,100,5,29,29,6,6,600,600,6,30
3366.111,45,6,10,2,4,5,5,100,100,100,100,100,100,5,29,29,6,6,600,600,6,30
3367.111,45,6,10,2,4,5,5,100,100,100,100,100,100,5,29,29,6,6,600,600,5,30
3368.111,45,6,10,2,4,5,5,100,100,100,100,100,100,5,29,29,6,6,600,600,4,30
3369.111,45,6,10,2,4,5,5,100,100,100,100,100,100,5,29,29,6,6,600,600,5,30
3370.11,45,6,10,2,4,5,5,100,100,100,100,100,100,5,29,29,6,6,600,600,5,30
3371.11,45,6,10,2,4,5,5,100,100,100,100,100,100,5,29,29,6,6,600,600,6,30
3372.11,45,6,10,2,4,5,5,100,100,100,100,100,100,5,29,29,6,6,600,600,6,30
3373.11,45,6,10,2,4,5,5,100,100,100,100,100,100,5,29,29,6,6,600,600,4,30
3374.109,45,6,10,2,4,5,5,100,100,100,100,100,100,5,29,29,6,6,600,600,4,30
3375.109,45,6,10,2,4,5,5,100,100,100,100,100,100,5,29,29,6,6,600,600,4,30
3376.109,45,6,10,2,4,5,5,100,100,100,100,100,100,5,29,29,6,6,600,600,4,30
3377.109,45,6,10,2,4,5,5,100,100,100,100,100,100,5,29,29,6,6,600,600,4,30
3378.108,45,6,10,2,4,5,5,100,100,100,100,100,100,5,29,29,6,6,600,600,4,30
3379.108,45,6,10,2,4,5,5,100,100,100,100,100,100,5,29,29,6,6,600,600,4,30
3380.108,45,6,10,2,4,5,5,100,100,100,100,100,100,5,29,29,6,6,600,600,4,30
3381.108,45,6,10,2,4,5,5,100,100,100,100,100,100,5,29,29,6,6,600,600,3,30
3382.107,45,6,10,2,4,5,5,100,100,100,100,100,100,5,29,29,6,6,600,600,3,30
3383.107,45,6,10,2,4,5,5,100,100,100,100,100,100,5,29,29,6,6,600,600,3,30
3384.107,45,6,10,2,4,5,5,100,100,100,100,100,100,5,29,29,6,6,600,600,4,30
3385.107,45,6,10,2,4,5,5,100,100,100,100,100,100,5,29,29,6,6,600,600,4,30
3386.106,45,6,10,2,4,5,5,100,100,100,100,100,100,5,29,29,6,6,600,600,3,30
3387.106,45,6,10,2,4,5,5,100,100,100,100,100,100,5,29,29,6,6,600,600,3,30
3388.106,45,6,10,2,4,5,5,100,100,100,100,100,100,5,29,29,6,6,600,600,3,30
3389.106,45,6,10,2,4,5,5,100,100,100,100,100,100,5,29,29,6,6,600,600,3,30
3390.105,45,6,10,2,4,5,5,100,100,100,100,100,100,5,29,29,6,6,600,600,4,30
3391.105,45,6,10,2,4,5,5,100,100,100,100,100,100,5,29,29,6,6,600,600,4,30
3392.105,45,6,10,2,4,5,5,100,100,100,100,100,100,5,29,29,6,6,600,600,4,30
3393.105,45,6,10,2,4,5,5,100,100,100,100,100,100,5,29,29,6,6,600,600,3,30
3394.104,45,6,10,2,4,5,5,100,100,100,100,100,100,5,29,29,6,6,600,600,2,30
3395.104,45,6,10,2,4,5,5,100,100,100,100,100,100,5,29,29,6,6,600,600,3,30
3396.104,45,6,10,2,4,5,5,100,100,100,100,100,100,5,29,29,6,6,600,600,3,30
3397.104,45,6,10,2,4,5,5,100,100,100,100,100,100,5,29,29,6,6,600,600,3,30
3398.104,45,6,10,2,4,5,5,100,100,100,100,100,100,5,29,29,6,6,600,600,3,30
3399.103,45,6,10,2,4,5,5,100,100,100,100,100,100,5,29,29,6,6,600,600,3,30
3400.103,45,6,10,2,4,5,5,100,100,100,100,100,100,5,29,29,6,6,600,600,3,30
3401.103,45,6,10,2,4,5,5,100,100,100,100,100,100,5,29,29,6,6,600,600,3,30
3402.103,45,6,10,2,4,5,5,100,100,100,100,100,100,5,29,29,6,6,600,600,3,30
3403.102,45,6,10,2,4,5,5,100,100,100,100,100,100,5,29,29,6,6,600,600,3,30
3404.102,45,6,10,2,4,5,5,100,100,100,100,100,100,5,29,29,6,6,600,600,3,30
3405.102,45,6,10,2,4,5,5,100,100,100,100,100,100,5,29,29,6,6,600,600,3,30
3406.102,45,6,10,2,4,5,5,100,100,100,100,100,100,5,29,29,6,6,600,600,5,30
3407.101,45,6,10,2,4,5,5,100,100,100,100,100,100,5,29,29,6,6,600,600,5,30
3408.101,45,6,10,2,4,5,5,100,100,100,100,100,100,5,29,29,6,6,600,600,3,30
3409.101,45,6,10,2,4,5,5,100,100,100,100,100,100,5,29,29,6,6,600,600,3,30
3410.101,45,6,10,2,4,5,5,100,100,100,100,100,100,5,29,29,6,6,600,600,3,30
3411.1,45,6,10,2,4,5,5,100,100,100,100,100,100,5,29,29,6,6,600,600,3,30
3412.1,45,6,10,2,4,5,5,100,100,100,100,100,100,5,29,29,6,6,600,600,3,30
3413.1,45,6,10,2,4,5,5,100,100,100,100,100,100,5,29,29,6,6,600,600,3,30
3414.1,45,6,10,2,4,5,5,100,100,100,100,100,100,5,29,29,6,6,600,600,3,30
3415.099,45,6,10,2,4,5,5,100,100,100,100,100,100,5,29,29,6,6,600,600,5,30
3416.099,45,6,10,2,4,5,5,100,100,100,100,100,100,5,29,29,6,6,600,600,5,30
3417.099,45,6,10,2,4,5,5,100,100,100,100,100,100,5,29,29,6,6,600,600,4,30
3418.099,45,6,10,2,4,5,5,100,100,100,100,100,100,5,29,29,6,6,600,600,4,30
3419.098,45,6,10,2,4,5,5,100,100,100,100,100,100,5,29,29,6,6,600,600,4,30
3420.098,45,6,10,2,4,5,5,100,100,100,100,100,100,5,29,29,6,6,600,600,4,30
3421.098,45,6,10,2,4,5,5,100,100,100,100,100,100,5,29,29,6,6,600,600,4,30
3422.098,45,6,10,2,4,5,5,100,100,100,100,100,100,5,29,29,6,6,600,600,4,30
3423.097,45,6,10,2,4,5,5,100,100,100,100,100,100,5,29,29,6,6,600,600,4,30
3424.097,45,6,10,2,4,5,5,100,100,100,100,100,100,5,29,29,6,6,600,600,4,30
3425.097,45,6,10,2,4,5,5,100,100,100,100,100,100,5,29,29,6,6,600,600,4,30
3426.097,45,6,10,2,4,5,5,100,100,100,100,100,100,5,29,29,6,6,600,600,4,30
3427.096,45,6,10,2,4,5,5,100,100,100,100,100,100,5,29,29,6,6,600,600,4,30
3428.096,45,6,10,2,4,5,5,100,100,100,100,100,100,5,29,29,6,6,600,600,4,30
3429.096,45,6,10,2,4,5,5,100,100,100,100,100,100,5,29,29,6,6,600,600,4,30
3430.096,45,6,10,2,4,5,5,100,100,100,100,100,100,5,29,29,6,6,600,600,3,30
3431.095,45,6,10,2,4,5,5,100,100,100,100,100,100,5,29,29,6,6,600,600,3,30
3432.095,45,6,10,2,4,5,5,100,100,100,100,100,100,5,29,29,6,6,600,600,2,30
3433.095,45,6,10,2,4,5,5,100,100,100,100,100,100,5,29,29,6,6,600,600,3,30
3434.095,45,6,10,2,4,5,5,100,100,100,100,100,100,5,29,29,6,6,600,600,4,30
3435.094,45,6,10,2,4,5,5,100,100,100,100,100,100,5,29,29,6,6,600,600,4,30
3436.094,45,6,10,2,4,5,5,100,100,100,100,100,100,5,29,29,6,6,600,600,4,30
3437.094,45,6,10,2,4,5,5,100,100,100,100,100,100,5,29,29,6,6,600,600,4,30
3438.094,45,6,10,2,4,5,5,100,100,100,100,100,100,5,29,29,6,6,600,600,4,30
3439.094,45,6,10,2,4,5,5,100,100,100,100,100,100,5,29,29,6,6,600,600,5,30
3440.093,45,6,10,2,4,5,5,100,100,100,100,100,100,5,29,29,6,6,600,600,3,30
3441.093,45,6,10,2,4,5,5,100,100,100,100,100,100,5,29,29,6,6,600,600,3,30
3442.093,45,6,10,2,4,5,5,100,100,100,100,100,100,5,29,29,6,6,600,600,3,30
3443.093,45,6,10,2,4,5,5,100,100,100,100,100,100,5,29,29,6,6,600,600,3,30
3444.092,45,6,10,2,4,5,5,100,100,100,100,100,100,5,29,29,6,6,600,600,3,30
3445.092,45,6,10,2,4,5,5,100,100,100,100,100,100,5,29,29,6,6,600,600,3,30
3446.092,45,6,10,2,4,5,5,100,100,100,100,100,100,5,29,29,6,6,600,600,3,30
3447.092,45,6,10,2,4,5,5,100,100,100,100,100,100,5,29,29,6,6,600,600,4,30
3448.091,45,6,10,2,4,5,5,100,100,100,100,100,100,5,29,29,6,6,600,600,4,30
3449.091,45,6,10,2,4,5,5,100,100,100,100,100,100,5,29,29,6,6,600,600,4,30
3450.091,45,6,10,2,4,5,5,100,100,100,100,100,100,5,29,29,6,6,600,600,4,30
3451.091,45,6,10,2,4,5,5,100,100,100,100,100,100,5,29,29,6,6,600,600,5,30
3452.09,45,6,10,2,4,5,5,100,100,100,100,100,100,5,29,29,6,6,600,600,4,30
3453.09,45,6,10,2,4,5,5,100,100,100,100,100,100,5,29,29,6,6,600,600,4,30
3454.09,45,6,10,2,4,5,5,100,100,100,100,100,100,5,29,29,6,6,600,600,3,30
3455.09,45,6,10,2,4,5,5,100,100,100,100,100,100,5,29,29,6,6,600,600,3,30
3456.089,45,6,10,2,4,5,5,100,100,100,100,100,100,5,29,29,6,6,600,600,2,30
3457.089,45,6,10,2,4,5,5,100,100,100,100,100,100,5,29,29,6,6,600,600,2,30
3458.089,45,6,10,2,4,5,5,100,100,100,100,100,100,5,29,29,6,6,600,600,2,30
3459.089,45,6,10,2,4,5,5,100,100,100,100,100,100,5,29,29,6,6,600,600,2,30
3460.088,45,6,10,2,4,5,5,100,100,100,100,100,100,5,29,29,6,6,600,600,2,30
3461.088,45,6,10,2,4,5,5,100,100,100,100,100,100,5,29,29,6,6,600,600,2,30
3462.088,45,6,10,2,4,5,5,100,100,100,100,100,100,5,29,29,6,6,600,600,3,30
3463.088,45,6,10,2,4,5,5,100,100,100,100,100,100,5,29,29,6,6,600,600,3,30
3464.087,45,6,10,2,4,5,5,100,100,100,100,100,100,5,29,29,6,6,600,600,3,30
3465.087,45,6,10,2,4,5,5,100,100,100,100,100,100,5,29,29,6,6,600,600,2,30
3466.087,45,6,10,2,4,5,5,100,100,100,100,100,100,5,29,29,6,6,600,600,4,30
3467.087,45,6,10,2,4,5,5,100,100,100,100,100,100,5,29,29,6,6,600,600,4,30
3468.086,45,6,10,2,4,5,5,100,100,100,100,100,100,5,29,29,6,6,600,600,4,30
3469.086,45,6,10,2,4,5,5,100,100,100,100,100,100,5,29,29,6,6,600,600,4,30
3470.086,45,6,10,2,4,5,5,100,100,100,100,100,100,5,29,29,6,6,600,600,4,30
3471.086,45,6,10,2,4,5,5,100,100,100,100,100,100,5,29,29,6,6,600,600,4,30
3472.085,45,6,10,2,4,5,5,100,100,100,100,100,100,5,29,29,6,6,600,600,4,30
3473.085,45,6,10,2,4,5,5,100,100,100,100,100,100,5,29,29,6,6,600,600,3,30
3474.085,45,6,10,2,4,5,5,100,100,100,100,100,100,5,29,29,6,6,600,600,3,30
3475.085,45,6,10,2,4,5,5,100,100,100,100,100,100,5,29,29,6,6,600,600,2,30
3476.084,45,6,10,2,4,5,5,100,100,100,100,100,100,5,29,29,6,6,600,600,2,30
3477.084,45,6,10,2,4,5,5,100,100,100,100,100,100,5,29,29,6,6,600,600,2,30
3478.084,45,6,10,2,4,5,5,100,100,100,100,100,100,5,29,29,6,6,600,600,2,30
3479.084,45,6,10,2,4,5,5,100,100,100,100,100,100,5,29,29,6,6,600,600,4,30
3480.083,45,6,10,2,4,5,5,100,100,100,100,100,100,5,29,29,6,6,600,600,4,30
3481.083,45,6,10,2,4,5,5,100,100,100,100,100,100,5,29,29,6,6,600,600,4,30
3482.083,45,6,10,2,4,5,5,100,100,100,100,100,100,5,29,29,6,6,600,600,4,30
3483.083,45,6,10,2,4,5,5,100,100,100,100,100,100,5,29,29,6,6,600,600,4,30
3484.083,45,6,10,2,4,5,5,100,100,100,100,100,100,5,29,29,6,6,600,600,3,30
3485.082,45,6,10,2,4,5,5,100,100,100,100,100,100,5,29,29,6,6,600,600,3,30
3486.082,45,6,10,2,4,5,5,100,100,100,100,100,100,5,29,29,6,6,600,600,3,30
3487.082,45,6,10,2,4,5,5,100,100,100,100,100,100,5,29,29,6,6,600,600,2,30
3488.082,45,6,10,2,4,5,5,100,100,100,100,100,100,5,29,29,6,6,600,600,2,30
3489.081,45,6,10,2,4,5,5,100,100,100,100,100,100,5,29,29,6,6,600,600,2,30
3490.081,45,6,10,2,4,5,5,100,100,100,100,100,100,5,29,29,6,6,600,600,2,30
3491.081,45,6,10,2,4,5,5,100,100,100,100,100,100,5,29,29,6,6,600,600,2,30
3492.081,45,6,10,2,4,5,5,100,100,100,100,100,100,5,29,29,6,6,600,600,2,30
3493.08,45,6,10,2,4,5,5,100,100,100,100,100,100,5,29,29,6,6,600,600,2,30
3494.08,45,6,10,2,4,5,5,100,100,100,100,100,100,5,29,29,6,6,600,600,4,30
3495.08,45,6,10,2,4,5,5,100,100,100,100,100,100,5,29,29,6,6,600,600,3,30
3496.08,45,6,10,2,4,5,5,100,100,100,100,100,100,5,29,29,6,6,600,600,3,30
3497.079,45,6,10,2,4,5,5,100,100,100,100,100,100,5,29,29,6,6,600,600,3,30
3498.079,45,6,10,2,4,5,5,100,100,100,100,100,100,5,29,29,6,6,600,600,3,30
3499.079,45,6,10,2,4,5,5,100,100,100,100,100,100,5,29,29,6,6,600,600,3,30
3500.079,45,6,10,2,4,5,5,100,100,100,100,100,100,5,29,29,6,6,600,600,3,30
3501.078,45,6,10,2,4,5,5,100,100,100,100,100,100,5,29,29,6,6,600,600,3,30
3502.078,45,6,10,2,4,5,5,100,100,100,100,100,100,5,29,29,6,6,600,600,3,30
3503.078,45,6,10,2,4,5,5,100,100,100,100,100,100,5,29,29,6,6,600,600,3,30
3504.078,45,6,10,2,4,5,5,100,100,100,100,100,100,5,29,29,6,6,600,600,3,30
3505.077,45,6,10,2,4,5,5,100,100,100,100,100,100,5,29,29,6,6,600,600,3,30
3506.077,45,6,10,2,4,5,5,100,100,100,100,100,100,5,29,29,6,6,600,600,3,30
3507.077,45,6,10,2,4,5,5,100,100,100,100,100,100,5,29,29,6,6,600,600,4,30
3508.077,45,6,10,2,4,5,5,100,100,100,100,100,100,5,29,29,6,6,600,600,4,30
3509.076,45,6,10,2,4,5,5,100,100,100,100,100,100,5,29,29,6,6,600,600,4,30
3510.076,45,6,10,2,4,5,5,100,100,100,100,100,100,5,29,29,6,6,600,600,4,30
3511.076,45,6,10,2,4,5,5,100,100,100,100,100,100,5,29,29,6,6,600,600,3,30
3512.076,45,6,10,2,4,5,5,100,100,100,100,100,100,5,29,29,6,6,600,600,3,30
3513.075,45,6,10,2,4,5,5,100,100,100,100,100,100,5,29,29,6,6,600,600,3,30
3514.075,45,6,10,2,4,5,5,100,100,100,100,100,100,5,29,29,6,6,600,600,2,30
3515.075,45,6,10,2,4,5,5,100,100,100,100,100,100,5,29,29,6,6,600,600,2,30
3516.075,45,6,10,2,4,5,5,100,100,100,100,100,100,5,29,29,6,6,600,600,3,30
3517.074,45,6,10,2,4,5,5,100,100,100,100,100,100,5,29,29,6,6,600,600,2,30
3518.074,45,6,10,2,4,5,5,100,100,100,100,100,100,5,29,29,6,6,600,600,2,30
3519.074,45,6,10,2,4,5,5,100,100,100,100,100,100,5,29,29,6,6,600,600,3,30
3520.074,45,6,10,2,4,5,5,100,100,100,100,100,100,5,29,29,6,6,600,600,3,30
3521.073,45,6,10,2,4,5,5,100,100,100,100,100,100,5,29,29,6,6,600,600,2,30
3522.073,45,6,10,2,4,5,5,100,100,100,100,100,100,5,29,29,6,6,600,600,2,30
3523.073,45,6,10,2,4,5,5,100,100,100,100,100,100,5,29,29,6,6,600,600,2,30
3524.073,45,6,10,2,4,5,5,100,100,100,100,100,100,5,29,29,6,6,600,600,2,30
3525.073,45,6,10,2,4,5,5,100,100,100,100,100,100,5,29,29,6,6,600,600,3,30
3526.072,45,6,10,2,4,5,5,100,100,100,100,100,100,5,29,29,6,6,600,600,3,30
3527.072,45,6,10,2,4,5,5,100,100,100,100,100,100,5,29,29,6,6,600,600,4,30
3528.072,45,6,10,2,4,5,5,100,100,100,100,100,100,5,29,29,6,6,600,600,4,30
3529.072,45,6,10,2,4,5,5,100,100,100,100,100,100,5,29,29,6,6,600,600,4,30
3530.071,45,6,10,2,4,5,5,100,100,100,100,100,100,5,29,29,6,6,600,600,3,30
3531.071,45,6,10,2,4,5,5,100,100,100,100,100,100,5,29,29,6,6,600,600,3,30
3532.071,45,6,10,2,4,5,5,100,100,100,100,100,100,5,29,29,6,6,600,600,4,30
3533.071,45,6,10,2,4,5,5,100,100,100,100,100,100,5,29,29,6,6,600,600,4,30
3534.07,45,6,10,2,4,5,5,100,100,100,100,100,100,5,29,29,6,6,600,600,3,30
3535.07,45,6,10,2,4,5,5,100,100,100,100,100,100,5,29,29,6,6,600,600,3,30
3536.07,45,6,10,2,4,5,5,100,100,100,100,100,100,5,29,29,6,6,600,600,3,30
3537.07,45,6,10,2,4,5,5,100,100,100,100,100,100,5,29,29,6,6,600,600,3,30
3538.069,45,6,10,2,4,5,5,100,100,100,100,100,100,5,29,29,6,6,600,600,3,30
3539.069,45,6,10,2,4,5,5,100,100,100,100,100,100,5,29,29,6,6,600,600,3,30
3540.069,45,6,10,2,4,5,5,100,100,100,100,100,100,5,29,29,6,6,600,600,3,30
3541.069,45,6,10,2,4,5,5,100,100,100,100,100,100,5,29,29,6,6,600,600,3,30
3542.068,45,6,10,2,4,5,5,100,100,100,100,100,100,5,29,29,6,6,600,600,3,30
3543.068,45,6,10,2,4,5,5,100,100,100,100,100,100,5,29,29,6,6,600,600,3,30
3544.068,45,6,10,2,4,5,5,100,100,100,100,100,100,5,29,29,6,6,600,600,3,30
3545.068,45,6,10,2,4,5,5,100,100,100,100,100,100,5,29,29,6,6,600,600,3,30
3546.067,45,6,10,2,4,5,5,100,100,100,100,100,100,5,29,29,6,6,600,600,3,30
3547.067,45,6,10,2,4,5,5,100,100,100,100,100,100,5,29,29,6,6,600,600,3,30
3548.067,45,6,10,2,4,5,5,100,100,100,100,100,100,5,29,29,6,6,600,600,3,30
3549.067,45,6,10,2,4,5,5,100,100,100,100,100,100,5,29,29,6,6,600,600,3,30
3550.066,45,6,10,2,4,5,5,100,100,100,100,100,100,5,29,29,6,6,600,600,3,30
3551.066,45,6,10,2,4,5,5,100,100,100,100,100,100,5,29,29,6,6,600,600,3,30
3552.066,45,6,10,2,4,5,5,100,100,100,100,100,100,5,29,29,6,6,600,600,4,30
3553.066,45,6,10,2,4,5,5,100,100,100,100,100,100,5,29,29,6,6,600,600,4,30
3554.065,45,6,10,2,4,5,5,100,100,100,100,100,100,5,29,29,6,6,600,600,4,30
3555.065,45,6,10,2,4,5,5,100,100,100,100,100,100,5,29,29,6,6,600,600,4,30
3556.065,45,6,10,2,4,5,5,100,100,100,100,100,100,5,29,29,6,6,600,600,3,30
3557.065,45,6,10,2,4,5,5,100,100,100,100,100,100,5,29,29,6,6,600,600,3,30
3558.064,45,6,10,2,4,5,5,100,100,100,100,100,100,5,29,29,6,6,600,600,3,30
3559.064,45,6,10,2,4,5,5,100,100,100,100,100,100,5,29,29,6,6,600,600,3,30
3560.064,45,6,10,2,4,5,5,100,100,100,100,100,100,5,29,29,6,6,600,600,3,30
3561.064,45,6,10,2,4,5,5,100,100,100,100,100,100,5,29,29,6,6,600,600,3,30
3562.063,45,6,10,2,4,5,5,100,100,100,100,100,100,5,29,29,6,6,600,600,3,30
3563.063,45,6,10,2,4,5,5,100,100,100,100,100,100,5,29,29,6,6,600,600,3,30
3564.063,45,6,10,2,4,5,5,100,100,100,100,100,100,5,29,29,6,6,600,600,3,30
3565.063,45,6,10,2,4,5,5,100,100,100,100,100,100,5,29,29,6,6,600,600,4,30
3566.063,45,6,10,2,4,5,5,100,100,100,100,100,100,5,29,29,6,6,600,600,4,30
3567.062,45,6,10,2,4,5,5,100,100,100,100,100,100,5,29,29,6,6,600,600,4,30
3568.062,45,6,10,2,4,5,5,100,100,100,100,100,100,5,29,29,6,6,600,600,5,30
3569.062,45,6,10,2,4,5,5,100,100,100,100,100,100,5,29,29,6,6,600,600,5,30
3570.062,45,6,10,2,4,5,5,100,100,100,100,100,100,5,29,29,6,6,600,600,4,30
3571.061,45,6,10,2,4,5,5,100,100,100,100,100,100,5,29,29,6,6,600,600,3,30
3572.061,45,6,10,2,4,5,5,100,100,100,100,100,100,5,29,29,6,6,600,600,3,30
3573.061,45,6,10,2,4,5,5,100,100,100,100,100,100,5,29,29,6,6,600,600,3,30
3574.061,45,6,10,2,4,5,5,100,100,100,100,100,100,5,29,29,6,6,600,600,3,30
3575.06,45,6,10,2,4,5,5,100,100,100,100,100,100,5,29,29,6,6,600,600,2,30
3576.06,45,6,10,2,4,5,5,100,100,100,100,100,100,5,29,29,6,6,600,600,2,30
3577.06,45,6,10,2,4,5,5,100,100,100,100,100,100,5,29,29,6,6,600,600,2,30
3578.06,45,6,10,2,4,5,5,100,100,100,100,100,100,5,29,29,6,6,600,600,2,30
3579.059,45,6,10,2,4,5,5,100,100,100,100,100,100,5,29,29,6,6,600,600,3,30
3580.059,45,6,10,2,4,5,5,100,100,100,100,100,100,5,29,29,6,6,600,600,3,30
3581.059,45,6,10,2,4,5,5,100,100,100,100,100,100,5,29,29,6,6,600,600,3,30
3582.059,45,6,10,2,4,5,5,100,100,100,100,100,100,5,29,29,6,6,600,600,3,30
3583.058,45,6,10,2,4,5,5,100,100,100,100,100,100,5,29,29,6,6,600,600,3,30
3584.058,45,6,10,2,4,5,5,100,100,100,100,100,100,5,29,29,6,6,600,600,3,30
3585.058,45,6,10,2,4,5,5,100,100,100,100,100,100,5,29,29,6,6,600,600,3,30
3586.058,45,6,10,2,4,5,5,100,100,100,100,100,100,5,29,29,6,6,600,600,3,30
3587.057,45,6,10,2,4,5,5,100,100,100,100,100,100,5,29,29,6,6,600,600,4,30
3588.057,45,6,10,2,4,5,5,100,100,100,100,100,100,5,29,29,6,6,600,600,4,30
3589.057,45,6,10,2,4,5,5,100,100,100,100,100,100,5,29,29,6,6,600,600,3,30
3590.057,45,6,10,2,4,5,5,100,100,100,100,100,100,5,29,29,6,6,600,600,3,30
3591.056,45,6,10,2,4,5,5,100,100,100,100,100,100,5,29,29,6,6,600,600,2,30
3592.056,45,6,10,2,4,5,5,100,100,100,100,100,100,5,29,29,6,6,600,600,2,30
3593.056,45,6,10,2,4,5,5,100,100,100,100,100,100,5,29,29,6,6,600,600,3,30
3594.056,45,6,10,2,4,5,5,100,100,100,100,100,100,5,29,29,6,6,600,600,3,30
3595.055,45,6,10,2,4,5,5,100,100,100,100,100,100,5,29,29,6,6,600,600,3,30
3596.055,45,6,10,2,4,5,5,100,100,100,100,100,100,5,29,29,6,6,600,600,2,30
3597.055,45,6,10,2,4,5,5,100,100,100,100,100,100,5,29,29,6,6,600,600,2,30
3598.055,45,6,10,2,4,5,5,100,100,100,100,100,100,5,29,29,6,6,600,600,2,30
3599.054,45,6,10,2,4,5,5,100,100,100,100,100,100,5,29,29,6,6,600,600,2,30
3600.054,45,6,10,2,4,5,5,100,100,100,100,100,100,5,29,29,6,6,600,600,2,30
3601.054,45,6,10,2,4,5,5,100,100,100,100,100,100,5,29,29,6,6,600,600,2,30
3602.054,45,6,10,2,4,5,5,100,100,100,100,100,100,5,29,29,6,6,600,600,3,30
3603.053,45,6,10,2,4,5,5,100,100,100,100,100,100,5,29,29,6,6,600,600,3,30
3604.053,45,6,10,2,4,5,5,100,100,100,100,100,100,5,29,29,6,6,600,600,2,30
3605.053,45,6,10,2,4,5,5,100,100,100,100,100,100,5,29,29,6,6,600,600,2,30
3606.053,45,6,10,2,4,5,5,100,100,100,100,100,100,5,29,29,6,6,600,600,2,30
3607.052,45,6,10,2,4,5,5,100,100,100,100,100,100,5,29,29,6,6,600,600,2,30
3608.052,45,6,10,2,4,5,5,100,100,100,100,100,100,5,29,29,6,6,600,600,2,30
3609.052,45,6,10,2,4,5,5,100,100,100,100,100,100,5,29,29,6,6,600,600,2,30
3610.052,45,6,10,2,4,5,5,100,100,100,100,100,100,5,29,29,6,6,600,600,2,30
3611.052,45,6,10,2,4,5,5,100,100,100,100,100,100,5,29,29,6,6,600,600,3,30
3612.051,45,6,10,2,4,5,5,100,100,100,100,100,100,5,29,29,6,6,600,600,3,30
3613.051,45,6,10,2,4,5,5,100,100,100,100,100,100,5,29,29,6,6,600,600,2,30
3614.051,45,6,10,2,4,5,5,100,100,100,100,100,100,5,29,29,6,6,600,600,3,30
3615.051,45,6,10,2,4,5,5,100,100,100,100,100,100,5,29,29,6,6,600,600,3,30
3616.05,45,6,10,2,4,5,5,100,100,100,100,100,100,5,29,29,6,6,600,600,3,30
3617.05,45,6,10,2,4,5,5,100,100,100,100,100,100,5,29,29,6,6,600,600,3,30
3618.05,45,6,10,2,4,5,5,100,100,100,100,100,100,5,29,29,6,6,600,600,3,30
3619.05,45,6,10,2,4,5,5,100,100,100,100,100,100,5,29,29,6,6,600,600,3,30
3620.049,45,6,10,2,4,5,5,100,100,100,100,100,100,5,29,29,6,6,600,600,3,30
3621.049,45,6,10,2,4,5,5,100,100,100,100,100,100,5,29,29,6,6,600,600,3,30
3622.049,45,6,10,2,4,5,5,100,100,100,100,100,100,5,29,29,6,6,600,600,3,30
3623.049,45,6,10,2,4,5,5,100,100,100,100,100,100,5,29,29,6,6,600,600,2,30
3624.048,45,6,10,2,4,5,5,100,100,100,100,100,100,5,29,29,6,6,600,600,2,30
3625.048,45,6,10,2,4,5,5,100,100,100,100,100,100,5,29,29,6,6,600,600,3,30
3626.048,45,6,10,2,4,5,5,100,100,100,100,100,100,5,29,29,6,6,600,600,3,30
3627.048,45,6,10,2,4,5,5,100,100,100,100,100,100,5,29,29,6,6,600,600,4,30
3628.047,45,6,10,2,4,5,5,100,100,100,100,100,100,5,29,29,6,6,600,600,3,30
3629.047,45,6,10,2,4,5,5,100,100,100,100,100,100,5,29,29,6,6,600,600,3,30
3630.047,45,6,10,2,4,5,5,100,100,100,100,100,100,5,29,29,6,6,600,600,3,30
3631.047,45,6,10,2,4,5,5,100,100,100,100,100,100,5,29,29,6,6,600,600,3,30
3632.046,45,6,10,2,4,5,5,100,100,100,100,100,100,5,29,29,6,6,600,600,3,30
3633.046,45,6,10,2,4,5,5,100,100,100,100,100,100,5,29,29,6,6,600,600,3,30
3634.046,45,6,10,2,4,5,5,100,100,100,100,100,100,5,29,29,6,6,600,600,3,30
3635.046,45,6,10,2,4,5,5,100,100,100,100,100,100,5,29,29,6,6,600,600,3,30
3636.045,45,6,10,2,4,5,5,100,100,100,100,100,100,5,29,29,6,6,600,600,3,30
3637.045,45,6,10,2,4,5,5,100,100,100,100,100,100,5,29,29,6,6,600,600,3,30
3638.045,45,6,10,2,4,5,5,100,100,100,100,100,100,5,29,29,6,6,600,600,3,30
3639.045,45,6,10,2,4,5,5,100,100,100,100,100,100,5,29,29,6,6,600,600,2,30
3640.044,45,6,10,2,4,5,5,100,100,100,100,100,100,5,29,29,6,6,600,600,3,30
3641.044,45,6,10,2,4,5,5,100,100,100,100,100,100,5,29,29,6,6,600,600,3,30
3642.044,45,6,10,2,4,5,5,100,100,100,100,100,100,5,29,29,6,6,600,600,3,30
3643.044,45,6,10,2,4,5,5,100,100,100,100,100,100,5,29,29,6,6,600,600,2,30
3644.043,45,6,10,2,4,5,5,100,100,100,100,100,100,5,29,29,6,6,600,600,2,30
3645.043,45,6,10,2,4,5,5,100,100,100,100,100,100,5,29,29,6,6,600,600,2,30
3646.043,45,6,10,2,4,5,5,100,100,100,100,100,100,5,29,29,6,6,600,600,2,30
3647.043,45,6,10,2,4,5,5,100,100,100,100,100,100,5,29,29,6,6,600,600,2,30
3648.042,45,6,10,2,4,5,5,100,100,100,100,100,100,5,29,29,6,6,600,600,2,30
3649.042,45,6,10,2,4,5,5,100,100,100,100,100,100,5,29,29,6,6,600,600,2,30
3650.042,45,6,10,2,4,5,5,100,100,100,100,100,100,5,29,29,6,6,600,600,2,30
3651.042,45,6,10,2,4,5,5,100,100,100,100,100,100,5,29,29,6,6,600,600,2,30
3652.042,45,6,10,2,4,5,5,100,100,100,100,100,100,5,29,29,6,6,600,600,2,30
3653.041,45,6,10,2,4,5,5,100,100,100,100,100,100,5,29,29,6,6,600,600,3,30
3654.041,45,6,10,2,4,5,5,100,100,100,100,100,100,5,29,29,6,6,600,600,4,30
3655.041,45,6,10,2,4,5,5,100,100,100,100,100,100,5,29,29,6,6,600,600,3,30
3656.041,45,6,10,2,4,5,5,100,100,100,100,100,100,5,29,29,6,6,600,600,3,30
3657.04,45,6,10,2,4,5,5,100,100,100,100,100,100,5,29,29,6,6,600,600,3,30
3658.04,45,6,10,2,4,5,5,100,100,100,100,100,100,5,29,29,6,6,600,600,3,30
3659.04,45,6,10,2,4,5,5,100,100,100,100,100,100,5,29,29,6,6,600,600,4,30
3660.04,45,6,10,2,4,5,5,100,100,100,100,100,100,5,29,29,6,6,600,600,4,30
3661.039,45,6,10,2,4,5,5,100,100,100,100,100,100,5,29,29,6,6,600,600,4,30
3662.039,45,6,10,2,4,5,5,100,100,100,100,100,100,5,29,29,6,6,600,600,4,30
3663.039,45,6,10,2,4,5,5,100,100,100,100,100,100,5,29,29,6,6,600,600,4,30
3664.039,45,6,10,2,4,5,5,100,100,100,100,100,100,5,29,29,6,6,600,600,4,30
3665.038,45,6,10,2,4,5,5,100,100,100,100,100,100,5,29,29,6,6,600,600,3,30
3666.038,45,6,10,2,4,5,5,100,100,100,100,100,100,5,29,29,6,6,600,600,4,30
3667.038,45,6,10,2,4,5,5,100,100,100,100,100,100,5,29,29,6,6,600,600,3,30
3668.038,45,6,10,2,4,5,5,100,100,100,100,100,100,5,29,29,6,6,600,600,3,30
3669.037,45,6,10,2,4,5,5,100,100,100,100,100,100,5,29,29,6,6,600,600,3,30
3670.037,45,6,10,2,4,5,5,100,100,100,100,100,100,5,29,29,6,6,600,600,3,30
3671.037,45,6,10,2,4,5,5,100,100,100,100,100,100,5,29,29,6,6,600,600,3,30
3672.037,45,6,10,2,4,5,5,100,100,100,100,100,100,5,29,29,6,6,600,600,2,30
3673.036,45,6,10,2,4,5,5,100,100,100,100,100,100,5,29,29,6,6,600,600,2,30
3674.036,45,6,10,2,4,5,5,100,100,100,100,100,100,5,29,29,6,6,600,600,2,30
3675.036,45,6,10,2,4,5,5,100,100,100,100,100,100,5,29,29,6,6,600,600,2,30
3676.036,45,6,10,2,4,5,5,100,100,100,100,100,100,5,29,29,6,6,600,600,3,30
3677.035,45,6,10,2,4,5,5,100,100,100,100,100,100,5,29,29,6,6,600,600,3,30
3678.035,45,6,10,2,4,5,5,100,100,100,100,100,100,5,29,29,6,6,600,600,2,30
3679.035,45,6,10,2,4,5,5,100,100,100,100,100,100,5,29,29,6,6,600,600,3,30
3680.035,45,6,10,2,4,5,5,100,100,100,100,100,100,5,29,29,6,6,600,600,3,30
3681.034,45,6,10,2,4,5,5,100,100,100,100,100,100,5,29,29,6,6,600,600,3,30
3682.034,45,6,10,2,4,5,5,100,100,100,100,100,100,5,29,29,6,6,600,600,2,30
3683.034,45,6,10,2,4,5,5,100,100,100,100,100,100,5,29,29,6,6,600,600,3,30
3684.034,45,6,10,2,4,5,5,100,100,100,100,100,100,5,29,29,6,6,600,600,3,30
3685.033,45,6,10,2,4,5,5,100,100,100,100,100,100,5,29,29,6,6,600,600,3,30
3686.033,45,6,10,2,4,5,5,100,100,100,100,100,100,5,29,29,6,6,600,600,4,30
3687.033,45,6,10,2,4,5,5,100,100,100,100,100,100,5,29,29,6,6,600,600,4,30
3688.033,45,6,10,2,4,5,5,100,100,100,100,100,100,5,29,29,6,6,600,600,4,30
3689.032,45,6,10,2,4,5,5,100,100,100,100,100,100,5,29,29,6,6,600,600,4,30
3690.032,45,6,10,2,4,5,5,100,100,100,100,100,100,5,29,29,6,6,600,600,5,30
3691.032,45,6,10,2,4,5,5,100,100,100,100,100,100,5,29,29,6,6,600,600,5,30
3692.032,45,6,10,2,4,5,5,100,100,100,100,100,100,5,29,29,6,6,600,600,5,30
3693.031,45,6,10,2,4,5,5,100,100,100,100,100,100,5,29,29,6,6,600,600,5,30
3694.031,45,6,10,2,4,5,5,100,100,100,100,100,100,5,29,29,6,6,600,600,5,30
3695.031,45,6,10,2,4,5,5,100,100,100,100,100,100,5,29,29,6,6,600,600,4,30
3696.031,45,6,10,2,4,5,5,100,100,100,100,100,100,5,29,29,6,6,600,600,4,30
3697.031,45,6,10,2,4,5,5,100,100,100,100,100,100,5,29,29,6,6,600,600,4,30
3698.03,45,6,10,2,4,5,5,100,100,100,100,100,100,5,29,29,6,6,600,600,4,30
3699.03,45,6,10,2,4,5,5,100,100,100,100,100,100,5,29,29,6,6,600,600,3,30
3700.03,45,6,10,2,4,5,5,100,100,100,100,100,100,5,29,29,6,6,600,600,3,30
3701.03,45,6,10,2,4,5,5,100,100,100,100,100,100,5,29,29,6,6,600,600,3,30
3702.029,45,6,10,2,4,5,5,100,100,100,100,100,100,5,29,29,6,6,600,600,3,30
3703.029,45,6,10,2,4,5,5,100,100,100,100,100,100,5,29,29,6,6,600,600,4,30
3704.029,45,6,10,2,4,5,5,100,100,100,100,100,100,5,29,29,6,6,600,600,4,30
3705.029,45,6,10,2,4,5,5,100,100,100,100,100,100,5,29,29,6,6,600,600,4,30
3706.028,45,6,10,2,4,5,5,100,100,100,100,100,100,5,29,29,6,6,600,600,4,30
3707.028,45,6,10,2,4,5,5,100,100,100,100,100,100,5,29,29,6,6,600,600,4,30
3708.028,45,6,10,2,4,5,5,100,100,100,100,100,100,5,29,29,6,6,600,600,4,30
3709.028,45,6,10,2,4,5,5,100,100,100,100,100,100,5,29,29,6,6,600,600,3,30
3710.027,45,6,10,2,4,5,5,100,100,100,100,100,100,5,29,29,6,6,600,600,3,30
3711.027,45,6,10,2,4,5,5,100,100,100,100,100,100,5,29,29,6,6,600,600,3,30
3712.027,45,6,10,2,4,5,5,100,100,100,100,100,100,5,29,29,6,6,600,600,4,30
3713.027,45,6,10,2,4,5,5,100,100,100,100,100,100,5,29,29,6,6,600,600,4,30
3714.026,45,6,10,2,4,5,5,100,100,100,100,100,100,5,29,29,6,6,600,600,4,30
3715.026,45,6,10,2,4,5,5,100,100,100,100,100,100,5,29,29,6,6,600,600,4,30
3716.026,45,6,10,2,4,5,5,100,100,100,100,100,100,5,29,29,6,6,600,600,4,30
3717.026,45,6,10,2,4,5,5,100,100,100,100,100,100,5,29,29,6,6,600,600,4,30
3718.025,45,6,10,2,4,5,5,100,100,100,100,100,100,5,29,29,6,6,600,600,4,30
3719.025,45,6,10,2,4,5,5,100,100,100,100,100,100,5,29,29,6,6,600,600,4,30
3720.025,45,6,10,2,4,5,5,100,100,100,100,100,100,5,29,29,6,6,600,600,4,30
3721.025,45,6,10,2,4,5,5,100,100,100,100,100,100,5,29,29,6,6,600,600,4,30
3722.024,45,6,10,2,4,5,5,100,100,100,100,100,100,5,29,29,6,6,600,600,3,30
3723.024,45,6,10,2,4,5,5,100,100,100,100,100,100,5,29,29,6,6,600,600,3,30
3724.024,45,6,10,2,4,5,5,100,100,100,100,100,100,5,29,29,6,6,600,600,3,30
3725.024,45,6,10,2,4,5,5,100,100,100,100,100,100,5,29,29,6,6,600,600,3,30
3726.023,45,6,10,2,4,5,5,100,100,100,100,100,100,5,29,29,6,6,600,600,3,30
3727.023,45,6,10,2,4,5,5,100,100,100,100,100,100,5,29,29,6,6,600,600,3,30
3728.023,45,6,10,2,4,5,5,100,100,100,100,100,100,5,29,29,6,6,600,600,3,30
3729.023,45,6,10,2,4,5,5,100,100,100,100,100,100,5,29,29,6,6,600,600,3,30
3730.022,45,6,10,2,4,5,5,100,100,100,100,100,100,5,29,29,6,6,600,600,4,30
3731.022,45,6,10,2,4,5,5,100,100,100,100,100,100,5,29,29,6,6,600,600,4,30
3732.022,45,6,10,2,4,5,5,100,100,100,100,100,100,5,29,29,6,6,600,600,4,30
3733.022,45,6,10,2,4,5,5,100,100,100,100,100,100,5,29,29,6,6,600,600,4,30
3734.021,45,6,10,2,4,5,5,100,100,100,100,100,100,5,29,29,6,6,600,600,3,30
3735.021,45,6,10,2,4,5,5,100,100,100,100,100,100,5,29,29,6,6,600,600,3,30
3736.021,45,6,10,2,4,5,5,100,100,100,100,100,100,5,29,29,6,6,600,600,3,30
3737.021,45,6,10,2,4,5,5,100,100,100,100,100,100,5,29,29,6,6,600,600,3,30
3738.021,45,6,10,2,4,5,5,100,100,100,100,100,100,5,29,29,6,6,600,600,3,30
3739.02,45,6,10,2,4,5,5,100,100,100,100,100,100,5,29,29,6,6,600,600,3,30
3740.02,45,6,10,2,4,5,5,100,100,100,100,100,100,5,29,29,6,6,600,600,3,30
3741.02,45,6,10,2,4,5,5,100,100,100,100,100,100,5,29,29,6,6,600,600,3,30
3742.02,45,6,10,2,4,5,5,100,100,100,100,100,100,5,29,29,6,6,600,600,3,30
3743.019,45,6,10,2,4,5,5,100,100,100,100,100,100,5,29,29,6,6,600,600,4,30
3744.019,45,6,10,2,4,5,5,100,100,100,100,100,100,5,29,29,6,6,600,600,4,30
3745.019,45,6,10,2,4,5,5,100,100,100,100,100,100,5,29,29,6,6,600,600,3,30
3746.019,45,6,10,2,4,5,5,100,100,100,100,100,100,5,29,29,6,6,600,600,3,30
3747.018,45,6,10,2,4,5,5,100,100,100,100,100,100,5,29,29,6,6,600,600,3,30
3748.018,45,6,10,2,4,5,5,100,100,100,100,100,100,5,29,29,6,6,600,600,3,30
3749.018,45,6,10,2,4,5,5,100,100,100,100,100,100,5,29,29,6,6,600,600,4,30
3750.018,45,6,10,2,4,5,5,100,100,100,100,100,100,5,29,29,6,6,600,600,4,30
3751.017,45,6,10,2,4,5,5,100,100,100,100,100,100,5,29,29,6,6,600,600,5,30
3752.017,45,6,10,2,4,5,5,100,100,100,100,100,100,5,29,29,6,6,600,600,5,30
3753.017,45,6,10,2,4,5,5,100,100,100,100,100,100,5,29,29,6,6,600,600,5,30
3754.017,45,6,10,2,4,5,5,100,100,100,100,100,100,5,29,29,6,6,600,600,5,30
3755.016,45,6,10,2,4,5,5,100,100,100,100,100,100,5,29,29,6,6,600,600,5,30
3756.016,45,6,10,2,4,5,5,100,100,100,100,100,100,5,29,29,6,6,600,600,5,30
3757.016,45,6,10,2,4,5,5,100,100,100,100,100,100,5,29,29,6,6,600,600,5,30
3758.016,45,6,10,2,4,5,5,100,100,100,100,100,100,5,29,29,6,6,600,600,5,30
3759.015,45,6,10,2,4,5,5,100,100,100,100,100,100,5,29,29,6,6,600,600,5,30
3760.015,45,6,10,2,4,5,5,100,100,100,100,100,100,5,29,29,6,6,600,600,5,30
3761.015,45,6,10,2,4,5,5,100,100,100,100,100,100,5,29,29,6,6,600,600,4,30
3762.015,45,6,10,2,4,5,5,100,100,100,100,100,100,5,29,29,6,6,600,600,5,30
3763.014,45,6,10,2,4,5,5,100,100,100,100,100,100,5,29,29,6,6,600,600,5,30
3764.014,45,6,10,2,4,5,5,100,100,100,100,100,100,5,29,29,6,6,600,600,5,30
3765.014,45,6,10,2,4,5,5,100,100,100,100,100,100,5,29,29,6,6,600,600,5,30
3766.014,45,6,10,2,4,5,5,100,100,100,100,100,100,5,29,29,6,6,600,600,5,30
3767.013,45,6,10,2,4,5,5,100,100,100,100,100,100,5,29,29,6,6,600,600,4,30
3768.013,45,6,10,2,4,5,5,100,100,100,100,100,100,5,29,29,6,6,600,600,4,30
3769.013,45,6,10,2,4,5,5,100,100,100,100,100,100,5,29,29,6,6,600,600,5,30
3770.013,45,6,10,2,4,5,5,100,100,100,100,100,100,5,29,29,6,6,600,600,5,30
3771.012,45,6,10,2,4,5,5,100,100,100,100,100,100,5,29,29,6,6,600,600,3,30
3772.012,45,6,10,2,4,5,5,100,100,100,100,100,100,5,29,29,6,6,600,600,3,30
3773.012,45,6,10,2,4,5,5,100,100,100,100,100,100,5,29,29,6,6,600,600,3,30
3774.012,45,6,10,2,4,5,5,100,100,100,100,100,100,5,29,29,6,6,600,600,3,30
3775.011,45,6,10,2,4,5,5,100,100,100,100,100,100,5,29,29,6,6,600,600,4,30
3776.011,45,6,10,2,4,5,5,100,100,100,100,100,100,5,29,29,6,6,600,600,3,30
3777.011,45,6,10,2,4,5,5,100,100,100,100,100,100,5,29,29,6,6,600,600,3,30
3778.011,45,6,10,2,4,5,5,100,100,100,100,100,100,5,29,29,6,6,600,600,3,30
3779.01,45,6,10,2,4,5,5,100,100,100,100,100,100,5,29,29,6,6,600,600,3,30
3780.01,45,6,10,2,4,5,5,100,100,100,100,100,100,5,29,29,6,6,600,600,3,30
3781.01,45,6,10,2,4,5,5,100,100,100,100,100,100,5,29,29,6,6,600,600,4,30
3782.01,45,6,10,2,4,5,5,100,100,100,100,100,100,5,29,29,6,6,600,600,4,30
3783.01,45,6,10,2,4,5,5,100,100,100,100,100,100,5,29,29,6,6,600,600,4,30
3784.009,45,6,10,2,4,5,5,100,100,100,100,100,100,5,29,29,6,6,600,600,4,30
3785.009,45,6,10,2,4,5,5,100,100,100,100,100,100,5,29,29,6,6,600,600,4,30
3786.009,45,6,10,2,4,5,5,100,100,100,100,100,100,5,29,29,6,6,600,600,3,30
3787.009,45,6,10,2,4,5,5,100,100,100,100,100,100,5,29,29,6,6,600,600,4,30
3788.008,45,6,10,2,4,5,5,100,100,100,100,100,100,5,29,29,6,6,600,600,4,30
3789.008,45,6,10,2,4,5,5,100,100,100,100,100,100,5,29,29,6,6,600,600,4,30
3790.008,45,6,10,2,4,5,5,100,100,100,100,100,100,5,29,29,6,6,600,600,4,30
3791.008,45,6,10,2,4,5,5,100,100,100,100,100,100,5,29,29,6,6,600,600,4,30
3792.007,45,6,10,2,4,5,5,100,100,100,100,100,100,5,29,29,6,6,600,600,4,30
3793.007,45,6,10,2,4,5,5,100,100,100,100,100,100,5,29,29,6,6,600,600,4,30
3794.007,45,6,10,2,4,5,5,100,100,100,100,100,100,5,29,29,6,6,600,600,3,30
3795.007,45,6,10,2,4,5,5,100,100,100,100,100,100,5,29,29,6,6,600,600,5,30
3796.006,45,6,10,2,4,5,5,100,100,100,100,100,100,5,29,29,6,6,600,600,4,30
3797.006,45,6,10,2,4,5,5,100,100,100,100,100,100,5,29,29,6,6,600,600,4,30
3798.006,45,6,10,2,4,5,5,100,100,100,100,100,100,5,29,29,6,6,600,600,3,30
3799.006,45,6,10,2,4,5,5,100,100,100,100,100,100,5,29,29,6,6,600,600,3,30
3800.005,45,6,10,2,4,5,5,100,100,100,100,100,100,5,29,29,6,6,600,600,3,30
3801.005,45,6,10,2,4,5,5,100,100,100,100,100,100,5,29,29,6,6,600,600,2,30
3802.005,45,6,10,2,4,5,5,100,100,100,100,100,100,5,29,29,6,6,600,600,2,30
3803.005,45,6,10,2,4,5,5,100,100,100,100,100,100,5,29,29,6,6,600,600,2,30
3804.004,45,6,10,2,4,5,5,100,100,100,100,100,100,5,29,29,6,6,600,600,2,30
3805.004,45,6,10,2,4,5,5,100,100,100,100,100,100,5,29,29,6,6,600,600,3,30
3806.004,45,6,10,2,4,5,5,100,100,100,100,100,100,5,29,29,6,6,600,600,3,30
3807.004,45,6,10,2,4,5,5,100,100,100,100,100,100,5,29,29,6,6,600,600,3,30
3808.003,45,6,10,2,4,5,5,100,100,100,100,100,100,5,29,29,6,6,600,600,3,30
3809.003,45,6,10,2,4,5,5,100,100,100,100,100,100,5,29,29,6,6,600,600,3,30
3810.003,45,6,10,2,4,5,5,100,100,100,100,100,100,5,29,29,6,6,600,600,3,30
3811.003,45,6,10,2,4,5,5,100,100,100,100,100,100,5,29,29,6,6,600,600,3,30
3812.002,45,6,10,2,4,5,5,100,100,100,100,100,100,5,29,29,6,6,600,600,3,30
3813.002,45,6,10,2,4,5,5,100,100,100,100,100,100,5,29,29,6,6,600,600,3,30
3814.002,45,6,10,2,4,5,5,100,100,100,100,100,100,5,29,29,6,6,600,600,3,30
3815.002,45,6,10,2,4,5,5,100,100,100,100,100,100,5,29,29,6,6,600,600,3,30
3816.001,45,6,10,2,4,5,5,100,100,100,100,100,100,5,29,29,6,6,600,600,4,30
3817.001,45,6,10,2,4,5,5,100,100,100,100,100,100,5,29,29,6,6,600,600,4,30
3818.001,45,6,10,2,4,5,5,100,100,100,100,100,100,5,29,29,6,6,600,600,5,30
3819.001,45,6,10,2,4,5,5,100,100,100,100,100,100,5,29,29,6,6,600,600,5,30
3820,45,6,10,2,4,5,5,100,100,100,100,100,100,5,29,29,6,6,600,600,5,30
3821,45,6,10,2,4,5,5,100,100,100,100,100,100,5,29,29,6,6,600,600,5,30
3822,45,6,10,2,4,5,5,100,100,100,100,100,100,5,29,29,6,6,600,600,5,30
3823,45,6,10,2,4,5,5,100,100,100,100,100,100,5,29,29,6,6,600,600,3,30
3824,45,6,10,2,4,5,5,100,100,100,100,100,100,5,29,29,6,6,600,600,2,30
3824.999,45,6,10,2,4,5,5,100,100,100,100,100,100,5,29,29,6,6,600,600,3,30
3825.999,45,6,10,2,4,5,5,100,100,100,100,100,100,5,29,29,6,6,600,600,3,30
3826.999,45,6,10,2,4,5,5,100,100,100,100,100,100,5,29,29,6,6,600,600,4,30
3827.999,45,6,10,2,4,5,5,100,100,100,100,100,100,5,29,29,6,6,600,600,4,30
3828.998,45,6,10,2,4,5,5,100,100,100,100,100,100,5,29,29,6,6,600,600,4,30
3829.998,45,6,10,2,4,5,5,100,100,100,100,100,100,5,29,29,6,6,600,600,4,30
3830.998,45,6,10,2,4,5,5,100,100,100,100,100,100,5,29,29,6,6,600,600,3,30
3831.998,45,6,10,2,4,5,5,100,100,100,100,100,100,5,29,29,6,6,600,600,3,30
3832.997,45,6,10,2,4,5,5,100,100,100,100,100,100,5,29,29,6,6,600,600,4,30
3833.997,45,6,10,2,4,5,5,100,100,100,100,100,100,5,29,29,6,6,600,600,4,30
3834.997,45,6,10,2,4,5,5,100,100,100,100,100,100,5,29,29,6,6,600,600,3,30
3835.997,45,6,10,2,4,5,5,100,100,100,100,100,100,5,29,29,6,6,600,600,3,30
3836.996,45,6,10,2,4,5,5,100,100,100,100,100,100,5,29,29,6,6,600,600,4,30
3837.996,45,6,10,2,4,5,5,100,100,100,100,100,100,5,29,29,6,6,600,600,5,30
3838.996,45,6,10,2,4,5,5,100,100,100,100,100,100,5,29,29,6,6,600,600,4,30
3839.996,45,6,10,2,4,5,5,100,100,100,100,100,100,5,29,29,6,6,600,600,5,30
3840.995,45,6,10,2,4,5,5,100,100,100,100,100,100,5,29,29,6,6,600,600,5,30
3841.995,45,6,10,2,4,5,5,100,100,100,100,100,100,5,29,29,6,6,600,600,5,30
3842.995,45,6,10,2,4,5,5,100,100,100,100,100,100,5,29,29,6,6,600,600,4,30
3843.995,45,6,10,2,4,5,5,100,100,100,100,100,100,5,29,29,6,6,600,600,4,30
3844.994,45,6,10,2,4,5,5,100,100,100,100,100,100,5,29,29,6,6,600,600,4,30
3845.994,45,6,10,2,4,5,5,100,100,100,100,100,100,5,29,29,6,6,600,600,4,30
3846.994,45,6,10,2,4,5,5,100,100,100,100,100,100,5,29,29,6,6,600,600,4,30
3847.994,45,6,10,2,4,5,5,100,100,100,100,100,100,5,29,29,6,6,600,600,4,30
3848.993,45,6,10,2,4,5,5,100,100,100,100,100,100,5,29,29,6,6,600,600,4,30
3849.993,45,6,10,2,4,5,5,100,100,100,100,100,100,5,29,29,6,6,600,600,5,30
3850.993,45,6,10,2,4,5,5,100,100,100,100,100,100,5,29,29,6,6,600,600,5,30
3851.993,45,6,10,2,4,5,5,100,100,100,100,100,100,5,29,29,6,6,600,600,5,30
3852.992,45,6,10,2,4,5,5,100,100,100,100,100,100,5,29,29,6,6,600,600,4,30
3853.992,45,6,10,2,4,5,5,100,100,100,100,100,100,5,29,29,6,6,600,600,3,30
3854.992,45,6,10,2,4,5,5,100,100,100,100,100,100,5,29,29,6,6,600,600,3,30
3855.992,45,6,10,2,4,5,5,100,100,100,100,100,100,5,29,29,6,6,600,600,3,30
3856.991,45,6,10,2,4,5,5,100,100,100,100,100,100,5,29,29,6,6,600,600,3,30
3857.991,45,6,10,2,4,5,5,100,100,100,100,100,100,5,29,29,6,6,600,600,3,30
3858.991,45,6,10,2,4,5,5,100,100,100,100,100,100,5,29,29,6,6,600,600,3,30
3859.991,45,6,10,2,4,5,5,100,100,100,100,100,100,5,29,29,6,6,600,600,2,30
3860.99,45,6,10,2,4,5,5,100,100,100,100,100,100,5,29,29,6,6,600,600,2,30
3861.99,45,6,10,2,4,5,5,100,100,100,100,100,100,5,29,29,6,6,600,600,2,30
3862.99,45,6,10,2,4,5,5,100,100,100,100,100,100,5,29,29,6,6,600,600,2,30
3863.99,45,6,10,2,4,5,5,100,100,100,100,100,100,5,29,29,6,6,600,600,2,30
3864.99,45,6,10,2,4,5,5,100,100,100,100,100,100,5,29,29,6,6,600,600,2,30
3865.989,45,6,10,2,4,5,5,100,100,100,100,100,100,5,29,29,6,6,600,600,3,30
3866.989,45,6,10,2,4,5,5,100,100,100,100,100,100,5,29,29,6,6,600,600,3,30
3867.989,45,6,10,2,4,5,5,100,100,100,100,100,100,5,29,29,6,6,600,600,3,30
3868.989,45,6,10,2,4,5,5,100,100,100,100,100,100,5,29,29,6,6,600,600,2,30
3869.988,45,6,10,2,4,5,5,100,100,100,100,100,100,5,29,29,6,6,600,600,2,30
3870.988,45,6,10,2,4,5,5,100,100,100,100,100,100,5,29,29,6,6,600,600,2,30
3871.988,45,6,10,2,4,5,5,100,100,100,100,100,100,5,29,29,6,6,600,600,3,30
3872.988,45,6,10,2,4,5,5,100,100,100,100,100,100,5,29,29,6,6,600,600,3,30
3873.987,45,6,10,2,4,5,5,100,100,100,100,100,100,5,29,29,6,6,600,600,3,30
3874.987,45,6,10,2,4,5,5,100,100,100,100,100,100,5,29,29,6,6,600,600,4,30
3875.987,45,6,10,2,4,5,5,100,100,100,100,100,100,5,29,29,6,6,600,600,4,30
3876.987,45,6,10,2,4,5,5,100,100,100,100,100,100,5,29,29,6,6,600,600,3,30
3877.986,45,6,10,2,4,5,5,100,100,100,100,100,100,5,29,29,6,6,600,600,3,30
3878.986,45,6,10,2,4,5,5,100,100,100,100,100,100,5,29,29,6,6,600,600,4,30
3879.986,45,6,10,2,4,5,5,100,100,100,100,100,100,5,29,29,6,6,600,600,4,30
3880.986,45,6,10,2,4,5,5,100,100,100,100,100,100,5,29,29,6,6,600,600,4,30
3881.985,45,6,10,2,4,5,5,100,100,100,100,100,100,5,29,29,6,6,600,600,4,30
3882.985,45,6,10,2,4,5,5,100,100,100,100,100,100,5,29,29,6,6,600,600,4,30
3883.985,45,6,10,2,4,5,5,100,100,100,100,100,100,5,29,29,6,6,600,600,4,30
3884.985,45,6,10,2,4,5,5,100,100,100,100,100,100,5,29,29,6,6,600,600,3,30
3885.984,45,6,10,2,4,5,5,100,100,100,100,100,100,5,29,29,6,6,600,600,3,30
3886.984,45,6,10,2,4,5,5,100,100,100,100,100,100,5,29,29,6,6,600,600,2,30
3887.984,45,6,10,2,4,5,5,100,100,100,100,100,100,5,29,29,6,6,600,600,2,30
3888.984,45,6,10,2,4,5,5,100,100,100,100,100,100,5,29,29,6,6,600,600,3,30
3889.983,45,6,10,2,4,5,5,100,100,100,100,100,100,5,29,29,6,6,600,600,3,30
3890.983,45,6,10,2,4,5,5,100,100,100,100,100,100,5,29,29,6,6,600,600,2,30
3891.983,45,6,10,2,4,5,5,100,100,100,100,100,100,5,29,29,6,6,600,600,2,30
3892.983,45,6,10,2,4,5,5,100,100,100,100,100,100,5,29,29,6,6,600,600,2,30
3893.982,45,6,10,2,4,5,5,100,100,100,100,100,100,5,29,29,6,6,600,600,2,30
3894.982,45,6,10,2,4,5,5,100,100,100,100,100,100,5,29,29,6,6,600,600,2,30
3895.982,45,6,10,2,4,5,5,100,100,100,100,100,100,5,29,29,6,6,600,600,2,30
3896.982,45,6,10,2,4,5,5,100,100,100,100,100,100,5,29,29,6,6,600,600,3,30
3897.981,45,6,10,2,4,5,5,100,100,100,100,100,100,5,29,29,6,6,600,600,4,30
3898.981,45,6,10,2,4,5,5,100,100,100,100,100,100,5,29,29,6,6,600,600,3,30
3899.981,45,6,10,2,4,5,5,100,100,100,100,100,100,5,29,29,6,6,600,600,3,30
3900.981,45,6,10,2,4,5,5,100,100,100,100,100,100,5,29,29,6,6,600,600,3,30
3901.98,45,6,10,2,4,5,5,100,100,100,100,100,100,5,29,29,6,6,600,600,4,30
3902.98,45,6,10,2,4,5,5,100,100,100,100,100,100,5,29,29,6,6,600,600,4,30
3903.98,45,6,10,2,4,5,5,100,100,100,100,100,100,5,29,29,6,6,600,600,4,30
3904.98,45,6,10,2,4,5,5,100,100,100,100,100,100,5,29,29,6,6,600,600,4,30
3905.979,45,6,10,2,4,5,5,100,100,100,100,100,100,5,29,29,6,6,600,600,4,30
3906.979,45,6,10,2,4,5,5,100,100,100,100,100,100,5,29,29,6,6,600,600,4,30
3907.979,45,6,10,2,4,5,5,100,100,100,100,100,100,5,29,29,6,6,600,600,4,30
3908.979,45,6,10,2,4,5,5,100,100,100,100,100,100,5,29,29,6,6,600,600,4,30
3909.979,45,6,10,2,4,5,5,100,100,100,100,100,100,5,29,29,6,6,600,600,4,30
3910.978,45,6,10,2,4,5,5,100,100,100,100,100,100,5,29,29,6,6,600,600,4,30
3911.978,45,6,10,2,4,5,5,100,100,100,100,100,100,5,29,29,6,6,600,600,4,30
3912.978,45,6,10,2,4,5,5,100,100,100,100,100,100,5,29,29,6,6,600,600,3,30
3913.978,45,6,10,2,4,5,5,100,100,100,100,100,100,5,29,29,6,6,600,600,3,30
3914.977,45,6,10,2,4,5,5,100,100,100,100,100,100,5,29,29,6,6,600,600,5,30
3915.977,45,6,10,2,4,5,5,100,100,100,100,100,100,5,29,29,6,6,600,600,4,30
3916.977,45,6,10,2,4,5,5,100,100,100,100,100,100,5,29,29,6,6,600,600,4,30
3917.977,45,6,10,2,4,5,5,100,100,100,100,100,100,5,29,29,6,6,600,600,4,30
3918.976,45,6,10,2,4,5,5,100,100,100,100,100,100,5,29,29,6,6,600,600,4,30
3919.976,45,6,10,2,4,5,5,100,100,100,100,100,100,5,29,29,6,6,600,600,3,30
3920.976,45,6,10,2,4,5,5,100,100,100,100,100,100,5,29,29,6,6,600,600,5,30
3921.976,45,6,10,2,4,5,5,100,100,100,100,100,100,5,29,29,6,6,600,600,5,30
3922.975,45,6,10,2,4,5,5,100,100,100,100,100,100,5,29,29,6,6,600,600,3,30
3923.975,45,6,10,2,4,5,5,100,100,100,100,100,100,5,29,29,6,6,600,600,4,30
3924.975,45,6,10,2,4,5,5,100,100,100,100,100,100,5,29,29,6,6,600,600,4,30
3925.975,45,6,10,2,4,5,5,100,100,100,100,100,100,5,29,29,6,6,600,600,4,30
3926.974,45,6,10,2,4,5,5,100,100,100,100,100,100,5,29,29,6,6,600,600,4,30
3927.974,45,6,10,2,4,5,5,100,100,100,100,100,100,5,29,29,6,6,600,600,4,30
3928.974,45,6,10,2,4,5,5,100,100,100,100,100,100,5,29,29,6,6,600,600,5,30
3929.974,45,6,10,2,4,5,5,100,100,100,100,100,100,5,29,29,6,6,600,600,3,30
3930.973,45,6,10,2,4,5,5,100,100,100,100,100,100,5,29,29,6,6,600,600,3,30
3931.973,45,6,10,2,4,5,5,100,100,100,100,100,100,5,29,29,6,6,600,600,3,30
3932.973,45,6,10,2,4,5,5,100,100,100,100,100,100,5,29,29,6,6,600,600,3,30
3933.973,45,6,10,2,4,5,5,100,100,100,100,100,100,5,29,29,6,6,600,600,4,30
3934.972,45,6,10,2,4,5,5,100,100,100,100,100,100,5,29,29,6,6,600,600,4,30
3935.972,45,6,10,2,4,5,5,100,100,100,100,100,100,5,29,29,6,6,600,600,4,30
3936.972,45,6,10,2,4,5,5,100,100,100,100,100,100,5,29,29,6,6,600,600,3,30
3937.972,45,6,10,2,4,5,5,100,100,100,100,100,100,5,29,29,6,6,600,600,3,30
3938.971,45,6,10,2,4,5,5,100,100,100,100,100,100,5,29,29,6,6,600,600,3,30
3939.971,45,6,10,2,4,5,5,100,100,100,100,100,100,5,29,29,6,6,600,600,3,30
3940.971,45,6,10,2,4,5,5,100,100,100,100,100,100,5,29,29,6,6,600,600,3,30
3941.971,45,6,10,2,4,5,5,100,100,100,100,100,100,5,29,29,6,6,600,600,3,30
3942.97,45,6,10,2,4,5,5,100,100,100,100,100,100,5,29,29,6,6,600,600,3,30
3943.97,45,6,10,2,4,5,5,100,100,100,100,100,100,5,29,29,6,6,600,600,2,30
3944.97,45,6,10,2,4,5,5,100,100,100,100,100,100,5,29,29,6,6,600,600,2,30
3945.97,45,6,10,2,4,5,5,100,100,100,100,100,100,5,29,29,6,6,600,600,2,30
3946.969,45,6,10,2,4,5,5,100,100,100,100,100,100,5,29,29,6,6,600,600,2,30
3947.969,45,6,10,2,4,5,5,100,100,100,100,100,100,5,29,29,6,6,600,600,3,30
3948.969,45,6,10,2,4,5,5,100,100,100,100,100,100,5,29,29,6,6,600,600,5,30
3949.969,45,6,10,2,4,5,5,100,100,100,100,100,100,5,29,29,6,6,600,600,5,30
3950.969,45,6,10,2,4,5,5,100,100,100,100,100,100,5,29,29,6,6,600,600,5,30
3951.968,45,6,10,2,4,5,5,100,100,100,100,100,100,5,29,29,6,6,600,600,5,30
3952.968,45,6,10,2,4,5,5,100,100,100,100,100,100,5,29,29,6,6,600,600,3,30
3953.968,45,6,10,2,4,5,5,100,100,100,100,100,100,5,29,29,6,6,600,600,3,30
3954.968,45,6,10,2,4,5,5,100,100,100,100,100,100,5,29,29,6,6,600,600,3,30
3955.967,45,6,10,2,4,5,5,100,100,100,100,100,100,5,29,29,6,6,600,600,3,30
3956.967,45,6,10,2,4,5,5,100,100,100,100,100,100,5,29,29,6,6,600,600,3,30
3957.967,45,6,10,2,4,5,5,100,100,100,100,100,100,5,29,29,6,6,600,600,3,30
3958.967,45,6,10,2,4,5,5,100,100,100,100,100,100,5,29,29,6,6,600,600,3,30
3959.966,45,6,10,2,4,5,5,100,100,100,100,100,100,5,29,29,6,6,600,600,3,30
3960.966,45,6,10,2,4,5,5,100,100,100,100,100,100,5,29,29,6,6,600,600,4,30
3961.966,45,6,10,2,4,5,5,100,100,100,100,100,100,5,29,29,6,6,600,600,5,30
3962.966,45,6,10,2,4,5,5,100,100,100,100,100,100,5,29,29,6,6,600,600,5,30
3963.965,45,6,10,2,4,5,5,100,100,100,100,100,100,5,29,29,6,6,600,600,5,30
3964.965,45,6,10,2,4,5,5,100,100,100,100,100,100,5,29,29,6,6,600,600,4,30
3965.965,45,6,10,2,4,5,5,100,100,100,100,100,100,5,29,29,6,6,600,600,3,30
3966.965,45,6,10,2,4,5,5,100,100,100,100,100,100,5,29,29,6,6,600,600,3,30
3967.964,45,6,10,2,4,5,5,100,100,100,100,100,100,5,29,29,6,6,600,600,3,30
3968.964,45,6,10,2,4,5,5,100,100,100,100,100,100,5,29,29,6,6,600,600,3,30
3969.964,45,6,10,2,4,5,5,100,100,100,100,100,100,5,29,29,6,6,600,600,3,30
3970.964,45,6,10,2,4,5,5,100,100,100,100,100,100,5,29,29,6,6,600,600,4,30
3971.963,45,6,10,2,4,5,5,100,100,100,100,100,100,5,29,29,6,6,600,600,4,30
3972.963,45,6,10,2,4,5,5,100,100,100,100,100,100,5,29,29,6,6,600,600,3,30
3973.963,45,6,10,2,4,5,5,100,100,100,100,100,100,5,29,29,6,6,600,600,3,30
3974.963,45,6,10,2,4,5,5,100,100,100,100,100,100,5,29,29,6,6,600,600,3,30
3975.962,45,6,10,2,4,5,5,100,100,100,100,100,100,5,29,29,6,6,600,600,3,30
3976.962,45,6,10,2,4,5,5,100,100,100,100,100,100,5,29,29,6,6,600,600,3,30
3977.962,45,6,10,2,4,5,5,100,100,100,100,100,100,5,29,29,6,6,600,600,3,30
3978.962,45,6,10,2,4,5,5,100,100,100,100,100,100,5,29,29,6,6,600,600,3,30
3979.961,45,6,10,2,4,5,5,100,100,100,100,100,100,5,29,29,6,6,600,600,3,30
3980.961,45,6,10,2,4,5,5,100,100,100,100,100,100,5,29,29,6,6,600,600,4,30
3981.961,45,6,10,2,4,5,5,100,100,100,100,100,100,5,29,29,6,6,600,600,4,30
3982.961,45,6,10,2,4,5,5,100,100,100,100,100,100,5,29,29,6,6,600,600,3,30
3983.96,45,6,10,2,4,5,5,100,100,100,100,100,100,5,29,29,6,6,600,600,2,30
3984.96,45,6,10,2,4,5,5,100,100,100,100,100,100,5,29,29,6,6,600,600,2,30
3985.96,45,6,10,2,4,5,5,100,100,100,100,100,100,5,29,29,6,6,600,600,3,30
3986.96,45,6,10,2,4,5,5,100,100,100,100,100,100,5,29,29,6,6,600,600,2,30
3987.959,45,6,10,2,4,5,5,100,100,100,100,100,100,5,29,29,6,6,600,600,3,30
3988.959,45,6,10,2,4,5,5,100,100,100,100,100,100,5,29,29,6,6,600,600,3,30
3989.959,45,6,10,2,4,5,5,100,100,100,100,100,100,5,29,29,6,6,600,600,3,30
3990.959,45,6,10,2,4,5,5,100,100,100,100,100,100,5,29,29,6,6,600,600,4,30
3991.958,45,6,10,2,4,5,5,100,100,100,100,100,100,5,29,29,6,6,600,600,4,30
3992.958,45,6,10,2,4,5,5,100,100,100,100,100,100,5,29,29,6,6,600,600,3,30
3993.958,45,6,10,2,4,5,5,100,100,100,100,100,100,5,29,29,6,6,600,600,3,30
3994.958,45,6,10,2,4,5,5,100,100,100,100,100,100,5,29,29,6,6,600,600,3,30
3995.958,45,6,10,2,4,5,5,100,100,100,100,100,100,5,29,29,6,6,600,600,3,30
3996.957,45,6,10,2,4,5,5,100,100,100,100,100,100,5,29,29,6,6,600,600,2,30
3997.957,45,6,10,2,4,5,5,100,100,100,100,100,100,5,29,29,6,6,600,600,2,30
3998.957,45,6,10,2,4,5,5,100,100,100,100,100,100,5,29,29,6,6,600,600,2,30
3999.957,45,6,10,2,4,5,5,100,100,100,100,100,100,5,29,29,6,6,600,600,2,30
4000.956,45,6,10,2,4,5,5,100,100,100,100,100,100,5,29,29,6,6,600,600,2,30
4001.956,45,6,10,2,4,5,5,100,100,100,100,100,100,5,29,29,6,6,600,600,2,30
4002.956,45,6,10,2,4,5,5,100,100,100,100,100,100,5,29,29,6,6,600,600,2,30
4003.956,45,6,10,2,4,5,5,100,100,100,100,100,100,5,29,29,6,6,600,600,2,30
4004.955,45,6,10,2,4,5,5,100,100,100,100,100,100,5,29,29,6,6,600,600,2,30
4005.955,45,6,10,2,4,5,5,100,100,100,100,100,100,5,29,29,6,6,600,600,2,30
4006.955,45,6,10,2,4,5,5,100,100,100,100,100,100,5,29,29,6,6,600,600,2,30
4007.955,45,6,10,2,4,5,5,100,100,100,100,100,100,5,29,29,6,6,600,600,2,30
4008.954,45,6,10,2,4,5,5,100,100,100,100,100,100,5,29,29,6,6,600,600,2,30
4009.954,45,6,10,2,4,5,5,100,100,100,100,100,100,5,29,29,6,6,600,600,2,30
4010.954,45,6,10,2,4,5,5,100,100,100,100,100,100,5,29,29,6,6,600,600,3,30
4011.954,45,6,10,2,4,5,5,100,100,100,100,100,100,5,29,29,6,6,600,600,2,30
4012.953,45,6,10,2,4,5,5,100,100,100,100,100,100,5,29,29,6,6,600,600,2,30
4013.953,45,6,10,2,4,5,5,100,100,100,100,100,100,5,29,29,6,6,600,600,3,30
4014.953,45,6,10,2,4,5,5,100,100,100,100,100,100,5,29,29,6,6,600,600,4,30
4015.953,45,6,10,2,4,5,5,100,100,100,100,100,100,5,29,29,6,6,600,600,4,30
4016.952,45,6,10,2,4,5,5,100,100,100,100,100,100,5,29,29,6,6,600,600,3,30
4017.952,45,6,10,2,4,5,5,100,100,100,100,100,100,5,29,29,6,6,600,600,3,30
4018.952,45,6,10,2,4,5,5,100,100,100,100,100,100,5,29,29,6,6,600,600,3,30
4019.952,45,6,10,2,4,5,5,100,100,100,100,100,100,5,29,29,6,6,600,600,3,30
4020.951,45,6,10,2,4,5,5,100,100,100,100,100,100,5,29,29,6,6,600,600,3,30
4021.951,45,6,10,2,4,5,5,100,100,100,100,100,100,5,29,29,6,6,600,600,3,30
4022.951,45,6,10,2,4,5,5,100,100,100,100,100,100,5,29,29,6,6,600,600,3,30
4023.951,45,6,10,2,4,5,5,100,100,100,100,100,100,5,29,29,6,6,600,600,3,30
4024.95,45,6,10,2,4,5,5,100,100,100,100,100,100,5,29,29,6,6,600,600,3,30
4025.95,45,6,10,2,4,5,5,100,100,100,100,100,100,5,29,29,6,6,600,600,2,30
4026.95,45,6,10,2,4,5,5,100,100,100,100,100,100,5,29,29,6,6,600,600,2,30
4027.95,45,6,10,2,4,5,5,100,100,100,100,100,100,5,29,29,6,6,600,600,2,30
4028.949,45,6,10,2,4,5,5,100,100,100,100,100,100,5,29,29,6,6,600,600,2,30
4029.949,45,6,10,2,4,5,5,100,100,100,100,100,100,5,29,29,6,6,600,600,2,30
4030.949,45,6,10,2,4,5,5,100,100,100,100,100,100,5,29,29,6,6,600,600,2,30
4031.949,45,6,10,2,4,5,5,100,100,100,100,100,100,5,29,29,6,6,600,600,3,30
4032.948,45,6,10,2,4,5,5,100,100,100,100,100,100,5,29,29,6,6,600,600,3,30
4033.948,45,6,10,2,4,5,5,100,100,100,100,100,100,5,29,29,6,6,600,600,3,30
4034.948,45,6,10,2,4,5,5,100,100,100,100,100,100,5,29,29,6,6,600,600,3,30
4035.948,45,6,10,2,4,5,5,100,100,100,100,100,100,5,29,29,6,6,600,600,3,30
4036.948,45,6,10,2,4,5,5,100,100,100,100,100,100,5,29,29,6,6,600,600,3,30
4037.947,45,6,10,2,4,5,5,100,100,100,100,100,100,5,29,29,6,6,600,600,4,30
4038.947,45,6,10,2,4,5,5,100,100,100,100,100,100,5,29,29,6,6,600,600,3,30
4039.947,45,6,10,2,4,5,5,100,100,100,100,100,100,5,29,29,6,6,600,600,3,30
4040.947,45,6,10,2,4,5,5,100,100,100,100,100,100,5,29,29,6,6,600,600,3,30
4041.946,45,6,10,2,4,5,5,100,100,100,100,100,100,5,29,29,6,6,600,600,3,30
4042.946,45,6,10,2,4,5,5,100,100,100,100,100,100,5,29,29,6,6,600,600,3,30
4043.946,45,6,10,2,4,5,5,100,100,100,100,100,100,5,29,29,6,6,600,600,3,30
4044.946,45,6,10,2,4,5,5,100,100,100,100,100,100,5,29,29,6,6,600,600,3,30
4045.945,45,6,10,2,4,5,5,100,100,100,100,100,100,5,29,29,6,6,600,600,4,30
4046.945,45,6,10,2,4,5,5,100,100,100,100,100,100,5,29,29,6,6,600,600,4,30
4047.945,45,6,10,2,4,5,5,100,100,100,100,100,100,5,29,29,6,6,600,600,3,30
4048.945,45,6,10,2,4,5,5,100,100,100,100,100,100,5,29,29,6,6,600,600,3,30
4049.944,45,6,10,2,4,5,5,100,100,100,100,100,100,5,29,29,6,6,600,600,3,30
4050.944,45,6,10,2,4,5,5,100,100,100,100,100,100,5,29,29,6,6,600,600,3,30
4051.944,45,6,10,2,4,5,5,100,100,100,100,100,100,5,29,29,6,6,600,600,2,30
4052.944,45,6,10,2,4,5,5,100,100,100,100,100,100,5,29,29,6,6,600,600,2,30
4053.943,45,6,10,2,4,5,5,100,100,100,100,100,100,5,29,29,6,6,600,600,2,30
4054.943,45,6,10,2,4,5,5,100,100,100,100,100,100,5,29,29,6,6,600,600,2,30
4055.943,45,6,10,2,4,5,5,100,100,100,100,100,100,5,29,29,6,6,600,600,2,30
4056.943,45,6,10,2,4,5,5,100,100,100,100,100,100,5,29,29,6,6,600,600,1,30
4057.942,45,6,10,2,4,5,5,100,100,100,100,100,100,5,29,29,6,6,600,600,2,30
4058.942,45,6,10,2,4,5,5,100,100,100,100,100,100,5,29,29,6,6,600,600,2,30
4059.942,45,6,10,2,4,5,5,100,100,100,100,100,100,5,29,29,6,6,600,600,2,30
4060.942,45,6,10,2,4,5,5,100,100,100,100,100,100,5,29,29,6,6,600,600,2,30
4061.941,45,6,10,2,4,5,5,100,100,100,100,100,100,5,29,29,6,6,600,600,2,30
4062.941,45,6,10,2,4,5,5,100,100,100,100,100,100,5,29,29,6,6,600,600,2,30
4063.941,45,6,10,2,4,5,5,100,100,100,100,100,100,5,29,29,6,6,600,600,2,30
4064.941,45,6,10,2,4,5,5,100,100,100,100,100,100,5,29,29,6,6,600,600,3,30
4065.94,45,6,10,2,4,5,5,100,100,100,100,100,100,5,29,29,6,6,600,600,3,30
4066.94,45,6,10,2,4,5,5,100,100,100,100,100,100,5,29,29,6,6,600,600,3,30
4067.94,45,6,10,2,4,5,5,100,100,100,100,100,100,5,29,29,6,6,600,600,3,30
4068.94,45,6,10,2,4,5,5,100,100,100,100,100,100,5,29,29,6,6,600,600,3,30
4069.939,45,6,10,2,4,5,5,100,100,100,100,100,100,5,29,29,6,6,600,600,3,30
4070.939,45,6,10,2,4,5,5,100,100,100,100,100,100,5,29,29,6,6,600,600,3,30
4071.939,45,6,10,2,4,5,5,100,100,100,100,100,100,5,29,29,6,6,600,600,2,30
4072.939,45,6,10,2,4,5,5,100,100,100,100,100,100,5,29,29,6,6,600,600,3,30
4073.938,45,6,10,2,4,5,5,100,100,100,100,100,100,5,29,29,6,6,600,600,2,30
4074.938,45,6,10,2,4,5,5,100,100,100,100,100,100,5,29,29,6,6,600,600,3,30
4075.938,45,6,10,2,4,5,5,100,100,100,100,100,100,5,29,29,6,6,600,600,3,30
4076.938,45,6,10,2,4,5,5,100,100,100,100,100,100,5,29,29,6,6,600,600,4,30
4077.938,45,6,10,2,4,5,5,100,100,100,100,100,100,5,29,29,6,6,600,600,3,30
4078.937,45,6,10,2,4,5,5,100,100,100,100,100,100,5,29,29,6,6,600,600,3,30
4079.937,45,6,10,2,4,5,5,100,100,100,100,100,100,5,29,29,6,6,600,600,3,30
4080.937,45,6,10,2,4,5,5,100,100,100,100,100,100,5,29,29,6,6,600,600,3,30
4081.937,45,6,10,2,4,5,5,100,100,100,100,100,100,5,29,29,6,6,600,600,3,30
4082.936,45,6,10,2,4,5,5,100,100,100,100,100,100,5,29,29,6,6,600,600,3,30
4083.936,45,6,10,2,4,5,5,100,100,100,100,100,100,5,29,29,6,6,600,600,3,30
4084.936,45,6,10,2,4,5,5,100,100,100,100,100,100,5,29,29,6,6,600,600,3,30
4085.936,45,6,10,2,4,5,5,100,100,100,100,100,100,5,29,29,6,6,600,600,3,30
4086.935,45,6,10,2,4,5,5,100,100,100,100,100,100,5,29,29,6,6,600,600,2,30
4087.935,45,6,10,2,4,5,5,100,100,100,100,100,100,5,29,29,6,6,600,600,3,30
4088.935,45,6,10,2,4,5,5,100,100,100,100,100,100,5,29,29,6,6,600,600,3,30
4089.935,45,6,10,2,4,5,5,100,100,100,100,100,100,5,29,29,6,6,600,600,3,30
4090.934,45,6,10,2,4,5,5,100,100,100,100,100,100,5,29,29,6,6,600,600,3,30
4091.934,45,6,10,2,4,5,5,100,100,100,100,100,100,5,29,29,6,6,600,600,3,30
4092.934,45,6,10,2,4,5,5,100,100,100,100,100,100,5,29,29,6,6,600,600,4,30
4093.934,45,6,10,2,4,5,5,100,100,100,100,100,100,5,29,29,6,6,600,600,4,30
4094.933,45,6,10,2,4,5,5,100,100,100,100,100,100,5,29,29,6,6,600,600,4,30
4095.933,45,6,10,2,4,5,5,100,100,100,100,100,100,5,29,29,6,6,600,600,4,30
4096.934,45,6,10,2,4,5,5,100,100,100,100,100,100,5,29,29,6,6,600,600,4,30
4097.934,45,6,10,2,4,5,5,100,100,100,100,100,100,5,29,29,6,6,600,600,4,30
4098.935,45,6,10,2,4,5,5,100,100,100,100,100,100,5,29,29,6,6,600,600,4,30
4099.935,45,6,10,2,4,5,5,100,100,100,100,100,100,5,29,29,6,6,600,600,3,30
4100.936,45,6,10,2,4,5,5,100,100,100,100,100,100,5,29,29,6,6,600,600,2,30
4101.936,45,6,10,2,4,5,5,100,100,100,100,100,100,5,29,29,6,6,600,600,2,30
4102.937,45,6,10,2,4,5,5,100,100,100,100,100,100,5,29,29,6,6,600,600,2,30
4103.937,45,6,10,2,4,5,5,100,100,100,100,100,100,5,29,29,6,6,600,600,2,30
4104.938,45,6,10,2,4,5,5,100,100,100,100,100,100,5,29,29,6,6,600,600,2,30
4105.938,45,6,10,2,4,5,5,100,100,100,100,100,100,5,29,29,6,6,600,600,3,30
4106.938,45,6,10,2,4,5,5,100,100,100,100,100,100,5,29,29,6,6,600,600,3,30
4107.939,45,6,10,2,4,5,5,100,100,100,100,100,100,5,29,29,6,6,600,600,3,30
4108.939,45,6,10,2,4,5,5,100,100,100,100,100,100,5,29,29,6,6,600,600,3,30
4109.94,45,6,10,2,4,5,5,100,100,100,100,100,100,5,29,29,6,6,600,600,3,30
4110.94,45,6,10,2,4,5,5,100,100,100,100,100,100,5,29,29,6,6,600,600,3,30
4111.941,45,6,10,2,4,5,5,100,100,100,100,100,100,5,29,29,6,6,600,600,2,30
4112.941,45,6,10,2,4,5,5,100,100,100,100,100,100,5,29,29,6,6,600,600,2,30
4113.942,45,6,10,2,4,5,5,100,100,100,100,100,100,5,29,29,6,6,600,600,2,30
4114.942,45,6,10,2,4,5,5,100,100,100,100,100,100,5,29,29,6,6,600,600,3,30
4115.943,45,6,10,2,4,5,5,100,100,100,100,100,100,5,29,29,6,6,600,600,2,30
4116.943,45,6,10,2,4,5,5,100,100,100,100,100,100,5,29,29,6,6,600,600,3,30
4117.944,45,6,10,2,4,5,5,100,100,100,100,100,100,5,29,29,6,6,600,600,3,30
4118.944,45,6,10,2,4,5,5,100,100,100,100,100,100,5,29,29,6,6,600,600,3,30
4119.945,45,6,10,2,4,5,5,100,100,100,100,100,100,5,29,29,6,6,600,600,2,30
4120.945,45,6,10,2,4,5,5,100,100,100,100,100,100,5,29,29,6,6,600,600,2,30
4121.946,45,6,10,2,4,5,5,100,100,100,100,100,100,5,29,29,6,6,600,600,2,30
4122.946,45,6,10,2,4,5,5,100,100,100,100,100,100,5,29,29,6,6,600,600,2,30
4123.947,45,6,10,2,4,5,5,100,100,100,100,100,100,5,29,29,6,6,600,600,3,30
4124.947,45,6,10,2,4,5,5,100,100,100,100,100,100,5,29,29,6,6,600,600,3,30
4125.948,45,6,10,2,4,5,5,100,100,100,100,100,100,5,29,29,6,6,600,600,3,30
4126.948,45,6,10,2,4,5,5,100,100,100,100,100,100,5,29,29,6,6,600,600,3,30
4127.949,45,6,10,2,4,5,5,100,100,100,100,100,100,5,29,29,6,6,600,600,3,30
4128.949,45,6,10,2,4,5,5,100,100,100,100,100,100,5,29,29,6,6,600,600,3,30
4129.95,45,6,10,2,4,5,5,100,100,100,100,100,100,5,29,29,6,6,600,600,2,30
4130.95,45,6,10,2,4,5,5,100,100,100,100,100,100,5,29,29,6,6,600,600,2,30
4131.951,45,6,10,2,4,5,5,100,100,100,100,100,100,5,29,29,6,6,600,600,2,30
4132.951,45,6,10,2,4,5,5,100,100,100,100,100,100,5,29,29,6,6,600,600,2,30
4133.952,45,6,10,2,4,5,5,100,100,100,100,100,100,5,29,29,6,6,600,600,2,30
4134.952,45,6,10,2,4,5,5,100,100,100,100,100,100,5,29,29,6,6,600,600,2,30
4135.953,45,6,10,2,4,5,5,100,100,100,100,100,100,5,29,29,6,6,600,600,2,30
4136.953,45,6,10,2,4,5,5,100,100,100,100,100,100,5,29,29,6,6,600,600,2,30
4137.954,45,6,10,2,4,5,5,100,100,100,100,100,100,5,29,29,6,6,600,600,3,30
4138.954,45,6,10,2,4,5,5,100,100,100,100,100,100,5,29,29,6,6,600,600,3,30
4139.955,45,6,10,2,4,5,5,100,100,100,100,100,100,5,29,29,6,6,600,600,3,30
4140.955,45,6,10,2,4,5,5,100,100,100,100,100,100,5,29,29,6,6,600,600,3,30
4141.956,45,6,10,2,4,5,5,100,100,100,100,100,100,5,29,29,6,6,600,600,3,30
4142.956,45,6,10,2,4,5,5,100,100,100,100,100,100,5,29,29,6,6,600,600,3,30
4143.957,45,6,10,2,4,5,5,100,100,100,100,100,100,5,29,29,6,6,600,600,3,30
4144.957,45,6,10,2,4,5,5,100,100,100,100,100,100,5,29,29,6,6,600,600,3,30
4145.958,45,6,10,2,4,5,5,100,100,100,100,100,100,5,29,29,6,6,600,600,3,30
4146.958,45,6,10,2,4,5,5,100,100,100,100,100,100,5,29,29,6,6,600,600,2,30
4147.958,45,6,10,2,4,5,5,100,100,100,100,100,100,5,29,29,6,6,600,600,2,30
4148.959,45,6,10,2,4,5,5,100,100,100,100,100,100,5,29,29,6,6,600,600,2,30
4149.959,45,6,10,2,4,5,5,100,100,100,100,100,100,5,29,29,6,6,600,600,2,30
4150.96,45,6,10,2,4,5,5,100,100,100,100,100,100,5,29,29,6,6,600,600,2,30
4151.96,45,6,10,2,4,5,5,100,100,100,100,100,100,5,29,29,6,6,600,600,4,30
4152.961,45,6,10,2,4,5,5,100,100,100,100,100,100,5,29,29,6,6,600,600,4,30
4153.961,45,6,10,2,4,5,5,100,100,100,100,100,100,5,29,29,6,6,600,600,4,30
4154.962,45,6,10,2,4,5,5,100,100,100,100,100,100,5,29,29,6,6,600,600,4,30
4155.962,45,6,10,2,4,5,5,100,100,100,100,100,100,5,29,29,6,6,600,600,4,30
4156.963,45,6,10,2,4,5,5,100,100,100,100,100,100,5,29,29,6,6,600,600,4,30
4157.963,45,6,10,2,4,5,5,100,100,100,100,100,100,5,29,29,6,6,600,600,4,30
4158.964,45,6,10,2,4,5,5,100,100,100,100,100,100,5,29,29,6,6,600,600,4,30
4159.964,45,6,10,2,4,5,5,100,100,100,100,100,100,5,29,29,6,6,600,600,4,30
4160.965,45,6,10,2,4,5,5,100,100,100,100,100,100,5,29,29,6,6,600,600,4,30
4161.965,45,6,10,2,4,5,5,100,100,100,100,100,100,5,29,29,6,6,600,600,4,30
4162.966,45,6,10,2,4,5,5,100,100,100,100,100,100,5,29,29,6,6,600,600,3,30
4163.966,45,6,10,2,4,5,5,100,100,100,100,100,100,5,29,29,6,6,600,600,2,30
4164.967,45,6,10,2,4,5,5,100,100,100,100,100,100,5,29,29,6,6,600,600,2,30
4165.967,45,6,10,2,4,5,5,100,100,100,100,100,100,5,29,29,6,6,600,600,2,30
4166.968,45,6,10,2,4,5,5,100,100,100,100,100,100,5,29,29,6,6,600,600,2,30
4167.968,45,6,10,2,4,5,5,100,100,100,100,100,100,5,29,29,6,6,600,600,3,30
4168.969,45,6,10,2,4,5,5,100,100,100,100,100,100,5,29,29,6,6,600,600,4,30
4169.969,45,6,10,2,4,5,5,100,100,100,100,100,100,5,29,29,6,6,600,600,5,30
4170.97,45,6,10,2,4,5,5,100,100,100,100,100,100,5,29,29,6,6,600,600,5,30
4171.97,45,6,10,2,4,5,5,100,100,100,100,100,100,5,29,29,6,6,600,600,5,30
4172.971,45,6,10,2,4,5,5,100,100,100,100,100,100,5,29,29,6,6,600,600,5,30
4173.971,45,6,10,2,4,5,5,100,100,100,100,100,100,5,29,29,6,6,600,600,5,30
4174.972,45,6,10,2,4,5,5,100,100,100,100,100,100,5,29,29,6,6,600,600,5,30
4175.972,45,6,10,2,4,5,5,100,100,100,100,100,100,5,29,29,6,6,600,600,5,30
4176.973,45,6,10,2,4,5,5,100,100,100,100,100,100,5,29,29,6,6,600,600,5,30
4177.973,45,6,10,2,4,5,5,100,100,100,100,100,100,5,29,29,6,6,600,600,5,30
4178.974,45,6,10,2,4,5,5,100,100,100,100,100,100,5,29,29,6,6,600,600,4,30
4179.974,45,6,10,2,4,5,5,100,100,100,100,100,100,5,29,29,6,6,600,600,3,30
4180.975,45,6,10,2,4,5,5,100,100,100,100,100,100,5,29,29,6,6,600,600,4,30
4181.975,45,6,10,2,4,5,5,100,100,100,100,100,100,5,29,29,6,6,600,600,5,30
4182.976,45,6,10,2,4,5,5,100,100,100,100,100,100,5,29,29,6,6,600,600,5,30
4183.976,45,6,10,2,4,5,5,100,100,100,100,100,100,5,29,29,6,6,600,600,3,30
4184.977,45,6,10,2,4,5,5,100,100,100,100,100,100,5,29,29,6,6,600,600,3,30
4185.977,45,6,10,2,4,5,5,100,100,100,100,100,100,5,29,29,6,6,600,600,4,30
4186.978,45,6,10,2,4,5,5,100,100,100,100,100,100,5,29,29,6,6,600,600,3,30
4187.978,45,6,10,2,4,5,5,100,100,100,100,100,100,5,29,29,6,6,600,600,3,30
4188.979,45,6,10,2,4,5,5,100,100,100,100,100,100,5,29,29,6,6,600,600,3,30
4189.979,45,6,10,2,4,5,5,100,100,100,100,100,100,5,29,29,6,6,600,600,3,30
4190.979,45,6,10,2,4,5,5,100,100,100,100,100,100,5,29,29,6,6,600,600,3,30
4191.98,45,6,10,2,4,5,5,100,100,100,100,100,100,5,29,29,6,6,600,600,3,30
4192.98,45,6,10,2,4,5,5,100,100,100,100,100,100,5,29,29,6,6,600,600,4,30
4193.981,45,6,10,2,4,5,5,100,100,100,100,100,100,5,29,29,6,6,600,600,4,30
4194.981,45,6,10,2,4,5,5,100,100,100,100,100,100,5,29,29,6,6,600,600,4,30
4195.982,45,6,10,2,4,5,5,100,100,100,100,100,100,5,29,29,6,6,600,600,4,30
4196.982,45,6,10,2,4,5,5,100,100,100,100,100,100,5,29,29,6,6,600,600,3,30
4197.983,45,6,10,2,4,5,5,100,100,100,100,100,100,5,29,29,6,6,600,600,2,30
4198.983,45,6,10,2,4,5,5,100,100,100,100,100,100,5,29,29,6,6,600,600,2,30
4199.984,45,6,10,2,4,5,5,100,100,100,100,100,100,5,29,29,6,6,600,600,2,30
4200.984,45,6,10,2,4,5,5,100,100,100,100,100,100,5,29,29,6,6,600,600,2,30
4201.985,45,6,10,2,4,5,5,100,100,100,100,100,100,5,29,29,6,6,600,600,2,30
4202.985,45,6,10,2,4,5,5,100,100,100,100,100,100,5,29,29,6,6,600,600,2,30
4203.986,45,6,10,2,4,5,5,100,100,100,100,100,100,5,29,29,6,6,600,600,2,30
4204.986,45,6,10,2,4,5,5,100,100,100,100,100,100,5,29,29,6,6,600,600,3,30
4205.987,45,6,10,2,4,5,5,100,100,100,100,100,100,5,29,29,6,6,600,600,3,30
4206.987,45,6,10,2,4,5,5,100,100,100,100,100,100,5,29,29,6,6,600,600,3,30
4207.988,45,6,10,2,4,5,5,100,100,100,100,100,100,5,29,29,6,6,600,600,3,30
4208.988,45,6,10,2,4,5,5,100,100,100,100,100,100,5,29,29,6,6,600,600,3,30
4209.989,45,6,10,2,4,5,5,100,100,100,100,100,100,5,29,29,6,6,600,600,3,30
4210.989,45,6,10,2,4,5,5,100,100,100,100,100,100,5,29,29,6,6,600,600,3,30
4211.99,45,6,10,2,4,5,5,100,100,100,100,100,100,5,29,29,6,6,600,600,3,30
4212.99,45,6,10,2,4,5,5,100,100,100,100,100,100,5,29,29,6,6,600,600,3,30
4213.991,45,6,10,2,4,5,5,100,100,100,100,100,100,5,29,29,6,6,600,600,4,30
4214.991,45,6,10,2,4,5,5,100,100,100,100,100,100,5,29,29,6,6,600,600,4,30
4215.992,45,6,10,2,4,5,5,100,100,100,100,100,100,5,29,29,6,6,600,600,5,30
4216.992,45,6,10,2,4,5,5,100,100,100,100,100,100,5,29,29,6,6,600,600,5,30
4217.993,45,6,10,2,4,5,5,100,100,100,100,100,100,5,29,29,6,6,600,600,5,30
4218.993,45,6,10,2,4,5,5,100,100,100,100,100,100,5,29,29,6,6,600,600,3,30
4219.994,45,6,10,2,4,5,5,100,100,100,100,100,100,5,29,29,6,6,600,600,3,30
4220.994,45,6,10,2,4,5,5,100,100,100,100,100,100,5,29,29,6,6,600,600,3,30
4221.995,45,6,10,2,4,5,5,100,100,100,100,100,100,5,29,29,6,6,600,600,3,30
4222.995,45,6,10,2,4,5,5,100,100,100,100,100,100,5,29,29,6,6,600,600,2,30
4223.996,45,6,10,2,4,5,5,100,100,100,100,100,100,5,29,29,6,6,600,600,2,30
4224.996,45,6,10,2,4,5,5,100,100,100,100,100,100,5,29,29,6,6,600,600,3,30
4225.997,45,6,10,2,4,5,5,100,100,100,100,100,100,5,29,29,6,6,600,600,4,30
4226.997,45,6,10,2,4,5,5,100,100,100,100,100,100,5,29,29,6,6,600,600,5,30
4227.998,45,6,10,2,4,5,5,100,100,100,100,100,100,5,29,29,6,6,600,600,5,30
4228.998,45,6,10,2,4,5,5,100,100,100,100,100,100,5,29,29,6,6,600,600,3,30
4229.999,45,6,10,2,4,5,5,100,100,100,100,100,100,5,29,29,6,6,600,600,3,30
4230.999,45,6,10,2,4,5,5,100,100,100,100,100,100,5,29,29,6,6,600,600,3,30
4232,45,6,10,2,4,5,5,100,100,100,100,100,100,5,29,29,6,6,600,600,4,30
4233,45,6,10,2,4,5,5,100,100,100,100,100,100,5,29,29,6,6,600,600,4,30
4234,45,6,10,2,4,5,5,100,100,100,100,100,100,5,29,29,6,6,600,600,4,30
4235.001,45,6,10,2,4,5,5,100,100,100,100,100,100,5,29,29,6,6,600,600,3,30
4236.001,45,6,10,2,4,5,5,100,100,100,100,100,100,5,29,29,6,6,600,600,3,30
4237.002,45,6,10,2,4,5,5,100,100,100,100,100,100,5,29,29,6,6,600,600,3,30
4238.002,45,6,10,2,4,5,5,100,100,100,100,100,100,5,29,29,6,6,600,600,3,30
4239.003,45,6,10,2,4,5,5,100,100,100,100,100,100,5,29,29,6,6,600,600,4,30
4240.003,45,6,10,2,4,5,5,100,100,100,100,100,100,5,29,29,6,6,600,600,4,30
4241.004,45,6,10,2,4,5,5,100,100,100,100,100,100,5,29,29,6,6,600,600,4,30
4242.004,45,6,10,2,4,5,5,100,100,100,100,100,100,5,29,29,6,6,600,600,3,30
4243.005,45,6,10,2,4,5,5,100,100,100,100,100,100,5,29,29,6,6,600,600,4,30
4244.005,45,6,10,2,4,5,5,100,100,100,100,100,100,5,29,29,6,6,600,600,3,30
4245.006,45,6,10,2,4,5,5,100,100,100,100,100,100,5,29,29,6,6,600,600,3,30
4246.006,45,6,10,2,4,5,5,100,100,100,100,100,100,5,29,29,6,6,600,600,3,30
4247.007,45,6,10,2,4,5,5,100,100,100,100,100,100,5,29,29,6,6,600,600,3,30
4248.007,45,6,10,2,4,5,5,100,100,100,100,100,100,5,29,29,6,6,600,600,3,30
4249.008,45,6,10,2,4,5,5,100,100,100,100,100,100,5,29,29,6,6,600,600,3,30
4250.008,45,6,10,2,4,5,5,100,100,100,100,100,100,5,29,29,6,6,600,600,3,30
4251.009,45,6,10,2,4,5,5,100,100,100,100,100,100,5,29,29,6,6,600,600,3,30
4252.009,45,6,10,2,4,5,5,100,100,100,100,100,100,5,29,29,6,6,600,600,3,30
4253.01,45,6,10,2,4,5,5,100,100,100,100,100,100,5,29,29,6,6,600,600,3,30
4254.01,45,6,10,2,4,5,5,100,100,100,100,100,100,5,29,29,6,6,600,600,3,30
4255.011,45,6,10,2,4,5,5,100,100,100,100,100,100,5,29,29,6,6,600,600,3,30
4256.011,45,6,10,2,4,5,5,100,100,100,100,100,100,5,29,29,6,6,600,600,3,30
4257.012,45,6,10,2,4,5,5,100,100,100,100,100,100,5,29,29,6,6,600,600,3,30
4258.012,45,6,10,2,4,5,5,100,100,100,100,100,100,5,29,29,6,6,600,600,3,30
4259.013,45,6,10,2,4,5,5,100,100,100,100,100,100,5,29,29,6,6,600,600,3,30
4260.013,45,6,10,2,4,5,5,100,100,100,100,100,100,5,29,29,6,6,600,600,3,30
4261.014,45,6,10,2,4,5,5,100,100,100,100,100,100,5,29,29,6,6,600,600,3,30
4262.014,45,6,10,2,4,5,5,100,100,100,100,100,100,5,29,29,6,6,600,600,3,30
4263.015,45,6,10,2,4,5,5,100,100,100,100,100,100,5,29,29,6,6,600,600,3,30
4264.015,45,6,10,2,4,5,5,100,100,100,100,100,100,5,29,29,6,6,600,600,2,30
4265.016,45,6,10,2,4,5,5,100,100,100,100,100,100,5,29,29,6,6,600,600,2,30
4266.016,45,6,10,2,4,5,5,100,100,100,100,100,100,5,29,29,6,6,600,600,3,30
4267.017,45,6,10,2,4,5,5,100,100,100,100,100,100,5,29,29,6,6,600,600,3,30
4268.017,45,6,10,2,4,5,5,100,100,100,100,100,100,5,29,29,6,6,600,600,3,30
4269.018,45,6,10,2,4,5,5,100,100,100,100,100,100,5,29,29,6,6,600,600,3,30
4270.018,45,6,10,2,4,5,5,100,100,100,100,100,100,5,29,29,6,6,600,600,3,30
4271.019,45,6,10,2,4,5,5,100,100,100,100,100,100,5,29,29,6,6,600,600,3,30
4272.019,45,6,10,2,4,5,5,100,100,100,100,100,100,5,29,29,6,6,600,600,2,30
4273.02,45,6,10,2,4,5,5,100,100,100,100,100,100,5,29,29,6,6,600,600,2,30
4274.02,45,6,10,2,4,5,5,100,100,100,100,100,100,5,29,29,6,6,600,600,2,30
4275.021,45,6,10,2,4,5,5,100,100,100,100,100,100,5,29,29,6,6,600,600,2,30
4276.021,45,6,10,2,4,5,5,100,100,100,100,100,100,5,29,29,6,6,600,600,2,30
4277.021,45,6,10,2,4,5,5,100,100,100,100,100,100,5,29,29,6,6,600,600,3,30
4278.022,45,6,10,2,4,5,5,100,100,100,100,100,100,5,29,29,6,6,600,600,3,30
4279.022,45,6,10,2,4,5,5,100,100,100,100,100,100,5,29,29,6,6,600,600,3,30
4280.023,45,6,10,2,4,5,5,100,100,100,100,100,100,5,29,29,6,6,600,600,2,30
4281.023,45,6,10,2,4,5,5,100,100,100,100,100,100,5,29,29,6,6,600,600,3,30
4282.024,45,6,10,2,4,5,5,100,100,100,100,100,100,5,29,29,6,6,600,600,3,30
4283.024,45,6,10,2,4,5,5,100,100,100,100,100,100,5,29,29,6,6,600,600,3,30
4284.025,45,6,10,2,4,5,5,100,100,100,100,100,100,5,29,29,6,6,600,600,2,30
4285.025,45,6,10,2,4,5,5,100,100,100,100,100,100,5,29,29,6,6,600,600,2,30
4286.026,45,6,10,2,4,5,5,100,100,100,100,100,100,5,29,29,6,6,600,600,2,30
4287.026,45,6,10,2,4,5,5,100,100,100,100,100,100,5,29,29,6,6,600,600,2,30
4288.027,45,6,10,2,4,5,5,100,100,100,100,100,100,5,29,29,6,6,600,600,2,30
4289.027,45,6,10,2,4,5,5,100,100,100,100,100,100,5,29,29,6,6,600,600,2,30
4290.028,45,6,10,2,4,5,5,100,100,100,100,100,100,5,29,29,6,6,600,600,3,30
4291.028,45,6,10,2,4,5,5,100,100,100,100,100,100,5,29,29,6,6,600,600,3,30
4292.029,45,6,10,2,4,5,5,100,100,100,100,100,100,5,29,29,6,6,600,600,3,30
4293.029,45,6,10,2,4,5,5,100,100,100,100,100,100,5,29,29,6,6,600,600,2,30
4294.03,45,6,10,2,4,5,5,100,100,100,100,100,100,5,29,29,6,6,600,600,2,30
4295.03,45,6,10,2,4,5,5,100,100,100,100,100,100,5,29,29,6,6,600,600,3,30
4296.031,45,6,10,2,4,5,5,100,100,100,100,100,100,5,29,29,6,6,600,600,3,30
4297.031,45,6,10,2,4,5,5,100,100,100,100,100,100,5,29,29,6,6,600,600,3,30
4298.032,45,6,10,2,4,5,5,100,100,100,100,100,100,5,29,29,6,6,600,600,2,30
4299.032,45,6,10,2,4,5,5,100,100,100,100,100,100,5,29,29,6,6,600,600,3,30
4300.033,45,6,10,2,4,5,5,100,100,100,100,100,100,5,29,29,6,6,600,600,2,30
4301.033,45,6,10,2,4,5,5,100,100,100,100,100,100,5,29,29,6,6,600,600,2,30
4302.034,45,6,10,2,4,5,5,100,100,100,100,100,100,5,29,29,6,6,600,600,2,30
4303.034,45,6,10,2,4,5,5,100,100,100,100,100,100,5,29,29,6,6,600,600,2,30
4304.035,45,6,10,2,4,5,5,100,100,100,100,100,100,5,29,29,6,6,600,600,2,30
4305.035,45,6,10,2,4,5,5,100,100,100,100,100,100,5,29,29,6,6,600,600,2,30
4306.036,45,6,10,2,4,5,5,100,100,100,100,100,100,5,29,29,6,6,600,600,3,30
4307.036,45,6,10,2,4,5,5,100,100,100,100,100,100,5,29,29,6,6,600,600,3,30
4308.037,45,6,10,2,4,5,5,100,100,100,100,100,100,5,29,29,6,6,600,600,3,30
4309.037,45,6,10,2,4,5,5,100,100,100,100,100,100,5,29,29,6,6,600,600,2,30
4310.038,45,6,10,2,4,5,5,100,100,100,100,100,100,5,29,29,6,6,600,600,2,30
4311.038,45,6,10,2,4,5,5,100,100,100,100,100,100,5,29,29,6,6,600,600,2,30
4312.039,45,6,10,2,4,5,5,100,100,100,100,100,100,5,29,29,6,6,600,600,2,30
4313.039,45,6,10,2,4,5,5,100,100,100,100,100,100,5,29,29,6,6,600,600,2,30
4314.04,45,6,10,2,4,5,5,100,100,100,100,100,100,5,29,29,6,6,600,600,2,30
4315.04,45,6,10,2,4,5,5,100,100,100,100,100,100,5,29,29,6,6,600,600,2,30
4316.041,45,6,10,2,4,5,5,100,100,100,100,100,100,5,29,29,6,6,600,600,2,30
4317.041,45,6,10,2,4,5,5,100,100,100,100,100,100,5,29,29,6,6,600,600,2,30
4318.042,45,6,10,2,4,5,5,100,100,100,100,100,100,5,29,29,6,6,600,600,2,30
4319.042,45,6,10,2,4,5,5,100,100,100,100,100,100,5,29,29,6,6,600,600,2,30
4320.042,45,6,10,2,4,5,5,100,100,100,100,100,100,5,29,29,6,6,600,600,2,30
4321.043,45,6,10,2,4,5,5,100,100,100,100,100,100,5,29,29,6,6,600,600,2,30
4322.043,45,6,10,2,4,5,5,100,100,100,100,100,100,5,29,29,6,6,600,600,2,30
4323.044,45,6,10,2,4,5,5,100,100,100,100,100,100,5,29,29,6,6,600,600,3,30
4324.044,45,6,10,2,4,5,5,100,100,100,100,100,100,5,29,29,6,6,600,600,3,30
4325.045,45,6,10,2,4,5,5,100,100,100,100,100,100,5,29,29,6,6,600,600,3,30
4326.045,45,6,10,2,4,5,5,100,100,100,100,100,100,5,29,29,6,6,600,600,3,30
4327.046,45,6,10,2,4,5,5,100,100,100,100,100,100,5,29,29,6,6,600,600,3,30
4328.046,45,6,10,2,4,5,5,100,100,100,100,100,100,5,29,29,6,6,600,600,3,30
4329.047,45,6,10,2,4,5,5,100,100,100,100,100,100,5,29,29,6,6,600,600,2,30
4330.047,45,6,10,2,4,5,5,100,100,100,100,100,100,5,29,29,6,6,600,600,2,30
4331.048,45,6,10,2,4,5,5,100,100,100,100,100,100,5,29,29,6,6,600,600,2,30
4332.048,45,6,10,2,4,5,5,100,100,100,100,100,100,5,29,29,6,6,600,600,2,30
4333.049,45,6,10,2,4,5,5,100,100,100,100,100,100,5,29,29,6,6,600,600,2,30
4334.049,45,6,10,2,4,5,5,100,100,100,100,100,100,5,29,29,6,6,600,600,2,30
4335.05,45,6,10,2,4,5,5,100,100,100,100,100,100,5,29,29,6,6,600,600,2,30
4336.05,45,6,10,2,4,5,5,100,100,100,100,100,100,5,29,29,6,6,600,600,2,30
4337.051,45,6,10,2,4,5,5,100,100,100,100,100,100,5,29,29,6,6,600,600,2,30
4338.051,45,6,10,2,4,5,5,100,100,100,100,100,100,5,29,29,6,6,600,600,2,30
4339.052,45,6,10,2,4,5,5,100,100,100,100,100,100,5,29,29,6,6,600,600,2,30
4340.052,45,6,10,2,4,5,5,100,100,100,100,100,100,5,29,29,6,6,600,600,3,30
4341.053,45,6,10,2,4,5,5,100,100,100,100,100,100,5,29,29,6,6,600,600,3,30
4342.053,45,6,10,2,4,5,5,100,100,100,100,100,100,5,29,29,6,6,600,600,3,30
4343.054,45,6,10,2,4,5,5,100,100,100,100,100,100,5,29,29,6,6,600,600,3,30
4344.054,45,6,10,2,4,5,5,100,100,100,100,100,100,5,29,29,6,6,600,600,3,30
4345.055,45,6,10,2,4,5,5,100,100,100,100,100,100,5,29,29,6,6,600,600,3,30
4346.055,45,6,10,2,4,5,5,100,100,100,100,100,100,5,29,29,6,6,600,600,3,30
4347.056,45,6,10,2,4,5,5,100,100,100,100,100,100,5,29,29,6,6,600,600,3,30
4348.056,45,6,10,2,4,5,5,100,100,100,100,100,100,5,29,29,6,6,600,600,3,30
4349.057,45,6,10,2,4,5,5,100,100,100,100,100,100,5,29,29,6,6,600,600,3,30
4350.057,45,6,10,2,4,5,5,100,100,100,100,100,100,5,29,29,6,6,600,600,3,30
4351.058,45,6,10,2,4,5,5,100,100,100,100,100,100,5,29,29,6,6,600,600,3,30
4352.058,45,6,10,2,4,5,5,100,100,100,100,100,100,5,29,29,6,6,600,600,3,30
4353.059,45,6,10,2,4,5,5,100,100,100,100,100,100,5,29,29,6,6,600,600,3,30
4354.059,45,6,10,2,4,5,5,100,100,100,100,100,100,5,29,29,6,6,600,600,3,30
4355.06,45,6,10,2,4,5,5,100,100,100,100,100,100,5,29,29,6,6,600,600,3,30
4356.06,45,6,10,2,4,5,5,100,100,100,100,100,100,5,29,29,6,6,600,600,3,30
4357.061,45,6,10,2,4,5,5,100,100,100,100,100,100,5,29,29,6,6,600,600,3,30
4358.061,45,6,10,2,4,5,5,100,100,100,100,100,100,5,29,29,6,6,600,600,3,30
4359.062,45,6,10,2,4,5,5,100,100,100,100,100,100,5,29,29,6,6,600,600,3,30
4360.062,45,6,10,2,4,5,5,100,100,100,100,100,100,5,29,29,6,6,600,600,3,30
4361.063,45,6,10,2,4,5,5,100,100,100,100,100,100,5,29,29,6,6,600,600,3,30
4362.063,45,6,10,2,4,5,5,100,100,100,100,100,100,5,29,29,6,6,600,600,3,30
4363.063,45,6,10,2,4,5,5,100,100,100,100,100,100,5,29,29,6,6,600,600,3,30
4364.064,45,6,10,2,4,5,5,100,100,100,100,100,100,5,29,29,6,6,600,600,3,30
4365.064,45,6,10,2,4,5,5,100,100,100,100,100,100,5,29,29,6,6,600,600,3,30
4366.065,45,6,10,2,4,5,5,100,100,100,100,100,100,5,29,29,6,6,600,600,3,30
4367.065,45,6,10,2,4,5,5,100,100,100,100,100,100,5,29,29,6,6,600,600,3,30
4368.066,45,6,10,2,4,5,5,100,100,100,100,100,100,5,29,29,6,6,600,600,3,30
4369.066,45,6,10,2,4,5,5,100,100,100,100,100,100,5,29,29,6,6,600,600,2,30
4370.067,45,6,10,2,4,5,5,100,100,100,100,100,100,5,29,29,6,6,600,600,2,30
4371.067,45,6,10,2,4,5,5,100,100,100,100,100,100,5,29,29,6,6,600,600,2,30
4372.068,45,6,10,2,4,5,5,100,100,100,100,100,100,5,29,29,6,6,600,600,2,30
4373.068,45,6,10,2,4,5,5,100,100,100,100,100,100,5,29,29,6,6,600,600,2,30
4374.069,45,6,10,2,4,5,5,100,100,100,100,100,100,5,29,29,6,6,600,600,2,30
4375.069,45,6,10,2,4,5,5,100,100,100,100,100,100,5,29,29,6,6,600,600,2,30
4376.07,45,6,10,2,4,5,5,100,100,100,100,100,100,5,29,29,6,6,600,600,2,30
4377.07,45,6,10,2,4,5,5,100,100,100,100,100,100,5,29,29,6,6,600,600,3,30
4378.071,45,6,10,2,4,5,5,100,100,100,100,100,100,5,29,29,6,6,600,600,3,30
4379.071,45,6,10,2,4,5,5,100,100,100,100,100,100,5,29,29,6,6,600,600,3,30
4380.072,45,6,10,2,4,5,5,100,100,100,100,100,100,5,29,29,6,6,600,600,3,30
4381.072,45,6,10,2,4,5,5,100,100,100,100,100,100,5,29,29,6,6,600,600,3,30
4382.073,45,6,10,2,4,5,5,100,100,100,100,100,100,5,29,29,6,6,600,600,3,30
4383.073,45,6,10,2,4,5,5,100,100,100,100,100,100,5,29,29,6,6,600,600,3,30
4384.074,45,6,10,2,4,5,5,100,100,100,100,100,100,5,29,29,6,6,600,600,3,30
4385.074,45,6,10,2,4,5,5,100,100,100,100,100,100,5,29,29,6,6,600,600,3,30
4386.075,45,6,10,2,4,5,5,100,100,100,100,100,100,5,29,29,6,6,600,600,3,30
4387.075,45,6,10,2,4,5,5,100,100,100,100,100,100,5,29,29,6,6,600,600,3,30
4388.076,45,6,10,2,4,5,5,100,100,100,100,100,100,5,29,29,6,6,600,600,3,30
4389.076,45,6,10,2,4,5,5,100,100,100,100,100,100,5,29,29,6,6,600,600,2,30
4390.077,45,6,10,2,4,5,5,100,100,100,100,100,100,5,29,29,6,6,600,600,2,30
4391.077,45,6,10,2,4,5,5,100,100,100,100,100,100,5,29,29,6,6,600,600,2,30
4392.078,45,6,10,2,4,5,5,100,100,100,100,100,100,5,29,29,6,6,600,600,3,30
4393.078,45,6,10,2,4,5,5,100,100,100,100,100,100,5,29,29,6,6,600,600,3,30
4394.079,45,6,10,2,4,5,5,100,100,100,100,100,100,5,29,29,6,6,600,600,4,30
4395.079,45,6,10,2,4,5,5,100,100,100,100,100,100,5,29,29,6,6,600,600,3,30
4396.08,45,6,10,2,4,5,5,100,100,100,100,100,100,5,29,29,6,6,600,600,3,30
4397.08,45,6,10,2,4,5,5,100,100,100,100,100,100,5,29,29,6,6,600,600,4,30
4398.081,45,6,10,2,4,5,5,100,100,100,100,100,100,5,29,29,6,6,600,600,4,30
4399.081,45,6,10,2,4,5,5,100,100,100,100,100,100,5,29,29,6,6,600,600,4,30
4400.082,45,6,10,2,4,5,5,100,100,100,100,100,100,5,29,29,6,6,600,600,3,30
4401.082,45,6,10,2,4,5,5,100,100,100,100,100,100,5,29,29,6,6,600,600,4,30
4402.083,45,6,10,2,4,5,5,100,100,100,100,100,100,5,29,29,6,6,600,600,3,30
4403.083,45,6,10,2,4,5,5,100,100,100,100,100,100,5,29,29,6,6,600,600,3,30
4404.083,45,6,10,2,4,5,5,100,100,100,100,100,100,5,29,29,6,6,600,600,3,30
4405.084,45,6,10,2,4,5,5,100,100,100,100,100,100,5,29,29,6,6,600,600,3,30
4406.084,45,6,10,2,4,5,5,100,100,100,100,100,100,5,29,29,6,6,600,600,3,30
4407.085,45,6,10,2,4,5,5,100,100,100,100,100,100,5,29,29,6,6,600,600,3,30
4408.085,45,6,10,2,4,5,5,100,100,100,100,100,100,5,29,29,6,6,600,600,3,30
4409.086,45,6,10,2,4,5,5,100,100,100,100,100,100,5,29,29,6,6,600,600,3,30
4410.086,45,6,10,2,4,5,5,100,100,100,100,100,100,5,29,29,6,6,600,600,3,30
4411.087,45,6,10,2,4,5,5,100,100,100,100,100,100,5,29,29,6,6,600,600,3,30
4412.087,45,6,10,2,4,5,5,100,100,100,100,100,100,5,29,29,6,6,600,600,3,30
4413.088,45,6,10,2,4,5,5,100,100,100,100,100,100,5,29,29,6,6,600,600,3,30
4414.088,45,6,10,2,4,5,5,100,100,100,100,100,100,5,29,29,6,6,600,600,3,30
4415.089,45,6,10,2,4,5,5,100,100,100,100,100,100,5,29,29,6,6,600,600,3,30
4416.089,45,6,10,2,4,5,5,100,100,100,100,100,100,5,29,29,6,6,600,600,2,30
4417.09,45,6,10,2,4,5,5,100,100,100,100,100,100,5,29,29,6,6,600,600,2,30
4418.09,45,6,10,2,4,5,5,100,100,100,100,100,100,5,29,29,6,6,600,600,3,30
4419.091,45,6,10,2,4,5,5,100,100,100,100,100,100,5,29,29,6,6,600,600,3,30
4420.091,45,6,10,2,4,5,5,100,100,100,100,100,100,5,29,29,6,6,600,600,3,30
4421.092,45,6,10,2,4,5,5,100,100,100,100,100,100,5,29,29,6,6,600,600,3,30
4422.092,45,6,10,2,4,5,5,100,100,100,100,100,100,5,29,29,6,6,600,600,3,30
4423.093,45,6,10,2,4,5,5,100,100,100,100,100,100,5,29,29,6,6,600,600,3,30
4424.093,45,6,10,2,4,5,5,100,100,100,100,100,100,5,29,29,6,6,600,600,3,30
4425.094,45,6,10,2,4,5,5,100,100,100,100,100,100,5,29,29,6,6,600,600,3,30
4426.094,45,6,10,2,4,5,5,100,100,100,100,100,100,5,29,29,6,6,600,600,3,30
4427.095,45,6,10,2,4,5,5,100,100,100,100,100,100,5,29,29,6,6,600,600,3,30
4428.095,45,6,10,2,4,5,5,100,100,100,100,100,100,5,29,29,6,6,600,600,2,30
4429.096,45,6,10,2,4,5,5,100,100,100,100,100,100,5,29,29,6,6,600,600,2,30
4430.096,45,6,10,2,4,5,5,100,100,100,100,100,100,5,29,29,6,6,600,600,2,30
4431.097,45,6,10,2,4,5,5,100,100,100,100,100,100,5,29,29,6,6,600,600,2,30
4432.097,45,6,10,2,4,5,5,100,100,100,100,100,100,5,29,29,6,6,600,600,2,30
4433.098,45,6,10,2,4,5,5,100,100,100,100,100,100,5,29,29,6,6,600,600,2,30
4434.098,45,6,10,2,4,5,5,100,100,100,100,100,100,5,29,29,6,6,600,600,2,30
4435.099,45,6,10,2,4,5,5,100,100,100,100,100,100,5,29,29,6,6,600,600,2,30
4436.099,45,6,10,2,4,5,5,100,100,100,100,100,100,5,29,29,6,6,600,600,3,30
4437.1,45,6,10,2,4,5,5,100,100,100,100,100,100,5,29,29,6,6,600,600,3,30
4438.1,45,6,10,2,4,5,5,100,100,100,100,100,100,5,29,29,6,6,600,600,2,30
4439.101,45,6,10,2,4,5,5,100,100,100,100,100,100,5,29,29,6,6,600,600,2,30
4440.101,45,6,10,2,4,5,5,100,100,100,100,100,100,5,29,29,6,6,600,600,3,30
4441.102,45,6,10,2,4,5,5,100,100,100,100,100,100,5,29,29,6,6,600,600,2,30
4442.102,45,6,10,2,4,5,5,100,100,100,100,100,100,5,29,29,6,6,600,600,2,30
4443.103,45,6,10,2,4,5,5,100,100,100,100,100,100,5,29,29,6,6,600,600,2,30
4444.103,45,6,10,2,4,5,5,100,100,100,100,100,100,5,29,29,6,6,600,600,2,30
4445.104,45,6,10,2,4,5,5,100,100,100,100,100,100,5,29,29,6,6,600,600,2,30
4446.104,45,6,10,2,4,5,5,100,100,100,100,100,100,5,29,29,6,6,600,600,3,30
4447.104,45,6,10,2,4,5,5,100,100,100,100,100,100,5,29,29,6,6,600,600,3,30
4448.105,45,6,10,2,4,5,5,100,100,100,100,100,100,5,29,29,6,6,600,600,3,30
4449.105,45,6,10,2,4,5,5,100,100,100,100,100,100,5,29,29,6,6,600,600,3,30
4450.106,45,6,10,2,4,5,5,100,100,100,100,100,100,5,29,29,6,6,600,600,3,30
4451.106,45,6,10,2,4,5,5,100,100,100,100,100,100,5,29,29,6,6,600,600,3,30
4452.107,45,6,10,2,4,5,5,100,100,100,100,100,100,5,29,29,6,6,600,600,3,30
4453.107,45,6,10,2,4,5,5,100,100,100,100,100,100,5,29,29,6,6,600,600,3,30
4454.108,45,6,10,2,4,5,5,100,100,100,100,100,100,5,29,29,6,6,600,600,2,30
4455.108,45,6,10,2,4,5,5,100,100,100,100,100,100,5,29,29,6,6,600,600,2,30
4456.109,45,6,10,2,4,5,5,100,100,100,100,100,100,5,29,29,6,6,600,600,2,30
4457.109,45,6,10,2,4,5,5,100,100,100,100,100,100,5,29,29,6,6,600,600,2,30
4458.11,45,6,10,2,4,5,5,100,100,100,100,100,100,5,29,29,6,6,600,600,3,30
4459.11,45,6,10,2,4,5,5,100,100,100,100,100,100,5,29,29,6,6,600,600,2,30
4460.111,45,6,10,2,4,5,5,100,100,100,100,100,100,5,29,29,6,6,600,600,2,30
4461.111,45,6,10,2,4,5,5,100,100,100,100,100,100,5,29,29,6,6,600,600,2,30
4462.112,45,6,10,2,4,5,5,100,100,100,100,100,100,5,29,29,6,6,600,600,2,30
4463.112,45,6,10,2,4,5,5,100,100,100,100,100,100,5,29,29,6,6,600,600,2,30
4464.113,45,6,10,2,4,5,5,100,100,100,100,100,100,5,29,29,6,6,600,600,2,30
4465.113,45,6,10,2,4,5,5,100,100,100,100,100,100,5,29,29,6,6,600,600,2,30
4466.114,45,6,10,2,4,5,5,100,100,100,100,100,100,5,29,29,6,6,600,600,2,30
4467.114,45,6,10,2,4,5,5,100,100,100,100,100,100,5,29,29,6,6,600,600,2,30
4468.115,45,6,10,2,4,5,5,100,100,100,100,100,100,5,29,29,6,6,600,600,2,30
4469.115,45,6,10,2,4,5,5,100,100,100,100,100,100,5,29,29,6,6,600,600,2,30
4470.116,45,6,10,2,4,5,5,100,100,100,100,100,100,5,29,29,6,6,600,600,3,30
4471.116,45,6,10,2,4,5,5,100,100,100,100,100,100,5,29,29,6,6,600,600,3,30
4472.117,45,6,10,2,4,5,5,100,100,100,100,100,100,5,29,29,6,6,600,600,3,30
4473.117,45,6,10,2,4,5,5,100,100,100,100,100,100,5,29,29,6,6,600,600,4,30
4474.118,45,6,10,2,4,5,5,100,100,100,100,100,100,5,29,29,6,6,600,600,3,30
4475.118,45,6,10,2,4,5,5,100,100,100,100,100,100,5,29,29,6,6,600,600,3,30
4476.119,45,6,10,2,4,5,5,100,100,100,100,100,100,5,29,29,6,6,600,600,3,30
4477.119,45,6,10,2,4,5,5,100,100,100,100,100,100,5,29,29,6,6,600,600,3,30
4478.12,45,6,10,2,4,5,5,100,100,100,100,100,100,5,29,29,6,6,600,600,3,30
4479.12,45,6,10,2,4,5,5,100,100,100,100,100,100,5,29,29,6,6,600,600,3,30
4480.121,45,6,10,2,4,5,5,100,100,100,100,100,100,5,29,29,6,6,600,600,3,30
4481.121,45,6,10,2,4,5,5,100,100,100,100,100,100,5,29,29,6,6,600,600,3,30
4482.122,45,6,10,2,4,5,5,100,100,100,100,100,100,5,29,29,6,6,600,600,3,30
4483.122,45,6,10,2,4,5,5,100,100,100,100,100,100,5,29,29,6,6,600,600,3,30
4484.123,45,6,10,2,4,5,5,100,100,100,100,100,100,5,29,29,6,6,600,600,3,30
4485.123,45,6,10,2,4,5,5,100,100,100,100,100,100,5,29,29,6,6,600,600,2,30
4486.124,45,6,10,2,4,5,5,100,100,100,100,100,100,5,29,29,6,6,600,600,2,30
4487.124,45,6,10,2,4,5,5,100,100,100,100,100,100,5,29,29,6,6,600,600,3,30
4488.125,45,6,10,2,4,5,5,100,100,100,100,100,100,5,29,29,6,6,600,600,3,30
4489.125,45,6,10,2,4,5,5,100,100,100,100,100,100,5,29,29,6,6,600,600,3,30
4490.125,45,6,10,2,4,5,5,100,100,100,100,100,100,5,29,29,6,6,600,600,3,30
4491.126,45,6,10,2,4,5,5,100,100,100,100,100,100,5,29,29,6,6,600,600,4,30
4492.126,45,6,10,2,4,5,5,100,100,100,100,100,100,5,29,29,6,6,600,600,4,30
4493.127,45,6,10,2,4,5,5,100,100,100,100,100,100,5,29,29,6,6,600,600,4,30
4494.127,45,6,10,2,4,5,5,100,100,100,100,100,100,5,29,29,6,6,600,600,4,30
4495.128,45,6,10,2,4,5,5,100,100,100,100,100,100,5,29,29,6,6,600,600,4,30
4496.128,45,6,10,2,4,5,5,100,100,100,100,100,100,5,29,29,6,6,600,600,3,30
4497.129,45,6,10,2,4,5,5,100,100,100,100,100,100,5,29,29,6,6,600,600,3,30
4498.129,45,6,10,2,4,5,5,100,100,100,100,100,100,5,29,29,6,6,600,600,3,30
4499.13,45,6,10,2,4,5,5,100,100,100,100,100,100,5,29,29,6,6,600,600,2,30
4500.13,45,6,10,2,4,5,5,100,100,100,100,100,100,5,29,29,6,6,600,600,2,30
4501.131,45,6,10,2,4,5,5,100,100,100,100,100,100,5,29,29,6,6,600,600,2,30
4502.131,45,6,10,2,4,5,5,100,100,100,100,100,100,5,29,29,6,6,600,600,2,30
4503.132,45,6,10,2,4,5,5,100,100,100,100,100,100,5,29,29,6,6,600,600,2,30
4504.132,45,6,10,2,4,5,5,100,100,100,100,100,100,5,29,29,6,6,600,600,2,30
4505.133,45,6,10,2,4,5,5,100,100,100,100,100,100,5,29,29,6,6,600,600,2,30
4506.133,45,6,10,2,4,5,5,100,100,100,100,100,100,5,29,29,6,6,600,600,3,30
4507.134,45,6,10,2,4,5,5,100,100,100,100,100,100,5,29,29,6,6,600,600,3,30
4508.134,45,6,10,2,4,5,5,100,100,100,100,100,100,5,29,29,6,6,600,600,3,30
4509.135,45,6,10,2,4,5,5,100,100,100,100,100,100,5,29,29,6,6,600,600,2,30
4510.135,45,6,10,2,4,5,5,100,100,100,100,100,100,5,29,29,6,6,600,600,2,30
4511.136,45,6,10,2,4,5,5,100,100,100,100,100,100,5,29,29,6,6,600,600,2,30
4512.136,45,6,10,2,4,5,5,100,100,100,100,100,100,5,29,29,6,6,600,600,2,30
4513.137,45,6,10,2,4,5,5,100,100,100,100,100,100,5,29,29,6,6,600,600,2,30
4514.137,45,6,10,2,4,5,5,100,100,100,100,100,100,5,29,29,6,6,600,600,3,30
4515.138,45,6,10,2,4,5,5,100,100,100,100,100,100,5,29,29,6,6,600,600,3,30
4516.138,45,6,10,2,4,5,5,100,100,100,100,100,100,5,29,29,6,6,600,600,3,30
4517.139,45,6,10,2,4,5,5,100,100,100,100,100,100,5,29,29,6,6,600,600,3,30
4518.139,45,6,10,2,4,5,5,100,100,100,100,100,100,5,29,29,6,6,600,600,3,30
4519.14,45,6,10,2,4,5,5,100,100,100,100,100,100,5,29,29,6,6,600,600,3,30
4520.14,45,6,10,2,4,5,5,100,100,100,100,100,100,5,29,29,6,6,600,600,2,30
4521.141,45,6,10,2,4,5,5,100,100,100,100,100,100,5,29,29,6,6,600,600,3,30
4522.141,45,6,10,2,4,5,5,100,100,100,100,100,100,5,29,29,6,6,600,600,2,30
4523.142,45,6,10,2,4,5,5,100,100,100,100,100,100,5,29,29,6,6,600,600,2,30
4524.142,45,6,10,2,4,5,5,100,100,100,100,100,100,5,29,29,6,6,600,600,2,30
4525.143,45,6,10,2,4,5,5,100,100,100,100,100,100,5,29,29,6,6,600,600,2,30
4526.143,45,6,10,2,4,5,5,100,100,100,100,100,100,5,29,29,6,6,600,600,2,30
4527.144,45,6,10,2,4,5,5,100,100,100,100,100,100,5,29,29,6,6,600,600,2,30
4528.144,45,6,10,2,4,5,5,100,100,100,100,100,100,5,29,29,6,6,600,600,2,30
4529.145,45,6,10,2,4,5,5,100,100,100,100,100,100,5,29,29,6,6,600,600,2,30
4530.145,45,6,10,2,4,5,5,100,100,100,100,100,100,5,29,29,6,6,600,600,2,30
4531.146,45,6,10,2,4,5,5,100,100,100,100,100,100,5,29,29,6,6,600,600,2,30
4532.146,45,6,10,2,4,5,5,100,100,100,100,100,100,5,29,29,6,6,600,600,3,30
4533.146,45,6,10,2,4,5,5,100,100,100,100,100,100,5,29,29,6,6,600,600,3,30
4534.147,45,6,10,2,4,5,5,100,100,100,100,100,100,5,29,29,6,6,600,600,3,30
4535.147,45,6,10,2,4,5,5,100,100,100,100,100,100,5,29,29,6,6,600,600,3,30
4536.148,45,6,10,2,4,5,5,100,100,100,100,100,100,5,29,29,6,6,600,600,3,30
4537.148,45,6,10,2,4,5,5,100,100,100,100,100,100,5,29,29,6,6,600,600,3,30
4538.149,45,6,10,2,4,5,5,100,100,100,100,100,100,5,29,29,6,6,600,600,3,30
4539.149,45,6,10,2,4,5,5,100,100,100,100,100,100,5,29,29,6,6,600,600,3,30
4540.15,45,6,10,2,4,5,5,100,100,100,100,100,100,5,29,29,6,6,600,600,3,30
4541.15,45,6,10,2,4,5,5,100,100,100,100,100,100,5,29,29,6,6,600,600,3,30
4542.151,45,6,10,2,4,5,5,100,100,100,100,100,100,5,29,29,6,6,600,600,3,30
4543.151,45,6,10,2,4,5,5,100,100,100,100,100,100,5,29,29,6,6,600,600,3,30
4544.152,45,6,10,2,4,5,5,100,100,100,100,100,100,5,29,29,6,6,600,600,3,30
4545.152,45,6,10,2,4,5,5,100,100,100,100,100,100,5,29,29,6,6,600,600,3,30
4546.153,45,6,10,2,4,5,5,100,100,100,100,100,100,5,29,29,6,6,600,600,3,30
4547.153,45,6,10,2,4,5,5,100,100,100,100,100,100,5,29,29,6,6,600,600,3,30
4548.154,45,6,10,2,4,5,5,100,100,100,100,100,100,5,29,29,6,6,600,600,3,30
4549.154,45,6,10,2,4,5,5,100,100,100,100,100,100,5,29,29,6,6,600,600,3,30
4550.155,45,6,10,2,4,5,5,100,100,100,100,100,100,5,29,29,6,6,600,600,3,30
4551.155,45,6,10,2,4,5,5,100,100,100,100,100,100,5,29,29,6,6,600,600,3,30
4552.156,45,6,10,2,4,5,5,100,100,100,100,100,100,5,29,29,6,6,600,600,3,30
4553.156,45,6,10,2,4,5,5,100,100,100,100,100,100,5,29,29,6,6,600,600,3,30
4554.157,45,6,10,2,4,5,5,100,100,100,100,100,100,5,29,29,6,6,600,600,3,30
4555.157,45,6,10,2,4,5,5,100,100,100,100,100,100,5,29,29,6,6,600,600,3,30
4556.158,45,6,10,2,4,5,5,100,100,100,100,100,100,5,29,29,6,6,600,600,3,30
4557.158,45,6,10,2,4,5,5,100,100,100,100,100,100,5,29,29,6,6,600,600,3,30
4558.159,45,6,10,2,4,5,5,100,100,100,100,100,100,5,29,29,6,6,600,600,3,30
4559.159,45,6,10,2,4,5,5,100,100,100,100,100,100,5,29,29,6,6,600,600,3,30
4560.16,45,6,10,2,4,5,5,100,100,100,100,100,100,5,29,29,6,6,600,600,3,30
4561.16,45,6,10,2,4,5,5,100,100,100,100,100,100,5,29,29,6,6,600,600,2,30
4562.161,45,6,10,2,4,5,5,100,100,100,100,100,100,5,29,29,6,6,600,600,2,30
4563.161,45,6,10,2,4,5,5,100,100,100,100,100,100,5,29,29,6,6,600,600,2,30
4564.162,45,6,10,2,4,5,5,100,100,100,100,100,100,5,29,29,6,6,600,600,2,30
4565.162,45,6,10,2,4,5,5,100,100,100,100,100,100,5,29,29,6,6,600,600,2,30
4566.163,45,6,10,2,4,5,5,100,100,100,100,100,100,5,29,29,6,6,600,600,2,30
4567.163,45,6,10,2,4,5,5,100,100,100,100,100,100,5,29,29,6,6,600,600,2,30
4568.164,45,6,10,2,4,5,5,100,100,100,100,100,100,5,29,29,6,6,600,600,2,30
4569.164,45,6,10,2,4,5,5,100,100,100,100,100,100,5,29,29,6,6,600,600,2,30
4570.165,45,6,10,2,4,5,5,100,100,100,100,100,100,5,29,29,6,6,600,600,2,30
4571.165,45,6,10,2,4,5,5,100,100,100,100,100,100,5,29,29,6,6,600,600,2,30
4572.166,45,6,10,2,4,5,5,100,100,100,100,100,100,5,29,29,6,6,600,600,2,30
4573.166,45,6,10,2,4,5,5,100,100,100,100,100,100,5,29,29,6,6,600,600,2,30
4574.167,45,6,10,2,4,5,5,100,100,100,100,100,100,5,29,29,6,6,600,600,2,30
4575.167,45,6,10,2,4,5,5,100,100,100,100,100,100,5,29,29,6,6,600,600,2,30
4576.167,45,6,10,2,4,5,5,100,100,100,100,100,100,5,29,29,6,6,600,600,3,30
4577.168,45,6,10,2,4,5,5,100,100,100,100,100,100,5,29,29,6,6,600,600,2,30
4578.168,45,6,10,2,4,5,5,100,100,100,100,100,100,5,29,29,6,6,600,600,3,30
4579.169,45,6,10,2,4,5,5,100,100,100,100,100,100,5,29,29,6,6,600,600,3,30
4580.169,45,6,10,2,4,5,5,100,100,100,100,100,100,5,29,29,6,6,600,600,3,30
4581.17,45,6,10,2,4,5,5,100,100,100,100,100,100,5,29,29,6,6,600,600,3,30
4582.17,45,6,10,2,4,5,5,100,100,100,100,100,100,5,29,29,6,6,600,600,3,30
4583.171,45,6,10,2,4,5,5,100,100,100,100,100,100,5,29,29,6,6,600,600,3,30
4584.171,45,6,10,2,4,5,5,100,100,100,100,100,100,5,29,29,6,6,600,600,3,30
4585.172,45,6,10,2,4,5,5,100,100,100,100,100,100,5,29,29,6,6,600,600,3,30
4586.172,45,6,10,2,4,5,5,100,100,100,100,100,100,5,29,29,6,6,600,600,3,30
4587.173,45,6,10,2,4,5,5,100,100,100,100,100,100,5,29,29,6,6,600,600,3,30
4588.173,45,6,10,2,4,5,5,100,100,100,100,100,100,5,29,29,6,6,600,600,3,30
4589.174,45,6,10,2,4,5,5,100,100,100,100,100,100,5,29,29,6,6,600,600,3,30
4590.174,45,6,10,2,4,5,5,100,100,100,100,100,100,5,29,29,6,6,600,600,2,30
4591.175,45,6,10,2,4,5,5,100,100,100,100,100,100,5,29,29,6,6,600,600,2,30
4592.175,45,6,10,2,4,5,5,100,100,100,100,100,100,5,29,29,6,6,600,600,2,30
4593.176,45,6,10,2,4,5,5,100,100,100,100,100,100,5,29,29,6,6,600,600,2,30
4594.176,45,6,10,2,4,5,5,100,100,100,100,100,100,5,29,29,6,6,600,600,2,30
4595.177,45,6,10,2,4,5,5,100,100,100,100,100,100,5,29,29,6,6,600,600,2,30
4596.177,45,6,10,2,4,5,5,100,100,100,100,100,100,5,29,29,6,6,600,600,2,30
4597.178,45,6,10,2,4,5,5,100,100,100,100,100,100,5,29,29,6,6,600,600,2,30
4598.178,45,6,10,2,4,5,5,100,100,100,100,100,100,5,29,29,6,6,600,600,2,30
4599.179,45,6,10,2,4,5,5,100,100,100,100,100,100,5,29,29,6,6,600,600,2,30
4600.179,45,6,10,2,4,5,5,100,100,100,100,100,100,5,29,29,6,6,600,600,3,30
4601.18,45,6,10,2,4,5,5,100,100,100,100,100,100,5,29,29,6,6,600,600,3,30
4602.18,45,6,10,2,4,5,5,100,100,100,100,100,100,5,29,29,6,6,600,600,3,30
4603.181,45,6,10,2,4,5,5,100,100,100,100,100,100,5,29,29,6,6,600,600,3,30
4604.181,45,6,10,2,4,5,5,100,100,100,100,100,100,5,29,29,6,6,600,600,3,30
4605.182,45,6,10,2,4,5,5,100,100,100,100,100,100,5,29,29,6,6,600,600,3,30
4606.182,45,6,10,2,4,5,5,100,100,100,100,100,100,5,29,29,6,6,600,600,3,30
4607.183,45,6,10,2,4,5,5,100,100,100,100,100,100,5,29,29,6,6,600,600,3,30
4608.183,45,6,10,2,4,5,5,100,100,100,100,100,100,5,29,29,6,6,600,600,3,30
4609.184,45,6,10,2,4,5,5,100,100,100,100,100,100,5,29,29,6,6,600,600,4,30
4610.184,45,6,10,2,4,5,5,100,100,100,100,100,100,5,29,29,6,6,600,600,4,30
4611.185,45,6,10,2,4,5,5,100,100,100,100,100,100,5,29,29,6,6,600,600,4,30
4612.185,45,6,10,2,4,5,5,100,100,100,100,100,100,5,29,29,6,6,600,600,4,30
4613.186,45,6,10,2,4,5,5,100,100,100,100,100,100,5,29,29,6,6,600,600,4,30
4614.186,45,6,10,2,4,5,5,100,100,100,100,100,100,5,29,29,6,6,600,600,4,30
4615.187,45,6,10,2,4,5,5,100,100,100,100,100,100,5,29,29,6,6,600,600,2,30
4616.187,45,6,10,2,4,5,5,100,100,100,100,100,100,5,29,29,6,6,600,600,3,30
4617.188,45,6,10,2,4,5,5,100,100,100,100,100,100,5,29,29,6,6,600,600,3,30
4618.188,45,6,10,2,4,5,5,100,100,100,100,100,100,5,29,29,6,6,600,600,3,30
4619.188,45,6,10,2,4,5,5,100,100,100,100,100,100,5,29,29,6,6,600,600,3,30
4620.189,45,6,10,2,4,5,5,100,100,100,100,100,100,5,29,29,6,6,600,600,3,30
4621.189,45,6,10,2,4,5,5,100,100,100,100,100,100,5,29,29,6,6,600,600,3,30
4622.19,45,6,10,2,4,5,5,100,100,100,100,100,100,5,29,29,6,6,600,600,3,30
4623.19,45,6,10,2,4,5,5,100,100,100,100,100,100,5,29,29,6,6,600,600,3,30
4624.191,45,6,10,2,4,5,5,100,100,100,100,100,100,5,29,29,6,6,600,600,4,30
4625.191,45,6,10,2,4,5,5,100,100,100,100,100,100,5,29,29,6,6,600,600,4,30
4626.192,45,6,10,2,4,5,5,100,100,100,100,100,100,5,29,29,6,6,600,600,4,30
4627.192,45,6,10,2,4,5,5,100,100,100,100,100,100,5,29,29,6,6,600,600,3,30
4628.193,45,6,10,2,4,5,5,100,100,100,100,100,100,5,29,29,6,6,600,600,3,30
4629.193,45,6,10,2,4,5,5,100,100,100,100,100,100,5,29,29,6,6,600,600,2,30
4630.194,45,6,10,2,4,5,5,100,100,100,100,100,100,5,29,29,6,6,600,600,3,30
4631.194,45,6,10,2,4,5,5,100,100,100,100,100,100,5,29,29,6,6,600,600,3,30
4632.195,45,6,10,2,4,5,5,100,100,100,100,100,100,5,29,29,6,6,600,600,3,30
4633.195,45,6,10,2,4,5,5,100,100,100,100,100,100,5,29,29,6,6,600,600,3,30
4634.196,45,6,10,2,4,5,5,100,100,100,100,100,100,5,29,29,6,6,600,600,4,30
4635.196,45,6,10,2,4,5,5,100,100,100,100,100,100,5,29,29,6,6,600,600,4,30
4636.197,45,6,10,2,4,5,5,100,100,100,100,100,100,5,29,29,6,6,600,600,4,30
4637.197,45,6,10,2,4,5,5,100,100,100,100,100,100,5,29,29,6,6,600,600,4,30
4638.198,45,6,10,2,4,5,5,100,100,100,100,100,100,5,29,29,6,6,600,600,4,30
4639.198,45,6,10,2,4,5,5,100,100,100,100,100,100,5,29,29,6,6,600,600,3,30
4640.199,45,6,10,2,4,5,5,100,100,100,100,100,100,5,29,29,6,6,600,600,3,30
4641.199,45,6,10,2,4,5,5,100,100,100,100,100,100,5,29,29,6,6,600,600,3,30
4642.2,45,6,10,2,4,5,5,100,100,100,100,100,100,5,29,29,6,6,600,600,3,30
4643.2,45,6,10,2,4,5,5,100,100,100,100,100,100,5,29,29,6,6,600,600,2,30
4644.201,45,6,10,2,4,5,5,100,100,100,100,100,100,5,29,29,6,6,600,600,3,30
4645.201,45,6,10,2,4,5,5,100,100,100,100,100,100,5,29,29,6,6,600,600,3,30
4646.202,45,6,10,2,4,5,5,100,100,100,100,100,100,5,29,29,6,6,600,600,3,30
4647.202,45,6,10,2,4,5,5,100,100,100,100,100,100,5,29,29,6,6,600,600,3,30
4648.203,45,6,10,2,4,5,5,100,100,100,100,100,100,5,29,29,6,6,600,600,3,30
4649.203,45,6,10,2,4,5,5,100,100,100,100,100,100,5,29,29,6,6,600,600,3,30
4650.204,45,6,10,2,4,5,5,100,100,100,100,100,100,5,29,29,6,6,600,600,3,30
4651.204,45,6,10,2,4,5,5,100,100,100,100,100,100,5,29,29,6,6,600,600,3,30
4652.205,45,6,10,2,4,5,5,100,100,100,100,100,100,5,29,29,6,6,600,600,4,30
4653.205,45,6,10,2,4,5,5,100,100,100,100,100,100,5,29,29,6,6,600,600,4,30
4654.206,45,6,10,2,4,5,5,100,100,100,100,100,100,5,29,29,6,6,600,600,4,30
4655.206,45,6,10,2,4,5,5,100,100,100,100,100,100,5,29,29,6,6,600,600,4,30
4656.207,45,6,10,2,4,5,5,100,100,100,100,100,100,5,29,29,6,6,600,600,4,30
4657.207,45,6,10,2,4,5,5,100,100,100,100,100,100,5,29,29,6,6,600,600,4,30
4658.208,45,6,10,2,4,5,5,100,100,100,100,100,100,5,29,29,6,6,600,600,3,30
4659.208,45,6,10,2,4,5,5,100,100,100,100,100,100,5,29,29,6,6,600,600,4,30
4660.208,45,6,10,2,4,5,5,100,100,100,100,100,100,5,29,29,6,6,600,600,4,30
4661.209,45,6,10,2,4,5,5,100,100,100,100,100,100,5,29,29,6,6,600,600,3,30
4662.209,45,6,10,2,4,5,5,100,100,100,100,100,100,5,29,29,6,6,600,600,3,30
4663.21,45,6,10,2,4,5,5,100,100,100,100,100,100,5,29,29,6,6,600,600,3,30
4664.21,45,6,10,2,4,5,5,100,100,100,100,100,100,5,29,29,6,6,600,600,3,30
4665.211,45,6,10,2,4,5,5,100,100,100,100,100,100,5,29,29,6,6,600,600,2,30
4666.211,45,6,10,2,4,5,5,100,100,100,100,100,100,5,29,29,6,6,600,600,2,30
4667.212,45,6,10,2,4,5,5,100,100,100,100,100,100,5,29,29,6,6,600,600,2,30
4668.212,45,6,10,2,4,5,5,100,100,100,100,100,100,5,29,29,6,6,600,600,3,30
4669.213,45,6,10,2,4,5,5,100,100,100,100,100,100,5,29,29,6,6,600,600,3,30
4670.213,45,6,10,2,4,5,5,100,100,100,100,100,100,5,29,29,6,6,600,600,3,30
4671.214,45,6,10,2,4,5,5,100,100,100,100,100,100,5,29,29,6,6,600,600,3,30
4672.214,45,6,10,2,4,5,5,100,100,100,100,100,100,5,29,29,6,6,600,600,3,30
4673.215,45,6,10,2,4,5,5,100,100,100,100,100,100,5,29,29,6,6,600,600,3,30
4674.215,45,6,10,2,4,5,5,100,100,100,100,100,100,5,29,29,6,6,600,600,3,30
4675.216,45,6,10,2,4,5,5,100,100,100,100,100,100,5,29,29,6,6,600,600,3,30
4676.216,45,6,10,2,4,5,5,100,100,100,100,100,100,5,29,29,6,6,600,600,3,30
4677.217,45,6,10,2,4,5,5,100,100,100,100,100,100,5,29,29,6,6,600,600,3,30
4678.217,45,6,10,2,4,5,5,100,100,100,100,100,100,5,29,29,6,6,600,600,2,30
4679.218,45,6,10,2,4,5,5,100,100,100,100,100,100,5,29,29,6,6,600,600,2,30
4680.218,45,6,10,2,4,5,5,100,100,100,100,100,100,5,29,29,6,6,600,600,3,30
4681.219,45,6,10,2,4,5,5,100,100,100,100,100,100,5,29,29,6,6,600,600,3,30
4682.219,45,6,10,2,4,5,5,100,100,100,100,100,100,5,29,29,6,6,600,600,3,30
4683.22,45,6,10,2,4,5,5,100,100,100,100,100,100,5,29,29,6,6,600,600,3,30
4684.22,45,6,10,2,4,5,5,100,100,100,100,100,100,5,29,29,6,6,600,600,3,30
4685.221,45,6,10,2,4,5,5,100,100,100,100,100,100,5,29,29,6,6,600,600,4,30
4686.221,45,6,10,2,4,5,5,100,100,100,100,100,100,5,29,29,6,6,600,600,2,30
4687.222,45,6,10,2,4,5,5,100,100,100,100,100,100,5,29,29,6,6,600,600,2,30
4688.222,45,6,10,2,4,5,5,100,100,100,100,100,100,5,29,29,6,6,600,600,2,30
4689.223,45,6,10,2,4,5,5,100,100,100,100,100,100,5,29,29,6,6,600,600,2,30
4690.223,45,6,10,2,4,5,5,100,100,100,100,100,100,5,29,29,6,6,600,600,2,30
4691.224,45,6,10,2,4,5,5,100,100,100,100,100,100,5,29,29,6,6,600,600,2,30
4692.224,45,6,10,2,4,5,5,100,100,100,100,100,100,5,29,29,6,6,600,600,2,30
4693.225,45,6,10,2,4,5,5,100,100,100,100,100,100,5,29,29,6,6,600,600,3,30
4694.225,45,6,10,2,4,5,5,100,100,100,100,100,100,5,29,29,6,6,600,600,3,30
4695.226,45,6,10,2,4,5,5,100,100,100,100,100,100,5,29,29,6,6,600,600,3,30
4696.226,45,6,10,2,4,5,5,100,100,100,100,100,100,5,29,29,6,6,600,600,3,30
4697.227,45,6,10,2,4,5,5,100,100,100,100,100,100,5,29,29,6,6,600,600,3,30
4698.227,45,6,10,2,4,5,5,100,100,100,100,100,100,5,29,29,6,6,600,600,3,30
4699.228,45,6,10,2,4,5,5,100,100,100,100,100,100,5,29,29,6,6,600,600,3,30
4700.228,45,6,10,2,4,5,5,100,100,100,100,100,100,5,29,29,6,6,600,600,4,30
4701.229,45,6,10,2,4,5,5,100,100,100,100,100,100,5,29,29,6,6,600,600,4,30
4702.229,45,6,10,2,4,5,5,100,100,100,100,100,100,5,29,29,6,6,600,600,4,30
4703.229,45,6,10,2,4,5,5,100,100,100,100,100,100,5,29,29,6,6,600,600,4,30
4704.23,45,6,10,2,4,5,5,100,100,100,100,100,100,5,29,29,6,6,600,600,3,30
4705.23,45,6,10,2,4,5,5,100,100,100,100,100,100,5,29,29,6,6,600,600,3,30
4706.231,45,6,10,2,4,5,5,100,100,100,100,100,100,5,29,29,6,6,600,600,3,30
4707.231,45,6,10,2,4,5,5,100,100,100,100,100,100,5,29,29,6,6,600,600,3,30
4708.232,45,6,10,2,4,5,5,100,100,100,100,100,100,5,29,29,6,6,600,600,3,30
4709.232,45,6,10,2,4,5,5,100,100,100,100,100,100,5,29,29,6,6,600,600,3,30
4710.233,45,6,10,2,4,5,5,100,100,100,100,100,100,5,29,29,6,6,600,600,3,30
4711.233,45,6,10,2,4,5,5,100,100,100,100,100,100,5,29,29,6,6,600,600,3,30
4712.234,45,6,10,2,4,5,5,100,100,100,100,100,100,5,29,29,6,6,600,600,3,30
4713.234,45,6,10,2,4,5,5,100,100,100,100,100,100,5,29,29,6,6,600,600,3,30
4714.235,45,6,10,2,4,5,5,100,100,100,100,100,100,5,29,29,6,6,600,600,3,30
4715.235,45,6,10,2,4,5,5,100,100,100,100,100,100,5,29,29,6,6,600,600,3,30
4716.236,45,6,10,2,4,5,5,100,100,100,100,100,100,5,29,29,6,6,600,600,2,30
4717.236,45,6,10,2,4,5,5,100,100,100,100,100,100,5,29,29,6,6,600,600,2,30
4718.237,45,6,10,2,4,5,5,100,100,100,100,100,100,5,29,29,6,6,600,600,2,30
4719.237,45,6,10,2,4,5,5,100,100,100,100,100,100,5,29,29,6,6,600,600,2,30
4720.238,45,6,10,2,4,5,5,100,100,100,100,100,100,5,29,29,6,6,600,600,2,30
4721.238,45,6,10,2,4,5,5,100,100,100,100,100,100,5,29,29,6,6,600,600,2,30
4722.239,45,6,10,2,4,5,5,100,100,100,100,100,100,5,29,29,6,6,600,600,2,30
4723.239,45,6,10,2,4,5,5,100,100,100,100,100,100,5,29,29,6,6,600,600,2,30
4724.24,45,6,10,2,4,5,5,100,100,100,100,100,100,5,29,29,6,6,600,600,3,30
4725.24,45,6,10,2,4,5,5,100,100,100,100,100,100,5,29,29,6,6,600,600,3,30
4726.241,45,6,10,2,4,5,5,100,100,100,100,100,100,5,29,29,6,6,600,600,3,30
4727.241,45,6,10,2,4,5,5,100,100,100,100,100,100,5,29,29,6,6,600,600,3,30
4728.242,45,6,10,2,4,5,5,100,100,100,100,100,100,5,29,29,6,6,600,600,3,30
4729.242,45,6,10,2,4,5,5,100,100,100,100,100,100,5,29,29,6,6,600,600,3,30
4730.243,45,6,10,2,4,5,5,100,100,100,100,100,100,5,29,29,6,6,600,600,3,30
4731.243,45,6,10,2,4,5,5,100,100,100,100,100,100,5,29,29,6,6,600,600,3,30
4732.244,45,6,10,2,4,5,5,100,100,100,100,100,100,5,29,29,6,6,600,600,2,30
4733.244,45,6,10,2,4,5,5,100,100,100,100,100,100,5,29,29,6,6,600,600,2,30
4734.245,45,6,10,2,4,5,5,100,100,100,100,100,100,5,29,29,6,6,600,600,3,30
4735.245,45,6,10,2,4,5,5,100,100,100,100,100,100,5,29,29,6,6,600,600,2,30
4736.246,45,6,10,2,4,5,5,100,100,100,100,100,100,5,29,29,6,6,600,600,2,30
4737.246,45,6,10,2,4,5,5,100,100,100,100,100,100,5,29,29,6,6,600,600,2,30
4738.247,45,6,10,2,4,5,5,100,100,100,100,100,100,5,29,29,6,6,600,600,2,30
4739.247,45,6,10,2,4,5,5,100,100,100,100,100,100,5,29,29,6,6,600,600,3,30
4740.248,45,6,10,2,4,5,5,100,100,100,100,100,100,5,29,29,6,6,600,600,2,30
4741.248,45,6,10,2,4,5,5,100,100,100,100,100,100,5,29,29,6,6,600,600,2,30
4742.249,45,6,10,2,4,5,5,100,100,100,100,100,100,5,29,29,6,6,600,600,2,30
4743.249,45,6,10,2,4,5,5,100,100,100,100,100,100,5,29,29,6,6,600,600,2,30
4744.25,45,6,10,2,4,5,5,100,100,100,100,100,100,5,29,29,6,6,600,600,2,30
4745.25,45,6,10,2,4,5,5,100,100,100,100,100,100,5,29,29,6,6,600,600,2,30
4746.25,45,6,10,2,4,5,5,100,100,100,100,100,100,5,29,29,6,6,600,600,3,30
4747.251,45,6,10,2,4,5,5,100,100,100,100,100,100,5,29,29,6,6,600,600,3,30
4748.251,45,6,10,2,4,5,5,100,100,100,100,100,100,5,29,29,6,6,600,600,3,30
4749.252,45,6,10,2,4,5,5,100,100,100,100,100,100,5,29,29,6,6,600,600,3,30
4750.252,45,6,10,2,4,5,5,100,100,100,100,100,100,5,29,29,6,6,600,600,3,30
4751.253,45,6,10,2,4,5,5,100,100,100,100,100,100,5,29,29,6,6,600,600,3,30
4752.253,45,6,10,2,4,5,5,100,100,100,100,100,100,5,29,29,6,6,600,600,3,30
4753.254,45,6,10,2,4,5,5,100,100,100,100,100,100,5,29,29,6,6,600,600,3,30
4754.254,45,6,10,2,4,5,5,100,100,100,100,100,100,5,29,29,6,6,600,600,2,30
4755.255,45,6,10,2,4,5,5,100,100,100,100,100,100,5,29,29,6,6,600,600,2,30
4756.255,45,6,10,2,4,5,5,100,100,100,100,100,100,5,29,29,6,6,600,600,2,30
4757.256,45,6,10,2,4,5,5,100,100,100,100,100,100,5,29,29,6,6,600,600,2,30
4758.256,45,6,10,2,4,5,5,100,100,100,100,100,100,5,29,29,6,6,600,600,3,30
4759.257,45,6,10,2,4,5,5,100,100,100,100,100,100,5,29,29,6,6,600,600,3,30
4760.257,45,6,10,2,4,5,5,100,100,100,100,100,100,5,29,29,6,6,600,600,3,30
4761.258,45,6,10,2,4,5,5,100,100,100,100,100,100,5,29,29,6,6,600,600,3,30
4762.258,45,6,10,2,4,5,5,100,100,100,100,100,100,5,29,29,6,6,600,600,2,30
4763.259,45,6,10,2,4,5,5,100,100,100,100,100,100,5,29,29,6,6,600,600,2,30
4764.259,45,6,10,2,4,5,5,100,100,100,100,100,100,5,29,29,6,6,600,600,2,30
4765.26,45,6,10,2,4,5,5,100,100,100,100,100,100,5,29,29,6,6,600,600,2,30
4766.26,45,6,10,2,4,5,5,100,100,100,100,100,100,5,29,29,6,6,600,600,2,30
4767.261,45,6,10,2,4,5,5,100,100,100,100,100,100,5,29,29,6,6,600,600,3,30
4768.261,45,6,10,2,4,5,5,100,100,100,100,100,100,5,29,29,6,6,600,600,3,30
4769.262,45,6,10,2,4,5,5,100,100,100,100,100,100,5,29,29,6,6,600,600,3,30
4770.262,45,6,10,2,4,5,5,100,100,100,100,100,100,5,29,29,6,6,600,600,3,30
4771.263,45,6,10,2,4,5,5,100,100,100,100,100,100,5,29,29,6,6,600,600,3,30
4772.263,45,6,10,2,4,5,5,100,100,100,100,100,100,5,29,29,6,6,600,600,3,30
4773.264,45,6,10,2,4,5,5,100,100,100,100,100,100,5,29,29,6,6,600,600,3,30
4774.264,45,6,10,2,4,5,5,100,100,100,100,100,100,5,29,29,6,6,600,600,3,30
4775.265,45,6,10,2,4,5,5,100,100,100,100,100,100,5,29,29,6,6,600,600,3,30
4776.265,45,6,10,2,4,5,5,100,100,100,100,100,100,5,29,29,6,6,600,600,3,30
4777.266,45,6,10,2,4,5,5,100,100,100,100,100,100,5,29,29,6,6,600,600,3,30
4778.266,45,6,10,2,4,5,5,100,100,100,100,100,100,5,29,29,6,6,600,600,3,30
4779.267,45,6,10,2,4,5,5,100,100,100,100,100,100,5,29,29,6,6,600,600,3,30
4780.267,45,6,10,2,4,5,5,100,100,100,100,100,100,5,29,29,6,6,600,600,3,30
4781.268,45,6,10,2,4,5,5,100,100,100,100,100,100,5,29,29,6,6,600,600,3,30
4782.268,45,6,10,2,4,5,5,100,100,100,100,100,100,5,29,29,6,6,600,600,3,30
4783.269,45,6,10,2,4,5,5,100,100,100,100,100,100,5,29,29,6,6,600,600,3,30
4784.269,45,6,10,2,4,5,5,100,100,100,100,100,100,5,29,29,6,6,600,600,3,30
4785.27,45,6,10,2,4,5,5,100,100,100,100,100,100,5,29,29,6,6,600,600,3,30
4786.27,45,6,10,2,4,5,5,100,100,100,100,100,100,5,29,29,6,6,600,600,2,30
4787.271,45,6,10,2,4,5,5,100,100,100,100,100,100,5,29,29,6,6,600,600,2,30
4788.271,45,6,10,2,4,5,5,100,100,100,100,100,100,5,29,29,6,6,600,600,2,30
4789.271,45,6,10,2,4,5,5,100,100,100,100,100,100,5,29,29,6,6,600,600,2,30
4790.272,45,6,10,2,4,5,5,100,100,100,100,100,100,5,29,29,6,6,600,600,2,30
4791.272,45,6,10,2,4,5,5,100,100,100,100,100,100,5,29,29,6,6,600,600,2,30
4792.273,45,6,10,2,4,5,5,100,100,100,100,100,100,5,29,29,6,6,600,600,2,30
4793.273,45,6,10,2,4,5,5,100,100,100,100,100,100,5,29,29,6,6,600,600,2,30
4794.274,45,6,10,2,4,5,5,100,100,100,100,100,100,5,29,29,6,6,600,600,2,30
4795.274,45,6,10,2,4,5,5,100,100,100,100,100,100,5,29,29,6,6,600,600,2,30
4796.275,45,6,10,2,4,5,5,100,100,100,100,100,100,5,29,29,6,6,600,600,2,30
4797.275,45,6,10,2,4,5,5,100,100,100,100,100,100,5,29,29,6,6,600,600,2,30
4798.276,45,6,10,2,4,5,5,100,100,100,100,100,100,5,29,29,6,6,600,600,2,30
4799.276,45,6,10,2,4,5,5,100,100,100,100,100,100,5,29,29,6,6,600,600,2,30
4800.277,45,6,10,2,4,5,5,100,100,100,100,100,100,5,29,29,6,6,600,600,3,30
4801.277,45,6,10,2,4,5,5,100,100,100,100,100,100,5,29,29,6,6,600,600,3,30
4802.278,45,6,10,2,4,5,5,100,100,100,100,100,100,5,29,29,6,6,600,600,2,30
4803.278,45,6,10,2,4,5,5,100,100,100,100,100,100,5,29,29,6,6,600,600,2,30
4804.279,45,6,10,2,4,5,5,100,100,100,100,100,100,5,29,29,6,6,600,600,2,30
4805.279,45,6,10,2,4,5,5,100,100,100,100,100,100,5,29,29,6,6,600,600,2,30
4806.28,45,6,10,2,4,5,5,100,100,100,100,100,100,5,29,29,6,6,600,600,2,30
4807.28,45,6,10,2,4,5,5,100,100,100,100,100,100,5,29,29,6,6,600,600,2,30
4808.281,45,6,10,2,4,5,5,100,100,100,100,100,100,5,29,29,6,6,600,600,2,30
4809.281,45,6,10,2,4,5,5,100,100,100,100,100,100,5,29,29,6,6,600,600,3,30
4810.282,45,6,10,2,4,5,5,100,100,100,100,100,100,5,29,29,6,6,600,600,3,30
4811.282,45,6,10,2,4,5,5,100,100,100,100,100,100,5,29,29,6,6,600,600,3,30
4812.283,45,6,10,2,4,5,5,100,100,100,100,100,100,5,29,29,6,6,600,600,3,30
4813.283,45,6,10,2,4,5,5,100,100,100,100,100,100,5,29,29,6,6,600,600,3,30
4814.284,45,6,10,2,4,5,5,100,100,100,100,100,100,5,29,29,6,6,600,600,2,30
4815.284,45,6,10,2,4,5,5,100,100,100,100,100,100,5,29,29,6,6,600,600,2,30
4816.285,45,6,10,2,4,5,5,100,100,100,100,100,100,5,29,29,6,6,600,600,2,30
4817.285,45,6,10,2,4,5,5,100,100,100,100,100,100,5,29,29,6,6,600,600,2,30
4818.286,45,6,10,2,4,5,5,100,100,100,100,100,100,5,29,29,6,6,600,600,3,30
4819.286,45,6,10,2,4,5,5,100,100,100,100,100,100,5,29,29,6,6,600,600,2,30
4820.287,45,6,10,2,4,5,5,100,100,100,100,100,100,5,29,29,6,6,600,600,2,30
4821.287,45,6,10,2,4,5,5,100,100,100,100,100,100,5,29,29,6,6,600,600,2,30
4822.288,45,6,10,2,4,5,5,100,100,100,100,100,100,5,29,29,6,6,600,600,2,30
4823.288,45,6,10,2,4,5,5,100,100,100,100,100,100,5,29,29,6,6,600,600,2,30
4824.289,45,6,10,2,4,5,5,100,100,100,100,100,100,5,29,29,6,6,600,600,2,30
4825.289,45,6,10,2,4,5,5,100,100,100,100,100,100,5,29,29,6,6,600,600,2,30
4826.29,45,6,10,2,4,5,5,100,100,100,100,100,100,5,29,29,6,6,600,600,2,30
4827.29,45,6,10,2,4,5,5,100,100,100,100,100,100,5,29,29,6,6,600,600,2,30
4828.291,45,6,10,2,4,5,5,100,100,100,100,100,100,5,29,29,6,6,600,600,2,30
4829.291,45,6,10,2,4,5,5,100,100,100,100,100,100,5,29,29,6,6,600,600,2,30
4830.292,45,6,10,2,4,5,5,100,100,100,100,100,100,5,29,29,6,6,600,600,2,30
4831.292,45,6,10,2,4,5,5,100,100,100,100,100,100,5,29,29,6,6,600,600,2,30
4832.292,45,6,10,2,4,5,5,100,100,100,100,100,100,5,29,29,6,6,600,600,2,30
4833.293,45,6,10,2,4,5,5,100,100,100,100,100,100,5,29,29,6,6,600,600,2,30
4834.293,45,6,10,2,4,5,5,100,100,100,100,100,100,5,29,29,6,6,600,600,2,30
4835.294,45,6,10,2,4,5,5,100,100,100,100,100,100,5,29,29,6,6,600,600,2,30
4836.294,45,6,10,2,4,5,5,100,100,100,100,100,100,5,29,29,6,6,600,600,2,30
4837.295,45,6,10,2,4,5,5,100,100,100,100,100,100,5,29,29,6,6,600,600,3,30
4838.295,45,6,10,2,4,5,5,100,100,100,100,100,100,5,29,29,6,6,600,600,3,30
4839.296,45,6,10,2,4,5,5,100,100,100,100,100,100,5,29,29,6,6,600,600,3,30
4840.296,45,6,10,2,4,5,5,100,100,100,100,100,100,5,29,29,6,6,600,600,3,30
4841.297,45,6,10,2,4,5,5,100,100,100,100,100,100,5,29,29,6,6,600,600,3,30
4842.297,45,6,10,2,4,5,5,100,100,100,100,100,100,5,29,29,6,6,600,600,3,30
4843.298,45,6,10,2,4,5,5,100,100,100,100,100,100,5,29,29,6,6,600,600,2,30
4844.298,45,6,10,2,4,5,5,100,100,100,100,100,100,5,29,29,6,6,600,600,3,30
4845.299,45,6,10,2,4,5,5,100,100,100,100,100,100,5,29,29,6,6,600,600,3,30
4846.299,45,6,10,2,4,5,5,100,100,100,100,100,100,5,29,29,6,6,600,600,3,30
4847.3,45,6,10,2,4,5,5,100,100,100,100,100,100,5,29,29,6,6,600,600,3,30
4848.3,45,6,10,2,4,5,5,100,100,100,100,100,100,5,29,29,6,6,600,600,4,30
4849.301,45,6,10,2,4,5,5,100,100,100,100,100,100,5,29,29,6,6,600,600,4,30
4850.301,45,6,10,2,4,5,5,100,100,100,100,100,100,5,29,29,6,6,600,600,3,30
4851.302,45,6,10,2,4,5,5,100,100,100,100,100,100,5,29,29,6,6,600,600,3,30
4852.302,45,6,10,2,4,5,5,100,100,100,100,100,100,5,29,29,6,6,600,600,3,30
4853.303,45,6,10,2,4,5,5,100,100,100,100,100,100,5,29,29,6,6,600,600,3,30
4854.303,45,6,10,2,4,5,5,100,100,100,100,100,100,5,29,29,6,6,600,600,3,30
4855.304,45,6,10,2,4,5,5,100,100,100,100,100,100,5,29,29,6,6,600,600,3,30
4856.304,45,6,10,2,4,5,5,100,100,100,100,100,100,5,29,29,6,6,600,600,3,30
4857.305,45,6,10,2,4,5,5,100,100,100,100,100,100,5,29,29,6,6,600,600,3,30
4858.305,45,6,10,2,4,5,5,100,100,100,100,100,100,5,29,29,6,6,600,600,3,30
4859.306,45,6,10,2,4,5,5,100,100,100,100,100,100,5,29,29,6,6,600,600,4,30
4860.306,45,6,10,2,4,5,5,100,100,100,100,100,100,5,29,29,6,6,600,600,4,30
4861.307,45,6,10,2,4,5,5,100,100,100,100,100,100,5,29,29,6,6,600,600,4,30
4862.307,45,6,10,2,4,5,5,100,100,100,100,100,100,5,29,29,6,6,600,600,4,30
4863.308,45,6,10,2,4,5,5,100,100,100,100,100,100,5,29,29,6,6,600,600,4,30
4864.308,45,6,10,2,4,5,5,100,100,100,100,100,100,5,29,29,6,6,600,600,2,30
4865.309,45,6,10,2,4,5,5,100,100,100,100,100,100,5,29,29,6,6,600,600,3,30
4866.309,45,6,10,2,4,5,5,100,100,100,100,100,100,5,29,29,6,6,600,600,2,30
4867.31,45,6,10,2,4,5,5,100,100,100,100,100,100,5,29,29,6,6,600,600,2,30
4868.31,45,6,10,2,4,5,5,100,100,100,100,100,100,5,29,29,6,6,600,600,2,30
4869.311,45,6,10,2,4,5,5,100,100,100,100,100,100,5,29,29,6,6,600,600,2,30
4870.311,45,6,10,2,4,5,5,100,100,100,100,100,100,5,29,29,6,6,600,600,2,30
4871.312,45,6,10,2,4,5,5,100,100,100,100,100,100,5,29,29,6,6,600,600,2,30
4872.312,45,6,10,2,4,5,5,100,100,100,100,100,100,5,29,29,6,6,600,600,2,30
4873.313,45,6,10,2,4,5,5,100,100,100,100,100,100,5,29,29,6,6,600,600,2,30
4874.313,45,6,10,2,4,5,5,100,100,100,100,100,100,5,29,29,6,6,600,600,2,30
4875.313,45,6,10,2,4,5,5,100,100,100,100,100,100,5,29,29,6,6,600,600,2,30
4876.314,45,6,10,2,4,5,5,100,100,100,100,100,100,5,29,29,6,6,600,600,2,30
4877.314,45,6,10,2,4,5,5,100,100,100,100,100,100,5,29,29,6,6,600,600,3,30
4878.315,45,6,10,2,4,5,5,100,100,100,100,100,100,5,29,29,6,6,600,600,5,30
4879.315,45,6,10,2,4,5,5,100,100,100,100,100,100,5,29,29,6,6,600,600,5,30
4880.316,45,6,10,2,4,5,5,100,100,100,100,100,100,5,29,29,6,6,600,600,5,30
4881.316,45,6,10,2,4,5,5,100,100,100,100,100,100,5,29,29,6,6,600,600,4,30
4882.317,45,6,10,2,4,5,5,100,100,100,100,100,100,5,29,29,6,6,600,600,4,30
4883.317,45,6,10,2,4,5,5,100,100,100,100,100,100,5,29,29,6,6,600,600,4,30
4884.318,45,6,10,2,4,5,5,100,100,100,100,100,100,5,29,29,6,6,600,600,4,30
4885.318,45,6,10,2,4,5,5,100,100,100,100,100,100,5,29,29,6,6,600,600,5,30
4886.319,45,6,10,2,4,5,5,100,100,100,100,100,100,5,29,29,6,6,600,600,4,30
4887.319,45,6,10,2,4,5,5,100,100,100,100,100,100,5,29,29,6,6,600,600,4,30
4888.32,45,6,10,2,4,5,5,100,100,100,100,100,100,5,29,29,6,6,600,600,4,30
4889.32,45,6,10,2,4,5,5,100,100,100,100,100,100,5,29,29,6,6,600,600,3,30
4890.321,45,6,10,2,4,5,5,100,100,100,100,100,100,5,29,29,6,6,600,600,2,30
4891.321,45,6,10,2,4,5,5,100,100,100,100,100,100,5,29,29,6,6,600,600,2,30
4892.322,45,6,10,2,4,5,5,100,100,100,100,100,100,5,29,29,6,6,600,600,2,30
4893.322,45,6,10,2,4,5,5,100,100,100,100,100,100,5,29,29,6,6,600,600,2,30
4894.323,45,6,10,2,4,5,5,100,100,100,100,100,100,5,29,29,6,6,600,600,2,30
4895.323,45,6,10,2,4,5,5,100,100,100,100,100,100,5,29,29,6,6,600,600,2,30
4896.324,45,6,10,2,4,5,5,100,100,100,100,100,100,5,29,29,6,6,600,600,2,30
4897.324,45,6,10,2,4,5,5,100,100,100,100,100,100,5,29,29,6,6,600,600,3,30
4898.325,45,6,10,2,4,5,5,100,100,100,100,100,100,5,29,29,6,6,600,600,3,30
4899.325,45,6,10,2,4,5,5,100,100,100,100,100,100,5,29,29,6,6,600,600,3,30
4900.326,45,6,10,2,4,5,5,100,100,100,100,100,100,5,29,29,6,6,600,600,3,30
4901.326,45,6,10,2,4,5,5,100,100,100,100,100,100,5,29,29,6,6,600,600,3,30
4902.327,45,6,10,2,4,5,5,100,100,100,100,100,100,5,29,29,6,6,600,600,3,30
4903.327,45,6,10,2,4,5,5,100,100,100,100,100,100,5,29,29,6,6,600,600,3,30
4904.328,45,6,10,2,4,5,5,100,100,100,100,100,100,5,29,29,6,6,600,600,3,30
4905.328,45,6,10,2,4,5,5,100,100,100,100,100,100,5,29,29,6,6,600,600,3,30
4906.329,45,6,10,2,4,5,5,100,100,100,100,100,100,5,29,29,6,6,600,600,3,30
4907.329,45,6,10,2,4,5,5,100,100,100,100,100,100,5,29,29,6,6,600,600,3,30
4908.33,45,6,10,2,4,5,5,100,100,100,100,100,100,5,29,29,6,6,600,600,3,30
4909.33,45,6,10,2,4,5,5,100,100,100,100,100,100,5,29,29,6,6,600,600,3,30
4910.331,45,6,10,2,4,5,5,100,100,100,100,100,100,5,29,29,6,6,600,600,3,30
4911.331,45,6,10,2,4,5,5,100,100,100,100,100,100,5,29,29,6,6,600,600,3,30
4912.332,45,6,10,2,4,5,5,100,100,100,100,100,100,5,29,29,6,6,600,600,3,30
4913.332,45,6,10,2,4,5,5,100,100,100,100,100,100,5,29,29,6,6,600,600,3,30
4914.333,45,6,10,2,4,5,5,100,100,100,100,100,100,5,29,29,6,6,600,600,3,30
4915.333,45,6,10,2,4,5,5,100,100,100,100,100,100,5,29,29,6,6,600,600,2,30
4916.333,45,6,10,2,4,5,5,100,100,100,100,100,100,5,29,29,6,6,600,600,2,30
4917.334,45,6,10,2,4,5,5,100,100,100,100,100,100,5,29,29,6,6,600,600,3,30
4918.334,45,6,10,2,4,5,5,100,100,100,100,100,100,5,29,29,6,6,600,600,3,30
4919.335,45,6,10,2,4,5,5,100,100,100,100,100,100,5,29,29,6,6,600,600,3,30
4920.335,45,6,10,2,4,5,5,100,100,100,100,100,100,5,29,29,6,6,600,600,3,30
4921.336,45,6,10,2,4,5,5,100,100,100,100,100,100,5,29,29,6,6,600,600,2,30
4922.336,45,6,10,2,4,5,5,100,100,100,100,100,100,5,29,29,6,6,600,600,2,30
4923.337,45,6,10,2,4,5,5,100,100,100,100,100,100,5,29,29,6,6,600,600,3,30
4924.337,45,6,10,2,4,5,5,100,100,100,100,100,100,5,29,29,6,6,600,600,3,30
4925.338,45,6,10,2,4,5,5,100,100,100,100,100,100,5,29,29,6,6,600,600,3,30
4926.338,45,6,10,2,4,5,5,100,100,100,100,100,100,5,29,29,6,6,600,600,3,30
4927.339,45,6,10,2,4,5,5,100,100,100,100,100,100,5,29,29,6,6,600,600,2,30
4928.339,45,6,10,2,4,5,5,100,100,100,100,100,100,5,29,29,6,6,600,600,2,30
4929.006,45,6,10,2,4,5,5,100,100,100,100,100,100,5,29,29,6,6,600,600,2,30
