time,totalAgents,preyCount,predatorCount,preyJuvenileCount,preyAdultCount,predatorJuvenileCount,predatorAdultCount,avgPreyEnergy,avgPredatorEnergy,minPreyEnergy,maxPreyEnergy,minPredatorEnergy,maxPredatorEnergy,totalBirths,totalDeaths,totalKills,availableGrassPatches,totalGrassPatches,totalGrassFood,maxGrassFood,shelterOccupancy,shelterCapacity
0.333,40,32,8,11,21,3,5,80,80,80,80,80,80,0,0,0,6,6,600,600,0,0
1.333,40,32,8,11,21,3,5,80,80,80,80,80,80,0,0,0,6,6,600,600,0,0
2.333,40,32,8,11,21,3,5,80,80,80,80,80,80,0,0,0,6,6,600,600,0,0
3.333,40,32,8,11,21,3,5,80,80,80,80,80,80,0,0,0,6,6,600,600,0,0
4.333,40,32,8,11,21,3,5,80,80,80,80,80,80,0,0,0,6,6,600,600,0,0
5.333,40,32,8,11,21,3,5,80,80,80,80,80,80,0,0,0,6,6,600,600,0,0
6.333,40,32,8,11,21,3,5,80,80,80,80,80,80,0,0,0,6,6,600,600,0,0
7.333,40,32,8,11,21,3,5,80,80,80,80,80,80,0,0,0,6,6,600,600,0,0
8.333,40,32,8,11,21,3,5,80,80,80,80,80,80,0,0,0,6,6,600,600,0,0
9.333,40,32,8,11,21,3,5,80,80,80,80,80,80,0,0,0,6,6,600,600,0,0
10.333,40,32,8,11,21,3,5,80,80,80,80,80,80,0,0,0,6,6,600,600,0,0
11.333,40,32,8,11,21,3,5,80,80,80,80,80,80,0,0,0,6,6,600,600,0,0
12.333,40,32,8,11,21,3,5,80,80,80,80,80,80,0,0,0,6,6,600,600,0,0
13.333,40,32,8,11,21,3,5,80,80,80,80,80,80,0,0,0,6,6,600,600,0,0
14.333,40,32,8,11,21,3,5,80,80,80,80,80,80,0,0,0,6,6,600,600,0,0
15.333,40,32,8,11,21,3,5,80,80,80,80,80,80,0,0,0,6,6,600,600,0,0
16.333,40,32,8,11,21,3,5,80,80,80,80,80,80,0,0,0,6,6,600,600,0,0
17.333,40,32,8,11,21,3,5,80,80,80,80,80,80,0,0,0,6,6,600,600,0,0
18.333,40,32,8,11,21,3,5,80,80,80,80,80,80,0,0,0,6,6,600,600,0,0
19.333,40,32,8,11,21,3,5,80,80,80,80,80,80,0,0,0,6,6,600,600,0,0
20.333,40,32,8,11,21,3,5,80,80,80,80,80,80,0,0,0,6,6,600,600,0,0
21.333,40,32,8,11,21,3,5,80,80,80,80,80,80,0,0,0,6,6,600,600,0,0
22.333,40,32,8,11,21,3,5,80,80,80,80,80,80,0,0,0,6,6,600,600,0,0
23.333,40,32,8,11,21,3,5,80,80,80,80,80,80,0,0,0,6,6,600,600,0,0
24.333,40,32,8,11,21,3,5,80,80,80,80,80,80,0,0,0,6,6,600,600,0,0
25.333,40,32,8,11,21,3,5,80,80,80,80,80,80,0,0,0,6,6,600,600,0,0
26.333,40,32,8,11,21,3,5,80,80,80,80,80,80,0,0,0,6,6,600,600,0,0
27.333,40,32,8,11,21,3,5,80,80,80,80,80,80,0,0,0,6,6,600,600,0,0
28.333,40,32,8,11,21,3,5,80,80,80,80,80,80,0,0,0,6,6,600,600,0,0
29.333,40,32,8,11,21,3,5,80,80,80,80,80,80,0,0,0,6,6,600,600,0,0
30.333,40,32,8,11,21,3,5,80,80,80,80,80,80,0,0,0,6,6,600,600,0,0
31.333,40,32,8,11,21,3,5,80,80,80,80,80,80,0,0,0,6,6,600,600,0,0
32.333,40,32,8,11,21,3,5,80,80,80,80,80,80,0,0,0,6,6,600,600,0,0
33.333,40,32,8,11,21,3,5,80,80,80,80,80,80,0,0,0,6,6,600,600,0,0
34.333,40,32,8,11,21,3,5,80,80,80,80,80,80,0,0,0,6,6,600,600,0,0
35.333,40,32,8,11,21,3,5,80,80,80,80,80,80,0,0,0,6,6,600,600,0,0
36.333,40,32,8,11,21,3,5,80,80,80,80,80,80,0,0,0,6,6,600,600,0,0
37.333,40,32,8,11,21,3,5,80,80,80,80,80,80,0,0,0,6,6,600,600,0,0
38.333,40,32,8,11,21,3,5,80,80,80,80,80,80,0,0,0,6,6,600,600,0,0
39.333,40,32,8,11,21,3,5,80,80,80,80,80,80,0,0,0,6,6,600,600,0,0
40.333,40,32,8,11,21,3,5,80,80,80,80,80,80,0,0,0,6,6,600,600,0,0
41.333,40,32,8,11,21,3,5,80,80,80,80,80,80,0,0,0,6,6,600,600,0,0
42.333,40,32,8,11,21,3,5,80,80,80,80,80,80,0,0,0,6,6,600,600,0,0
43.333,40,32,8,11,21,3,5,80,80,80,80,80,80,0,0,0,6,6,600,600,0,0
44.333,40,32,8,11,21,3,5,80,80,80,80,80,80,0,0,0,6,6,600,600,0,0
45.333,40,32,8,11,21,3,5,80,80,80,80,80,80,0,0,0,6,6,600,600,0,0
46.333,40,32,8,11,21,3,5,80,80,80,80,80,80,0,0,0,6,6,600,600,0,0
47.333,40,32,8,11,21,3,5,80,80,80,80,80,80,0,0,0,6,6,600,600,0,0
48.333,40,32,8,11,21,3,5,80,80,80,80,80,80,0,0,0,6,6,600,600,0,0
49.333,40,32,8,11,21,3,5,80,80,80,80,80,80,0,0,0,6,6,600,600,0,0
50.333,40,32,8,11,21,3,5,80,80,80,80,80,80,0,0,0,6,6,600,600,0,0
51.333,40,32,8,11,21,3,5,80,80,80,80,80,80,0,0,0,6,6,600,600,0,0
52.333,40,32,8,11,21,3,5,80,80,80,80,80,80,0,0,0,6,6,600,600,0,0
53.333,40,32,8,11,21,3,5,80,80,80,80,80,80,0,0,0,6,6,600,600,0,0
54.333,40,32,8,11,21,3,5,80,80,80,80,80,80,0,0,0,6,6,600,600,0,0
55.333,40,32,8,11,21,3,5,80,80,80,80,80,80,0,0,0,6,6,600,600,0,0
56.333,40,32,8,11,21,3,5,80,80,80,80,80,80,0,0,0,6,6,600,600,0,0
57.333,40,32,8,11,21,3,5,80,80,80,80,80,80,0,0,0,6,6,600,600,0,0
58.333,40,32,8,11,21,3,5,80,80,80,80,80,80,0,0,0,6,6,600,600,0,0
59.333,40,32,8,11,21,3,5,80,80,80,80,80,80,0,0,0,6,6,600,600,0,0
60.333,40,32,8,11,21,3,5,80,80,80,80,80,80,0,0,0,6,6,600,600,0,0
61.333,40,32,8,11,21,3,5,80,80,80,80,80,80,0,0,0,6,6,600,600,0,0
62.333,40,32,8,11,21,3,5,80,80,80,80,80,80,0,0,0,6,6,600,600,0,0
63.333,40,32,8,11,21,3,5,80,80,80,80,80,80,0,0,0,6,6,600,600,0,0
64.333,40,32,8,11,21,3,5,80,80,80,80,80,80,0,0,0,6,6,600,600,0,0
65.333,40,32,8,11,21,3,5,80,80,80,80,80,80,0,0,0,6,6,600,600,0,0
66.333,40,32,8,11,21,3,5,80,80,80,80,80,80,0,0,0,6,6,600,600,0,0
67.333,40,32,8,11,21,3,5,80,80,80,80,80,80,0,0,0,6,6,600,600,0,0
68.333,40,32,8,11,21,3,5,80,80,80,80,80,80,0,0,0,6,6,600,600,0,0
69.333,40,32,8,11,21,3,5,80,80,80,80,80,80,0,0,0,6,6,600,600,0,0
70.333,40,32,8,11,21,3,5,80,80,80,80,80,80,0,0,0,6,6,600,600,0,0
71.333,40,32,8,11,21,3,5,80,80,80,80,80,80,0,0,0,6,6,600,600,0,0
72.333,40,32,8,11,21,3,5,80,80,80,80,80,80,0,0,0,6,6,600,600,0,0
73.333,40,32,8,11,21,3,5,80,80,80,80,80,80,0,0,0,6,6,600,600,0,0
74.333,40,32,8,11,21,3,5,80,80,80,80,80,80,0,0,0,6,6,600,600,0,0
75.333,40,32,8,11,21,3,5,80,80,80,80,80,80,0,0,0,6,6,600,600,0,0
76.333,40,32,8,11,21,3,5,80,80,80,80,80,80,0,0,0,6,6,600,600,0,0
77.333,40,32,8,11,21,3,5,80,80,80,80,80,80,0,0,0,6,6,600,600,0,0
78.333,40,32,8,11,21,3,5,80,80,80,80,80,80,0,0,0,6,6,600,600,0,0
79.333,40,32,8,11,21,3,5,80,80,80,80,80,80,0,0,0,6,6,600,600,0,0
80.333,40,32,8,11,21,3,5,80,80,80,80,80,80,0,0,0,6,6,600,600,0,0
81.333,40,32,8,11,21,3,5,80,80,80,80,80,80,0,0,0,6,6,600,600,0,0
82.333,40,32,8,11,21,3,5,80,80,80,80,80,80,0,0,0,6,6,600,600,0,0
83.333,40,32,8,11,21,3,5,80,80,80,80,80,80,0,0,0,6,6,600,600,0,0
84.333,40,32,8,11,21,3,5,80,80,80,80,80,80,0,0,0,6,6,600,600,0,0
85.333,40,32,8,11,21,3,5,80,80,80,80,80,80,0,0,0,6,6,600,600,0,0
86.333,40,32,8,11,21,3,5,80,80,80,80,80,80,0,0,0,6,6,600,600,0,0
87.333,40,32,8,11,21,3,5,80,80,80,80,80,80,0,0,0,6,6,600,600,0,0
88.333,40,32,8,11,21,3,5,80,80,80,80,80,80,0,0,0,6,6,600,600,0,0
89.333,40,32,8,11,21,3,5,80,80,80,80,80,80,0,0,0,6,6,600,600,0,0
90.333,40,32,8,11,21,3,5,80,80,80,80,80,80,0,0,0,6,6,600,600,0,0
91.333,40,32,8,11,21,3,5,80,80,80,80,80,80,0,0,0,6,6,600,600,0,0
92.333,40,32,8,11,21,3,5,80,80,80,80,80,80,0,0,0,6,6,600,600,0,0
93.333,40,32,8,11,21,3,5,80,80,80,80,80,80,0,0,0,6,6,600,600,0,0
94.333,40,32,8,11,21,3,5,80,80,80,80,80,80,0,0,0,6,6,600,600,0,0
95.333,40,32,8,11,21,3,5,80,80,80,80,80,80,0,0,0,6,6,600,600,0,0
96.333,40,32,8,11,21,3,5,80,80,80,80,80,80,0,0,0,6,6,600,600,0,0
97.333,40,32,8,11,21,3,5,80,80,80,80,80,80,0,0,0,6,6,600,600,0,0
98.334,40,32,8,11,21,3,5,80,80,80,80,80,80,0,0,0,6,6,600,600,0,0
99.334,40,32,8,11,21,3,5,80,80,80,80,80,80,0,0,0,6,6,600,600,0,0
100.334,40,32,8,11,21,3,5,80,80,80,80,80,80,0,0,0,6,6,600,600,0,0
101.334,40,32,8,11,21,3,5,80,80,80,80,80,80,0,0,0,6,6,600,600,0,0
102.334,40,32,8,11,21,3,5,80,80,80,80,80,80,0,0,0,6,6,600,600,0,0
103.334,40,32,8,11,21,3,5,80,80,80,80,80,80,0,0,0,6,6,600,600,0,0
104.334,40,32,8,11,21,3,5,80,80,80,80,80,80,0,0,0,6,6,600,600,0,0
105.334,40,32,8,11,21,3,5,80,80,80,80,80,80,0,0,0,6,6,600,600,0,0
106.334,40,32,8,11,21,3,5,80,80,80,80,80,80,0,0,0,6,6,600,600,0,0
107.334,40,32,8,11,21,3,5,80,80,80,80,80,80,0,0,0,6,6,600,600,0,0
108.334,40,32,8,11,21,3,5,80,80,80,80,80,80,0,0,0,6,6,600,600,0,0
109.334,40,32,8,11,21,3,5,80,80,80,80,80,80,0,0,0,6,6,600,600,0,0
110.334,40,32,8,11,21,3,5,80,80,80,80,80,80,0,0,0,6,6,600,600,0,0
111.334,40,32,8,11,21,3,5,80,80,80,80,80,80,0,0,0,6,6,600,600,0,0
112.334,40,32,8,11,21,3,5,80,80,80,80,80,80,0,0,0,6,6,600,600,0,0
113.334,40,32,8,11,21,3,5,80,80,80,80,80,80,0,0,0,6,6,600,600,0,0
114.334,40,32,8,11,21,3,5,80,80,80,80,80,80,0,0,0,6,6,600,600,0,0
115.334,40,32,8,11,21,3,5,80,80,80,80,80,80,0,0,0,6,6,600,600,0,0
116.334,40,32,8,11,21,3,5,80,80,80,80,80,80,0,0,0,6,6,600,600,0,0
117.334,40,32,8,11,21,3,5,80,80,80,80,80,80,0,0,0,6,6,600,600,0,0
118.334,40,32,8,11,21,3,5,80,80,80,80,80,80,0,0,0,6,6,600,600,0,0
119.334,40,32,8,11,21,3,5,80,80,80,80,80,80,0,0,0,6,6,600,600,0,0
120.334,40,32,8,11,21,3,5,80,80,80,80,80,80,0,0,0,6,6,600,600,0,0
121.334,40,32,8,11,21,3,5,80,80,80,80,80,80,0,0,0,6,6,600,600,0,0
122.334,40,32,8,11,21,3,5,80,80,80,80,80,80,0,0,0,6,6,600,600,0,0
123.334,40,32,8,11,21,3,5,80,80,80,80,80,80,0,0,0,6,6,600,600,0,0
124.334,40,32,8,11,21,3,5,80,80,80,80,80,80,0,0,0,6,6,600,600,0,0
125.334,40,32,8,11,21,3,5,80,80,80,80,80,80,0,0,0,6,6,600,600,0,0
126.334,40,32,8,11,21,3,5,80,80,80,80,80,80,0,0,0,6,6,600,600,0,0
127.334,40,32,8,11,21,3,5,80,80,80,80,80,80,0,0,0,6,6,600,600,0,0
128.334,40,32,8,11,21,3,5,80,80,80,80,80,80,0,0,0,6,6,600,600,0,0
129.334,40,32,8,11,21,3,5,80,80,80,80,80,80,0,0,0,6,6,600,600,0,0
130.334,40,32,8,11,21,3,5,80,80,80,80,80,80,0,0,0,6,6,600,600,0,0
131.334,40,32,8,11,21,3,5,80,80,80,80,80,80,0,0,0,6,6,600,600,0,0
132.334,40,32,8,11,21,3,5,80,80,80,80,80,80,0,0,0,6,6,600,600,0,0
133.334,40,32,8,11,21,3,5,80,80,80,80,80,80,0,0,0,6,6,600,600,0,0
134.334,40,32,8,11,21,3,5,80,80,80,80,80,80,0,0,0,6,6,600,600,0,0
135.334,40,32,8,11,21,3,5,80,80,80,80,80,80,0,0,0,6,6,600,600,0,0
136.334,40,32,8,11,21,3,5,80,80,80,80,80,80,0,0,0,6,6,600,600,0,0
137.334,40,32,8,11,21,3,5,80,80,80,80,80,80,0,0,0,6,6,600,600,0,0
138.334,40,32,8,11,21,3,5,80,80,80,80,80,80,0,0,0,6,6,600,600,0,0
139.334,40,32,8,11,21,3,5,80,80,80,80,80,80,0,0,0,6,6,600,600,0,0
140.334,40,32,8,11,21,3,5,80,80,80,80,80,80,0,0,0,6,6,600,600,0,0
141.334,40,32,8,11,21,3,5,80,80,80,80,80,80,0,0,0,6,6,600,600,0,0
142.334,40,32,8,11,21,3,5,80,80,80,80,80,80,0,0,0,6,6,600,600,0,0
143.334,40,32,8,11,21,3,5,80,80,80,80,80,80,0,0,0,6,6,600,600,0,0
144.334,40,32,8,11,21,3,5,80,80,80,80,80,80,0,0,0,6,6,600,600,0,0
145.334,40,32,8,11,21,3,5,80,80,80,80,80,80,0,0,0,6,6,600,600,0,0
146.333,40,32,8,11,21,3,5,80,80,80,80,80,80,0,0,0,6,6,600,600,0,0
147.333,40,32,8,11,21,3,5,80,80,80,80,80,80,0,0,0,6,6,600,600,0,0
148.333,40,32,8,11,21,3,5,80,80,80,80,80,80,0,0,0,6,6,600,600,0,0
149.333,40,32,8,11,21,3,5,80,80,80,80,80,80,0,0,0,6,6,600,600,0,0
150.333,40,32,8,11,21,3,5,80,80,80,80,80,80,0,0,0,6,6,600,600,0,0
151.333,40,32,8,11,21,3,5,80,80,80,80,80,80,0,0,0,6,6,600,600,0,0
152.333,40,32,8,11,21,3,5,80,80,80,80,80,80,0,0,0,6,6,600,600,0,0
153.333,40,32,8,11,21,3,5,80,80,80,80,80,80,0,0,0,6,6,600,600,0,0
154.333,40,32,8,11,21,3,5,80,80,80,80,80,80,0,0,0,6,6,600,600,0,0
155.333,40,32,8,11,21,3,5,80,80,80,80,80,80,0,0,0,6,6,600,600,0,0
156.333,40,32,8,11,21,3,5,80,80,80,80,80,80,0,0,0,6,6,600,600,0,0
157.333,40,32,8,11,21,3,5,80,80,80,80,80,80,0,0,0,6,6,600,600,0,0
158.333,40,32,8,11,21,3,5,80,80,80,80,80,80,0,0,0,6,6,600,600,0,0
159.333,40,32,8,11,21,3,5,80,80,80,80,80,80,0,0,0,6,6,600,600,0,0
160.333,40,32,8,11,21,3,5,80,80,80,80,80,80,0,0,0,6,6,600,600,0,0
161.333,40,32,8,11,21,3,5,80,80,80,80,80,80,0,0,0,6,6,600,600,0,0
162.333,40,32,8,11,21,3,5,80,80,80,80,80,80,0,0,0,6,6,600,600,0,0
163.333,40,32,8,11,21,3,5,80,80,80,80,80,80,0,0,0,6,6,600,600,0,0
164.333,40,32,8,11,21,3,5,80,80,80,80,80,80,0,0,0,6,6,600,600,0,0
165.333,40,32,8,11,21,3,5,80,80,80,80,80,80,0,0,0,6,6,600,600,0,0
166.333,40,32,8,11,21,3,5,80,80,80,80,80,80,0,0,0,6,6,600,600,0,0
167.333,40,32,8,11,21,3,5,80,80,80,80,80,80,0,0,0,6,6,600,600,0,0
168.333,40,32,8,11,21,3,5,80,80,80,80,80,80,0,0,0,6,6,600,600,0,0
169.333,40,32,8,11,21,3,5,80,80,80,80,80,80,0,0,0,6,6,600,600,0,0
170.333,40,32,8,11,21,3,5,80,80,80,80,80,80,0,0,0,6,6,600,600,0,0
171.333,40,32,8,11,21,3,5,80,80,80,80,80,80,0,0,0,6,6,600,600,0,0
172.333,40,32,8,11,21,3,5,80,80,80,80,80,80,0,0,0,6,6,600,600,0,0
173.333,40,32,8,11,21,3,5,80,80,80,80,80,80,0,0,0,6,6,600,600,0,0
174.333,40,32,8,11,21,3,5,80,80,80,80,80,80,0,0,0,6,6,600,600,0,0
175.333,40,32,8,11,21,3,5,80,80,80,80,80,80,0,0,0,6,6,600,600,0,0
176.333,40,32,8,11,21,3,5,80,80,80,80,80,80,0,0,0,6,6,600,600,0,0
177.333,40,32,8,11,21,3,5,80,80,80,80,80,80,0,0,0,6,6,600,600,0,0
178.333,40,32,8,11,21,3,5,80,80,80,80,80,80,0,0,0,6,6,600,600,0,0
179.333,40,32,8,11,21,3,5,80,80,80,80,80,80,0,0,0,6,6,600,600,0,0
180.333,40,32,8,11,21,3,5,80,80,80,80,80,80,0,0,0,6,6,600,600,0,0
181.333,40,32,8,11,21,3,5,80,80,80,80,80,80,0,0,0,6,6,600,600,0,0
182.333,40,32,8,11,21,3,5,80,80,80,80,80,80,0,0,0,6,6,600,600,0,0
183.333,40,32,8,11,21,3,5,80,80,80,80,80,80,0,0,0,6,6,600,600,0,0
184.333,40,32,8,11,21,3,5,80,80,80,80,80,80,0,0,0,6,6,600,600,0,0
185.333,40,32,8,11,21,3,5,80,80,80,80,80,80,0,0,0,6,6,600,600,0,0
186.333,40,32,8,11,21,3,5,80,80,80,80,80,80,0,0,0,6,6,600,600,0,0
187.333,40,32,8,11,21,3,5,80,80,80,80,80,80,0,0,0,6,6,600,600,0,0
188.333,40,32,8,11,21,3,5,80,80,80,80,80,80,0,0,0,6,6,600,600,0,0
189.333,40,32,8,11,21,3,5,80,80,80,80,80,80,0,0,0,6,6,600,600,0,0
190.333,40,32,8,11,21,3,5,80,80,80,80,80,80,0,0,0,6,6,600,600,0,0
191.333,40,32,8,11,21,3,5,80,80,80,80,80,80,0,0,0,6,6,600,600,0,0
192.333,40,32,8,11,21,3,5,80,80,80,80,80,80,0,0,0,6,6,600,600,0,0
193.333,40,32,8,11,21,3,5,80,80,80,80,80,80,0,0,0,6,6,600,600,0,0
194.333,40,32,8,11,21,3,5,80,80,80,80,80,80,0,0,0,6,6,600,600,0,0
195.333,40,32,8,11,21,3,5,80,80,80,80,80,80,0,0,0,6,6,600,600,0,0
196.333,40,32,8,11,21,3,5,80,80,80,80,80,80,0,0,0,6,6,600,600,0,0
197.333,40,32,8,11,21,3,5,80,80,80,80,80,80,0,0,0,6,6,600,600,0,0
198.333,40,32,8,11,21,3,5,80,80,80,80,80,80,0,0,0,6,6,600,600,0,0
199.333,40,32,8,11,21,3,5,80,80,80,80,80,80,0,0,0,6,6,600,600,0,0
200.333,40,32,8,11,21,3,5,80,80,80,80,80,80,0,0,0,6,6,600,600,0,0
201.333,40,32,8,11,21,3,5,80,80,80,80,80,80,0,0,0,6,6,600,600,0,0
202.333,40,32,8,11,21,3,5,80,80,80,80,80,80,0,0,0,6,6,600,600,0,0
203.333,40,32,8,11,21,3,5,80,80,80,80,80,80,0,0,0,6,6,600,600,0,0
204.333,40,32,8,11,21,3,5,80,80,80,80,80,80,0,0,0,6,6,600,600,0,0
205.333,40,32,8,11,21,3,5,80,80,80,80,80,80,0,0,0,6,6,600,600,0,0
206.333,40,32,8,11,21,3,5,80,80,80,80,80,80,0,0,0,6,6,600,600,0,0
207.333,40,32,8,11,21,3,5,80,80,80,80,80,80,0,0,0,6,6,600,600,0,0
208.333,40,32,8,11,21,3,5,80,80,80,80,80,80,0,0,0,6,6,600,600,0,0
209.333,40,32,8,11,21,3,5,80,80,80,80,80,80,0,0,0,6,6,600,600,0,0
210.333,40,32,8,11,21,3,5,80,80,80,80,80,80,0,0,0,6,6,600,600,0,0
211.332,40,32,8,11,21,3,5,80,80,80,80,80,80,0,0,0,6,6,600,600,0,0
212.332,40,32,8,11,21,3,5,80,80,80,80,80,80,0,0,0,6,6,600,600,0,0
213.332,40,32,8,11,21,3,5,80,80,80,80,80,80,0,0,0,6,6,600,600,0,0
214.332,40,32,8,11,21,3,5,80,80,80,80,80,80,0,0,0,6,6,600,600,0,0
215.332,40,32,8,11,21,3,5,80,80,80,80,80,80,0,0,0,6,6,600,600,0,0
216.332,40,32,8,11,21,3,5,80,80,80,80,80,80,0,0,0,6,6,600,600,0,0
217.332,40,32,8,11,21,3,5,80,80,80,80,80,80,0,0,0,6,6,600,600,0,0
218.332,40,32,8,11,21,3,5,80,80,80,80,80,80,0,0,0,6,6,600,600,0,0
219.332,40,32,8,11,21,3,5,80,80,80,80,80,80,0,0,0,6,6,600,600,0,0
220.332,40,32,8,11,21,3,5,80,80,80,80,80,80,0,0,0,6,6,600,600,0,0
221.332,40,32,8,11,21,3,5,80,80,80,80,80,80,0,0,0,6,6,600,600,0,0
222.332,40,32,8,11,21,3,5,80,80,80,80,80,80,0,0,0,6,6,600,600,0,0
223.332,40,32,8,11,21,3,5,80,80,80,80,80,80,0,0,0,6,6,600,600,0,0
224.332,40,32,8,11,21,3,5,80,80,80,80,80,80,0,0,0,6,6,600,600,0,0
225.332,40,32,8,11,21,3,5,80,80,80,80,80,80,0,0,0,6,6,600,600,0,0
226.332,40,32,8,11,21,3,5,80,80,80,80,80,80,0,0,0,6,6,600,600,0,0
227.332,40,32,8,11,21,3,5,80,80,80,80,80,80,0,0,0,6,6,600,600,0,0
228.332,40,32,8,11,21,3,5,80,80,80,80,80,80,0,0,0,6,6,600,600,0,0
229.332,40,32,8,11,21,3,5,80,80,80,80,80,80,0,0,0,6,6,600,600,0,0
230.332,40,32,8,11,21,3,5,80,80,80,80,80,80,0,0,0,6,6,600,600,0,0
231.332,40,32,8,11,21,3,5,80,80,80,80,80,80,0,0,0,6,6,600,600,0,0
232.332,40,32,8,11,21,3,5,80,80,80,80,80,80,0,0,0,6,6,600,600,0,0
233.332,40,32,8,11,21,3,5,80,80,80,80,80,80,0,0,0,6,6,600,600,0,0
234.332,40,32,8,11,21,3,5,80,80,80,80,80,80,0,0,0,6,6,600,600,0,0
235.332,40,32,8,11,21,3,5,80,80,80,80,80,80,0,0,0,6,6,600,600,0,0
236.332,40,32,8,11,21,3,5,80,80,80,80,80,80,0,0,0,6,6,600,600,0,0
237.332,40,32,8,11,21,3,5,80,80,80,80,80,80,0,0,0,6,6,600,600,0,0
238.332,40,32,8,11,21,3,5,80,80,80,80,80,80,0,0,0,6,6,600,600,0,0
239.332,40,32,8,11,21,3,5,80,80,80,80,80,80,0,0,0,6,6,600,600,0,0
240.332,40,32,8,11,21,3,5,80,80,80,80,80,80,0,0,0,6,6,600,600,0,0
241.332,40,32,8,11,21,3,5,80,80,80,80,80,80,0,0,0,6,6,600,600,0,0
242.332,40,32,8,11,21,3,5,80,80,80,80,80,80,0,0,0,6,6,600,600,0,0
243.332,40,32,8,11,21,3,5,80,80,80,80,80,80,0,0,0,6,6,600,600,0,0
244.332,40,32,8,11,21,3,5,80,80,80,80,80,80,0,0,0,6,6,600,600,0,0
245.332,40,32,8,11,21,3,5,80,80,80,80,80,80,0,0,0,6,6,600,600,0,0
246.332,40,32,8,11,21,3,5,80,80,80,80,80,80,0,0,0,6,6,600,600,0,0
247.332,40,32,8,11,21,3,5,80,80,80,80,80,80,0,0,0,6,6,600,600,0,0
248.332,40,32,8,11,21,3,5,80,80,80,80,80,80,0,0,0,6,6,600,600,0,0
249.332,40,32,8,11,21,3,5,80,80,80,80,80,80,0,0,0,6,6,600,600,0,0
250.332,40,32,8,11,21,3,5,80,80,80,80,80,80,0,0,0,6,6,600,600,0,0
251.332,40,32,8,11,21,3,5,80,80,80,80,80,80,0,0,0,6,6,600,600,0,0
252.332,40,32,8,11,21,3,5,80,80,80,80,80,80,0,0,0,6,6,600,600,0,0
253.332,40,32,8,11,21,3,5,80,80,80,80,80,80,0,0,0,6,6,600,600,0,0
254.332,40,32,8,11,21,3,5,80,80,80,80,80,80,0,0,0,6,6,600,600,0,0
255.332,40,32,8,11,21,3,5,80,80,80,80,80,80,0,0,0,6,6,600,600,0,0
256.332,40,32,8,11,21,3,5,80,80,80,80,80,80,0,0,0,6,6,600,600,0,0
257.332,40,32,8,11,21,3,5,80,80,80,80,80,80,0,0,0,6,6,600,600,0,0
258.332,40,32,8,11,21,3,5,80,80,80,80,80,80,0,0,0,6,6,600,600,0,0
259.332,40,32,8,11,21,3,5,80,80,80,80,80,80,0,0,0,6,6,600,600,0,0
260.332,40,32,8,11,21,3,5,80,80,80,80,80,80,0,0,0,6,6,600,600,0,0
261.332,40,32,8,11,21,3,5,80,80,80,80,80,80,0,0,0,6,6,600,600,0,0
262.332,40,32,8,11,21,3,5,80,80,80,80,80,80,0,0,0,6,6,600,600,0,0
263.332,40,32,8,11,21,3,5,80,80,80,80,80,80,0,0,0,6,6,600,600,0,0
264.332,40,32,8,11,21,3,5,80,80,80,80,80,80,0,0,0,6,6,600,600,0,0
265.332,40,32,8,11,21,3,5,80,80,80,80,80,80,0,0,0,6,6,600,600,0,0
266.332,40,32,8,11,21,3,5,80,80,80,80,80,80,0,0,0,6,6,600,600,0,0
267.332,40,32,8,11,21,3,5,80,80,80,80,80,80,0,0,0,6,6,600,600,0,0
268.332,40,32,8,11,21,3,5,80,80,80,80,80,80,0,0,0,6,6,600,600,0,0
269.332,40,32,8,11,21,3,5,80,80,80,80,80,80,0,0,0,6,6,600,600,0,0
270.332,40,32,8,11,21,3,5,80,80,80,80,80,80,0,0,0,6,6,600,600,0,0
271.332,40,32,8,11,21,3,5,80,80,80,80,80,80,0,0,0,6,6,600,600,0,0
272.332,40,32,8,11,21,3,5,80,80,80,80,80,80,0,0,0,6,6,600,600,0,0
273.332,40,32,8,11,21,3,5,80,80,80,80,80,80,0,0,0,6,6,600,600,0,0
274.332,40,32,8,11,21,3,5,80,80,80,80,80,80,0,0,0,6,6,600,600,0,0
275.332,40,32,8,11,21,3,5,80,80,80,80,80,80,0,0,0,6,6,600,600,0,0
276.332,40,32,8,11,21,3,5,80,80,80,80,80,80,0,0,0,6,6,600,600,0,0
277.332,40,32,8,11,21,3,5,80,80,80,80,80,80,0,0,0,6,6,600,600,0,0
278.332,40,32,8,11,21,3,5,80,80,80,80,80,80,0,0,0,6,6,600,600,0,0
279.333,40,32,8,11,21,3,5,80,80,80,80,80,80,0,0,0,6,6,600,600,0,0
280.333,40,32,8,11,21,3,5,80,80,80,80,80,80,0,0,0,6,6,600,600,0,0
281.333,40,32,8,11,21,3,5,80,80,80,80,80,80,0,0,0,6,6,600,600,0,0
282.333,40,32,8,11,21,3,5,80,80,80,80,80,80,0,0,0,6,6,600,600,0,0
283.333,40,32,8,11,21,3,5,80,80,80,80,80,80,0,0,0,6,6,600,600,0,0
284.333,40,32,8,11,21,3,5,80,80,80,80,80,80,0,0,0,6,6,600,600,0,0
285.333,40,32,8,11,21,3,5,80,80,80,80,80,80,0,0,0,6,6,600,600,0,0
286.333,40,32,8,11,21,3,5,80,80,80,80,80,80,0,0,0,6,6,600,600,0,0
287.333,40,32,8,11,21,3,5,80,80,80,80,80,80,0,0,0,6,6,600,600,0,0
288.333,40,32,8,11,21,3,5,80,80,80,80,80,80,0,0,0,6,6,600,600,0,0
289.333,40,32,8,11,21,3,5,80,80,80,80,80,80,0,0,0,6,6,600,600,0,0
290.333,40,32,8,11,21,3,5,80,80,80,80,80,80,0,0,0,6,6,600,600,0,0
291.333,40,32,8,11,21,3,5,80,80,80,80,80,80,0,0,0,6,6,600,600,0,0
292.333,40,32,8,11,21,3,5,80,80,80,80,80,80,0,0,0,6,6,600,600,0,0
293.333,40,32,8,11,21,3,5,80,80,80,80,80,80,0,0,0,6,6,600,600,0,0
294.333,40,32,8,11,21,3,5,80,80,80,80,80,80,0,0,0,6,6,600,600,0,0
295.333,40,32,8,11,21,3,5,80,80,80,80,80,80,0,0,0,6,6,600,600,0,0
296.333,40,32,8,11,21,3,5,80,80,80,80,80,80,0,0,0,6,6,600,600,0,0
297.333,40,32,8,11,21,3,5,80,80,80,80,80,80,0,0,0,6,6,600,600,0,0
298.333,40,32,8,11,21,3,5,80,80,80,80,80,80,0,0,0,6,6,600,600,0,0
299.333,40,32,8,11,21,3,5,80,80,80,80,80,80,0,0,0,6,6,600,600,0,0
300.333,40,32,8,11,21,3,5,80,80,80,80,80,80,0,0,0,6,6,600,600,0,0
301.333,40,32,8,11,21,3,5,80,80,80,80,80,80,0,0,0,6,6,600,600,0,0
302.333,40,32,8,11,21,3,5,80,80,80,80,80,80,0,0,0,6,6,600,600,0,0
303.333,40,32,8,11,21,3,5,80,80,80,80,80,80,0,0,0,6,6,600,600,0,0
304.333,40,32,8,11,21,3,5,80,80,80,80,80,80,0,0,0,6,6,600,600,0,0
305.333,40,32,8,11,21,3,5,80,80,80,80,80,80,0,0,0,6,6,600,600,0,0
306.333,40,32,8,11,21,3,5,80,80,80,80,80,80,0,0,0,6,6,600,600,0,0
307.333,40,32,8,11,21,3,5,80,80,80,80,80,80,0,0,0,6,6,600,600,0,0
308.333,40,32,8,11,21,3,5,80,80,80,80,80,80,0,0,0,6,6,600,600,0,0
309.333,40,32,8,11,21,3,5,80,80,80,80,80,80,0,0,0,6,6,600,600,0,0
310.333,40,32,8,11,21,3,5,80,80,80,80,80,80,0,0,0,6,6,600,600,0,0
311.333,40,32,8,11,21,3,5,80,80,80,80,80,80,0,0,0,6,6,600,600,0,0
312.334,40,32,8,11,21,3,5,80,80,80,80,80,80,0,0,0,6,6,600,600,0,0
313.334,40,32,8,11,21,3,5,80,80,80,80,80,80,0,0,0,6,6,600,600,0,0
314.334,40,32,8,11,21,3,5,80,80,80,80,80,80,0,0,0,6,6,600,600,0,0
315.334,40,32,8,11,21,3,5,80,80,80,80,80,80,0,0,0,6,6,600,600,0,0
316.334,40,32,8,11,21,3,5,80,80,80,80,80,80,0,0,0,6,6,600,600,0,0
317.334,40,32,8,11,21,3,5,80,80,80,80,80,80,0,0,0,6,6,600,600,0,0
318.334,40,32,8,11,21,3,5,80,80,80,80,80,80,0,0,0,6,6,600,600,0,0
319.334,40,32,8,11,21,3,5,80,80,80,80,80,80,0,0,0,6,6,600,600,0,0
320.334,40,32,8,11,21,3,5,80,80,80,80,80,80,0,0,0,6,6,600,600,0,0
321.334,40,32,8,11,21,3,5,80,80,80,80,80,80,0,0,0,6,6,600,600,0,0
322.334,40,32,8,11,21,3,5,80,80,80,80,80,80,0,0,0,6,6,600,600,0,0
323.334,40,32,8,11,21,3,5,80,80,80,80,80,80,0,0,0,6,6,600,600,0,0
324.334,40,32,8,11,21,3,5,80,80,80,80,80,80,0,0,0,6,6,600,600,0,0
325.334,40,32,8,11,21,3,5,80,80,80,80,80,80,0,0,0,6,6,600,600,0,0
326.334,40,32,8,11,21,3,5,80,80,80,80,80,80,0,0,0,6,6,600,600,0,0
327.334,40,32,8,11,21,3,5,80,80,80,80,80,80,0,0,0,6,6,600,600,0,0
328.334,40,32,8,11,21,3,5,80,80,80,80,80,80,0,0,0,6,6,600,600,0,0
329.334,40,32,8,11,21,3,5,80,80,80,80,80,80,0,0,0,6,6,600,600,0,0
330.334,40,32,8,11,21,3,5,80,80,80,80,80,80,0,0,0,6,6,600,600,0,0
331.334,40,32,8,11,21,3,5,80,80,80,80,80,80,0,0,0,6,6,600,600,0,0
332.334,40,32,8,11,21,3,5,80,80,80,80,80,80,0,0,0,6,6,600,600,0,0
333.334,40,32,8,11,21,3,5,80,80,80,80,80,80,0,0,0,6,6,600,600,0,0
334.334,40,32,8,11,21,3,5,80,80,80,80,80,80,0,0,0,6,6,600,600,0,0
335.334,40,32,8,11,21,3,5,80,80,80,80,80,80,0,0,0,6,6,600,600,0,0
336.334,40,32,8,11,21,3,5,80,80,80,80,80,80,0,0,0,6,6,600,600,0,0
337.334,40,32,8,11,21,3,5,80,80,80,80,80,80,0,0,0,6,6,600,600,0,0
338.334,40,32,8,11,21,3,5,80,80,80,80,80,80,0,0,0,6,6,600,600,0,0
339.334,40,32,8,11,21,3,5,80,80,80,80,80,80,0,0,0,6,6,600,600,0,0
340.334,40,32,8,11,21,3,5,80,80,80,80,80,80,0,0,0,6,6,600,600,0,0
341.334,40,32,8,11,21,3,5,80,80,80,80,80,80,0,0,0,6,6,600,600,0,0
342.334,40,32,8,11,21,3,5,80,80,80,80,80,80,0,0,0,6,6,600,600,0,0
343.334,40,32,8,11,21,3,5,80,80,80,80,80,80,0,0,0,6,6,600,600,0,0
344.334,40,32,8,11,21,3,5,80,80,80,80,80,80,0,0,0,6,6,600,600,0,0
345.335,40,32,8,11,21,3,5,80,80,80,80,80,80,0,0,0,6,6,600,600,0,0
346.335,40,32,8,11,21,3,5,80,80,80,80,80,80,0,0,0,6,6,600,600,0,0
347.335,40,32,8,11,21,3,5,80,80,80,80,80,80,0,0,0,6,6,600,600,0,0
348.335,40,32,8,11,21,3,5,80,80,80,80,80,80,0,0,0,6,6,600,600,0,0
349.335,40,32,8,11,21,3,5,80,80,80,80,80,80,0,0,0,6,6,600,600,0,0
350.335,40,32,8,11,21,3,5,80,80,80,80,80,80,0,0,0,6,6,600,600,0,0
351.335,40,32,8,11,21,3,5,80,80,80,80,80,80,0,0,0,6,6,600,600,0,0
352.335,40,32,8,11,21,3,5,80,80,80,80,80,80,0,0,0,6,6,600,600,0,0
353.335,40,32,8,11,21,3,5,80,80,80,80,80,80,0,0,0,6,6,600,600,0,0
354.335,40,32,8,11,21,3,5,80,80,80,80,80,80,0,0,0,6,6,600,600,0,0
355.335,40,32,8,11,21,3,5,80,80,80,80,80,80,0,0,0,6,6,600,600,0,0
356.335,40,32,8,11,21,3,5,80,80,80,80,80,80,0,0,0,6,6,600,600,0,0
357.335,40,32,8,11,21,3,5,80,80,80,80,80,80,0,0,0,6,6,600,600,0,0
358.335,40,32,8,11,21,3,5,80,80,80,80,80,80,0,0,0,6,6,600,600,0,0
359.335,40,32,8,11,21,3,5,80,80,80,80,80,80,0,0,0,6,6,600,600,0,0
360.335,40,32,8,11,21,3,5,80,80,80,80,80,80,0,0,0,6,6,600,600,0,0
361.335,40,32,8,11,21,3,5,80,80,80,80,80,80,0,0,0,6,6,600,600,0,0
362.335,40,32,8,11,21,3,5,80,80,80,80,80,80,0,0,0,6,6,600,600,0,0
363.335,40,32,8,11,21,3,5,80,80,80,80,80,80,0,0,0,6,6,600,600,0,0
364.335,40,32,8,11,21,3,5,80,80,80,80,80,80,0,0,0,6,6,600,600,0,0
365.335,40,32,8,11,21,3,5,80,80,80,80,80,80,0,0,0,6,6,600,600,0,0
366.335,40,32,8,11,21,3,5,80,80,80,80,80,80,0,0,0,6,6,600,600,0,0
367.335,40,32,8,11,21,3,5,80,80,80,80,80,80,0,0,0,6,6,600,600,0,0
368.335,40,32,8,11,21,3,5,80,80,80,80,80,80,0,0,0,6,6,600,600,0,0
369.335,40,32,8,11,21,3,5,80,80,80,80,80,80,0,0,0,6,6,600,600,0,0
370.335,40,32,8,11,21,3,5,80,80,80,80,80,80,0,0,0,6,6,600,600,0,0
371.335,40,32,8,11,21,3,5,80,80,80,80,80,80,0,0,0,6,6,600,600,0,0
372.335,40,32,8,11,21,3,5,80,80,80,80,80,80,0,0,0,6,6,600,600,0,0
373.335,40,32,8,11,21,3,5,80,80,80,80,80,80,0,0,0,6,6,600,600,0,0
374.335,40,32,8,11,21,3,5,80,80,80,80,80,80,0,0,0,6,6,600,600,0,0
375.335,40,32,8,11,21,3,5,80,80,80,80,80,80,0,0,0,6,6,600,600,0,0
376.335,40,32,8,11,21,3,5,80,80,80,80,80,80,0,0,0,6,6,600,600,0,0
377.335,40,32,8,11,21,3,5,80,80,80,80,80,80,0,0,0,6,6,600,600,0,0
378.336,40,32,8,11,21,3,5,80,80,80,80,80,80,0,0,0,6,6,600,600,0,0
379.336,40,32,8,11,21,3,5,80,80,80,80,80,80,0,0,0,6,6,600,600,0,0
380.336,40,32,8,11,21,3,5,80,80,80,80,80,80,0,0,0,6,6,600,600,0,0
381.336,40,32,8,11,21,3,5,80,80,80,80,80,80,0,0,0,6,6,600,600,0,0
382.336,40,32,8,11,21,3,5,80,80,80,80,80,80,0,0,0,6,6,600,600,0,0
383.336,40,32,8,11,21,3,5,80,80,80,80,80,80,0,0,0,6,6,600,600,0,0
384.336,40,32,8,11,21,3,5,80,80,80,80,80,80,0,0,0,6,6,600,600,0,0
385.336,40,32,8,11,21,3,5,80,80,80,80,80,80,0,0,0,6,6,600,600,0,0
386.336,40,32,8,11,21,3,5,80,80,80,80,80,80,0,0,0,6,6,600,600,0,0
387.336,40,32,8,11,21,3,5,80,80,80,80,80,80,0,0,0,6,6,600,600,0,0
388.336,40,32,8,11,21,3,5,80,80,80,80,80,80,0,0,0,6,6,600,600,0,0
389.336,40,32,8,11,21,3,5,80,80,80,80,80,80,0,0,0,6,6,600,600,0,0
390.336,40,32,8,11,21,3,5,80,80,80,80,80,80,0,0,0,6,6,600,600,0,0
391.336,40,32,8,11,21,3,5,80,80,80,80,80,80,0,0,0,6,6,600,600,0,0
392.336,40,32,8,11,21,3,5,80,80,80,80,80,80,0,0,0,6,6,600,600,0,0
393.336,40,32,8,11,21,3,5,80,80,80,80,80,80,0,0,0,6,6,600,600,0,0
394.336,40,32,8,11,21,3,5,80,80,80,80,80,80,0,0,0,6,6,600,600,0,0
395.336,40,32,8,11,21,3,5,80,80,80,80,80,80,0,0,0,6,6,600,600,0,0
396.336,40,32,8,11,21,3,5,80,80,80,80,80,80,0,0,0,6,6,600,600,0,0
397.336,40,32,8,11,21,3,5,80,80,80,80,80,80,0,0,0,6,6,600,600,0,0
398.336,40,32,8,11,21,3,5,80,80,80,80,80,80,0,0,0,6,6,600,600,0,0
399.336,40,32,8,11,21,3,5,80,80,80,80,80,80,0,0,0,6,6,600,600,0,0
400.336,40,32,8,11,21,3,5,80,80,80,80,80,80,0,0,0,6,6,600,600,0,0
401.336,40,32,8,11,21,3,5,80,80,80,80,80,80,0,0,0,6,6,600,600,0,0
402.336,40,32,8,11,21,3,5,80,80,80,80,80,80,0,0,0,6,6,600,600,0,0
403.336,40,32,8,11,21,3,5,80,80,80,80,80,80,0,0,0,6,6,600,600,0,0
404.336,40,32,8,11,21,3,5,80,80,80,80,80,80,0,0,0,6,6,600,600,0,0
405.336,40,32,8,11,21,3,5,80,80,80,80,80,80,0,0,0,6,6,600,600,0,0
406.336,40,32,8,11,21,3,5,80,80,80,80,80,80,0,0,0,6,6,600,600,0,0
407.336,40,32,8,11,21,3,5,80,80,80,80,80,80,0,0,0,6,6,600,600,0,0
408.336,40,32,8,11,21,3,5,80,80,80,80,80,80,0,0,0,6,6,600,600,0,0
409.336,40,32,8,11,21,3,5,80,80,80,80,80,80,0,0,0,6,6,600,600,0,0
410.337,40,32,8,11,21,3,5,80,80,80,80,80,80,0,0,0,6,6,600,600,0,0
411.337,40,32,8,11,21,3,5,80,80,80,80,80,80,0,0,0,6,6,600,600,0,0
412.337,40,32,8,11,21,3,5,80,80,80,80,80,80,0,0,0,6,6,600,600,0,0
413.337,40,32,8,11,21,3,5,80,80,80,80,80,80,0,0,0,6,6,600,600,0,0
414.337,40,32,8,11,21,3,5,80,80,80,80,80,80,0,0,0,6,6,600,600,0,0
415.337,40,32,8,11,21,3,5,80,80,80,80,80,80,0,0,0,6,6,600,600,0,0
416.337,40,32,8,11,21,3,5,80,80,80,80,80,80,0,0,0,6,6,600,600,0,0
417.337,40,32,8,11,21,3,5,80,80,80,80,80,80,0,0,0,6,6,600,600,0,0
418.337,40,32,8,11,21,3,5,80,80,80,80,80,80,0,0,0,6,6,600,600,0,0
419.337,40,32,8,11,21,3,5,80,80,80,80,80,80,0,0,0,6,6,600,600,0,0
420.337,40,32,8,11,21,3,5,80,80,80,80,80,80,0,0,0,6,6,600,600,0,0
421.337,40,32,8,11,21,3,5,80,80,80,80,80,80,0,0,0,6,6,600,600,0,0
422.337,40,32,8,11,21,3,5,80,80,80,80,80,80,0,0,0,6,6,600,600,0,0
423.337,40,32,8,11,21,3,5,80,80,80,80,80,80,0,0,0,6,6,600,600,0,0
424.337,40,32,8,11,21,3,5,80,80,80,80,80,80,0,0,0,6,6,600,600,0,0
425.337,40,32,8,11,21,3,5,80,80,80,80,80,80,0,0,0,6,6,600,600,0,0
426.337,40,32,8,11,21,3,5,80,80,80,80,80,80,0,0,0,6,6,600,600,0,0
427.337,40,32,8,11,21,3,5,80,80,80,80,80,80,0,0,0,6,6,600,600,0,0
428.337,40,32,8,11,21,3,5,80,80,80,80,80,80,0,0,0,6,6,600,600,0,0
429.337,40,32,8,11,21,3,5,80,80,80,80,80,80,0,0,0,6,6,600,600,0,0
430.337,40,32,8,11,21,3,5,80,80,80,80,80,80,0,0,0,6,6,600,600,0,0
431.337,40,32,8,11,21,3,5,80,80,80,80,80,80,0,0,0,6,6,600,600,0,0
432.337,40,32,8,11,21,3,5,80,80,80,80,80,80,0,0,0,6,6,600,600,0,0
433.337,40,32,8,11,21,3,5,80,80,80,80,80,80,0,0,0,6,6,600,600,0,0
434.337,40,32,8,11,21,3,5,80,80,80,80,80,80,0,0,0,6,6,600,600,0,0
435.337,40,32,8,11,21,3,5,80,80,80,80,80,80,0,0,0,6,6,600,600,0,0
436.337,40,32,8,11,21,3,5,80,80,80,80,80,80,0,0,0,6,6,600,600,0,0
437.337,40,32,8,11,21,3,5,80,80,80,80,80,80,0,0,0,6,6,600,600,0,0
438.337,40,32,8,11,21,3,5,80,80,80,80,80,80,0,0,0,6,6,600,600,0,0
439.337,40,32,8,11,21,3,5,80,80,80,80,80,80,0,0,0,6,6,600,600,0,0
440.337,40,32,8,11,21,3,5,80,80,80,80,80,80,0,0,0,6,6,600,600,0,0
441.337,40,32,8,11,21,3,5,80,80,80,80,80,80,0,0,0,6,6,600,600,0,0
442.337,40,32,8,11,21,3,5,80,80,80,80,80,80,0,0,0,6,6,600,600,0,0
443.338,40,32,8,11,21,3,5,80,80,80,80,80,80,0,0,0,6,6,600,600,0,0
444.338,40,32,8,11,21,3,5,80,80,80,80,80,80,0,0,0,6,6,600,600,0,0
445.338,40,32,8,11,21,3,5,80,80,80,80,80,80,0,0,0,6,6,600,600,0,0
446.338,40,32,8,11,21,3,5,80,80,80,80,80,80,0,0,0,6,6,600,600,0,0
447.338,40,32,8,11,21,3,5,80,80,80,80,80,80,0,0,0,6,6,600,600,0,0
448.338,40,32,8,11,21,3,5,80,80,80,80,80,80,0,0,0,6,6,600,600,0,0
449.338,40,32,8,11,21,3,5,80,80,80,80,80,80,0,0,0,6,6,600,600,0,0
450.338,40,32,8,11,21,3,5,80,80,80,80,80,80,0,0,0,6,6,600,600,0,0
451.338,40,32,8,11,21,3,5,80,80,80,80,80,80,0,0,0,6,6,600,600,0,0
452.338,40,32,8,11,21,3,5,80,80,80,80,80,80,0,0,0,6,6,600,600,0,0
453.338,40,32,8,11,21,3,5,80,80,80,80,80,80,0,0,0,6,6,600,600,0,0
454.338,40,32,8,11,21,3,5,80,80,80,80,80,80,0,0,0,6,6,600,600,0,0
455.338,40,32,8,11,21,3,5,80,80,80,80,80,80,0,0,0,6,6,600,600,0,0
456.338,40,32,8,11,21,3,5,80,80,80,80,80,80,0,0,0,6,6,600,600,0,0
457.338,40,32,8,11,21,3,5,80,80,80,80,80,80,0,0,0,6,6,600,600,0,0
458.338,40,32,8,11,21,3,5,80,80,80,80,80,80,0,0,0,6,6,600,600,0,0
459.338,40,32,8,11,21,3,5,80,80,80,80,80,80,0,0,0,6,6,600,600,0,0
460.338,40,32,8,11,21,3,5,80,80,80,80,80,80,0,0,0,6,6,600,600,0,0
461.338,40,32,8,11,21,3,5,80,80,80,80,80,80,0,0,0,6,6,600,600,0,0
462.338,40,32,8,11,21,3,5,80,80,80,80,80,80,0,0,0,6,6,600,600,0,0
463.338,40,32,8,11,21,3,5,80,80,80,80,80,80,0,0,0,6,6,600,600,0,0
464.338,40,32,8,11,21,3,5,80,80,80,80,80,80,0,0,0,6,6,600,600,0,0
465.338,40,32,8,11,21,3,5,80,80,80,80,80,80,0,0,0,6,6,600,600,0,0
466.338,40,32,8,11,21,3,5,80,80,80,80,80,80,0,0,0,6,6,600,600,0,0
467.338,40,32,8,11,21,3,5,80,80,80,80,80,80,0,0,0,6,6,600,600,0,0
468.338,40,32,8,11,21,3,5,80,80,80,80,80,80,0,0,0,6,6,600,600,0,0
469.338,40,32,8,11,21,3,5,80,80,80,80,80,80,0,0,0,6,6,600,600,0,0
470.338,40,32,8,11,21,3,5,80,80,80,80,80,80,0,0,0,6,6,600,600,0,0
471.338,40,32,8,11,21,3,5,80,80,80,80,80,80,0,0,0,6,6,600,600,0,0
472.338,40,32,8,11,21,3,5,80,80,80,80,80,80,0,0,0,6,6,600,600,0,0
473.338,40,32,8,11,21,3,5,80,80,80,80,80,80,0,0,0,6,6,600,600,0,0
474.338,40,32,8,11,21,3,5,80,80,80,80,80,80,0,0,0,6,6,600,600,0,0
475.338,40,32,8,11,21,3,5,80,80,80,80,80,80,0,0,0,6,6,600,600,0,0
476.339,40,32,8,11,21,3,5,80,80,80,80,80,80,0,0,0,6,6,600,600,0,0
477.339,40,32,8,11,21,3,5,80,80,80,80,80,80,0,0,0,6,6,600,600,0,0
478.339,40,32,8,11,21,3,5,80,80,80,80,80,80,0,0,0,6,6,600,600,0,0
479.339,40,32,8,11,21,3,5,80,80,80,80,80,80,0,0,0,6,6,600,600,0,0
480.339,40,32,8,11,21,3,5,80,80,80,80,80,80,0,0,0,6,6,600,600,0,0
481.339,40,32,8,11,21,3,5,80,80,80,80,80,80,0,0,0,6,6,600,600,0,0
482.339,40,32,8,11,21,3,5,80,80,80,80,80,80,0,0,0,6,6,600,600,0,0
483.339,40,32,8,11,21,3,5,80,80,80,80,80,80,0,0,0,6,6,600,600,0,0
484.339,40,32,8,11,21,3,5,80,80,80,80,80,80,0,0,0,6,6,600,600,0,0
485.339,40,32,8,11,21,3,5,80,80,80,80,80,80,0,0,0,6,6,600,600,0,0
486.339,40,32,8,11,21,3,5,80,80,80,80,80,80,0,0,0,6,6,600,600,0,0
487.339,40,32,8,11,21,3,5,80,80,80,80,80,80,0,0,0,6,6,600,600,0,0
488.339,40,32,8,11,21,3,5,80,80,80,80,80,80,0,0,0,6,6,600,600,0,0
489.339,40,32,8,11,21,3,5,80,80,80,80,80,80,0,0,0,6,6,600,600,0,0
490.339,40,32,8,11,21,3,5,80,80,80,80,80,80,0,0,0,6,6,600,600,0,0
491.339,40,32,8,11,21,3,5,80,80,80,80,80,80,0,0,0,6,6,600,600,0,0
492.339,40,32,8,11,21,3,5,80,80,80,80,80,80,0,0,0,6,6,600,600,0,0
493.339,40,32,8,11,21,3,5,80,80,80,80,80,80,0,0,0,6,6,600,600,0,0
494.339,40,32,8,11,21,3,5,80,80,80,80,80,80,0,0,0,6,6,600,600,0,0
495.339,40,32,8,11,21,3,5,80,80,80,80,80,80,0,0,0,6,6,600,600,0,0
496.339,40,32,8,11,21,3,5,80,80,80,80,80,80,0,0,0,6,6,600,600,0,0
497.339,40,32,8,11,21,3,5,80,80,80,80,80,80,0,0,0,6,6,600,600,0,0
498.339,40,32,8,11,21,3,5,80,80,80,80,80,80,0,0,0,6,6,600,600,0,0
499.339,40,32,8,11,21,3,5,80,80,80,80,80,80,0,0,0,6,6,600,600,0,0
500.339,40,32,8,11,21,3,5,80,80,80,80,80,80,0,0,0,6,6,600,600,0,0
501.339,40,32,8,11,21,3,5,80,80,80,80,80,80,0,0,0,6,6,600,600,0,0
502.339,40,32,8,11,21,3,5,80,80,80,80,80,80,0,0,0,6,6,600,600,0,0
503.339,40,32,8,11,21,3,5,80,80,80,80,80,80,0,0,0,6,6,600,600,0,0
504.339,40,32,8,11,21,3,5,80,80,80,80,80,80,0,0,0,6,6,600,600,0,0
505.339,40,32,8,11,21,3,5,80,80,80,80,80,80,0,0,0,6,6,600,600,0,0
506.339,40,32,8,11,21,3,5,80,80,80,80,80,80,0,0,0,6,6,600,600,0,0
507.339,40,32,8,11,21,3,5,80,80,80,80,80,80,0,0,0,6,6,600,600,0,0
508.339,40,32,8,11,21,3,5,80,80,80,80,80,80,0,0,0,6,6,600,600,0,0
509.34,40,32,8,11,21,3,5,80,80,80,80,80,80,0,0,0,6,6,600,600,0,0
510.34,40,32,8,11,21,3,5,80,80,80,80,80,80,0,0,0,6,6,600,600,0,0
511.34,40,32,8,11,21,3,5,80,80,80,80,80,80,0,0,0,6,6,600,600,0,0
512.34,40,32,8,11,21,3,5,80,80,80,80,80,80,0,0,0,6,6,600,600,0,0
513.34,40,32,8,11,21,3,5,80,80,80,80,80,80,0,0,0,6,6,600,600,0,0
514.339,40,32,8,11,21,3,5,80,80,80,80,80,80,0,0,0,6,6,600,600,0,0
515.339,40,32,8,11,21,3,5,80,80,80,80,80,80,0,0,0,6,6,600,600,0,0
516.339,40,32,8,11,21,3,5,80,80,80,80,80,80,0,0,0,6,6,600,600,0,0
517.339,40,32,8,11,21,3,5,80,80,80,80,80,80,0,0,0,6,6,600,600,0,0
518.339,40,32,8,11,21,3,5,80,80,80,80,80,80,0,0,0,6,6,600,600,0,0
519.339,40,32,8,11,21,3,5,80,80,80,80,80,80,0,0,0,6,6,600,600,0,0
520.339,40,32,8,11,21,3,5,80,80,80,80,80,80,0,0,0,6,6,600,600,0,0
521.339,40,32,8,11,21,3,5,80,80,80,80,80,80,0,0,0,6,6,600,600,0,0
522.339,40,32,8,11,21,3,5,80,80,80,80,80,80,0,0,0,6,6,600,600,0,0
523.339,40,32,8,11,21,3,5,80,80,80,80,80,80,0,0,0,6,6,600,600,0,0
524.339,40,32,8,11,21,3,5,80,80,80,80,80,80,0,0,0,6,6,600,600,0,0
525.339,40,32,8,11,21,3,5,80,80,80,80,80,80,0,0,0,6,6,600,600,0,0
526.339,40,32,8,11,21,3,5,80,80,80,80,80,80,0,0,0,6,6,600,600,0,0
527.339,40,32,8,11,21,3,5,80,80,80,80,80,80,0,0,0,6,6,600,600,0,0
528.339,40,32,8,11,21,3,5,80,80,80,80,80,80,0,0,0,6,6,600,600,0,0
529.339,40,32,8,11,21,3,5,80,80,80,80,80,80,0,0,0,6,6,600,600,0,0
530.338,40,32,8,11,21,3,5,80,80,80,80,80,80,0,0,0,6,6,600,600,0,0
531.338,40,32,8,11,21,3,5,80,80,80,80,80,80,0,0,0,6,6,600,600,0,0
532.338,40,32,8,11,21,3,5,80,80,80,80,80,80,0,0,0,6,6,600,600,0,0
533.338,40,32,8,11,21,3,5,80,80,80,80,80,80,0,0,0,6,6,600,600,0,0
534.338,40,32,8,11,21,3,5,80,80,80,80,80,80,0,0,0,6,6,600,600,0,0
535.338,40,32,8,11,21,3,5,80,80,80,80,80,80,0,0,0,6,6,600,600,0,0
536.338,40,32,8,11,21,3,5,80,80,80,80,80,80,0,0,0,6,6,600,600,0,0
537.338,40,32,8,11,21,3,5,80,80,80,80,80,80,0,0,0,6,6,600,600,0,0
538.338,40,32,8,11,21,3,5,80,80,80,80,80,80,0,0,0,6,6,600,600,0,0
539.338,40,32,8,11,21,3,5,80,80,80,80,80,80,0,0,0,6,6,600,600,0,0
540.338,40,32,8,11,21,3,5,80,80,80,80,80,80,0,0,0,6,6,600,600,0,0
541.338,40,32,8,11,21,3,5,80,80,80,80,80,80,0,0,0,6,6,600,600,0,0
542.338,40,32,8,11,21,3,5,80,80,80,80,80,80,0,0,0,6,6,600,600,0,0
543.338,40,32,8,11,21,3,5,80,80,80,80,80,80,0,0,0,6,6,600,600,0,0
544.338,40,32,8,11,21,3,5,80,80,80,80,80,80,0,0,0,6,6,600,600,0,0
545.338,40,32,8,11,21,3,5,80,80,80,80,80,80,0,0,0,6,6,600,600,0,0
546.338,40,32,8,11,21,3,5,80,80,80,80,80,80,0,0,0,6,6,600,600,0,0
547.337,40,32,8,11,21,3,5,80,80,80,80,80,80,0,0,0,6,6,600,600,0,0
548.337,40,32,8,11,21,3,5,80,80,80,80,80,80,0,0,0,6,6,600,600,0,0
549.337,40,32,8,11,21,3,5,80,80,80,80,80,80,0,0,0,6,6,600,600,0,0
550.337,40,32,8,11,21,3,5,80,80,80,80,80,80,0,0,0,6,6,600,600,0,0
551.337,40,32,8,11,21,3,5,80,80,80,80,80,80,0,0,0,6,6,600,600,0,0
552.337,40,32,8,11,21,3,5,80,80,80,80,80,80,0,0,0,6,6,600,600,0,0
553.337,40,32,8,11,21,3,5,80,80,80,80,80,80,0,0,0,6,6,600,600,0,0
554.337,40,32,8,11,21,3,5,80,80,80,80,80,80,0,0,0,6,6,600,600,0,0
555.337,40,32,8,11,21,3,5,80,80,80,80,80,80,0,0,0,6,6,600,600,0,0
556.337,40,32,8,11,21,3,5,80,80,80,80,80,80,0,0,0,6,6,600,600,0,0
557.337,40,32,8,11,21,3,5,80,80,80,80,80,80,0,0,0,6,6,600,600,0,0
558.337,40,32,8,11,21,3,5,80,80,80,80,80,80,0,0,0,6,6,600,600,0,0
559.337,40,32,8,11,21,3,5,80,80,80,80,80,80,0,0,0,6,6,600,600,0,0
560.337,40,32,8,11,21,3,5,80,80,80,80,80,80,0,0,0,6,6,600,600,0,0
561.337,40,32,8,11,21,3,5,80,80,80,80,80,80,0,0,0,6,6,600,600,0,0
562.337,40,32,8,11,21,3,5,80,80,80,80,80,80,0,0,0,6,6,600,600,0,0
563.336,40,32,8,11,21,3,5,80,80,80,80,80,80,0,0,0,6,6,600,600,0,0
564.336,40,32,8,11,21,3,5,80,80,80,80,80,80,0,0,0,6,6,600,600,0,0
565.336,40,32,8,11,21,3,5,80,80,80,80,80,80,0,0,0,6,6,600,600,0,0
566.336,40,32,8,11,21,3,5,80,80,80,80,80,80,0,0,0,6,6,600,600,0,0
567.336,40,32,8,11,21,3,5,80,80,80,80,80,80,0,0,0,6,6,600,600,0,0
568.336,40,32,8,11,21,3,5,80,80,80,80,80,80,0,0,0,6,6,600,600,0,0
569.336,40,32,8,11,21,3,5,80,80,80,80,80,80,0,0,0,6,6,600,600,0,0
570.336,40,32,8,11,21,3,5,80,80,80,80,80,80,0,0,0,6,6,600,600,0,0
571.336,40,32,8,11,21,3,5,80,80,80,80,80,80,0,0,0,6,6,600,600,0,0
572.336,40,32,8,11,21,3,5,80,80,80,80,80,80,0,0,0,6,6,600,600,0,0
573.336,40,32,8,11,21,3,5,80,80,80,80,80,80,0,0,0,6,6,600,600,0,0
574.336,40,32,8,11,21,3,5,80,80,80,80,80,80,0,0,0,6,6,600,600,0,0
575.336,40,32,8,11,21,3,5,80,80,80,80,80,80,0,0,0,6,6,600,600,0,0
576.336,40,32,8,11,21,3,5,80,80,80,80,80,80,0,0,0,6,6,600,600,0,0
577.336,40,32,8,11,21,3,5,80,80,80,80,80,80,0,0,0,6,6,600,600,0,0
578.336,40,32,8,11,21,3,5,80,80,80,80,80,80,0,0,0,6,6,600,600,0,0
579.335,40,32,8,11,21,3,5,80,80,80,80,80,80,0,0,0,6,6,600,600,0,0
580.335,40,32,8,11,21,3,5,80,80,80,80,80,80,0,0,0,6,6,600,600,0,0
581.335,40,32,8,11,21,3,5,80,80,80,80,80,80,0,0,0,6,6,600,600,0,0
582.335,40,32,8,11,21,3,5,80,80,80,80,80,80,0,0,0,6,6,600,600,0,0
583.335,40,32,8,11,21,3,5,80,80,80,80,80,80,0,0,0,6,6,600,600,0,0
584.335,40,32,8,11,21,3,5,80,80,80,80,80,80,0,0,0,6,6,600,600,0,0
585.335,40,32,8,11,21,3,5,80,80,80,80,80,80,0,0,0,6,6,600,600,0,0
586.335,40,32,8,11,21,3,5,80,80,80,80,80,80,0,0,0,6,6,600,600,0,0
587.335,40,32,8,11,21,3,5,80,80,80,80,80,80,0,0,0,6,6,600,600,0,0
588.335,40,32,8,11,21,3,5,80,80,80,80,80,80,0,0,0,6,6,600,600,0,0
589.335,40,32,8,11,21,3,5,80,80,80,80,80,80,0,0,0,6,6,600,600,0,0
590.335,40,32,8,11,21,3,5,80,80,80,80,80,80,0,0,0,6,6,600,600,0,0
591.335,40,32,8,11,21,3,5,80,80,80,80,80,80,0,0,0,6,6,600,600,0,0
592.335,40,32,8,11,21,3,5,80,80,80,80,80,80,0,0,0,6,6,600,600,0,0
593.335,40,32,8,11,21,3,5,80,80,80,80,80,80,0,0,0,6,6,600,600,0,0
594.335,40,32,8,11,21,3,5,80,80,80,80,80,80,0,0,0,6,6,600,600,0,0
595.335,40,32,8,11,21,3,5,80,80,80,80,80,80,0,0,0,6,6,600,600,0,0
596.334,40,32,8,11,21,3,5,80,80,80,80,80,80,0,0,0,6,6,600,600,0,0
597.334,40,32,8,11,21,3,5,80,80,80,80,80,80,0,0,0,6,6,600,600,0,0
598.334,40,32,8,11,21,3,5,80,80,80,80,80,80,0,0,0,6,6,600,600,0,0
599.334,40,32,8,11,21,3,5,80,80,80,80,80,80,0,0,0,6,6,600,600,0,0
600.334,40,32,8,11,21,3,5,80,80,80,80,80,80,0,0,0,6,6,600,600,0,0
601.334,40,32,8,11,21,3,5,80,80,80,80,80,80,0,0,0,6,6,600,600,0,0
602.334,40,32,8,11,21,3,5,80,80,80,80,80,80,0,0,0,6,6,600,600,0,0
603.334,40,32,8,11,21,3,5,80,80,80,80,80,80,0,0,0,6,6,600,600,0,0
604.334,40,32,8,11,21,3,5,80,80,80,80,80,80,0,0,0,6,6,600,600,0,0
605.334,40,32,8,11,21,3,5,80,80,80,80,80,80,0,0,0,6,6,600,600,0,0
606.334,40,32,8,11,21,3,5,80,80,80,80,80,80,0,0,0,6,6,600,600,0,0
607.334,40,32,8,11,21,3,5,80,80,80,80,80,80,0,0,0,6,6,600,600,0,0
608.334,40,32,8,11,21,3,5,80,80,80,80,80,80,0,0,0,6,6,600,600,0,0
609.334,40,32,8,11,21,3,5,80,80,80,80,80,80,0,0,0,6,6,600,600,0,0
610.334,40,32,8,11,21,3,5,80,80,80,80,80,80,0,0,0,6,6,600,600,0,0
611.334,40,32,8,11,21,3,5,80,80,80,80,80,80,0,0,0,6,6,600,600,0,0
612.333,40,32,8,11,21,3,5,80,80,80,80,80,80,0,0,0,6,6,600,600,0,0
613.333,40,32,8,11,21,3,5,80,80,80,80,80,80,0,0,0,6,6,600,600,0,0
614.333,40,32,8,11,21,3,5,80,80,80,80,80,80,0,0,0,6,6,600,600,0,0
615.333,40,32,8,11,21,3,5,80,80,80,80,80,80,0,0,0,6,6,600,600,0,0
616.333,40,32,8,11,21,3,5,80,80,80,80,80,80,0,0,0,6,6,600,600,0,0
617.333,40,32,8,11,21,3,5,80,80,80,80,80,80,0,0,0,6,6,600,600,0,0
618.333,40,32,8,11,21,3,5,80,80,80,80,80,80,0,0,0,6,6,600,600,0,0
619.333,40,32,8,11,21,3,5,80,80,80,80,80,80,0,0,0,6,6,600,600,0,0
620.333,40,32,8,11,21,3,5,80,80,80,80,80,80,0,0,0,6,6,600,600,0,0
621.333,40,32,8,11,21,3,5,80,80,80,80,80,80,0,0,0,6,6,600,600,0,0
622.333,40,32,8,11,21,3,5,80,80,80,80,80,80,0,0,0,6,6,600,600,0,0
623.333,40,32,8,11,21,3,5,80,80,80,80,80,80,0,0,0,6,6,600,600,0,0
624.333,40,32,8,11,21,3,5,80,80,80,80,80,80,0,0,0,6,6,600,600,0,0
625.333,40,32,8,11,21,3,5,80,80,80,80,80,80,0,0,0,6,6,600,600,0,0
626.333,40,32,8,11,21,3,5,80,80,80,80,80,80,0,0,0,6,6,600,600,0,0
627.333,40,32,8,11,21,3,5,80,80,80,80,80,80,0,0,0,6,6,600,600,0,0
628.333,40,32,8,11,21,3,5,80,80,80,80,80,80,0,0,0,6,6,600,600,0,0
629.332,40,32,8,11,21,3,5,80,80,80,80,80,80,0,0,0,6,6,600,600,0,0
630.332,40,32,8,11,21,3,5,80,80,80,80,80,80,0,0,0,6,6,600,600,0,0
631.332,40,32,8,11,21,3,5,80,80,80,80,80,80,0,0,0,6,6,600,600,0,0
632.332,40,32,8,11,21,3,5,80,80,80,80,80,80,0,0,0,6,6,600,600,0,0
633.332,40,32,8,11,21,3,5,80,80,80,80,80,80,0,0,0,6,6,600,600,0,0
634.332,40,32,8,11,21,3,5,80,80,80,80,80,80,0,0,0,6,6,600,600,0,0
635.332,40,32,8,11,21,3,5,80,80,80,80,80,80,0,0,0,6,6,600,600,0,0
636.332,40,32,8,11,21,3,5,80,80,80,80,80,80,0,0,0,6,6,600,600,0,0
637.332,40,32,8,11,21,3,5,80,80,80,80,80,80,0,0,0,6,6,600,600,0,0
638.332,40,32,8,11,21,3,5,80,80,80,80,80,80,0,0,0,6,6,600,600,0,0
639.332,40,32,8,11,21,3,5,80,80,80,80,80,80,0,0,0,6,6,600,600,0,0
640.332,40,32,8,11,21,3,5,80,80,80,80,80,80,0,0,0,6,6,600,600,0,0
641.332,40,32,8,11,21,3,5,80,80,80,80,80,80,0,0,0,6,6,600,600,0,0
642.332,40,32,8,11,21,3,5,80,80,80,80,80,80,0,0,0,6,6,600,600,0,0
643.332,40,32,8,11,21,3,5,80,80,80,80,80,80,0,0,0,6,6,600,600,0,0
644.332,40,32,8,11,21,3,5,80,80,80,80,80,80,0,0,0,6,6,600,600,0,0
645.331,40,32,8,11,21,3,5,80,80,80,80,80,80,0,0,0,6,6,600,600,0,0
646.331,40,32,8,11,21,3,5,80,80,80,80,80,80,0,0,0,6,6,600,600,0,0
647.331,40,32,8,11,21,3,5,80,80,80,80,80,80,0,0,0,6,6,600,600,0,0
648.331,40,32,8,11,21,3,5,80,80,80,80,80,80,0,0,0,6,6,600,600,0,0
649.331,40,32,8,11,21,3,5,80,80,80,80,80,80,0,0,0,6,6,600,600,0,0
650.331,40,32,8,11,21,3,5,80,80,80,80,80,80,0,0,0,6,6,600,600,0,0
651.331,40,32,8,11,21,3,5,80,80,80,80,80,80,0,0,0,6,6,600,600,0,0
652.331,40,32,8,11,21,3,5,80,80,80,80,80,80,0,0,0,6,6,600,600,0,0
653.331,40,32,8,11,21,3,5,80,80,80,80,80,80,0,0,0,6,6,600,600,0,0
654.331,40,32,8,11,21,3,5,80,80,80,80,80,80,0,0,0,6,6,600,600,0,0
655.331,40,32,8,11,21,3,5,80,80,80,80,80,80,0,0,0,6,6,600,600,0,0
656.331,40,32,8,11,21,3,5,80,80,80,80,80,80,0,0,0,6,6,600,600,0,0
657.331,40,32,8,11,21,3,5,80,80,80,80,80,80,0,0,0,6,6,600,600,0,0
658.331,40,32,8,11,21,3,5,80,80,80,80,80,80,0,0,0,6,6,600,600,0,0
659.331,40,32,8,11,21,3,5,80,80,80,80,80,80,0,0,0,6,6,600,600,0,0
660.331,40,32,8,11,21,3,5,80,80,80,80,80,80,0,0,0,6,6,600,600,0,0
661.33,40,32,8,11,21,3,5,80,80,80,80,80,80,0,0,0,6,6,600,600,0,0
662.33,40,32,8,11,21,3,5,80,80,80,80,80,80,0,0,0,6,6,600,600,0,0
663.33,40,32,8,11,21,3,5,80,80,80,80,80,80,0,0,0,6,6,600,600,0,0
664.33,40,32,8,11,21,3,5,80,80,80,80,80,80,0,0,0,6,6,600,600,0,0
665.33,40,32,8,11,21,3,5,80,80,80,80,80,80,0,0,0,6,6,600,600,0,0
666.33,40,32,8,11,21,3,5,80,80,80,80,80,80,0,0,0,6,6,600,600,0,0
667.33,40,32,8,11,21,3,5,80,80,80,80,80,80,0,0,0,6,6,600,600,0,0
668.33,40,32,8,11,21,3,5,80,80,80,80,80,80,0,0,0,6,6,600,600,0,0
669.33,40,32,8,11,21,3,5,80,80,80,80,80,80,0,0,0,6,6,600,600,0,0
670.33,40,32,8,11,21,3,5,80,80,80,80,80,80,0,0,0,6,6,600,600,0,0
671.33,40,32,8,11,21,3,5,80,80,80,80,80,80,0,0,0,6,6,600,600,0,0
672.33,40,32,8,11,21,3,5,80,80,80,80,80,80,0,0,0,6,6,600,600,0,0
673.33,40,32,8,11,21,3,5,80,80,80,80,80,80,0,0,0,6,6,600,600,0,0
674.33,40,32,8,11,21,3,5,80,80,80,80,80,80,0,0,0,6,6,600,600,0,0
675.33,40,32,8,11,21,3,5,80,80,80,80,80,80,0,0,0,6,6,600,600,0,0
676.33,40,32,8,11,21,3,5,80,80,80,80,80,80,0,0,0,6,6,600,600,0,0
677.33,40,32,8,11,21,3,5,80,80,80,80,80,80,0,0,0,6,6,600,600,0,0
678.329,40,32,8,11,21,3,5,80,80,80,80,80,80,0,0,0,6,6,600,600,0,0
679.329,40,32,8,11,21,3,5,80,80,80,80,80,80,0,0,0,6,6,600,600,0,0
680.329,40,32,8,11,21,3,5,80,80,80,80,80,80,0,0,0,6,6,600,600,0,0
681.329,40,32,8,11,21,3,5,80,80,80,80,80,80,0,0,0,6,6,600,600,0,0
682.329,40,32,8,11,21,3,5,80,80,80,80,80,80,0,0,0,6,6,600,600,0,0
683.329,40,32,8,11,21,3,5,80,80,80,80,80,80,0,0,0,6,6,600,600,0,0
684.329,40,32,8,11,21,3,5,80,80,80,80,80,80,0,0,0,6,6,600,600,0,0
685.329,40,32,8,11,21,3,5,80,80,80,80,80,80,0,0,0,6,6,600,600,0,0
686.329,40,32,8,11,21,3,5,80,80,80,80,80,80,0,0,0,6,6,600,600,0,0
687.329,40,32,8,11,21,3,5,80,80,80,80,80,80,0,0,0,6,6,600,600,0,0
688.329,40,32,8,11,21,3,5,80,80,80,80,80,80,0,0,0,6,6,600,600,0,0
689.329,40,32,8,11,21,3,5,80,80,80,80,80,80,0,0,0,6,6,600,600,0,0
690.329,40,32,8,11,21,3,5,80,80,80,80,80,80,0,0,0,6,6,600,600,0,0
691.329,40,32,8,11,21,3,5,80,80,80,80,80,80,0,0,0,6,6,600,600,0,0
692.329,40,32,8,11,21,3,5,80,80,80,80,80,80,0,0,0,6,6,600,600,0,0
693.329,40,32,8,11,21,3,5,80,80,80,80,80,80,0,0,0,6,6,600,600,0,0
694.328,40,32,8,11,21,3,5,80,80,80,80,80,80,0,0,0,6,6,600,600,0,0
695.328,40,32,8,11,21,3,5,80,80,80,80,80,80,0,0,0,6,6,600,600,0,0
696.328,40,32,8,11,21,3,5,80,80,80,80,80,80,0,0,0,6,6,600,600,0,0
697.328,40,32,8,11,21,3,5,80,80,80,80,80,80,0,0,0,6,6,600,600,0,0
698.328,40,32,8,11,21,3,5,80,80,80,80,80,80,0,0,0,6,6,600,600,0,0
699.328,40,32,8,11,21,3,5,80,80,80,80,80,80,0,0,0,6,6,600,600,0,0
700.328,40,32,8,11,21,3,5,80,80,80,80,80,80,0,0,0,6,6,600,600,0,0
701.328,40,32,8,11,21,3,5,80,80,80,80,80,80,0,0,0,6,6,600,600,0,0
702.328,40,32,8,11,21,3,5,80,80,80,80,80,80,0,0,0,6,6,600,600,0,0
703.328,40,32,8,11,21,3,5,80,80,80,80,80,80,0,0,0,6,6,600,600,0,0
704.328,40,32,8,11,21,3,5,80,80,80,80,80,80,0,0,0,6,6,600,600,0,0
705.328,40,32,8,11,21,3,5,80,80,80,80,80,80,0,0,0,6,6,600,600,0,0
706.328,40,32,8,11,21,3,5,80,80,80,80,80,80,0,0,0,6,6,600,600,0,0
707.328,40,32,8,11,21,3,5,80,80,80,80,80,80,0,0,0,6,6,600,600,0,0
708.328,40,32,8,11,21,3,5,80,80,80,80,80,80,0,0,0,6,6,600,600,0,0
709.328,40,32,8,11,21,3,5,80,80,80,80,80,80,0,0,0,6,6,600,600,0,0
710.328,40,32,8,11,21,3,5,80,80,80,80,80,80,0,0,0,6,6,600,600,0,0
711.327,40,32,8,11,21,3,5,80,80,80,80,80,80,0,0,0,6,6,600,600,0,0
712.327,40,32,8,11,21,3,5,80,80,80,80,80,80,0,0,0,6,6,600,600,0,0
713.327,40,32,8,11,21,3,5,80,80,80,80,80,80,0,0,0,6,6,600,600,0,0
714.327,40,32,8,11,21,3,5,80,80,80,80,80,80,0,0,0,6,6,600,600,0,0
715.327,40,32,8,11,21,3,5,80,80,80,80,80,80,0,0,0,6,6,600,600,0,0
716.327,40,32,8,11,21,3,5,80,80,80,80,80,80,0,0,0,6,6,600,600,0,0
717.327,40,32,8,11,21,3,5,80,80,80,80,80,80,0,0,0,6,6,600,600,0,0
718.327,40,32,8,11,21,3,5,80,80,80,80,80,80,0,0,0,6,6,600,600,0,0
719.327,40,32,8,11,21,3,5,80,80,80,80,80,80,0,0,0,6,6,600,600,0,0
720.327,40,32,8,11,21,3,5,80,80,80,80,80,80,0,0,0,6,6,600,600,0,0
721.327,40,32,8,11,21,3,5,80,80,80,80,80,80,0,0,0,6,6,600,600,0,0
722.327,40,32,8,11,21,3,5,80,80,80,80,80,80,0,0,0,6,6,600,600,0,0
723.327,40,32,8,11,21,3,5,80,80,80,80,80,80,0,0,0,6,6,600,600,0,0
724.327,40,32,8,11,21,3,5,80,80,80,80,80,80,0,0,0,6,6,600,600,0,0
725.327,40,32,8,11,21,3,5,80,80,80,80,80,80,0,0,0,6,6,600,600,0,0
726.327,40,32,8,11,21,3,5,80,80,80,80,80,80,0,0,0,6,6,600,600,0,0
727.326,40,32,8,11,21,3,5,80,80,80,80,80,80,0,0,0,6,6,600,600,0,0
728.326,40,32,8,11,21,3,5,80,80,80,80,80,80,0,0,0,6,6,600,600,0,0
729.326,40,32,8,11,21,3,5,80,80,80,80,80,80,0,0,0,6,6,600,600,0,0
730.326,40,32,8,11,21,3,5,80,80,80,80,80,80,0,0,0,6,6,600,600,0,0
731.326,40,32,8,11,21,3,5,80,80,80,80,80,80,0,0,0,6,6,600,600,0,0
732.326,40,32,8,11,21,3,5,80,80,80,80,80,80,0,0,0,6,6,600,600,0,0
733.326,40,32,8,11,21,3,5,80,80,80,80,80,80,0,0,0,6,6,600,600,0,0
734.326,40,32,8,11,21,3,5,80,80,80,80,80,80,0,0,0,6,6,600,600,0,0
735.326,40,32,8,11,21,3,5,80,80,80,80,80,80,0,0,0,6,6,600,600,0,0
736.326,40,32,8,11,21,3,5,80,80,80,80,80,80,0,0,0,6,6,600,600,0,0
737.326,40,32,8,11,21,3,5,80,80,80,80,80,80,0,0,0,6,6,600,600,0,0
738.326,40,32,8,11,21,3,5,80,80,80,80,80,80,0,0,0,6,6,600,600,0,0
739.326,40,32,8,11,21,3,5,80,80,80,80,80,80,0,0,0,6,6,600,600,0,0
740.326,40,32,8,11,21,3,5,80,80,80,80,80,80,0,0,0,6,6,600,600,0,0
741.326,40,32,8,11,21,3,5,80,80,80,80,80,80,0,0,0,6,6,600,600,0,0
742.326,40,32,8,11,21,3,5,80,80,80,80,80,80,0,0,0,6,6,600,600,0,0
743.325,40,32,8,11,21,3,5,80,80,80,80,80,80,0,0,0,6,6,600,600,0,0
744.325,40,32,8,11,21,3,5,80,80,80,80,80,80,0,0,0,6,6,600,600,0,0
745.325,40,32,8,11,21,3,5,80,80,80,80,80,80,0,0,0,6,6,600,600,0,0
746.325,40,32,8,11,21,3,5,80,80,80,80,80,80,0,0,0,6,6,600,600,0,0
747.325,40,32,8,11,21,3,5,80,80,80,80,80,80,0,0,0,6,6,600,600,0,0
748.325,40,32,8,11,21,3,5,80,80,80,80,80,80,0,0,0,6,6,600,600,0,0
749.325,40,32,8,11,21,3,5,80,80,80,80,80,80,0,0,0,6,6,600,600,0,0
750.325,40,32,8,11,21,3,5,80,80,80,80,80,80,0,0,0,6,6,600,600,0,0
751.325,40,32,8,11,21,3,5,80,80,80,80,80,80,0,0,0,6,6,600,600,0,0
752.325,40,32,8,11,21,3,5,80,80,80,80,80,80,0,0,0,6,6,600,600,0,0
753.325,40,32,8,11,21,3,5,80,80,80,80,80,80,0,0,0,6,6,600,600,0,0
754.325,40,32,8,11,21,3,5,80,80,80,80,80,80,0,0,0,6,6,600,600,0,0
755.325,40,32,8,11,21,3,5,80,80,80,80,80,80,0,0,0,6,6,600,600,0,0
756.325,40,32,8,11,21,3,5,80,80,80,80,80,80,0,0,0,6,6,600,600,0,0
757.325,40,32,8,11,21,3,5,80,80,80,80,80,80,0,0,0,6,6,600,600,0,0
758.325,40,32,8,11,21,3,5,80,80,80,80,80,80,0,0,0,6,6,600,600,0,0
759.325,40,32,8,11,21,3,5,80,80,80,80,80,80,0,0,0,6,6,600,600,0,0
760.324,40,32,8,11,21,3,5,80,80,80,80,80,80,0,0,0,6,6,600,600,0,0
761.324,40,32,8,11,21,3,5,80,80,80,80,80,80,0,0,0,6,6,600,600,0,0
762.324,40,32,8,11,21,3,5,80,80,80,80,80,80,0,0,0,6,6,600,600,0,0
763.324,40,32,8,11,21,3,5,80,80,80,80,80,80,0,0,0,6,6,600,600,0,0
764.324,40,32,8,11,21,3,5,80,80,80,80,80,80,0,0,0,6,6,600,600,0,0
765.324,40,32,8,11,21,3,5,80,80,80,80,80,80,0,0,0,6,6,600,600,0,0
766.324,40,32,8,11,21,3,5,80,80,80,80,80,80,0,0,0,6,6,600,600,0,0
767.324,40,32,8,11,21,3,5,80,80,80,80,80,80,0,0,0,6,6,600,600,0,0
768.324,40,32,8,11,21,3,5,80,80,80,80,80,80,0,0,0,6,6,600,600,0,0
769.324,40,32,8,11,21,3,5,80,80,80,80,80,80,0,0,0,6,6,600,600,0,0
770.324,40,32,8,11,21,3,5,80,80,80,80,80,80,0,0,0,6,6,600,600,0,0
771.324,40,32,8,11,21,3,5,80,80,80,80,80,80,0,0,0,6,6,600,600,0,0
772.324,40,32,8,11,21,3,5,80,80,80,80,80,80,0,0,0,6,6,600,600,0,0
773.324,40,32,8,11,21,3,5,80,80,80,80,80,80,0,0,0,6,6,600,600,0,0
774.324,40,32,8,11,21,3,5,80,80,80,80,80,80,0,0,0,6,6,600,600,0,0
775.324,40,32,8,11,21,3,5,80,80,80,80,80,80,0,0,0,6,6,600,600,0,0
776.323,40,32,8,11,21,3,5,80,80,80,80,80,80,0,0,0,6,6,600,600,0,0
777.323,40,32,8,11,21,3,5,80,80,80,80,80,80,0,0,0,6,6,600,600,0,0
778.323,40,32,8,11,21,3,5,80,80,80,80,80,80,0,0,0,6,6,600,600,0,0
779.323,40,32,8,11,21,3,5,80,80,80,80,80,80,0,0,0,6,6,600,600,0,0
780.323,40,32,8,11,21,3,5,80,80,80,80,80,80,0,0,0,6,6,600,600,0,0
781.323,40,32,8,11,21,3,5,80,80,80,80,80,80,0,0,0,6,6,600,600,0,0
782.323,40,32,8,11,21,3,5,80,80,80,80,80,80,0,0,0,6,6,600,600,0,0
783.323,40,32,8,11,21,3,5,80,80,80,80,80,80,0,0,0,6,6,600,600,0,0
784.323,40,32,8,11,21,3,5,80,80,80,80,80,80,0,0,0,6,6,600,600,0,0
785.323,40,32,8,11,21,3,5,80,80,80,80,80,80,0,0,0,6,6,600,600,0,0
786.323,40,32,8,11,21,3,5,80,80,80,80,80,80,0,0,0,6,6,600,600,0,0
787.323,40,32,8,11,21,3,5,80,80,80,80,80,80,0,0,0,6,6,600,600,0,0
788.323,40,32,8,11,21,3,5,80,80,80,80,80,80,0,0,0,6,6,600,600,0,0
789.323,40,32,8,11,21,3,5,80,80,80,80,80,80,0,0,0,6,6,600,600,0,0
790.323,40,32,8,11,21,3,5,80,80,80,80,80,80,0,0,0,6,6,600,600,0,0
791.323,40,32,8,11,21,3,5,80,80,80,80,80,80,0,0,0,6,6,600,600,0,0
792.322,40,32,8,11,21,3,5,80,80,80,80,80,80,0,0,0,6,6,600,600,0,0
793.322,40,32,8,11,21,3,5,80,80,80,80,80,80,0,0,0,6,6,600,600,0,0
794.322,40,32,8,11,21,3,5,80,80,80,80,80,80,0,0,0,6,6,600,600,0,0
795.322,40,32,8,11,21,3,5,80,80,80,80,80,80,0,0,0,6,6,600,600,0,0
796.322,40,32,8,11,21,3,5,80,80,80,80,80,80,0,0,0,6,6,600,600,0,0
797.322,40,32,8,11,21,3,5,80,80,80,80,80,80,0,0,0,6,6,600,600,0,0
798.322,40,32,8,11,21,3,5,80,80,80,80,80,80,0,0,0,6,6,600,600,0,0
799.322,40,32,8,11,21,3,5,80,80,80,80,80,80,0,0,0,6,6,600,600,0,0
800.322,40,32,8,11,21,3,5,80,80,80,80,80,80,0,0,0,6,6,600,600,0,0
801.322,40,32,8,11,21,3,5,80,80,80,80,80,80,0,0,0,6,6,600,600,0,0
802.322,40,32,8,11,21,3,5,80,80,80,80,80,80,0,0,0,6,6,600,600,0,0
803.322,40,32,8,11,21,3,5,80,80,80,80,80,80,0,0,0,6,6,600,600,0,0
804.322,40,32,8,11,21,3,5,80,80,80,80,80,80,0,0,0,6,6,600,600,0,0
805.322,40,32,8,11,21,3,5,80,80,80,80,80,80,0,0,0,6,6,600,600,0,0
806.322,40,32,8,11,21,3,5,80,80,80,80,80,80,0,0,0,6,6,600,600,0,0
807.322,40,32,8,11,21,3,5,80,80,80,80,80,80,0,0,0,6,6,600,600,0,0
808.322,40,32,8,11,21,3,5,80,80,80,80,80,80,0,0,0,6,6,600,600,0,0
809.321,40,32,8,11,21,3,5,80,80,80,80,80,80,0,0,0,6,6,600,600,0,0
810.321,40,32,8,11,21,3,5,80,80,80,80,80,80,0,0,0,6,6,600,600,0,0
811.321,40,32,8,11,21,3,5,80,80,80,80,80,80,0,0,0,6,6,600,600,0,0
812.321,40,32,8,11,21,3,5,80,80,80,80,80,80,0,0,0,6,6,600,600,0,0
813.321,40,32,8,11,21,3,5,80,80,80,80,80,80,0,0,0,6,6,600,600,0,0
814.321,40,32,8,11,21,3,5,80,80,80,80,80,80,0,0,0,6,6,600,600,0,0
815.321,40,32,8,11,21,3,5,80,80,80,80,80,80,0,0,0,6,6,600,600,0,0
816.321,40,32,8,11,21,3,5,80,80,80,80,80,80,0,0,0,6,6,600,600,0,0
817.321,40,32,8,11,21,3,5,80,80,80,80,80,80,0,0,0,6,6,600,600,0,0
818.321,40,32,8,11,21,3,5,80,80,80,80,80,80,0,0,0,6,6,600,600,0,0
819.321,40,32,8,11,21,3,5,80,80,80,80,80,80,0,0,0,6,6,600,600,0,0
820.321,40,32,8,11,21,3,5,80,80,80,80,80,80,0,0,0,6,6,600,600,0,0
821.321,40,32,8,11,21,3,5,80,80,80,80,80,80,0,0,0,6,6,600,600,0,0
822.321,40,32,8,11,21,3,5,80,80,80,80,80,80,0,0,0,6,6,600,600,0,0
823.321,40,32,8,11,21,3,5,80,80,80,80,80,80,0,0,0,6,6,600,600,0,0
824.321,40,32,8,11,21,3,5,80,80,80,80,80,80,0,0,0,6,6,600,600,0,0
825.32,40,32,8,11,21,3,5,80,80,80,80,80,80,0,0,0,6,6,600,600,0,0
826.32,40,32,8,11,21,3,5,80,80,80,80,80,80,0,0,0,6,6,600,600,0,0
827.32,40,32,8,11,21,3,5,80,80,80,80,80,80,0,0,0,6,6,600,600,0,0
828.32,40,32,8,11,21,3,5,80,80,80,80,80,80,0,0,0,6,6,600,600,0,0
829.32,40,32,8,11,21,3,5,80,80,80,80,80,80,0,0,0,6,6,600,600,0,0
830.32,40,32,8,11,21,3,5,80,80,80,80,80,80,0,0,0,6,6,600,600,0,0
831.32,40,32,8,11,21,3,5,80,80,80,80,80,80,0,0,0,6,6,600,600,0,0
832.32,40,32,8,11,21,3,5,80,80,80,80,80,80,0,0,0,6,6,600,600,0,0
833.32,40,32,8,11,21,3,5,80,80,80,80,80,80,0,0,0,6,6,600,600,0,0
834.32,40,32,8,11,21,3,5,80,80,80,80,80,80,0,0,0,6,6,600,600,0,0
835.32,40,32,8,11,21,3,5,80,80,80,80,80,80,0,0,0,6,6,600,600,0,0
836.32,40,32,8,11,21,3,5,80,80,80,80,80,80,0,0,0,6,6,600,600,0,0
837.32,40,32,8,11,21,3,5,80,80,80,80,80,80,0,0,0,6,6,600,600,0,0
838.32,40,32,8,11,21,3,5,80,80,80,80,80,80,0,0,0,6,6,600,600,0,0
839.32,40,32,8,11,21,3,5,80,80,80,80,80,80,0,0,0,6,6,600,600,0,0
840.32,40,32,8,11,21,3,5,80,80,80,80,80,80,0,0,0,6,6,600,600,0,0
841.32,40,32,8,11,21,3,5,80,80,80,80,80,80,0,0,0,6,6,600,600,0,0
842.319,40,32,8,11,21,3,5,80,80,80,80,80,80,0,0,0,6,6,600,600,0,0
843.319,40,32,8,11,21,3,5,80,80,80,80,80,80,0,0,0,6,6,600,600,0,0
844.319,40,32,8,11,21,3,5,80,80,80,80,80,80,0,0,0,6,6,600,600,0,0
845.319,40,32,8,11,21,3,5,80,80,80,80,80,80,0,0,0,6,6,600,600,0,0
846.319,40,32,8,11,21,3,5,80,80,80,80,80,80,0,0,0,6,6,600,600,0,0
847.319,40,32,8,11,21,3,5,80,80,80,80,80,80,0,0,0,6,6,600,600,0,0
848.319,40,32,8,11,21,3,5,80,80,80,80,80,80,0,0,0,6,6,600,600,0,0
849.319,40,32,8,11,21,3,5,80,80,80,80,80,80,0,0,0,6,6,600,600,0,0
850.319,40,32,8,11,21,3,5,80,80,80,80,80,80,0,0,0,6,6,600,600,0,0
851.319,40,32,8,11,21,3,5,80,80,80,80,80,80,0,0,0,6,6,600,600,0,0
852.319,40,32,8,11,21,3,5,80,80,80,80,80,80,0,0,0,6,6,600,600,0,0
853.319,40,32,8,11,21,3,5,80,80,80,80,80,80,0,0,0,6,6,600,600,0,0
854.319,40,32,8,11,21,3,5,80,80,80,80,80,80,0,0,0,6,6,600,600,0,0
855.319,40,32,8,11,21,3,5,80,80,80,80,80,80,0,0,0,6,6,600,600,0,0
856.319,40,32,8,11,21,3,5,80,80,80,80,80,80,0,0,0,6,6,600,600,0,0
857.319,40,32,8,11,21,3,5,80,80,80,80,80,80,0,0,0,6,6,600,600,0,0
858.318,40,32,8,11,21,3,5,80,80,80,80,80,80,0,0,0,6,6,600,600,0,0
859.318,40,32,8,11,21,3,5,80,80,80,80,80,80,0,0,0,6,6,600,600,0,0
860.318,40,32,8,11,21,3,5,80,80,80,80,80,80,0,0,0,6,6,600,600,0,0
861.318,40,32,8,11,21,3,5,80,80,80,80,80,80,0,0,0,6,6,600,600,0,0
862.318,40,32,8,11,21,3,5,80,80,80,80,80,80,0,0,0,6,6,600,600,0,0
863.318,40,32,8,11,21,3,5,80,80,80,80,80,80,0,0,0,6,6,600,600,0,0
864.318,40,32,8,11,21,3,5,80,80,80,80,80,80,0,0,0,6,6,600,600,0,0
865.318,40,32,8,11,21,3,5,80,80,80,80,80,80,0,0,0,6,6,600,600,0,0
866.318,40,32,8,11,21,3,5,80,80,80,80,80,80,0,0,0,6,6,600,600,0,0
867.318,40,32,8,11,21,3,5,80,80,80,80,80,80,0,0,0,6,6,600,600,0,0
868.318,40,32,8,11,21,3,5,80,80,80,80,80,80,0,0,0,6,6,600,600,0,0
869.318,40,32,8,11,21,3,5,80,80,80,80,80,80,0,0,0,6,6,600,600,0,0
870.318,40,32,8,11,21,3,5,80,80,80,80,80,80,0,0,0,6,6,600,600,0,0
871.318,40,32,8,11,21,3,5,80,80,80,80,80,80,0,0,0,6,6,600,600,0,0
872.318,40,32,8,11,21,3,5,80,80,80,80,80,80,0,0,0,6,6,600,600,0,0
873.318,40,32,8,11,21,3,5,80,80,80,80,80,80,0,0,0,6,6,600,600,0,0
874.317,40,32,8,11,21,3,5,80,80,80,80,80,80,0,0,0,6,6,600,600,0,0
875.317,40,32,8,11,21,3,5,80,80,80,80,80,80,0,0,0,6,6,600,600,0,0
876.317,40,32,8,11,21,3,5,80,80,80,80,80,80,0,0,0,6,6,600,600,0,0
877.317,40,32,8,11,21,3,5,80,80,80,80,80,80,0,0,0,6,6,600,600,0,0
878.317,40,32,8,11,21,3,5,80,80,80,80,80,80,0,0,0,6,6,600,600,0,0
879.317,40,32,8,11,21,3,5,80,80,80,80,80,80,0,0,0,6,6,600,600,0,0
880.317,40,32,8,11,21,3,5,80,80,80,80,80,80,0,0,0,6,6,600,600,0,0
881.317,40,32,8,11,21,3,5,80,80,80,80,80,80,0,0,0,6,6,600,600,0,0
882.317,40,32,8,11,21,3,5,80,80,80,80,80,80,0,0,0,6,6,600,600,0,0
883.317,40,32,8,11,21,3,5,80,80,80,80,80,80,0,0,0,6,6,600,600,0,0
884.317,40,32,8,11,21,3,5,80,80,80,80,80,80,0,0,0,6,6,600,600,0,0
885.317,40,32,8,11,21,3,5,80,80,80,80,80,80,0,0,0,6,6,600,600,0,0
886.317,40,32,8,11,21,3,5,80,80,80,80,80,80,0,0,0,6,6,600,600,0,0
887.317,40,32,8,11,21,3,5,80,80,80,80,80,80,0,0,0,6,6,600,600,0,0
888.317,40,32,8,11,21,3,5,80,80,80,80,80,80,0,0,0,6,6,600,600,0,0
889.317,40,32,8,11,21,3,5,80,80,80,80,80,80,0,0,0,6,6,600,600,0,0
890.317,40,32,8,11,21,3,5,80,80,80,80,80,80,0,0,0,6,6,600,600,0,0
891.316,40,32,8,11,21,3,5,80,80,80,80,80,80,0,0,0,6,6,600,600,0,0
892.316,40,32,8,11,21,3,5,80,80,80,80,80,80,0,0,0,6,6,600,600,0,0
893.316,40,32,8,11,21,3,5,80,80,80,80,80,80,0,0,0,6,6,600,600,0,0
894.316,40,32,8,11,21,3,5,80,80,80,80,80,80,0,0,0,6,6,600,600,0,0
895.316,40,32,8,11,21,3,5,80,80,80,80,80,80,0,0,0,6,6,600,600,0,0
896.316,40,32,8,11,21,3,5,80,80,80,80,80,80,0,0,0,6,6,600,600,0,0
897.316,40,32,8,11,21,3,5,80,80,80,80,80,80,0,0,0,6,6,600,600,0,0
898.316,40,32,8,11,21,3,5,80,80,80,80,80,80,0,0,0,6,6,600,600,0,0
899.316,40,32,8,11,21,3,5,80,80,80,80,80,80,0,0,0,6,6,600,600,0,0
900.316,40,32,8,11,21,3,5,80,80,80,80,80,80,0,0,0,6,6,600,600,0,0
901.316,40,32,8,11,21,3,5,80,80,80,80,80,80,0,0,0,6,6,600,600,0,0
902.316,40,32,8,11,21,3,5,80,80,80,80,80,80,0,0,0,6,6,600,600,0,0
903.316,40,32,8,11,21,3,5,80,80,80,80,80,80,0,0,0,6,6,600,600,0,0
904.316,40,32,8,11,21,3,5,80,80,80,80,80,80,0,0,0,6,6,600,600,0,0
905.316,40,32,8,11,21,3,5,80,80,80,80,80,80,0,0,0,6,6,600,600,0,0
906.316,40,32,8,11,21,3,5,80,80,80,80,80,80,0,0,0,6,6,600,600,0,0
907.315,40,32,8,11,21,3,5,80,80,80,80,80,80,0,0,0,6,6,600,600,0,0
908.315,40,32,8,11,21,3,5,80,80,80,80,80,80,0,0,0,6,6,600,600,0,0
909.315,40,32,8,11,21,3,5,80,80,80,80,80,80,0,0,0,6,6,600,600,0,0
910.315,40,32,8,11,21,3,5,80,80,80,80,80,80,0,0,0,6,6,600,600,0,0
911.315,40,32,8,11,21,3,5,80,80,80,80,80,80,0,0,0,6,6,600,600,0,0
912.315,40,32,8,11,21,3,5,80,80,80,80,80,80,0,0,0,6,6,600,600,0,0
913.315,40,32,8,11,21,3,5,80,80,80,80,80,80,0,0,0,6,6,600,600,0,0
914.315,40,32,8,11,21,3,5,80,80,80,80,80,80,0,0,0,6,6,600,600,0,0
915.315,40,32,8,11,21,3,5,80,80,80,80,80,80,0,0,0,6,6,600,600,0,0
916.315,40,32,8,11,21,3,5,80,80,80,80,80,80,0,0,0,6,6,600,600,0,0
917.315,40,32,8,11,21,3,5,80,80,80,80,80,80,0,0,0,6,6,600,600,0,0
918.315,40,32,8,11,21,3,5,80,80,80,80,80,80,0,0,0,6,6,600,600,0,0
919.315,40,32,8,11,21,3,5,80,80,80,80,80,80,0,0,0,6,6,600,600,0,0
920.315,40,32,8,11,21,3,5,80,80,80,80,80,80,0,0,0,6,6,600,600,0,0
921.315,40,32,8,11,21,3,5,80,80,80,80,80,80,0,0,0,6,6,600,600,0,0
922.315,40,32,8,11,21,3,5,80,80,80,80,80,80,0,0,0,6,6,600,600,0,0
923.315,40,32,8,11,21,3,5,80,80,80,80,80,80,0,0,0,6,6,600,600,0,0
924.314,40,32,8,11,21,3,5,80,80,80,80,80,80,0,0,0,6,6,600,600,0,0
925.314,40,32,8,11,21,3,5,80,80,80,80,80,80,0,0,0,6,6,600,600,0,0
926.314,40,32,8,11,21,3,5,80,80,80,80,80,80,0,0,0,6,6,600,600,0,0
927.314,40,32,8,11,21,3,5,80,80,80,80,80,80,0,0,0,6,6,600,600,0,0
928.314,40,32,8,11,21,3,5,80,80,80,80,80,80,0,0,0,6,6,600,600,0,0
929.314,40,32,8,11,21,3,5,80,80,80,80,80,80,0,0,0,6,6,600,600,0,0
930.314,40,32,8,11,21,3,5,80,80,80,80,80,80,0,0,0,6,6,600,600,0,0
931.314,40,32,8,11,21,3,5,80,80,80,80,80,80,0,0,0,6,6,600,600,0,0
932.314,40,32,8,11,21,3,5,80,80,80,80,80,80,0,0,0,6,6,600,600,0,0
933.314,40,32,8,11,21,3,5,80,80,80,80,80,80,0,0,0,6,6,600,600,0,0
934.314,40,32,8,11,21,3,5,80,80,80,80,80,80,0,0,0,6,6,600,600,0,0
935.314,40,32,8,11,21,3,5,80,80,80,80,80,80,0,0,0,6,6,600,600,0,0
936.314,40,32,8,11,21,3,5,80,80,80,80,80,80,0,0,0,6,6,600,600,0,0
937.314,40,32,8,11,21,3,5,80,80,80,80,80,80,0,0,0,6,6,600,600,0,0
938.314,40,32,8,11,21,3,5,80,80,80,80,80,80,0,0,0,6,6,600,600,0,0
939.314,40,32,8,11,21,3,5,80,80,80,80,80,80,0,0,0,6,6,600,600,0,0
940.313,40,32,8,11,21,3,5,80,80,80,80,80,80,0,0,0,6,6,600,600,0,0
941.313,40,32,8,11,21,3,5,80,80,80,80,80,80,0,0,0,6,6,600,600,0,0
942.313,40,32,8,11,21,3,5,80,80,80,80,80,80,0,0,0,6,6,600,600,0,0
943.313,40,32,8,11,21,3,5,80,80,80,80,80,80,0,0,0,6,6,600,600,0,0
944.313,40,32,8,11,21,3,5,80,80,80,80,80,80,0,0,0,6,6,600,600,0,0
945.313,40,32,8,11,21,3,5,80,80,80,80,80,80,0,0,0,6,6,600,600,0,0
946.313,40,32,8,11,21,3,5,80,80,80,80,80,80,0,0,0,6,6,600,600,0,0
947.313,40,32,8,11,21,3,5,80,80,80,80,80,80,0,0,0,6,6,600,600,0,0
948.313,40,32,8,11,21,3,5,80,80,80,80,80,80,0,0,0,6,6,600,600,0,0
949.313,40,32,8,11,21,3,5,80,80,80,80,80,80,0,0,0,6,6,600,600,0,0
950.313,40,32,8,11,21,3,5,80,80,80,80,80,80,0,0,0,6,6,600,600,0,0
951.313,40,32,8,11,21,3,5,80,80,80,80,80,80,0,0,0,6,6,600,600,0,0
952.313,40,32,8,11,21,3,5,80,80,80,80,80,80,0,0,0,6,6,600,600,0,0
953.313,40,32,8,11,21,3,5,80,80,80,80,80,80,0,0,0,6,6,600,600,0,0
954.313,40,32,8,11,21,3,5,80,80,80,80,80,80,0,0,0,6,6,600,600,0,0
955.313,40,32,8,11,21,3,5,80,80,80,80,80,80,0,0,0,6,6,600,600,0,0
956.312,40,32,8,11,21,3,5,80,80,80,80,80,80,0,0,0,6,6,600,600,0,0
957.312,40,32,8,11,21,3,5,80,80,80,80,80,80,0,0,0,6,6,600,600,0,0
958.312,40,32,8,11,21,3,5,80,80,80,80,80,80,0,0,0,6,6,600,600,0,0
959.312,40,32,8,11,21,3,5,80,80,80,80,80,80,0,0,0,6,6,600,600,0,0
960.312,40,32,8,11,21,3,5,80,80,80,80,80,80,0,0,0,6,6,600,600,0,0
961.312,40,32,8,11,21,3,5,80,80,80,80,80,80,0,0,0,6,6,600,600,0,0
962.312,40,32,8,11,21,3,5,80,80,80,80,80,80,0,0,0,6,6,600,600,0,0
963.312,40,32,8,11,21,3,5,80,80,80,80,80,80,0,0,0,6,6,600,600,0,0
964.312,40,32,8,11,21,3,5,80,80,80,80,80,80,0,0,0,6,6,600,600,0,0
965.312,40,32,8,11,21,3,5,80,80,80,80,80,80,0,0,0,6,6,600,600,0,0
966.312,40,32,8,11,21,3,5,80,80,80,80,80,80,0,0,0,6,6,600,600,0,0
967.312,40,32,8,11,21,3,5,80,80,80,80,80,80,0,0,0,6,6,600,600,0,0
968.312,40,32,8,11,21,3,5,80,80,80,80,80,80,0,0,0,6,6,600,600,0,0
969.312,40,32,8,11,21,3,5,80,80,80,80,80,80,0,0,0,6,6,600,600,0,0
970.312,40,32,8,11,21,3,5,80,80,80,80,80,80,0,0,0,6,6,600,600,0,0
971.312,40,32,8,11,21,3,5,80,80,80,80,80,80,0,0,0,6,6,600,600,0,0
972.312,40,32,8,11,21,3,5,80,80,80,80,80,80,0,0,0,6,6,600,600,0,0
973.311,40,32,8,11,21,3,5,80,80,80,80,80,80,0,0,0,6,6,600,600,0,0
974.311,40,32,8,11,21,3,5,80,80,80,80,80,80,0,0,0,6,6,600,600,0,0
975.311,40,32,8,11,21,3,5,80,80,80,80,80,80,0,0,0,6,6,600,600,0,0
976.311,40,32,8,11,21,3,5,80,80,80,80,80,80,0,0,0,6,6,600,600,0,0
977.311,40,32,8,11,21,3,5,80,80,80,80,80,80,0,0,0,6,6,600,600,0,0
978.311,40,32,8,11,21,3,5,80,80,80,80,80,80,0,0,0,6,6,600,600,0,0
979.311,40,32,8,11,21,3,5,80,80,80,80,80,80,0,0,0,6,6,600,600,0,0
980.311,40,32,8,11,21,3,5,80,80,80,80,80,80,0,0,0,6,6,600,600,0,0
981.311,40,32,8,11,21,3,5,80,80,80,80,80,80,0,0,0,6,6,600,600,0,0
982.311,40,32,8,11,21,3,5,80,80,80,80,80,80,0,0,0,6,6,600,600,0,0
983.311,40,32,8,11,21,3,5,80,80,80,80,80,80,0,0,0,6,6,600,600,0,0
984.311,40,32,8,11,21,3,5,80,80,80,80,80,80,0,0,0,6,6,600,600,0,0
985.311,40,32,8,11,21,3,5,80,80,80,80,80,80,0,0,0,6,6,600,600,0,0
986.311,40,32,8,11,21,3,5,80,80,80,80,80,80,0,0,0,6,6,600,600,0,0
987.311,40,32,8,11,21,3,5,80,80,80,80,80,80,0,0,0,6,6,600,600,0,0
988.311,40,32,8,11,21,3,5,80,80,80,80,80,80,0,0,0,6,6,600,600,0,0
989.31,40,32,8,11,21,3,5,80,80,80,80,80,80,0,0,0,6,6,600,600,0,0
990.31,40,32,8,11,21,3,5,80,80,80,80,80,80,0,0,0,6,6,600,600,0,0
991.31,40,32,8,11,21,3,5,80,80,80,80,80,80,0,0,0,6,6,600,600,0,0
992.31,40,32,8,11,21,3,5,80,80,80,80,80,80,0,0,0,6,6,600,600,0,0
993.31,40,32,8,11,21,3,5,80,80,80,80,80,80,0,0,0,6,6,600,600,0,0
994.31,40,32,8,11,21,3,5,80,80,80,80,80,80,0,0,0,6,6,600,600,0,0
995.31,40,32,8,11,21,3,5,80,80,80,80,80,80,0,0,0,6,6,600,600,0,0
996.31,40,32,8,11,21,3,5,80,80,80,80,80,80,0,0,0,6,6,600,600,0,0
997.31,40,32,8,11,21,3,5,80,80,80,80,80,80,0,0,0,6,6,600,600,0,0
998.31,40,32,8,11,21,3,5,80,80,80,80,80,80,0,0,0,6,6,600,600,0,0
999.31,40,32,8,11,21,3,5,80,80,80,80,80,80,0,0,0,6,6,600,600,0,0
1000.31,40,32,8,11,21,3,5,80,80,80,80,80,80,0,0,0,6,6,600,600,0,0
1001.31,40,32,8,11,21,3,5,80,80,80,80,80,80,0,0,0,6,6,600,600,0,0
1002.31,40,32,8,11,21,3,5,80,80,80,80,80,80,0,0,0,6,6,600,600,0,0
1003.31,40,32,8,11,21,3,5,80,80,80,80,80,80,0,0,0,6,6,600,600,0,0
1004.31,40,32,8,11,21,3,5,80,80,80,80,80,80,0,0,0,6,6,600,600,0,0
1005.309,40,32,8,11,21,3,5,80,80,80,80,80,80,0,0,0,6,6,600,600,0,0
1006.309,40,32,8,11,21,3,5,80,80,80,80,80,80,0,0,0,6,6,600,600,0,0
1007.309,40,32,8,11,21,3,5,80,80,80,80,80,80,0,0,0,6,6,600,600,0,0
1008.309,40,32,8,11,21,3,5,80,80,80,80,80,80,0,0,0,6,6,600,600,0,0
1009.309,40,32,8,11,21,3,5,80,80,80,80,80,80,0,0,0,6,6,600,600,0,0
1010.309,40,32,8,11,21,3,5,80,80,80,80,80,80,0,0,0,6,6,600,600,0,0
1011.309,40,32,8,11,21,3,5,80,80,80,80,80,80,0,0,0,6,6,600,600,0,0
1012.309,40,32,8,11,21,3,5,80,80,80,80,80,80,0,0,0,6,6,600,600,0,0
1013.309,40,32,8,11,21,3,5,80,80,80,80,80,80,0,0,0,6,6,600,600,0,0
1014.309,40,32,8,11,21,3,5,80,80,80,80,80,80,0,0,0,6,6,600,600,0,0
1015.309,40,32,8,11,21,3,5,80,80,80,80,80,80,0,0,0,6,6,600,600,0,0
1016.309,40,32,8,11,21,3,5,80,80,80,80,80,80,0,0,0,6,6,600,600,0,0
1017.309,40,32,8,11,21,3,5,80,80,80,80,80,80,0,0,0,6,6,600,600,0,0
1018.309,40,32,8,11,21,3,5,80,80,80,80,80,80,0,0,0,6,6,600,600,0,0
1019.309,40,32,8,11,21,3,5,80,80,80,80,80,80,0,0,0,6,6,600,600,0,0
1020.309,40,32,8,11,21,3,5,80,80,80,80,80,80,0,0,0,6,6,600,600,0,0
1021.308,40,32,8,11,21,3,5,80,80,80,80,80,80,0,0,0,6,6,600,600,0,0
1022.308,40,32,8,11,21,3,5,80,80,80,80,80,80,0,0,0,6,6,600,600,0,0
1023.308,40,32,8,11,21,3,5,80,80,80,80,80,80,0,0,0,6,6,600,600,0,0
1024.308,40,32,8,11,21,3,5,80,80,80,80,80,80,0,0,0,6,6,600,600,0,0
1025.308,40,32,8,11,21,3,5,80,80,80,80,80,80,0,0,0,6,6,600,600,0,0
1026.309,40,32,8,11,21,3,5,80,80,80,80,80,80,0,0,0,6,6,600,600,0,0
1027.309,40,32,8,11,21,3,5,80,80,80,80,80,80,0,0,0,6,6,600,600,0,0
1028.309,40,32,8,11,21,3,5,80,80,80,80,80,80,0,0,0,6,6,600,600,0,0
1029.309,40,32,8,11,21,3,5,80,80,80,80,80,80,0,0,0,6,6,600,600,0,0
1030.309,40,32,8,11,21,3,5,80,80,80,80,80,80,0,0,0,6,6,600,600,0,0
1031.309,40,32,8,11,21,3,5,80,80,80,80,80,80,0,0,0,6,6,600,600,0,0
1032.309,40,32,8,11,21,3,5,80,80,80,80,80,80,0,0,0,6,6,600,600,0,0
1033.309,40,32,8,11,21,3,5,80,80,80,80,80,80,0,0,0,6,6,600,600,0,0
1034.31,40,32,8,11,21,3,5,80,80,80,80,80,80,0,0,0,6,6,600,600,0,0
1035.31,40,32,8,11,21,3,5,80,80,80,80,80,80,0,0,0,6,6,600,600,0,0
1036.31,40,32,8,11,21,3,5,80,80,80,80,80,80,0,0,0,6,6,600,600,0,0
1037.31,40,32,8,11,21,3,5,80,80,80,80,80,80,0,0,0,6,6,600,600,0,0
1038.31,40,32,8,11,21,3,5,80,80,80,80,80,80,0,0,0,6,6,600,600,0,0
1039.31,40,32,8,11,21,3,5,80,80,80,80,80,80,0,0,0,6,6,600,600,0,0
1040.31,40,32,8,11,21,3,5,80,80,80,80,80,80,0,0,0,6,6,600,600,0,0
1041.31,40,32,8,11,21,3,5,80,80,80,80,80,80,0,0,0,6,6,600,600,0,0
1042.311,40,32,8,11,21,3,5,80,80,80,80,80,80,0,0,0,6,6,600,600,0,0
1043.311,40,32,8,11,21,3,5,80,80,80,80,80,80,0,0,0,6,6,600,600,0,0
1044.311,40,32,8,11,21,3,5,80,80,80,80,80,80,0,0,0,6,6,600,600,0,0
1045.311,40,32,8,11,21,3,5,80,80,80,80,80,80,0,0,0,6,6,600,600,0,0
1046.311,40,32,8,11,21,3,5,80,80,80,80,80,80,0,0,0,6,6,600,600,0,0
1047.311,40,32,8,11,21,3,5,80,80,80,80,80,80,0,0,0,6,6,600,600,0,0
1048.311,40,32,8,11,21,3,5,80,80,80,80,80,80,0,0,0,6,6,600,600,0,0
1049.311,40,32,8,11,21,3,5,80,80,80,80,80,80,0,0,0,6,6,600,600,0,0
1050.312,40,32,8,11,21,3,5,80,80,80,80,80,80,0,0,0,6,6,600,600,0,0
1051.312,40,32,8,11,21,3,5,80,80,80,80,80,80,0,0,0,6,6,600,600,0,0
1052.312,40,32,8,11,21,3,5,80,80,80,80,80,80,0,0,0,6,6,600,600,0,0
1053.312,40,32,8,11,21,3,5,80,80,80,80,80,80,0,0,0,6,6,600,600,0,0
1054.312,40,32,8,11,21,3,5,80,80,80,80,80,80,0,0,0,6,6,600,600,0,0
1055.312,40,32,8,11,21,3,5,80,80,80,80,80,80,0,0,0,6,6,600,600,0,0
1056.312,40,32,8,11,21,3,5,80,80,80,80,80,80,0,0,0,6,6,600,600,0,0
1057.312,40,32,8,11,21,3,5,80,80,80,80,80,80,0,0,0,6,6,600,600,0,0
1058.313,40,32,8,11,21,3,5,80,80,80,80,80,80,0,0,0,6,6,600,600,0,0
1059.313,40,32,8,11,21,3,5,80,80,80,80,80,80,0,0,0,6,6,600,600,0,0
1060.313,40,32,8,11,21,3,5,80,80,80,80,80,80,0,0,0,6,6,600,600,0,0
1061.313,40,32,8,11,21,3,5,80,80,80,80,80,80,0,0,0,6,6,600,600,0,0
1062.313,40,32,8,11,21,3,5,80,80,80,80,80,80,0,0,0,6,6,600,600,0,0
1063.313,40,32,8,11,21,3,5,80,80,80,80,80,80,0,0,0,6,6,600,600,0,0
1064.313,40,32,8,11,21,3,5,80,80,80,80,80,80,0,0,0,6,6,600,600,0,0
1065.313,40,32,8,11,21,3,5,80,80,80,80,80,80,0,0,0,6,6,600,600,0,0
1066.313,40,32,8,11,21,3,5,80,80,80,80,80,80,0,0,0,6,6,600,600,0,0
1067.314,40,32,8,11,21,3,5,80,80,80,80,80,80,0,0,0,6,6,600,600,0,0
1068.314,40,32,8,11,21,3,5,80,80,80,80,80,80,0,0,0,6,6,600,600,0,0
1069.314,40,32,8,11,21,3,5,80,80,80,80,80,80,0,0,0,6,6,600,600,0,0
1070.314,40,32,8,11,21,3,5,80,80,80,80,80,80,0,0,0,6,6,600,600,0,0
1071.314,40,32,8,11,21,3,5,80,80,80,80,80,80,0,0,0,6,6,600,600,0,0
1072.314,40,32,8,11,21,3,5,80,80,80,80,80,80,0,0,0,6,6,600,600,0,0
1073.314,40,32,8,11,21,3,5,80,80,80,80,80,80,0,0,0,6,6,600,600,0,0
1074.314,40,32,8,11,21,3,5,80,80,80,80,80,80,0,0,0,6,6,600,600,0,0
1075.315,40,32,8,11,21,3,5,80,80,80,80,80,80,0,0,0,6,6,600,600,0,0
1076.315,40,32,8,11,21,3,5,80,80,80,80,80,80,0,0,0,6,6,600,600,0,0
1077.315,40,32,8,11,21,3,5,80,80,80,80,80,80,0,0,0,6,6,600,600,0,0
1078.315,40,32,8,11,21,3,5,80,80,80,80,80,80,0,0,0,6,6,600,600,0,0
1079.315,40,32,8,11,21,3,5,80,80,80,80,80,80,0,0,0,6,6,600,600,0,0
1080.315,40,32,8,11,21,3,5,80,80,80,80,80,80,0,0,0,6,6,600,600,0,0
1081.315,40,32,8,11,21,3,5,80,80,80,80,80,80,0,0,0,6,6,600,600,0,0
1082.315,40,32,8,11,21,3,5,80,80,80,80,80,80,0,0,0,6,6,600,600,0,0
1083.316,40,32,8,11,21,3,5,80,80,80,80,80,80,0,0,0,6,6,600,600,0,0
1084.316,40,32,8,11,21,3,5,80,80,80,80,80,80,0,0,0,6,6,600,600,0,0
1085.316,40,32,8,11,21,3,5,80,80,80,80,80,80,0,0,0,6,6,600,600,0,0
1086.316,40,32,8,11,21,3,5,80,80,80,80,80,80,0,0,0,6,6,600,600,0,0
1087.316,40,32,8,11,21,3,5,80,80,80,80,80,80,0,0,0,6,6,600,600,0,0
1088.316,40,32,8,11,21,3,5,80,80,80,80,80,80,0,0,0,6,6,600,600,0,0
1089.316,40,32,8,11,21,3,5,80,80,80,80,80,80,0,0,0,6,6,600,600,0,0
1090.316,40,32,8,11,21,3,5,80,80,80,80,80,80,0,0,0,6,6,600,600,0,0
1091.317,40,32,8,11,21,3,5,80,80,80,80,80,80,0,0,0,6,6,600,600,0,0
1092.317,40,32,8,11,21,3,5,80,80,80,80,80,80,0,0,0,6,6,600,600,0,0
1093.317,40,32,8,11,21,3,5,80,80,80,80,80,80,0,0,0,6,6,600,600,0,0
1094.317,40,32,8,11,21,3,5,80,80,80,80,80,80,0,0,0,6,6,600,600,0,0
1095.317,40,32,8,11,21,3,5,80,80,80,80,80,80,0,0,0,6,6,600,600,0,0
1096.317,40,32,8,11,21,3,5,80,80,80,80,80,80,0,0,0,6,6,600,600,0,0
1097.317,40,32,8,11,21,3,5,80,80,80,80,80,80,0,0,0,6,6,600,600,0,0
1098.317,40,32,8,11,21,3,5,80,80,80,80,80,80,0,0,0,6,6,600,600,0,0
1099.318,40,32,8,11,21,3,5,80,80,80,80,80,80,0,0,0,6,6,600,600,0,0
1100.318,40,32,8,11,21,3,5,80,80,80,80,80,80,0,0,0,6,6,600,600,0,0
1101.318,40,32,8,11,21,3,5,80,80,80,80,80,80,0,0,0,6,6,600,600,0,0
1102.318,40,32,8,11,21,3,5,80,80,80,80,80,80,0,0,0,6,6,600,600,0,0
1103.318,40,32,8,11,21,3,5,80,80,80,80,80,80,0,0,0,6,6,600,600,0,0
1104.318,40,32,8,11,21,3,5,80,80,80,80,80,80,0,0,0,6,6,600,600,0,0
1105.318,40,32,8,11,21,3,5,80,80,80,80,80,80,0,0,0,6,6,600,600,0,0
1106.318,40,32,8,11,21,3,5,80,80,80,80,80,80,0,0,0,6,6,600,600,0,0
1107.318,40,32,8,11,21,3,5,80,80,80,80,80,80,0,0,0,6,6,600,600,0,0
1108.319,40,32,8,11,21,3,5,80,80,80,80,80,80,0,0,0,6,6,600,600,0,0
1109.319,40,32,8,11,21,3,5,80,80,80,80,80,80,0,0,0,6,6,600,600,0,0
1110.319,40,32,8,11,21,3,5,80,80,80,80,80,80,0,0,0,6,6,600,600,0,0
1111.319,40,32,8,11,21,3,5,80,80,80,80,80,80,0,0,0,6,6,600,600,0,0
1112.319,40,32,8,11,21,3,5,80,80,80,80,80,80,0,0,0,6,6,600,600,0,0
1113.319,40,32,8,11,21,3,5,80,80,80,80,80,80,0,0,0,6,6,600,600,0,0
1114.319,40,32,8,11,21,3,5,80,80,80,80,80,80,0,0,0,6,6,600,600,0,0
1115.319,40,32,8,11,21,3,5,80,80,80,80,80,80,0,0,0,6,6,600,600,0,0
1116.32,40,32,8,11,21,3,5,80,80,80,80,80,80,0,0,0,6,6,600,600,0,0
1117.32,40,32,8,11,21,3,5,80,80,80,80,80,80,0,0,0,6,6,600,600,0,0
1118.32,40,32,8,11,21,3,5,80,80,80,80,80,80,0,0,0,6,6,600,600,0,0
1119.32,40,32,8,11,21,3,5,80,80,80,80,80,80,0,0,0,6,6,600,600,0,0
1120.32,40,32,8,11,21,3,5,80,80,80,80,80,80,0,0,0,6,6,600,600,0,0
1121.32,40,32,8,11,21,3,5,80,80,80,80,80,80,0,0,0,6,6,600,600,0,0
1122.32,40,32,8,11,21,3,5,80,80,80,80,80,80,0,0,0,6,6,600,600,0,0
1123.32,40,32,8,11,21,3,5,80,80,80,80,80,80,0,0,0,6,6,600,600,0,0
1124.321,40,32,8,11,21,3,5,80,80,80,80,80,80,0,0,0,6,6,600,600,0,0
1125.321,40,32,8,11,21,3,5,80,80,80,80,80,80,0,0,0,6,6,600,600,0,0
1126.321,40,32,8,11,21,3,5,80,80,80,80,80,80,0,0,0,6,6,600,600,0,0
1127.321,40,32,8,11,21,3,5,80,80,80,80,80,80,0,0,0,6,6,600,600,0,0
1128.321,40,32,8,11,21,3,5,80,80,80,80,80,80,0,0,0,6,6,600,600,0,0
1129.321,40,32,8,11,21,3,5,80,80,80,80,80,80,0,0,0,6,6,600,600,0,0
1130.321,40,32,8,11,21,3,5,80,80,80,80,80,80,0,0,0,6,6,600,600,0,0
1131.321,40,32,8,11,21,3,5,80,80,80,80,80,80,0,0,0,6,6,600,600,0,0
1132.322,40,32,8,11,21,3,5,80,80,80,80,80,80,0,0,0,6,6,600,600,0,0
1133.322,40,32,8,11,21,3,5,80,80,80,80,80,80,0,0,0,6,6,600,600,0,0
1134.322,40,32,8,11,21,3,5,80,80,80,80,80,80,0,0,0,6,6,600,600,0,0
1135.322,40,32,8,11,21,3,5,80,80,80,80,80,80,0,0,0,6,6,600,600,0,0
1136.322,40,32,8,11,21,3,5,80,80,80,80,80,80,0,0,0,6,6,600,600,0,0
1137.322,40,32,8,11,21,3,5,80,80,80,80,80,80,0,0,0,6,6,600,600,0,0
1138.322,40,32,8,11,21,3,5,80,80,80,80,80,80,0,0,0,6,6,600,600,0,0
1139.322,40,32,8,11,21,3,5,80,80,80,80,80,80,0,0,0,6,6,600,600,0,0
1140.323,40,32,8,11,21,3,5,80,80,80,80,80,80,0,0,0,6,6,600,600,0,0
1141.323,40,32,8,11,21,3,5,80,80,80,80,80,80,0,0,0,6,6,600,600,0,0
1142.323,40,32,8,11,21,3,5,80,80,80,80,80,80,0,0,0,6,6,600,600,0,0
1143.323,40,32,8,11,21,3,5,80,80,80,80,80,80,0,0,0,6,6,600,600,0,0
1144.323,40,32,8,11,21,3,5,80,80,80,80,80,80,0,0,0,6,6,600,600,0,0
1145.323,40,32,8,11,21,3,5,80,80,80,80,80,80,0,0,0,6,6,600,600,0,0
1146.323,40,32,8,11,21,3,5,80,80,80,80,80,80,0,0,0,6,6,600,600,0,0
1147.323,40,32,8,11,21,3,5,80,80,80,80,80,80,0,0,0,6,6,600,600,0,0
1148.323,40,32,8,11,21,3,5,80,80,80,80,80,80,0,0,0,6,6,600,600,0,0
1149.324,40,32,8,11,21,3,5,80,80,80,80,80,80,0,0,0,6,6,600,600,0,0
1150.324,40,32,8,11,21,3,5,80,80,80,80,80,80,0,0,0,6,6,600,600,0,0
1151.324,40,32,8,11,21,3,5,80,80,80,80,80,80,0,0,0,6,6,600,600,0,0
1152.324,40,32,8,11,21,3,5,80,80,80,80,80,80,0,0,0,6,6,600,600,0,0
1153.324,40,32,8,11,21,3,5,80,80,80,80,80,80,0,0,0,6,6,600,600,0,0
1154.324,40,32,8,11,21,3,5,80,80,80,80,80,80,0,0,0,6,6,600,600,0,0
1155.324,40,32,8,11,21,3,5,80,80,80,80,80,80,0,0,0,6,6,600,600,0,0
1156.324,40,32,8,11,21,3,5,80,80,80,80,80,80,0,0,0,6,6,600,600,0,0
1157.325,40,32,8,11,21,3,5,80,80,80,80,80,80,0,0,0,6,6,600,600,0,0
1158.325,40,32,8,11,21,3,5,80,80,80,80,80,80,0,0,0,6,6,600,600,0,0
1159.325,40,32,8,11,21,3,5,80,80,80,80,80,80,0,0,0,6,6,600,600,0,0
1160.325,40,32,8,11,21,3,5,80,80,80,80,80,80,0,0,0,6,6,600,600,0,0
1161.325,40,32,8,11,21,3,5,80,80,80,80,80,80,0,0,0,6,6,600,600,0,0
1162.325,40,32,8,11,21,3,5,80,80,80,80,80,80,0,0,0,6,6,600,600,0,0
1163.325,40,32,8,11,21,3,5,80,80,80,80,80,80,0,0,0,6,6,600,600,0,0
1164.325,40,32,8,11,21,3,5,80,80,80,80,80,80,0,0,0,6,6,600,600,0,0
1165.326,40,32,8,11,21,3,5,80,80,80,80,80,80,0,0,0,6,6,600,600,0,0
1166.326,40,32,8,11,21,3,5,80,80,80,80,80,80,0,0,0,6,6,600,600,0,0
1167.326,40,32,8,11,21,3,5,80,80,80,80,80,80,0,0,0,6,6,600,600,0,0
1168.326,40,32,8,11,21,3,5,80,80,80,80,80,80,0,0,0,6,6,600,600,0,0
1169.326,40,32,8,11,21,3,5,80,80,80,80,80,80,0,0,0,6,6,600,600,0,0
1170.326,40,32,8,11,21,3,5,80,80,80,80,80,80,0,0,0,6,6,600,600,0,0
1171.326,40,32,8,11,21,3,5,80,80,80,80,80,80,0,0,0,6,6,600,600,0,0
1172.326,40,32,8,11,21,3,5,80,80,80,80,80,80,0,0,0,6,6,600,600,0,0
1173.327,40,32,8,11,21,3,5,80,80,80,80,80,80,0,0,0,6,6,600,600,0,0
1174.327,40,32,8,11,21,3,5,80,80,80,80,80,80,0,0,0,6,6,600,600,0,0
1175.327,40,32,8,11,21,3,5,80,80,80,80,80,80,0,0,0,6,6,600,600,0,0
1176.327,40,32,8,11,21,3,5,80,80,80,80,80,80,0,0,0,6,6,600,600,0,0
1177.327,40,32,8,11,21,3,5,80,80,80,80,80,80,0,0,0,6,6,600,600,0,0
1178.327,40,32,8,11,21,3,5,80,80,80,80,80,80,0,0,0,6,6,600,600,0,0
1179.327,40,32,8,11,21,3,5,80,80,80,80,80,80,0,0,0,6,6,600,600,0,0
1180.327,40,32,8,11,21,3,5,80,80,80,80,80,80,0,0,0,6,6,600,600,0,0
1181.328,40,32,8,11,21,3,5,80,80,80,80,80,80,0,0,0,6,6,600,600,0,0
1182.328,40,32,8,11,21,3,5,80,80,80,80,80,80,0,0,0,6,6,600,600,0,0
1183.328,40,32,8,11,21,3,5,80,80,80,80,80,80,0,0,0,6,6,600,600,0,0
1184.328,40,32,8,11,21,3,5,80,80,80,80,80,80,0,0,0,6,6,600,600,0,0
1185.328,40,32,8,11,21,3,5,80,80,80,80,80,80,0,0,0,6,6,600,600,0,0
1186.328,40,32,8,11,21,3,5,80,80,80,80,80,80,0,0,0,6,6,600,600,0,0
1187.328,40,32,8,11,21,3,5,80,80,80,80,80,80,0,0,0,6,6,600,600,0,0
1188.328,40,32,8,11,21,3,5,80,80,80,80,80,80,0,0,0,6,6,600,600,0,0
1189.328,40,32,8,11,21,3,5,80,80,80,80,80,80,0,0,0,6,6,600,600,0,0
1190.329,40,32,8,11,21,3,5,80,80,80,80,80,80,0,0,0,6,6,600,600,0,0
1191.329,40,32,8,11,21,3,5,80,80,80,80,80,80,0,0,0,6,6,600,600,0,0
1192.329,40,32,8,11,21,3,5,80,80,80,80,80,80,0,0,0,6,6,600,600,0,0
1193.329,40,32,8,11,21,3,5,80,80,80,80,80,80,0,0,0,6,6,600,600,0,0
1194.329,40,32,8,11,21,3,5,80,80,80,80,80,80,0,0,0,6,6,600,600,0,0
1195.329,40,32,8,11,21,3,5,80,80,80,80,80,80,0,0,0,6,6,600,600,0,0
1196.329,40,32,8,11,21,3,5,80,80,80,80,80,80,0,0,0,6,6,600,600,0,0
1197.329,40,32,8,11,21,3,5,80,80,80,80,80,80,0,0,0,6,6,600,600,0,0
1198.33,40,32,8,11,21,3,5,80,80,80,80,80,80,0,0,0,6,6,600,600,0,0
1199.33,40,32,8,11,21,3,5,80,80,80,80,80,80,0,0,0,6,6,600,600,0,0
1200.33,40,32,8,11,21,3,5,80,80,80,80,80,80,0,0,0,6,6,600,600,0,0
1201.33,40,32,8,11,21,3,5,80,80,80,80,80,80,0,0,0,6,6,600,600,0,0
1202.33,40,32,8,11,21,3,5,80,80,80,80,80,80,0,0,0,6,6,600,600,0,0
1203.33,40,32,8,11,21,3,5,80,80,80,80,80,80,0,0,0,6,6,600,600,0,0
1204.33,40,32,8,11,21,3,5,80,80,80,80,80,80,0,0,0,6,6,600,600,0,0
1205.33,40,32,8,11,21,3,5,80,80,80,80,80,80,0,0,0,6,6,600,600,0,0
1206.331,40,32,8,11,21,3,5,80,80,80,80,80,80,0,0,0,6,6,600,600,0,0
1207.331,40,32,8,11,21,3,5,80,80,80,80,80,80,0,0,0,6,6,600,600,0,0
1208.331,40,32,8,11,21,3,5,80,80,80,80,80,80,0,0,0,6,6,600,600,0,0
1209.331,40,32,8,11,21,3,5,80,80,80,80,80,80,0,0,0,6,6,600,600,0,0
1210.331,40,32,8,11,21,3,5,80,80,80,80,80,80,0,0,0,6,6,600,600,0,0
1211.331,40,32,8,11,21,3,5,80,80,80,80,80,80,0,0,0,6,6,600,600,0,0
1212.331,40,32,8,11,21,3,5,80,80,80,80,80,80,0,0,0,6,6,600,600,0,0
1213.331,40,32,8,11,21,3,5,80,80,80,80,80,80,0,0,0,6,6,600,600,0,0
1214.332,40,32,8,11,21,3,5,80,80,80,80,80,80,0,0,0,6,6,600,600,0,0
1215.332,40,32,8,11,21,3,5,80,80,80,80,80,80,0,0,0,6,6,600,600,0,0
1216.332,40,32,8,11,21,3,5,80,80,80,80,80,80,0,0,0,6,6,600,600,0,0
1217.332,40,32,8,11,21,3,5,80,80,80,80,80,80,0,0,0,6,6,600,600,0,0
1218.332,40,32,8,11,21,3,5,80,80,80,80,80,80,0,0,0,6,6,600,600,0,0
1219.332,40,32,8,11,21,3,5,80,80,80,80,80,80,0,0,0,6,6,600,600,0,0
1220.332,40,32,8,11,21,3,5,80,80,80,80,80,80,0,0,0,6,6,600,600,0,0
1221.332,40,32,8,11,21,3,5,80,80,80,80,80,80,0,0,0,6,6,600,600,0,0
1222.333,40,32,8,11,21,3,5,80,80,80,80,80,80,0,0,0,6,6,600,600,0,0
1223.333,40,32,8,11,21,3,5,80,80,80,80,80,80,0,0,0,6,6,600,600,0,0
1224.333,40,32,8,11,21,3,5,80,80,80,80,80,80,0,0,0,6,6,600,600,0,0
1225.333,40,32,8,11,21,3,5,80,80,80,80,80,80,0,0,0,6,6,600,600,0,0
1226.333,40,32,8,11,21,3,5,80,80,80,80,80,80,0,0,0,6,6,600,600,0,0
1227.333,40,32,8,11,21,3,5,80,80,80,80,80,80,0,0,0,6,6,600,600,0,0
1228.333,40,32,8,11,21,3,5,80,80,80,80,80,80,0,0,0,6,6,600,600,0,0
1229.333,40,32,8,11,21,3,5,80,80,80,80,80,80,0,0,0,6,6,600,600,0,0
1230.333,40,32,8,11,21,3,5,80,80,80,80,80,80,0,0,0,6,6,600,600,0,0
1231.334,40,32,8,11,21,3,5,80,80,80,80,80,80,0,0,0,6,6,600,600,0,0
1232.334,40,32,8,11,21,3,5,80,80,80,80,80,80,0,0,0,6,6,600,600,0,0
1233.334,40,32,8,11,21,3,5,80,80,80,80,80,80,0,0,0,6,6,600,600,0,0
1234.334,40,32,8,11,21,3,5,80,80,80,80,80,80,0,0,0,6,6,600,600,0,0
1235.334,40,32,8,11,21,3,5,80,80,80,80,80,80,0,0,0,6,6,600,600,0,0
1236.334,40,32,8,11,21,3,5,80,80,80,80,80,80,0,0,0,6,6,600,600,0,0
1237.334,40,32,8,11,21,3,5,80,80,80,80,80,80,0,0,0,6,6,600,600,0,0
1238.334,40,32,8,11,21,3,5,80,80,80,80,80,80,0,0,0,6,6,600,600,0,0
1239.335,40,32,8,11,21,3,5,80,80,80,80,80,80,0,0,0,6,6,600,600,0,0
1240.335,40,32,8,11,21,3,5,80,80,80,80,80,80,0,0,0,6,6,600,600,0,0
1241.335,40,32,8,11,21,3,5,80,80,80,80,80,80,0,0,0,6,6,600,600,0,0
1242.335,40,32,8,11,21,3,5,80,80,80,80,80,80,0,0,0,6,6,600,600,0,0
1243.335,40,32,8,11,21,3,5,80,80,80,80,80,80,0,0,0,6,6,600,600,0,0
1244.335,40,32,8,11,21,3,5,80,80,80,80,80,80,0,0,0,6,6,600,600,0,0
1245.335,40,32,8,11,21,3,5,80,80,80,80,80,80,0,0,0,6,6,600,600,0,0
1246.335,40,32,8,11,21,3,5,80,80,80,80,80,80,0,0,0,6,6,600,600,0,0
1247.336,40,32,8,11,21,3,5,80,80,80,80,80,80,0,0,0,6,6,600,600,0,0
1248.336,40,32,8,11,21,3,5,80,80,80,80,80,80,0,0,0,6,6,600,600,0,0
1249.336,40,32,8,11,21,3,5,80,80,80,80,80,80,0,0,0,6,6,600,600,0,0
1250.336,40,32,8,11,21,3,5,80,80,80,80,80,80,0,0,0,6,6,600,600,0,0
1251.336,40,32,8,11,21,3,5,80,80,80,80,80,80,0,0,0,6,6,600,600,0,0
1252.336,40,32,8,11,21,3,5,80,80,80,80,80,80,0,0,0,6,6,600,600,0,0
1253.336,40,32,8,11,21,3,5,80,80,80,80,80,80,0,0,0,6,6,600,600,0,0
1254.336,40,32,8,11,21,3,5,80,80,80,80,80,80,0,0,0,6,6,600,600,0,0
1255.337,40,32,8,11,21,3,5,80,80,80,80,80,80,0,0,0,6,6,600,600,0,0
1256.337,40,32,8,11,21,3,5,80,80,80,80,80,80,0,0,0,6,6,600,600,0,0
1257.337,40,32,8,11,21,3,5,80,80,80,80,80,80,0,0,0,6,6,600,600,0,0
1258.337,40,32,8,11,21,3,5,80,80,80,80,80,80,0,0,0,6,6,600,600,0,0
1259.337,40,32,8,11,21,3,5,80,80,80,80,80,80,0,0,0,6,6,600,600,0,0
1260.337,40,32,8,11,21,3,5,80,80,80,80,80,80,0,0,0,6,6,600,600,0,0
1261.337,40,32,8,11,21,3,5,80,80,80,80,80,80,0,0,0,6,6,600,600,0,0
1262.337,40,32,8,11,21,3,5,80,80,80,80,80,80,0,0,0,6,6,600,600,0,0
1263.338,40,32,8,11,21,3,5,80,80,80,80,80,80,0,0,0,6,6,600,600,0,0
1264.338,40,32,8,11,21,3,5,80,80,80,80,80,80,0,0,0,6,6,600,600,0,0
1265.338,40,32,8,11,21,3,5,80,80,80,80,80,80,0,0,0,6,6,600,600,0,0
1266.338,40,32,8,11,21,3,5,80,80,80,80,80,80,0,0,0,6,6,600,600,0,0
1267.338,40,32,8,11,21,3,5,80,80,80,80,80,80,0,0,0,6,6,600,600,0,0
1268.338,40,32,8,11,21,3,5,80,80,80,80,80,80,0,0,0,6,6,600,600,0,0
1269.338,40,32,8,11,21,3,5,80,80,80,80,80,80,0,0,0,6,6,600,600,0,0
1270.338,40,32,8,11,21,3,5,80,80,80,80,80,80,0,0,0,6,6,600,600,0,0
1271.339,40,32,8,11,21,3,5,80,80,80,80,80,80,0,0,0,6,6,600,600,0,0
1272.339,40,32,8,11,21,3,5,80,80,80,80,80,80,0,0,0,6,6,600,600,0,0
1273.339,40,32,8,11,21,3,5,80,80,80,80,80,80,0,0,0,6,6,600,600,0,0
1274.339,40,32,8,11,21,3,5,80,80,80,80,80,80,0,0,0,6,6,600,600,0,0
1275.339,40,32,8,11,21,3,5,80,80,80,80,80,80,0,0,0,6,6,600,600,0,0
1276.339,40,32,8,11,21,3,5,80,80,80,80,80,80,0,0,0,6,6,600,600,0,0
1277.339,40,32,8,11,21,3,5,80,80,80,80,80,80,0,0,0,6,6,600,600,0,0
1278.339,40,32,8,11,21,3,5,80,80,80,80,80,80,0,0,0,6,6,600,600,0,0
1279.339,40,32,8,11,21,3,5,80,80,80,80,80,80,0,0,0,6,6,600,600,0,0
1280.34,40,32,8,11,21,3,5,80,80,80,80,80,80,0,0,0,6,6,600,600,0,0
1281.34,40,32,8,11,21,3,5,80,80,80,80,80,80,0,0,0,6,6,600,600,0,0
1282.34,40,32,8,11,21,3,5,80,80,80,80,80,80,0,0,0,6,6,600,600,0,0
1283.34,40,32,8,11,21,3,5,80,80,80,80,80,80,0,0,0,6,6,600,600,0,0
1284.34,40,32,8,11,21,3,5,80,80,80,80,80,80,0,0,0,6,6,600,600,0,0
1285.34,40,32,8,11,21,3,5,80,80,80,80,80,80,0,0,0,6,6,600,600,0,0
1286.34,40,32,8,11,21,3,5,80,80,80,80,80,80,0,0,0,6,6,600,600,0,0
1287.34,40,32,8,11,21,3,5,80,80,80,80,80,80,0,0,0,6,6,600,600,0,0
1288.341,40,32,8,11,21,3,5,80,80,80,80,80,80,0,0,0,6,6,600,600,0,0
1289.341,40,32,8,11,21,3,5,80,80,80,80,80,80,0,0,0,6,6,600,600,0,0
1290.341,40,32,8,11,21,3,5,80,80,80,80,80,80,0,0,0,6,6,600,600,0,0
1291.341,40,32,8,11,21,3,5,80,80,80,80,80,80,0,0,0,6,6,600,600,0,0
1292.341,40,32,8,11,21,3,5,80,80,80,80,80,80,0,0,0,6,6,600,600,0,0
1293.341,40,32,8,11,21,3,5,80,80,80,80,80,80,0,0,0,6,6,600,600,0,0
1294.341,40,32,8,11,21,3,5,80,80,80,80,80,80,0,0,0,6,6,600,600,0,0
1295.341,40,32,8,11,21,3,5,80,80,80,80,80,80,0,0,0,6,6,600,600,0,0
1296.342,40,32,8,11,21,3,5,80,80,80,80,80,80,0,0,0,6,6,600,600,0,0
1297.342,40,32,8,11,21,3,5,80,80,80,80,80,80,0,0,0,6,6,600,600,0,0
1298.342,40,32,8,11,21,3,5,80,80,80,80,80,80,0,0,0,6,6,600,600,0,0
1299.342,40,32,8,11,21,3,5,80,80,80,80,80,80,0,0,0,6,6,600,600,0,0
1300.342,40,32,8,11,21,3,5,80,80,80,80,80,80,0,0,0,6,6,600,600,0,0
1301.342,40,32,8,11,21,3,5,80,80,80,80,80,80,0,0,0,6,6,600,600,0,0
1302.342,40,32,8,11,21,3,5,80,80,80,80,80,80,0,0,0,6,6,600,600,0,0
1303.342,40,32,8,11,21,3,5,80,80,80,80,80,80,0,0,0,6,6,600,600,0,0
1304.343,40,32,8,11,21,3,5,80,80,80,80,80,80,0,0,0,6,6,600,600,0,0
1305.343,40,32,8,11,21,3,5,80,80,80,80,80,80,0,0,0,6,6,600,600,0,0
1306.343,40,32,8,11,21,3,5,80,80,80,80,80,80,0,0,0,6,6,600,600,0,0
1307.343,40,32,8,11,21,3,5,80,80,80,80,80,80,0,0,0,6,6,600,600,0,0
1308.343,40,32,8,11,21,3,5,80,80,80,80,80,80,0,0,0,6,6,600,600,0,0
1309.343,40,32,8,11,21,3,5,80,80,80,80,80,80,0,0,0,6,6,600,600,0,0
1310.343,40,32,8,11,21,3,5,80,80,80,80,80,80,0,0,0,6,6,600,600,0,0
1311.343,40,32,8,11,21,3,5,80,80,80,80,80,80,0,0,0,6,6,600,600,0,0
1312.344,40,32,8,11,21,3,5,80,80,80,80,80,80,0,0,0,6,6,600,600,0,0
1313.344,40,32,8,11,21,3,5,80,80,80,80,80,80,0,0,0,6,6,600,600,0,0
1314.344,40,32,8,11,21,3,5,80,80,80,80,80,80,0,0,0,6,6,600,600,0,0
1315.344,40,32,8,11,21,3,5,80,80,80,80,80,80,0,0,0,6,6,600,600,0,0
1316.344,40,32,8,11,21,3,5,80,80,80,80,80,80,0,0,0,6,6,600,600,0,0
1317.344,40,32,8,11,21,3,5,80,80,80,80,80,80,0,0,0,6,6,600,600,0,0
1318.344,40,32,8,11,21,3,5,80,80,80,80,80,80,0,0,0,6,6,600,600,0,0
1319.344,40,32,8,11,21,3,5,80,80,80,80,80,80,0,0,0,6,6,600,600,0,0
1320.344,40,32,8,11,21,3,5,80,80,80,80,80,80,0,0,0,6,6,600,600,0,0
1321.345,40,32,8,11,21,3,5,80,80,80,80,80,80,0,0,0,6,6,600,600,0,0
1322.345,40,32,8,11,21,3,5,80,80,80,80,80,80,0,0,0,6,6,600,600,0,0
1323.345,40,32,8,11,21,3,5,80,80,80,80,80,80,0,0,0,6,6,600,600,0,0
1324.345,40,32,8,11,21,3,5,80,80,80,80,80,80,0,0,0,6,6,600,600,0,0
1325.345,40,32,8,11,21,3,5,80,80,80,80,80,80,0,0,0,6,6,600,600,0,0
1326.345,40,32,8,11,21,3,5,80,80,80,80,80,80,0,0,0,6,6,600,600,0,0
1327.345,40,32,8,11,21,3,5,80,80,80,80,80,80,0,0,0,6,6,600,600,0,0
1328.345,40,32,8,11,21,3,5,80,80,80,80,80,80,0,0,0,6,6,600,600,0,0
1329.346,40,32,8,11,21,3,5,80,80,80,80,80,80,0,0,0,6,6,600,600,0,0
1330.346,40,32,8,11,21,3,5,80,80,80,80,80,80,0,0,0,6,6,600,600,0,0
1331.346,40,32,8,11,21,3,5,80,80,80,80,80,80,0,0,0,6,6,600,600,0,0
1332.346,40,32,8,11,21,3,5,80,80,80,80,80,80,0,0,0,6,6,600,600,0,0
1333.346,40,32,8,11,21,3,5,80,80,80,80,80,80,0,0,0,6,6,600,600,0,0
1334.346,40,32,8,11,21,3,5,80,80,80,80,80,80,0,0,0,6,6,600,600,0,0
1335.346,40,32,8,11,21,3,5,80,80,80,80,80,80,0,0,0,6,6,600,600,0,0
1336.346,40,32,8,11,21,3,5,80,80,80,80,80,80,0,0,0,6,6,600,600,0,0
1337.347,40,32,8,11,21,3,5,80,80,80,80,80,80,0,0,0,6,6,600,600,0,0
1338.347,40,32,8,11,21,3,5,80,80,80,80,80,80,0,0,0,6,6,600,600,0,0
1339.347,40,32,8,11,21,3,5,80,80,80,80,80,80,0,0,0,6,6,600,600,0,0
1340.347,40,32,8,11,21,3,5,80,80,80,80,80,80,0,0,0,6,6,600,600,0,0
1341.347,40,32,8,11,21,3,5,80,80,80,80,80,80,0,0,0,6,6,600,600,0,0
1342.347,40,32,8,11,21,3,5,80,80,80,80,80,80,0,0,0,6,6,600,600,0,0
1343.347,40,32,8,11,21,3,5,80,80,80,80,80,80,0,0,0,6,6,600,600,0,0
1344.347,40,32,8,11,21,3,5,80,80,80,80,80,80,0,0,0,6,6,600,600,0,0
1345.348,40,32,8,11,21,3,5,80,80,80,80,80,80,0,0,0,6,6,600,600,0,0
1346.348,40,32,8,11,21,3,5,80,80,80,80,80,80,0,0,0,6,6,600,600,0,0
1347.348,40,32,8,11,21,3,5,80,80,80,80,80,80,0,0,0,6,6,600,600,0,0
1348.348,40,32,8,11,21,3,5,80,80,80,80,80,80,0,0,0,6,6,600,600,0,0
1349.348,40,32,8,11,21,3,5,80,80,80,80,80,80,0,0,0,6,6,600,600,0,0
1350.348,40,32,8,11,21,3,5,80,80,80,80,80,80,0,0,0,6,6,600,600,0,0
1351.348,40,32,8,11,21,3,5,80,80,80,80,80,80,0,0,0,6,6,600,600,0,0
1352.348,40,32,8,11,21,3,5,80,80,80,80,80,80,0,0,0,6,6,600,600,0,0
1353.349,40,32,8,11,21,3,5,80,80,80,80,80,80,0,0,0,6,6,600,600,0,0
1354.349,40,32,8,11,21,3,5,80,80,80,80,80,80,0,0,0,6,6,600,600,0,0
1355.349,40,32,8,11,21,3,5,80,80,80,80,80,80,0,0,0,6,6,600,600,0,0
1356.349,40,32,8,11,21,3,5,80,80,80,80,80,80,0,0,0,6,6,600,600,0,0
1357.349,40,32,8,11,21,3,5,80,80,80,80,80,80,0,0,0,6,6,600,600,0,0
1358.349,40,32,8,11,21,3,5,80,80,80,80,80,80,0,0,0,6,6,600,600,0,0
1359.349,40,32,8,11,21,3,5,80,80,80,80,80,80,0,0,0,6,6,600,600,0,0
1360.349,40,32,8,11,21,3,5,80,80,80,80,80,80,0,0,0,6,6,600,600,0,0
1361.349,40,32,8,11,21,3,5,80,80,80,80,80,80,0,0,0,6,6,600,600,0,0
1362.35,40,32,8,11,21,3,5,80,80,80,80,80,80,0,0,0,6,6,600,600,0,0
1363.35,40,32,8,11,21,3,5,80,80,80,80,80,80,0,0,0,6,6,600,600,0,0
1364.35,40,32,8,11,21,3,5,80,80,80,80,80,80,0,0,0,6,6,600,600,0,0
1365.35,40,32,8,11,21,3,5,80,80,80,80,80,80,0,0,0,6,6,600,600,0,0
1366.35,40,32,8,11,21,3,5,80,80,80,80,80,80,0,0,0,6,6,600,600,0,0
1367.35,40,32,8,11,21,3,5,80,80,80,80,80,80,0,0,0,6,6,600,600,0,0
1368.35,40,32,8,11,21,3,5,80,80,80,80,80,80,0,0,0,6,6,600,600,0,0
1369.35,40,32,8,11,21,3,5,80,80,80,80,80,80,0,0,0,6,6,600,600,0,0
1370.351,40,32,8,11,21,3,5,80,80,80,80,80,80,0,0,0,6,6,600,600,0,0
1371.351,40,32,8,11,21,3,5,80,80,80,80,80,80,0,0,0,6,6,600,600,0,0
1372.351,40,32,8,11,21,3,5,80,80,80,80,80,80,0,0,0,6,6,600,600,0,0
1373.351,40,32,8,11,21,3,5,80,80,80,80,80,80,0,0,0,6,6,600,600,0,0
1374.351,40,32,8,11,21,3,5,80,80,80,80,80,80,0,0,0,6,6,600,600,0,0
1375.351,40,32,8,11,21,3,5,80,80,80,80,80,80,0,0,0,6,6,600,600,0,0
1376.351,40,32,8,11,21,3,5,80,80,80,80,80,80,0,0,0,6,6,600,600,0,0
1377.351,40,32,8,11,21,3,5,80,80,80,80,80,80,0,0,0,6,6,600,600,0,0
1378.352,40,32,8,11,21,3,5,80,80,80,80,80,80,0,0,0,6,6,600,600,0,0
1379.352,40,32,8,11,21,3,5,80,80,80,80,80,80,0,0,0,6,6,600,600,0,0
1380.352,40,32,8,11,21,3,5,80,80,80,80,80,80,0,0,0,6,6,600,600,0,0
1381.352,40,32,8,11,21,3,5,80,80,80,80,80,80,0,0,0,6,6,600,600,0,0
1382.352,40,32,8,11,21,3,5,80,80,80,80,80,80,0,0,0,6,6,600,600,0,0
1383.352,40,32,8,11,21,3,5,80,80,80,80,80,80,0,0,0,6,6,600,600,0,0
1384.352,40,32,8,11,21,3,5,80,80,80,80,80,80,0,0,0,6,6,600,600,0,0
1385.352,40,32,8,11,21,3,5,80,80,80,80,80,80,0,0,0,6,6,600,600,0,0
1386.353,40,32,8,11,21,3,5,80,80,80,80,80,80,0,0,0,6,6,600,600,0,0
1387.353,40,32,8,11,21,3,5,80,80,80,80,80,80,0,0,0,6,6,600,600,0,0
1388.353,40,32,8,11,21,3,5,80,80,80,80,80,80,0,0,0,6,6,600,600,0,0
1389.353,40,32,8,11,21,3,5,80,80,80,80,80,80,0,0,0,6,6,600,600,0,0
1390.353,40,32,8,11,21,3,5,80,80,80,80,80,80,0,0,0,6,6,600,600,0,0
1391.353,40,32,8,11,21,3,5,80,80,80,80,80,80,0,0,0,6,6,600,600,0,0
1392.353,40,32,8,11,21,3,5,80,80,80,80,80,80,0,0,0,6,6,600,600,0,0
1393.353,40,32,8,11,21,3,5,80,80,80,80,80,80,0,0,0,6,6,600,600,0,0
1394.354,40,32,8,11,21,3,5,80,80,80,80,80,80,0,0,0,6,6,600,600,0,0
1395.354,40,32,8,11,21,3,5,80,80,80,80,80,80,0,0,0,6,6,600,600,0,0
1396.354,40,32,8,11,21,3,5,80,80,80,80,80,80,0,0,0,6,6,600,600,0,0
1397.354,40,32,8,11,21,3,5,80,80,80,80,80,80,0,0,0,6,6,600,600,0,0
1398.354,40,32,8,11,21,3,5,80,80,80,80,80,80,0,0,0,6,6,600,600,0,0
1399.354,40,32,8,11,21,3,5,80,80,80,80,80,80,0,0,0,6,6,600,600,0,0
1400.354,40,32,8,11,21,3,5,80,80,80,80,80,80,0,0,0,6,6,600,600,0,0
1401.354,40,32,8,11,21,3,5,80,80,80,80,80,80,0,0,0,6,6,600,600,0,0
1402.354,40,32,8,11,21,3,5,80,80,80,80,80,80,0,0,0,6,6,600,600,0,0
1403.355,40,32,8,11,21,3,5,80,80,80,80,80,80,0,0,0,6,6,600,600,0,0
1404.355,40,32,8,11,21,3,5,80,80,80,80,80,80,0,0,0,6,6,600,600,0,0
1405.355,40,32,8,11,21,3,5,80,80,80,80,80,80,0,0,0,6,6,600,600,0,0
1406.355,40,32,8,11,21,3,5,80,80,80,80,80,80,0,0,0,6,6,600,600,0,0
1407.355,40,32,8,11,21,3,5,80,80,80,80,80,80,0,0,0,6,6,600,600,0,0
1408.355,40,32,8,11,21,3,5,80,80,80,80,80,80,0,0,0,6,6,600,600,0,0
1409.355,40,32,8,11,21,3,5,80,80,80,80,80,80,0,0,0,6,6,600,600,0,0
1410.355,40,32,8,11,21,3,5,80,80,80,80,80,80,0,0,0,6,6,600,600,0,0
1411.356,40,32,8,11,21,3,5,80,80,80,80,80,80,0,0,0,6,6,600,600,0,0
1412.356,40,32,8,11,21,3,5,80,80,80,80,80,80,0,0,0,6,6,600,600,0,0
1413.356,40,32,8,11,21,3,5,80,80,80,80,80,80,0,0,0,6,6,600,600,0,0
1414.356,40,32,8,11,21,3,5,80,80,80,80,80,80,0,0,0,6,6,600,600,0,0
1415.356,40,32,8,11,21,3,5,80,80,80,80,80,80,0,0,0,6,6,600,600,0,0
1416.356,40,32,8,11,21,3,5,80,80,80,80,80,80,0,0,0,6,6,600,600,0,0
1417.356,40,32,8,11,21,3,5,80,80,80,80,80,80,0,0,0,6,6,600,600,0,0
1418.356,40,32,8,11,21,3,5,80,80,80,80,80,80,0,0,0,6,6,600,600,0,0
1419.357,40,32,8,11,21,3,5,80,80,80,80,80,80,0,0,0,6,6,600,600,0,0
1420.357,40,32,8,11,21,3,5,80,80,80,80,80,80,0,0,0,6,6,600,600,0,0
1421.357,40,32,8,11,21,3,5,80,80,80,80,80,80,0,0,0,6,6,600,600,0,0
1422.357,40,32,8,11,21,3,5,80,80,80,80,80,80,0,0,0,6,6,600,600,0,0
1423.357,40,32,8,11,21,3,5,80,80,80,80,80,80,0,0,0,6,6,600,600,0,0
1424.357,40,32,8,11,21,3,5,80,80,80,80,80,80,0,0,0,6,6,600,600,0,0
1425.357,40,32,8,11,21,3,5,80,80,80,80,80,80,0,0,0,6,6,600,600,0,0
1426.357,40,32,8,11,21,3,5,80,80,80,80,80,80,0,0,0,6,6,600,600,0,0
1427.358,40,32,8,11,21,3,5,80,80,80,80,80,80,0,0,0,6,6,600,600,0,0
1428.358,40,32,8,11,21,3,5,80,80,80,80,80,80,0,0,0,6,6,600,600,0,0
1429.358,40,32,8,11,21,3,5,80,80,80,80,80,80,0,0,0,6,6,600,600,0,0
1430.358,40,32,8,11,21,3,5,80,80,80,80,80,80,0,0,0,6,6,600,600,0,0
1431.358,40,32,8,11,21,3,5,80,80,80,80,80,80,0,0,0,6,6,600,600,0,0
1432.358,40,32,8,11,21,3,5,80,80,80,80,80,80,0,0,0,6,6,600,600,0,0
1433.358,40,32,8,11,21,3,5,80,80,80,80,80,80,0,0,0,6,6,600,600,0,0
1434.358,40,32,8,11,21,3,5,80,80,80,80,80,80,0,0,0,6,6,600,600,0,0
1435.359,40,32,8,11,21,3,5,80,80,80,80,80,80,0,0,0,6,6,600,600,0,0
1436.359,40,32,8,11,21,3,5,80,80,80,80,80,80,0,0,0,6,6,600,600,0,0
1437.359,40,32,8,11,21,3,5,80,80,80,80,80,80,0,0,0,6,6,600,600,0,0
1438.359,40,32,8,11,21,3,5,80,80,80,80,80,80,0,0,0,6,6,600,600,0,0
1439.359,40,32,8,11,21,3,5,80,80,80,80,80,80,0,0,0,6,6,600,600,0,0
1440.359,40,32,8,11,21,3,5,80,80,80,80,80,80,0,0,0,6,6,600,600,0,0
1441.359,40,32,8,11,21,3,5,80,80,80,80,80,80,0,0,0,6,6,600,600,0,0
1442.359,40,32,8,11,21,3,5,80,80,80,80,80,80,0,0,0,6,6,600,600,0,0
1443.359,40,32,8,11,21,3,5,80,80,80,80,80,80,0,0,0,6,6,600,600,0,0
1444.36,40,32,8,11,21,3,5,80,80,80,80,80,80,0,0,0,6,6,600,600,0,0
1445.36,40,32,8,11,21,3,5,80,80,80,80,80,80,0,0,0,6,6,600,600,0,0
1446.36,40,32,8,11,21,3,5,80,80,80,80,80,80,0,0,0,6,6,600,600,0,0
1447.36,40,32,8,11,21,3,5,80,80,80,80,80,80,0,0,0,6,6,600,600,0,0
1448.36,40,32,8,11,21,3,5,80,80,80,80,80,80,0,0,0,6,6,600,600,0,0
1449.36,40,32,8,11,21,3,5,80,80,80,80,80,80,0,0,0,6,6,600,600,0,0
1450.36,40,32,8,11,21,3,5,80,80,80,80,80,80,0,0,0,6,6,600,600,0,0
1451.36,40,32,8,11,21,3,5,80,80,80,80,80,80,0,0,0,6,6,600,600,0,0
1452.361,40,32,8,11,21,3,5,80,80,80,80,80,80,0,0,0,6,6,600,600,0,0
1453.361,40,32,8,11,21,3,5,80,80,80,80,80,80,0,0,0,6,6,600,600,0,0
1454.361,40,32,8,11,21,3,5,80,80,80,80,80,80,0,0,0,6,6,600,600,0,0
1455.361,40,32,8,11,21,3,5,80,80,80,80,80,80,0,0,0,6,6,600,600,0,0
1456.361,40,32,8,11,21,3,5,80,80,80,80,80,80,0,0,0,6,6,600,600,0,0
1457.361,40,32,8,11,21,3,5,80,80,80,80,80,80,0,0,0,6,6,600,600,0,0
1458.361,40,32,8,11,21,3,5,80,80,80,80,80,80,0,0,0,6,6,600,600,0,0
1459.361,40,32,8,11,21,3,5,80,80,80,80,80,80,0,0,0,6,6,600,600,0,0
1460.362,40,32,8,11,21,3,5,80,80,80,80,80,80,0,0,0,6,6,600,600,0,0
1461.362,40,32,8,11,21,3,5,80,80,80,80,80,80,0,0,0,6,6,600,600,0,0
1462.362,40,32,8,11,21,3,5,80,80,80,80,80,80,0,0,0,6,6,600,600,0,0
1463.362,40,32,8,11,21,3,5,80,80,80,80,80,80,0,0,0,6,6,600,600,0,0
1464.362,40,32,8,11,21,3,5,80,80,80,80,80,80,0,0,0,6,6,600,600,0,0
1465.362,40,32,8,11,21,3,5,80,80,80,80,80,80,0,0,0,6,6,600,600,0,0
1466.362,40,32,8,11,21,3,5,80,80,80,80,80,80,0,0,0,6,6,600,600,0,0
1467.362,40,32,8,11,21,3,5,80,80,80,80,80,80,0,0,0,6,6,600,600,0,0
1468.363,40,32,8,11,21,3,5,80,80,80,80,80,80,0,0,0,6,6,600,600,0,0
1469.363,40,32,8,11,21,3,5,80,80,80,80,80,80,0,0,0,6,6,600,600,0,0
1470.363,40,32,8,11,21,3,5,80,80,80,80,80,80,0,0,0,6,6,600,600,0,0
1471.363,40,32,8,11,21,3,5,80,80,80,80,80,80,0,0,0,6,6,600,600,0,0
1472.363,40,32,8,11,21,3,5,80,80,80,80,80,80,0,0,0,6,6,600,600,0,0
1473.363,40,32,8,11,21,3,5,80,80,80,80,80,80,0,0,0,6,6,600,600,0,0
1474.363,40,32,8,11,21,3,5,80,80,80,80,80,80,0,0,0,6,6,600,600,0,0
1475.363,40,32,8,11,21,3,5,80,80,80,80,80,80,0,0,0,6,6,600,600,0,0
1476.364,40,32,8,11,21,3,5,80,80,80,80,80,80,0,0,0,6,6,600,600,0,0
1477.364,40,32,8,11,21,3,5,80,80,80,80,80,80,0,0,0,6,6,600,600,0,0
1478.364,40,32,8,11,21,3,5,80,80,80,80,80,80,0,0,0,6,6,600,600,0,0
1479.364,40,32,8,11,21,3,5,80,80,80,80,80,80,0,0,0,6,6,600,600,0,0
1480.364,40,32,8,11,21,3,5,80,80,80,80,80,80,0,0,0,6,6,600,600,0,0
1481.364,40,32,8,11,21,3,5,80,80,80,80,80,80,0,0,0,6,6,600,600,0,0
1482.364,40,32,8,11,21,3,5,80,80,80,80,80,80,0,0,0,6,6,600,600,0,0
1483.364,40,32,8,11,21,3,5,80,80,80,80,80,80,0,0,0,6,6,600,600,0,0
1484.365,40,32,8,11,21,3,5,80,80,80,80,80,80,0,0,0,6,6,600,600,0,0
1485.365,40,32,8,11,21,3,5,80,80,80,80,80,80,0,0,0,6,6,600,600,0,0
1486.365,40,32,8,11,21,3,5,80,80,80,80,80,80,0,0,0,6,6,600,600,0,0
1487.365,40,32,8,11,21,3,5,80,80,80,80,80,80,0,0,0,6,6,600,600,0,0
1488.365,40,32,8,11,21,3,5,80,80,80,80,80,80,0,0,0,6,6,600,600,0,0
1489.365,40,32,8,11,21,3,5,80,80,80,80,80,80,0,0,0,6,6,600,600,0,0
1490.365,40,32,8,11,21,3,5,80,80,80,80,80,80,0,0,0,6,6,600,600,0,0
1491.365,40,32,8,11,21,3,5,80,80,80,80,80,80,0,0,0,6,6,600,600,0,0
1492.365,40,32,8,11,21,3,5,80,80,80,80,80,80,0,0,0,6,6,600,600,0,0
1493.366,40,32,8,11,21,3,5,80,80,80,80,80,80,0,0,0,6,6,600,600,0,0
1494.366,40,32,8,11,21,3,5,80,80,80,80,80,80,0,0,0,6,6,600,600,0,0
1495.366,40,32,8,11,21,3,5,80,80,80,80,80,80,0,0,0,6,6,600,600,0,0
1496.366,40,32,8,11,21,3,5,80,80,80,80,80,80,0,0,0,6,6,600,600,0,0
1497.366,40,32,8,11,21,3,5,80,80,80,80,80,80,0,0,0,6,6,600,600,0,0
1498.366,40,32,8,11,21,3,5,80,80,80,80,80,80,0,0,0,6,6,600,600,0,0
1499.366,40,32,8,11,21,3,5,80,80,80,80,80,80,0,0,0,6,6,600,600,0,0
1500.366,40,32,8,11,21,3,5,80,80,80,80,80,80,0,0,0,6,6,600,600,0,0
1501.367,40,32,8,11,21,3,5,80,80,80,80,80,80,0,0,0,6,6,600,600,0,0
1502.367,40,32,8,11,21,3,5,80,80,80,80,80,80,0,0,0,6,6,600,600,0,0
1503.367,40,32,8,11,21,3,5,80,80,80,80,80,80,0,0,0,6,6,600,600,0,0
1504.367,40,32,8,11,21,3,5,80,80,80,80,80,80,0,0,0,6,6,600,600,0,0
1505.367,40,32,8,11,21,3,5,80,80,80,80,80,80,0,0,0,6,6,600,600,0,0
1506.367,40,32,8,11,21,3,5,80,80,80,80,80,80,0,0,0,6,6,600,600,0,0
1507.367,40,32,8,11,21,3,5,80,80,80,80,80,80,0,0,0,6,6,600,600,0,0
1508.367,40,32,8,11,21,3,5,80,80,80,80,80,80,0,0,0,6,6,600,600,0,0
1509.368,40,32,8,11,21,3,5,80,80,80,80,80,80,0,0,0,6,6,600,600,0,0
1510.368,40,32,8,11,21,3,5,80,80,80,80,80,80,0,0,0,6,6,600,600,0,0
1511.368,40,32,8,11,21,3,5,80,80,80,80,80,80,0,0,0,6,6,600,600,0,0
1512.368,40,32,8,11,21,3,5,80,80,80,80,80,80,0,0,0,6,6,600,600,0,0
1513.368,40,32,8,11,21,3,5,80,80,80,80,80,80,0,0,0,6,6,600,600,0,0
1514.368,40,32,8,11,21,3,5,80,80,80,80,80,80,0,0,0,6,6,600,600,0,0
1515.368,40,32,8,11,21,3,5,80,80,80,80,80,80,0,0,0,6,6,600,600,0,0
1516.368,40,32,8,11,21,3,5,80,80,80,80,80,80,0,0,0,6,6,600,600,0,0
1517.369,40,32,8,11,21,3,5,80,80,80,80,80,80,0,0,0,6,6,600,600,0,0
1518.369,40,32,8,11,21,3,5,80,80,80,80,80,80,0,0,0,6,6,600,600,0,0
1519.369,40,32,8,11,21,3,5,80,80,80,80,80,80,0,0,0,6,6,600,600,0,0
1520.369,40,32,8,11,21,3,5,80,80,80,80,80,80,0,0,0,6,6,600,600,0,0
1521.369,40,32,8,11,21,3,5,80,80,80,80,80,80,0,0,0,6,6,600,600,0,0
1522.369,40,32,8,11,21,3,5,80,80,80,80,80,80,0,0,0,6,6,600,600,0,0
1523.369,40,32,8,11,21,3,5,80,80,80,80,80,80,0,0,0,6,6,600,600,0,0
1524.369,40,32,8,11,21,3,5,80,80,80,80,80,80,0,0,0,6,6,600,600,0,0
1525.37,40,32,8,11,21,3,5,80,80,80,80,80,80,0,0,0,6,6,600,600,0,0
1526.37,40,32,8,11,21,3,5,80,80,80,80,80,80,0,0,0,6,6,600,600,0,0
1527.37,40,32,8,11,21,3,5,80,80,80,80,80,80,0,0,0,6,6,600,600,0,0
1528.37,40,32,8,11,21,3,5,80,80,80,80,80,80,0,0,0,6,6,600,600,0,0
1529.37,40,32,8,11,21,3,5,80,80,80,80,80,80,0,0,0,6,6,600,600,0,0
1530.37,40,32,8,11,21,3,5,80,80,80,80,80,80,0,0,0,6,6,600,600,0,0
1531.37,40,32,8,11,21,3,5,80,80,80,80,80,80,0,0,0,6,6,600,600,0,0
1532.37,40,32,8,11,21,3,5,80,80,80,80,80,80,0,0,0,6,6,600,600,0,0
1533.37,40,32,8,11,21,3,5,80,80,80,80,80,80,0,0,0,6,6,600,600,0,0
1534.371,40,32,8,11,21,3,5,80,80,80,80,80,80,0,0,0,6,6,600,600,0,0
1535.371,40,32,8,11,21,3,5,80,80,80,80,80,80,0,0,0,6,6,600,600,0,0
1536.371,40,32,8,11,21,3,5,80,80,80,80,80,80,0,0,0,6,6,600,600,0,0
1537.371,40,32,8,11,21,3,5,80,80,80,80,80,80,0,0,0,6,6,600,600,0,0
1538.371,40,32,8,11,21,3,5,80,80,80,80,80,80,0,0,0,6,6,600,600,0,0
1539.371,40,32,8,11,21,3,5,80,80,80,80,80,80,0,0,0,6,6,600,600,0,0
1540.371,40,32,8,11,21,3,5,80,80,80,80,80,80,0,0,0,6,6,600,600,0,0
1541.371,40,32,8,11,21,3,5,80,80,80,80,80,80,0,0,0,6,6,600,600,0,0
1542.372,40,32,8,11,21,3,5,80,80,80,80,80,80,0,0,0,6,6,600,600,0,0
1543.372,40,32,8,11,21,3,5,80,80,80,80,80,80,0,0,0,6,6,600,600,0,0
1544.372,40,32,8,11,21,3,5,80,80,80,80,80,80,0,0,0,6,6,600,600,0,0
1545.372,40,32,8,11,21,3,5,80,80,80,80,80,80,0,0,0,6,6,600,600,0,0
1546.372,40,32,8,11,21,3,5,80,80,80,80,80,80,0,0,0,6,6,600,600,0,0
1547.372,40,32,8,11,21,3,5,80,80,80,80,80,80,0,0,0,6,6,600,600,0,0
1548.372,40,32,8,11,21,3,5,80,80,80,80,80,80,0,0,0,6,6,600,600,0,0
1549.372,40,32,8,11,21,3,5,80,80,80,80,80,80,0,0,0,6,6,600,600,0,0
1550.373,40,32,8,11,21,3,5,80,80,80,80,80,80,0,0,0,6,6,600,600,0,0
1551.373,40,32,8,11,21,3,5,80,80,80,80,80,80,0,0,0,6,6,600,600,0,0
1552.373,40,32,8,11,21,3,5,80,80,80,80,80,80,0,0,0,6,6,600,600,0,0
1553.373,40,32,8,11,21,3,5,80,80,80,80,80,80,0,0,0,6,6,600,600,0,0
1554.373,40,32,8,11,21,3,5,80,80,80,80,80,80,0,0,0,6,6,600,600,0,0
1555.373,40,32,8,11,21,3,5,80,80,80,80,80,80,0,0,0,6,6,600,600,0,0
1556.373,40,32,8,11,21,3,5,80,80,80,80,80,80,0,0,0,6,6,600,600,0,0
1557.373,40,32,8,11,21,3,5,80,80,80,80,80,80,0,0,0,6,6,600,600,0,0
1558.374,40,32,8,11,21,3,5,80,80,80,80,80,80,0,0,0,6,6,600,600,0,0
1559.374,40,32,8,11,21,3,5,80,80,80,80,80,80,0,0,0,6,6,600,600,0,0
1560.374,40,32,8,11,21,3,5,80,80,80,80,80,80,0,0,0,6,6,600,600,0,0
1561.374,40,32,8,11,21,3,5,80,80,80,80,80,80,0,0,0,6,6,600,600,0,0
1562.374,40,32,8,11,21,3,5,80,80,80,80,80,80,0,0,0,6,6,600,600,0,0
1563.374,40,32,8,11,21,3,5,80,80,80,80,80,80,0,0,0,6,6,600,600,0,0
1564.374,40,32,8,11,21,3,5,80,80,80,80,80,80,0,0,0,6,6,600,600,0,0
1565.374,40,32,8,11,21,3,5,80,80,80,80,80,80,0,0,0,6,6,600,600,0,0
1566.375,40,32,8,11,21,3,5,80,80,80,80,80,80,0,0,0,6,6,600,600,0,0
1567.375,40,32,8,11,21,3,5,80,80,80,80,80,80,0,0,0,6,6,600,600,0,0
1568.375,40,32,8,11,21,3,5,80,80,80,80,80,80,0,0,0,6,6,600,600,0,0
1569.375,40,32,8,11,21,3,5,80,80,80,80,80,80,0,0,0,6,6,600,600,0,0
1570.375,40,32,8,11,21,3,5,80,80,80,80,80,80,0,0,0,6,6,600,600,0,0
1571.375,40,32,8,11,21,3,5,80,80,80,80,80,80,0,0,0,6,6,600,600,0,0
1572.375,40,32,8,11,21,3,5,80,80,80,80,80,80,0,0,0,6,6,600,600,0,0
1573.375,40,32,8,11,21,3,5,80,80,80,80,80,80,0,0,0,6,6,600,600,0,0
1574.375,40,32,8,11,21,3,5,80,80,80,80,80,80,0,0,0,6,6,600,600,0,0
1575.376,40,32,8,11,21,3,5,80,80,80,80,80,80,0,0,0,6,6,600,600,0,0
1576.376,40,32,8,11,21,3,5,80,80,80,80,80,80,0,0,0,6,6,600,600,0,0
1577.376,40,32,8,11,21,3,5,80,80,80,80,80,80,0,0,0,6,6,600,600,0,0
1578.376,40,32,8,11,21,3,5,80,80,80,80,80,80,0,0,0,6,6,600,600,0,0
1579.376,40,32,8,11,21,3,5,80,80,80,80,80,80,0,0,0,6,6,600,600,0,0
1580.376,40,32,8,11,21,3,5,80,80,80,80,80,80,0,0,0,6,6,600,600,0,0
1581.376,40,32,8,11,21,3,5,80,80,80,80,80,80,0,0,0,6,6,600,600,0,0
1582.376,40,32,8,11,21,3,5,80,80,80,80,80,80,0,0,0,6,6,600,600,0,0
1583.377,40,32,8,11,21,3,5,80,80,80,80,80,80,0,0,0,6,6,600,600,0,0
1584.377,40,32,8,11,21,3,5,80,80,80,80,80,80,0,0,0,6,6,600,600,0,0
1585.377,40,32,8,11,21,3,5,80,80,80,80,80,80,0,0,0,6,6,600,600,0,0
1586.377,40,32,8,11,21,3,5,80,80,80,80,80,80,0,0,0,6,6,600,600,0,0
1587.377,40,32,8,11,21,3,5,80,80,80,80,80,80,0,0,0,6,6,600,600,0,0
1588.377,40,32,8,11,21,3,5,80,80,80,80,80,80,0,0,0,6,6,600,600,0,0
1589.377,40,32,8,11,21,3,5,80,80,80,80,80,80,0,0,0,6,6,600,600,0,0
1590.377,40,32,8,11,21,3,5,80,80,80,80,80,80,0,0,0,6,6,600,600,0,0
1591.378,40,32,8,11,21,3,5,80,80,80,80,80,80,0,0,0,6,6,600,600,0,0
1592.378,40,32,8,11,21,3,5,80,80,80,80,80,80,0,0,0,6,6,600,600,0,0
1593.378,40,32,8,11,21,3,5,80,80,80,80,80,80,0,0,0,6,6,600,600,0,0
1594.378,40,32,8,11,21,3,5,80,80,80,80,80,80,0,0,0,6,6,600,600,0,0
1595.378,40,32,8,11,21,3,5,80,80,80,80,80,80,0,0,0,6,6,600,600,0,0
1596.378,40,32,8,11,21,3,5,80,80,80,80,80,80,0,0,0,6,6,600,600,0,0
1597.378,40,32,8,11,21,3,5,80,80,80,80,80,80,0,0,0,6,6,600,600,0,0
1598.378,40,32,8,11,21,3,5,80,80,80,80,80,80,0,0,0,6,6,600,600,0,0
1599.379,40,32,8,11,21,3,5,80,80,80,80,80,80,0,0,0,6,6,600,600,0,0
1600.379,40,32,8,11,21,3,5,80,80,80,80,80,80,0,0,0,6,6,600,600,0,0
1601.379,40,32,8,11,21,3,5,80,80,80,80,80,80,0,0,0,6,6,600,600,0,0
1602.379,40,32,8,11,21,3,5,80,80,80,80,80,80,0,0,0,6,6,600,600,0,0
1603.379,40,32,8,11,21,3,5,80,80,80,80,80,80,0,0,0,6,6,600,600,0,0
1604.379,40,32,8,11,21,3,5,80,80,80,80,80,80,0,0,0,6,6,600,600,0,0
1605.379,40,32,8,11,21,3,5,80,80,80,80,80,80,0,0,0,6,6,600,600,0,0
1606.379,40,32,8,11,21,3,5,80,80,80,80,80,80,0,0,0,6,6,600,600,0,0
1607.38,40,32,8,11,21,3,5,80,80,80,80,80,80,0,0,0,6,6,600,600,0,0
1608.38,40,32,8,11,21,3,5,80,80,80,80,80,80,0,0,0,6,6,600,600,0,0
1609.38,40,32,8,11,21,3,5,80,80,80,80,80,80,0,0,0,6,6,600,600,0,0
1610.38,40,32,8,11,21,3,5,80,80,80,80,80,80,0,0,0,6,6,600,600,0,0
1611.38,40,32,8,11,21,3,5,80,80,80,80,80,80,0,0,0,6,6,600,600,0,0
1612.38,40,32,8,11,21,3,5,80,80,80,80,80,80,0,0,0,6,6,600,600,0,0
1613.38,40,32,8,11,21,3,5,80,80,80,80,80,80,0,0,0,6,6,600,600,0,0
1614.38,40,32,8,11,21,3,5,80,80,80,80,80,80,0,0,0,6,6,600,600,0,0
1615.38,40,32,8,11,21,3,5,80,80,80,80,80,80,0,0,0,6,6,600,600,0,0
1616.381,40,32,8,11,21,3,5,80,80,80,80,80,80,0,0,0,6,6,600,600,0,0
1617.381,40,32,8,11,21,3,5,80,80,80,80,80,80,0,0,0,6,6,600,600,0,0
1618.381,40,32,8,11,21,3,5,80,80,80,80,80,80,0,0,0,6,6,600,600,0,0
1619.381,40,32,8,11,21,3,5,80,80,80,80,80,80,0,0,0,6,6,600,600,0,0
1620.381,40,32,8,11,21,3,5,80,80,80,80,80,80,0,0,0,6,6,600,600,0,0
1621.381,40,32,8,11,21,3,5,80,80,80,80,80,80,0,0,0,6,6,600,600,0,0
1622.381,40,32,8,11,21,3,5,80,80,80,80,80,80,0,0,0,6,6,600,600,0,0
1623.381,40,32,8,11,21,3,5,80,80,80,80,80,80,0,0,0,6,6,600,600,0,0
1624.382,40,32,8,11,21,3,5,80,80,80,80,80,80,0,0,0,6,6,600,600,0,0
1625.382,40,32,8,11,21,3,5,80,80,80,80,80,80,0,0,0,6,6,600,600,0,0
1626.382,40,32,8,11,21,3,5,80,80,80,80,80,80,0,0,0,6,6,600,600,0,0
1627.382,40,32,8,11,21,3,5,80,80,80,80,80,80,0,0,0,6,6,600,600,0,0
1628.382,40,32,8,11,21,3,5,80,80,80,80,80,80,0,0,0,6,6,600,600,0,0
1629.382,40,32,8,11,21,3,5,80,80,80,80,80,80,0,0,0,6,6,600,600,0,0
1630.382,40,32,8,11,21,3,5,80,80,80,80,80,80,0,0,0,6,6,600,600,0,0
1631.382,40,32,8,11,21,3,5,80,80,80,80,80,80,0,0,0,6,6,600,600,0,0
1632.383,40,32,8,11,21,3,5,80,80,80,80,80,80,0,0,0,6,6,600,600,0,0
1633.383,40,32,8,11,21,3,5,80,80,80,80,80,80,0,0,0,6,6,600,600,0,0
1634.383,40,32,8,11,21,3,5,80,80,80,80,80,80,0,0,0,6,6,600,600,0,0
1635.383,40,32,8,11,21,3,5,80,80,80,80,80,80,0,0,0,6,6,600,600,0,0
1636.383,40,32,8,11,21,3,5,80,80,80,80,80,80,0,0,0,6,6,600,600,0,0
1637.383,40,32,8,11,21,3,5,80,80,80,80,80,80,0,0,0,6,6,600,600,0,0
1638.383,40,32,8,11,21,3,5,80,80,80,80,80,80,0,0,0,6,6,600,600,0,0
1639.383,40,32,8,11,21,3,5,80,80,80,80,80,80,0,0,0,6,6,600,600,0,0
1640.384,40,32,8,11,21,3,5,80,80,80,80,80,80,0,0,0,6,6,600,600,0,0
1641.384,40,32,8,11,21,3,5,80,80,80,80,80,80,0,0,0,6,6,600,600,0,0
1642.384,40,32,8,11,21,3,5,80,80,80,80,80,80,0,0,0,6,6,600,600,0,0
1643.384,40,32,8,11,21,3,5,80,80,80,80,80,80,0,0,0,6,6,600,600,0,0
1644.384,40,32,8,11,21,3,5,80,80,80,80,80,80,0,0,0,6,6,600,600,0,0
1645.384,40,32,8,11,21,3,5,80,80,80,80,80,80,0,0,0,6,6,600,600,0,0
1646.384,40,32,8,11,21,3,5,80,80,80,80,80,80,0,0,0,6,6,600,600,0,0
1647.384,40,32,8,11,21,3,5,80,80,80,80,80,80,0,0,0,6,6,600,600,0,0
1648.385,40,32,8,11,21,3,5,80,80,80,80,80,80,0,0,0,6,6,600,600,0,0
1649.385,40,32,8,11,21,3,5,80,80,80,80,80,80,0,0,0,6,6,600,600,0,0
1650.385,40,32,8,11,21,3,5,80,80,80,80,80,80,0,0,0,6,6,600,600,0,0
1651.385,40,32,8,11,21,3,5,80,80,80,80,80,80,0,0,0,6,6,600,600,0,0
1652.385,40,32,8,11,21,3,5,80,80,80,80,80,80,0,0,0,6,6,600,600,0,0
1653.385,40,32,8,11,21,3,5,80,80,80,80,80,80,0,0,0,6,6,600,600,0,0
1654.385,40,32,8,11,21,3,5,80,80,80,80,80,80,0,0,0,6,6,600,600,0,0
1655.385,40,32,8,11,21,3,5,80,80,80,80,80,80,0,0,0,6,6,600,600,0,0
1656.385,40,32,8,11,21,3,5,80,80,80,80,80,80,0,0,0,6,6,600,600,0,0
1657.386,40,32,8,11,21,3,5,80,80,80,80,80,80,0,0,0,6,6,600,600,0,0
1658.386,40,32,8,11,21,3,5,80,80,80,80,80,80,0,0,0,6,6,600,600,0,0
1659.386,40,32,8,11,21,3,5,80,80,80,80,80,80,0,0,0,6,6,600,600,0,0
1660.386,40,32,8,11,21,3,5,80,80,80,80,80,80,0,0,0,6,6,600,600,0,0
1661.386,40,32,8,11,21,3,5,80,80,80,80,80,80,0,0,0,6,6,600,600,0,0
1662.386,40,32,8,11,21,3,5,80,80,80,80,80,80,0,0,0,6,6,600,600,0,0
1663.386,40,32,8,11,21,3,5,80,80,80,80,80,80,0,0,0,6,6,600,600,0,0
1664.386,40,32,8,11,21,3,5,80,80,80,80,80,80,0,0,0,6,6,600,600,0,0
1665.387,40,32,8,11,21,3,5,80,80,80,80,80,80,0,0,0,6,6,600,600,0,0
1666.387,40,32,8,11,21,3,5,80,80,80,80,80,80,0,0,0,6,6,600,600,0,0
1667.387,40,32,8,11,21,3,5,80,80,80,80,80,80,0,0,0,6,6,600,600,0,0
1668.387,40,32,8,11,21,3,5,80,80,80,80,80,80,0,0,0,6,6,600,600,0,0
1669.387,40,32,8,11,21,3,5,80,80,80,80,80,80,0,0,0,6,6,600,600,0,0
1670.387,40,32,8,11,21,3,5,80,80,80,80,80,80,0,0,0,6,6,600,600,0,0
1671.387,40,32,8,11,21,3,5,80,80,80,80,80,80,0,0,0,6,6,600,600,0,0
1672.387,40,32,8,11,21,3,5,80,80,80,80,80,80,0,0,0,6,6,600,600,0,0
1673.388,40,32,8,11,21,3,5,80,80,80,80,80,80,0,0,0,6,6,600,600,0,0
1674.388,40,32,8,11,21,3,5,80,80,80,80,80,80,0,0,0,6,6,600,600,0,0
1675.388,40,32,8,11,21,3,5,80,80,80,80,80,80,0,0,0,6,6,600,600,0,0
1676.388,40,32,8,11,21,3,5,80,80,80,80,80,80,0,0,0,6,6,600,600,0,0
1677.388,40,32,8,11,21,3,5,80,80,80,80,80,80,0,0,0,6,6,600,600,0,0
1678.388,40,32,8,11,21,3,5,80,80,80,80,80,80,0,0,0,6,6,600,600,0,0
1679.388,40,32,8,11,21,3,5,80,80,80,80,80,80,0,0,0,6,6,600,600,0,0
1680.388,40,32,8,11,21,3,5,80,80,80,80,80,80,0,0,0,6,6,600,600,0,0
1681.389,40,32,8,11,21,3,5,80,80,80,80,80,80,0,0,0,6,6,600,600,0,0
1682.389,40,32,8,11,21,3,5,80,80,80,80,80,80,0,0,0,6,6,600,600,0,0
1683.389,40,32,8,11,21,3,5,80,80,80,80,80,80,0,0,0,6,6,600,600,0,0
1684.389,40,32,8,11,21,3,5,80,80,80,80,80,80,0,0,0,6,6,600,600,0,0
1685.389,40,32,8,11,21,3,5,80,80,80,80,80,80,0,0,0,6,6,600,600,0,0
1686.389,40,32,8,11,21,3,5,80,80,80,80,80,80,0,0,0,6,6,600,600,0,0
1687.389,40,32,8,11,21,3,5,80,80,80,80,80,80,0,0,0,6,6,600,600,0,0
1688.389,40,32,8,11,21,3,5,80,80,80,80,80,80,0,0,0,6,6,600,600,0,0
1689.39,40,32,8,11,21,3,5,80,80,80,80,80,80,0,0,0,6,6,600,600,0,0
1690.39,40,32,8,11,21,3,5,80,80,80,80,80,80,0,0,0,6,6,600,600,0,0
1691.39,40,32,8,11,21,3,5,80,80,80,80,80,80,0,0,0,6,6,600,600,0,0
1692.39,40,32,8,11,21,3,5,80,80,80,80,80,80,0,0,0,6,6,600,600,0,0
1693.39,40,32,8,11,21,3,5,80,80,80,80,80,80,0,0,0,6,6,600,600,0,0
1694.39,40,32,8,11,21,3,5,80,80,80,80,80,80,0,0,0,6,6,600,600,0,0
1695.39,40,32,8,11,21,3,5,80,80,80,80,80,80,0,0,0,6,6,600,600,0,0
1696.39,40,32,8,11,21,3,5,80,80,80,80,80,80,0,0,0,6,6,600,600,0,0
1697.391,40,32,8,11,21,3,5,80,80,80,80,80,80,0,0,0,6,6,600,600,0,0
1698.391,40,32,8,11,21,3,5,80,80,80,80,80,80,0,0,0,6,6,600,600,0,0
1699.391,40,32,8,11,21,3,5,80,80,80,80,80,80,0,0,0,6,6,600,600,0,0
1700.391,40,32,8,11,21,3,5,80,80,80,80,80,80,0,0,0,6,6,600,600,0,0
1701.391,40,32,8,11,21,3,5,80,80,80,80,80,80,0,0,0,6,6,600,600,0,0
1702.391,40,32,8,11,21,3,5,80,80,80,80,80,80,0,0,0,6,6,600,600,0,0
1703.391,40,32,8,11,21,3,5,80,80,80,80,80,80,0,0,0,6,6,600,600,0,0
1704.391,40,32,8,11,21,3,5,80,80,80,80,80,80,0,0,0,6,6,600,600,0,0
1705.391,40,32,8,11,21,3,5,80,80,80,80,80,80,0,0,0,6,6,600,600,0,0
1706.392,40,32,8,11,21,3,5,80,80,80,80,80,80,0,0,0,6,6,600,600,0,0
1707.392,40,32,8,11,21,3,5,80,80,80,80,80,80,0,0,0,6,6,600,600,0,0
1708.392,40,32,8,11,21,3,5,80,80,80,80,80,80,0,0,0,6,6,600,600,0,0
1709.392,40,32,8,11,21,3,5,80,80,80,80,80,80,0,0,0,6,6,600,600,0,0
1710.392,40,32,8,11,21,3,5,80,80,80,80,80,80,0,0,0,6,6,600,600,0,0
1711.392,40,32,8,11,21,3,5,80,80,80,80,80,80,0,0,0,6,6,600,600,0,0
1712.392,40,32,8,11,21,3,5,80,80,80,80,80,80,0,0,0,6,6,600,600,0,0
1713.392,40,32,8,11,21,3,5,80,80,80,80,80,80,0,0,0,6,6,600,600,0,0
1714.393,40,32,8,11,21,3,5,80,80,80,80,80,80,0,0,0,6,6,600,600,0,0
1715.393,40,32,8,11,21,3,5,80,80,80,80,80,80,0,0,0,6,6,600,600,0,0
1716.393,40,32,8,11,21,3,5,80,80,80,80,80,80,0,0,0,6,6,600,600,0,0
1717.393,40,32,8,11,21,3,5,80,80,80,80,80,80,0,0,0,6,6,600,600,0,0
1718.393,40,32,8,11,21,3,5,80,80,80,80,80,80,0,0,0,6,6,600,600,0,0
1719.393,40,32,8,11,21,3,5,80,80,80,80,80,80,0,0,0,6,6,600,600,0,0
1720.393,40,32,8,11,21,3,5,80,80,80,80,80,80,0,0,0,6,6,600,600,0,0
1721.393,40,32,8,11,21,3,5,80,80,80,80,80,80,0,0,0,6,6,600,600,0,0
1722.394,40,32,8,11,21,3,5,80,80,80,80,80,80,0,0,0,6,6,600,600,0,0
1723.394,40,32,8,11,21,3,5,80,80,80,80,80,80,0,0,0,6,6,600,600,0,0
1724.394,40,32,8,11,21,3,5,80,80,80,80,80,80,0,0,0,6,6,600,600,0,0
1725.394,40,32,8,11,21,3,5,80,80,80,80,80,80,0,0,0,6,6,600,600,0,0
1726.394,40,32,8,11,21,3,5,80,80,80,80,80,80,0,0,0,6,6,600,600,0,0
1727.394,40,32,8,11,21,3,5,80,80,80,80,80,80,0,0,0,6,6,600,600,0,0
1728.394,40,32,8,11,21,3,5,80,80,80,80,80,80,0,0,0,6,6,600,600,0,0
1729.394,40,32,8,11,21,3,5,80,80,80,80,80,80,0,0,0,6,6,600,600,0,0
1730.395,40,32,8,11,21,3,5,80,80,80,80,80,80,0,0,0,6,6,600,600,0,0
1731.395,40,32,8,11,21,3,5,80,80,80,80,80,80,0,0,0,6,6,600,600,0,0
1732.395,40,32,8,11,21,3,5,80,80,80,80,80,80,0,0,0,6,6,600,600,0,0
1733.395,40,32,8,11,21,3,5,80,80,80,80,80,80,0,0,0,6,6,600,600,0,0
1734.395,40,32,8,11,21,3,5,80,80,80,80,80,80,0,0,0,6,6,600,600,0,0
1735.395,40,32,8,11,21,3,5,80,80,80,80,80,80,0,0,0,6,6,600,600,0,0
1736.395,40,32,8,11,21,3,5,80,80,80,80,80,80,0,0,0,6,6,600,600,0,0
1737.395,40,32,8,11,21,3,5,80,80,80,80,80,80,0,0,0,6,6,600,600,0,0
1738.396,40,32,8,11,21,3,5,80,80,80,80,80,80,0,0,0,6,6,600,600,0,0
1739.396,40,32,8,11,21,3,5,80,80,80,80,80,80,0,0,0,6,6,600,600,0,0
1740.396,40,32,8,11,21,3,5,80,80,80,80,80,80,0,0,0,6,6,600,600,0,0
1741.396,40,32,8,11,21,3,5,80,80,80,80,80,80,0,0,0,6,6,600,600,0,0
1742.396,40,32,8,11,21,3,5,80,80,80,80,80,80,0,0,0,6,6,600,600,0,0
1743.396,40,32,8,11,21,3,5,80,80,80,80,80,80,0,0,0,6,6,600,600,0,0
1744.396,40,32,8,11,21,3,5,80,80,80,80,80,80,0,0,0,6,6,600,600,0,0
1745.396,40,32,8,11,21,3,5,80,80,80,80,80,80,0,0,0,6,6,600,600,0,0
1746.396,40,32,8,11,21,3,5,80,80,80,80,80,80,0,0,0,6,6,600,600,0,0
1747.397,40,32,8,11,21,3,5,80,80,80,80,80,80,0,0,0,6,6,600,600,0,0
1748.397,40,32,8,11,21,3,5,80,80,80,80,80,80,0,0,0,6,6,600,600,0,0
1749.397,40,32,8,11,21,3,5,80,80,80,80,80,80,0,0,0,6,6,600,600,0,0
1750.397,40,32,8,11,21,3,5,80,80,80,80,80,80,0,0,0,6,6,600,600,0,0
1751.397,40,32,8,11,21,3,5,80,80,80,80,80,80,0,0,0,6,6,600,600,0,0
1752.397,40,32,8,11,21,3,5,80,80,80,80,80,80,0,0,0,6,6,600,600,0,0
1753.397,40,32,8,11,21,3,5,80,80,80,80,80,80,0,0,0,6,6,600,600,0,0
1754.397,40,32,8,11,21,3,5,80,80,80,80,80,80,0,0,0,6,6,600,600,0,0
1755.398,40,32,8,11,21,3,5,80,80,80,80,80,80,0,0,0,6,6,600,600,0,0
1756.398,40,32,8,11,21,3,5,80,80,80,80,80,80,0,0,0,6,6,600,600,0,0
1757.398,40,32,8,11,21,3,5,80,80,80,80,80,80,0,0,0,6,6,600,600,0,0
1758.398,40,32,8,11,21,3,5,80,80,80,80,80,80,0,0,0,6,6,600,600,0,0
1759.398,40,32,8,11,21,3,5,80,80,80,80,80,80,0,0,0,6,6,600,600,0,0
1760.398,40,32,8,11,21,3,5,80,80,80,80,80,80,0,0,0,6,6,600,600,0,0
1761.398,40,32,8,11,21,3,5,80,80,80,80,80,80,0,0,0,6,6,600,600,0,0
1762.398,40,32,8,11,21,3,5,80,80,80,80,80,80,0,0,0,6,6,600,600,0,0
1763.399,40,32,8,11,21,3,5,80,80,80,80,80,80,0,0,0,6,6,600,600,0,0
1764.399,40,32,8,11,21,3,5,80,80,80,80,80,80,0,0,0,6,6,600,600,0,0
1765.399,40,32,8,11,21,3,5,80,80,80,80,80,80,0,0,0,6,6,600,600,0,0
1766.399,40,32,8,11,21,3,5,80,80,80,80,80,80,0,0,0,6,6,600,600,0,0
1767.399,40,32,8,11,21,3,5,80,80,80,80,80,80,0,0,0,6,6,600,600,0,0
1768.399,40,32,8,11,21,3,5,80,80,80,80,80,80,0,0,0,6,6,600,600,0,0
1769.399,40,32,8,11,21,3,5,80,80,80,80,80,80,0,0,0,6,6,600,600,0,0
1770.399,40,32,8,11,21,3,5,80,80,80,80,80,80,0,0,0,6,6,600,600,0,0
1771.4,40,32,8,11,21,3,5,80,80,80,80,80,80,0,0,0,6,6,600,600,0,0
1772.4,40,32,8,11,21,3,5,80,80,80,80,80,80,0,0,0,6,6,600,600,0,0
1773.4,40,32,8,11,21,3,5,80,80,80,80,80,80,0,0,0,6,6,600,600,0,0
1774.4,40,32,8,11,21,3,5,80,80,80,80,80,80,0,0,0,6,6,600,600,0,0
1775.4,40,32,8,11,21,3,5,80,80,80,80,80,80,0,0,0,6,6,600,600,0,0
1776.4,40,32,8,11,21,3,5,80,80,80,80,80,80,0,0,0,6,6,600,600,0,0
1777.4,40,32,8,11,21,3,5,80,80,80,80,80,80,0,0,0,6,6,600,600,0,0
1778.4,40,32,8,11,21,3,5,80,80,80,80,80,80,0,0,0,6,6,600,600,0,0
1779.401,40,32,8,11,21,3,5,80,80,80,80,80,80,0,0,0,6,6,600,600,0,0
1780.401,40,32,8,11,21,3,5,80,80,80,80,80,80,0,0,0,6,6,600,600,0,0
1781.401,40,32,8,11,21,3,5,80,80,80,80,80,80,0,0,0,6,6,600,600,0,0
1782.401,40,32,8,11,21,3,5,80,80,80,80,80,80,0,0,0,6,6,600,600,0,0
1783.401,40,32,8,11,21,3,5,80,80,80,80,80,80,0,0,0,6,6,600,600,0,0
1784.401,40,32,8,11,21,3,5,80,80,80,80,80,80,0,0,0,6,6,600,600,0,0
1785.401,40,32,8,11,21,3,5,80,80,80,80,80,80,0,0,0,6,6,600,600,0,0
1786.401,40,32,8,11,21,3,5,80,80,80,80,80,80,0,0,0,6,6,600,600,0,0
1787.401,40,32,8,11,21,3,5,80,80,80,80,80,80,0,0,0,6,6,600,600,0,0
1788.402,40,32,8,11,21,3,5,80,80,80,80,80,80,0,0,0,6,6,600,600,0,0
1789.402,40,32,8,11,21,3,5,80,80,80,80,80,80,0,0,0,6,6,600,600,0,0
1790.402,40,32,8,11,21,3,5,80,80,80,80,80,80,0,0,0,6,6,600,600,0,0
1791.402,40,32,8,11,21,3,5,80,80,80,80,80,80,0,0,0,6,6,600,600,0,0
1792.402,40,32,8,11,21,3,5,80,80,80,80,80,80,0,0,0,6,6,600,600,0,0
1793.402,40,32,8,11,21,3,5,80,80,80,80,80,80,0,0,0,6,6,600,600,0,0
1794.402,40,32,8,11,21,3,5,80,80,80,80,80,80,0,0,0,6,6,600,600,0,0
1795.402,40,32,8,11,21,3,5,80,80,80,80,80,80,0,0,0,6,6,600,600,0,0
1796.403,40,32,8,11,21,3,5,80,80,80,80,80,80,0,0,0,6,6,600,600,0,0
1797.403,40,32,8,11,21,3,5,80,80,80,80,80,80,0,0,0,6,6,600,600,0,0
1798.403,40,32,8,11,21,3,5,80,80,80,80,80,80,0,0,0,6,6,600,600,0,0
1799.403,40,32,8,11,21,3,5,80,80,80,80,80,80,0,0,0,6,6,600,600,0,0
1800.403,40,32,8,11,21,3,5,80,80,80,80,80,80,0,0,0,6,6,600,600,0,0
1801.403,40,32,8,11,21,3,5,80,80,80,80,80,80,0,0,0,6,6,600,600,0,0
1802.403,40,32,8,11,21,3,5,80,80,80,80,80,80,0,0,0,6,6,600,600,0,0
1803.403,40,32,8,11,21,3,5,80,80,80,80,80,80,0,0,0,6,6,600,600,0,0
1804.404,40,32,8,11,21,3,5,80,80,80,80,80,80,0,0,0,6,6,600,600,0,0
1805.404,40,32,8,11,21,3,5,80,80,80,80,80,80,0,0,0,6,6,600,600,0,0
1806.404,40,32,8,11,21,3,5,80,80,80,80,80,80,0,0,0,6,6,600,600,0,0
1807.404,40,32,8,11,21,3,5,80,80,80,80,80,80,0,0,0,6,6,600,600,0,0
1808.404,40,32,8,11,21,3,5,80,80,80,80,80,80,0,0,0,6,6,600,600,0,0
1809.404,40,32,8,11,21,3,5,80,80,80,80,80,80,0,0,0,6,6,600,600,0,0
1810.404,40,32,8,11,21,3,5,80,80,80,80,80,80,0,0,0,6,6,600,600,0,0
1811.404,40,32,8,11,21,3,5,80,80,80,80,80,80,0,0,0,6,6,600,600,0,0
1812.405,40,32,8,11,21,3,5,80,80,80,80,80,80,0,0,0,6,6,600,600,0,0
1813.405,40,32,8,11,21,3,5,80,80,80,80,80,80,0,0,0,6,6,600,600,0,0
1814.405,40,32,8,11,21,3,5,80,80,80,80,80,80,0,0,0,6,6,600,600,0,0
1815.405,40,32,8,11,21,3,5,80,80,80,80,80,80,0,0,0,6,6,600,600,0,0
1816.405,40,32,8,11,21,3,5,80,80,80,80,80,80,0,0,0,6,6,600,600,0,0
1817.405,40,32,8,11,21,3,5,80,80,80,80,80,80,0,0,0,6,6,600,600,0,0
1818.405,40,32,8,11,21,3,5,80,80,80,80,80,80,0,0,0,6,6,600,600,0,0
1819.405,40,32,8,11,21,3,5,80,80,80,80,80,80,0,0,0,6,6,600,600,0,0
1820.406,40,32,8,11,21,3,5,80,80,80,80,80,80,0,0,0,6,6,600,600,0,0
1821.406,40,32,8,11,21,3,5,80,80,80,80,80,80,0,0,0,6,6,600,600,0,0
1822.406,40,32,8,11,21,3,5,80,80,80,80,80,80,0,0,0,6,6,600,600,0,0
1823.406,40,32,8,11,21,3,5,80,80,80,80,80,80,0,0,0,6,6,600,600,0,0
1824.406,40,32,8,11,21,3,5,80,80,80,80,80,80,0,0,0,6,6,600,600,0,0
1825.406,40,32,8,11,21,3,5,80,80,80,80,80,80,0,0,0,6,6,600,600,0,0
1826.406,40,32,8,11,21,3,5,80,80,80,80,80,80,0,0,0,6,6,600,600,0,0
1827.406,40,32,8,11,21,3,5,80,80,80,80,80,80,0,0,0,6,6,600,600,0,0
1828.406,40,32,8,11,21,3,5,80,80,80,80,80,80,0,0,0,6,6,600,600,0,0
1829.407,40,32,8,11,21,3,5,80,80,80,80,80,80,0,0,0,6,6,600,600,0,0
1830.407,40,32,8,11,21,3,5,80,80,80,80,80,80,0,0,0,6,6,600,600,0,0
1831.407,40,32,8,11,21,3,5,80,80,80,80,80,80,0,0,0,6,6,600,600,0,0
1832.407,40,32,8,11,21,3,5,80,80,80,80,80,80,0,0,0,6,6,600,600,0,0
1833.407,40,32,8,11,21,3,5,80,80,80,80,80,80,0,0,0,6,6,600,600,0,0
1834.407,40,32,8,11,21,3,5,80,80,80,80,80,80,0,0,0,6,6,600,600,0,0
1835.407,40,32,8,11,21,3,5,80,80,80,80,80,80,0,0,0,6,6,600,600,0,0
1836.407,40,32,8,11,21,3,5,80,80,80,80,80,80,0,0,0,6,6,600,600,0,0
1837.408,40,32,8,11,21,3,5,80,80,80,80,80,80,0,0,0,6,6,600,600,0,0
1838.408,40,32,8,11,21,3,5,80,80,80,80,80,80,0,0,0,6,6,600,600,0,0
1839.408,40,32,8,11,21,3,5,80,80,80,80,80,80,0,0,0,6,6,600,600,0,0
1840.408,40,32,8,11,21,3,5,80,80,80,80,80,80,0,0,0,6,6,600,600,0,0
1841.408,40,32,8,11,21,3,5,80,80,80,80,80,80,0,0,0,6,6,600,600,0,0
1842.408,40,32,8,11,21,3,5,80,80,80,80,80,80,0,0,0,6,6,600,600,0,0
1843.408,40,32,8,11,21,3,5,80,80,80,80,80,80,0,0,0,6,6,600,600,0,0
1844.408,40,32,8,11,21,3,5,80,80,80,80,80,80,0,0,0,6,6,600,600,0,0
1845.409,40,32,8,11,21,3,5,80,80,80,80,80,80,0,0,0,6,6,600,600,0,0
1846.409,40,32,8,11,21,3,5,80,80,80,80,80,80,0,0,0,6,6,600,600,0,0
1847.409,40,32,8,11,21,3,5,80,80,80,80,80,80,0,0,0,6,6,600,600,0,0
1848.409,40,32,8,11,21,3,5,80,80,80,80,80,80,0,0,0,6,6,600,600,0,0
1849.409,40,32,8,11,21,3,5,80,80,80,80,80,80,0,0,0,6,6,600,600,0,0
1850.409,40,32,8,11,21,3,5,80,80,80,80,80,80,0,0,0,6,6,600,600,0,0
1851.409,40,32,8,11,21,3,5,80,80,80,80,80,80,0,0,0,6,6,600,600,0,0
1852.409,40,32,8,11,21,3,5,80,80,80,80,80,80,0,0,0,6,6,600,600,0,0
1853.41,40,32,8,11,21,3,5,80,80,80,80,80,80,0,0,0,6,6,600,600,0,0
1854.41,40,32,8,11,21,3,5,80,80,80,80,80,80,0,0,0,6,6,600,600,0,0
1855.41,40,32,8,11,21,3,5,80,80,80,80,80,80,0,0,0,6,6,600,600,0,0
1856.41,40,32,8,11,21,3,5,80,80,80,80,80,80,0,0,0,6,6,600,600,0,0
1857.41,40,32,8,11,21,3,5,80,80,80,80,80,80,0,0,0,6,6,600,600,0,0
1858.41,40,32,8,11,21,3,5,80,80,80,80,80,80,0,0,0,6,6,600,600,0,0
1859.41,40,32,8,11,21,3,5,80,80,80,80,80,80,0,0,0,6,6,600,600,0,0
1860.41,40,32,8,11,21,3,5,80,80,80,80,80,80,0,0,0,6,6,600,600,0,0
1861.411,40,32,8,11,21,3,5,80,80,80,80,80,80,0,0,0,6,6,600,600,0,0
1862.411,40,32,8,11,21,3,5,80,80,80,80,80,80,0,0,0,6,6,600,600,0,0
1863.411,40,32,8,11,21,3,5,80,80,80,80,80,80,0,0,0,6,6,600,600,0,0
1864.411,40,32,8,11,21,3,5,80,80,80,80,80,80,0,0,0,6,6,600,600,0,0
1865.411,40,32,8,11,21,3,5,80,80,80,80,80,80,0,0,0,6,6,600,600,0,0
1866.411,40,32,8,11,21,3,5,80,80,80,80,80,80,0,0,0,6,6,600,600,0,0
1867.411,40,32,8,11,21,3,5,80,80,80,80,80,80,0,0,0,6,6,600,600,0,0
1868.411,40,32,8,11,21,3,5,80,80,80,80,80,80,0,0,0,6,6,600,600,0,0
1869.411,40,32,8,11,21,3,5,80,80,80,80,80,80,0,0,0,6,6,600,600,0,0
1870.412,40,32,8,11,21,3,5,80,80,80,80,80,80,0,0,0,6,6,600,600,0,0
1871.412,40,32,8,11,21,3,5,80,80,80,80,80,80,0,0,0,6,6,600,600,0,0
1872.412,40,32,8,11,21,3,5,80,80,80,80,80,80,0,0,0,6,6,600,600,0,0
1873.412,40,32,8,11,21,3,5,80,80,80,80,80,80,0,0,0,6,6,600,600,0,0
1874.412,40,32,8,11,21,3,5,80,80,80,80,80,80,0,0,0,6,6,600,600,0,0
1875.412,40,32,8,11,21,3,5,80,80,80,80,80,80,0,0,0,6,6,600,600,0,0
1876.412,40,32,8,11,21,3,5,80,80,80,80,80,80,0,0,0,6,6,600,600,0,0
1877.412,40,32,8,11,21,3,5,80,80,80,80,80,80,0,0,0,6,6,600,600,0,0
1878.413,40,32,8,11,21,3,5,80,80,80,80,80,80,0,0,0,6,6,600,600,0,0
1879.413,40,32,8,11,21,3,5,80,80,80,80,80,80,0,0,0,6,6,600,600,0,0
1880.413,40,32,8,11,21,3,5,80,80,80,80,80,80,0,0,0,6,6,600,600,0,0
1881.413,40,32,8,11,21,3,5,80,80,80,80,80,80,0,0,0,6,6,600,600,0,0
1882.413,40,32,8,11,21,3,5,80,80,80,80,80,80,0,0,0,6,6,600,600,0,0
1883.413,40,32,8,11,21,3,5,80,80,80,80,80,80,0,0,0,6,6,600,600,0,0
1884.413,40,32,8,11,21,3,5,80,80,80,80,80,80,0,0,0,6,6,600,600,0,0
1885.413,40,32,8,11,21,3,5,80,80,80,80,80,80,0,0,0,6,6,600,600,0,0
1886.414,40,32,8,11,21,3,5,80,80,80,80,80,80,0,0,0,6,6,600,600,0,0
1887.414,40,32,8,11,21,3,5,80,80,80,80,80,80,0,0,0,6,6,600,600,0,0
1888.414,40,32,8,11,21,3,5,80,80,80,80,80,80,0,0,0,6,6,600,600,0,0
1889.414,40,32,8,11,21,3,5,80,80,80,80,80,80,0,0,0,6,6,600,600,0,0
1890.414,40,32,8,11,21,3,5,80,80,80,80,80,80,0,0,0,6,6,600,600,0,0
1891.414,40,32,8,11,21,3,5,80,80,80,80,80,80,0,0,0,6,6,600,600,0,0
1892.414,40,32,8,11,21,3,5,80,80,80,80,80,80,0,0,0,6,6,600,600,0,0
1893.414,40,32,8,11,21,3,5,80,80,80,80,80,80,0,0,0,6,6,600,600,0,0
1894.415,40,32,8,11,21,3,5,80,80,80,80,80,80,0,0,0,6,6,600,600,0,0
1895.415,40,32,8,11,21,3,5,80,80,80,80,80,80,0,0,0,6,6,600,600,0,0
1896.415,40,32,8,11,21,3,5,80,80,80,80,80,80,0,0,0,6,6,600,600,0,0
1897.415,40,32,8,11,21,3,5,80,80,80,80,80,80,0,0,0,6,6,600,600,0,0
1898.415,40,32,8,11,21,3,5,80,80,80,80,80,80,0,0,0,6,6,600,600,0,0
1899.415,40,32,8,11,21,3,5,80,80,80,80,80,80,0,0,0,6,6,600,600,0,0
1900.415,40,32,8,11,21,3,5,80,80,80,80,80,80,0,0,0,6,6,600,600,0,0
1901.415,40,32,8,11,21,3,5,80,80,80,80,80,80,0,0,0,6,6,600,600,0,0
1902.416,40,32,8,11,21,3,5,80,80,80,80,80,80,0,0,0,6,6,600,600,0,0
1903.416,40,32,8,11,21,3,5,80,80,80,80,80,80,0,0,0,6,6,600,600,0,0
1904.416,40,32,8,11,21,3,5,80,80,80,80,80,80,0,0,0,6,6,600,600,0,0
1905.416,40,32,8,11,21,3,5,80,80,80,80,80,80,0,0,0,6,6,600,600,0,0
1906.416,40,32,8,11,21,3,5,80,80,80,80,80,80,0,0,0,6,6,600,600,0,0
1907.416,40,32,8,11,21,3,5,80,80,80,80,80,80,0,0,0,6,6,600,600,0,0
1908.416,40,32,8,11,21,3,5,80,80,80,80,80,80,0,0,0,6,6,600,600,0,0
1909.416,40,32,8,11,21,3,5,80,80,80,80,80,80,0,0,0,6,6,600,600,0,0
1910.417,40,32,8,11,21,3,5,80,80,80,80,80,80,0,0,0,6,6,600,600,0,0
1911.417,40,32,8,11,21,3,5,80,80,80,80,80,80,0,0,0,6,6,600,600,0,0
1912.417,40,32,8,11,21,3,5,80,80,80,80,80,80,0,0,0,6,6,600,600,0,0
1913.417,40,32,8,11,21,3,5,80,80,80,80,80,80,0,0,0,6,6,600,600,0,0
1914.417,40,32,8,11,21,3,5,80,80,80,80,80,80,0,0,0,6,6,600,600,0,0
1915.417,40,32,8,11,21,3,5,80,80,80,80,80,80,0,0,0,6,6,600,600,0,0
1916.417,40,32,8,11,21,3,5,80,80,80,80,80,80,0,0,0,6,6,600,600,0,0
1917.417,40,32,8,11,21,3,5,80,80,80,80,80,80,0,0,0,6,6,600,600,0,0
1918.417,40,32,8,11,21,3,5,80,80,80,80,80,80,0,0,0,6,6,600,600,0,0
1919.418,40,32,8,11,21,3,5,80,80,80,80,80,80,0,0,0,6,6,600,600,0,0
1920.418,40,32,8,11,21,3,5,80,80,80,80,80,80,0,0,0,6,6,600,600,0,0
1921.418,40,32,8,11,21,3,5,80,80,80,80,80,80,0,0,0,6,6,600,600,0,0
1922.418,40,32,8,11,21,3,5,80,80,80,80,80,80,0,0,0,6,6,600,600,0,0
1923.418,40,32,8,11,21,3,5,80,80,80,80,80,80,0,0,0,6,6,600,600,0,0
1924.418,40,32,8,11,21,3,5,80,80,80,80,80,80,0,0,0,6,6,600,600,0,0
1925.418,40,32,8,11,21,3,5,80,80,80,80,80,80,0,0,0,6,6,600,600,0,0
1926.418,40,32,8,11,21,3,5,80,80,80,80,80,80,0,0,0,6,6,600,600,0,0
1927.419,40,32,8,11,21,3,5,80,80,80,80,80,80,0,0,0,6,6,600,600,0,0
1928.419,40,32,8,11,21,3,5,80,80,80,80,80,80,0,0,0,6,6,600,600,0,0
1929.419,40,32,8,11,21,3,5,80,80,80,80,80,80,0,0,0,6,6,600,600,0,0
1930.419,40,32,8,11,21,3,5,80,80,80,80,80,80,0,0,0,6,6,600,600,0,0
1931.419,40,32,8,11,21,3,5,80,80,80,80,80,80,0,0,0,6,6,600,600,0,0
1932.419,40,32,8,11,21,3,5,80,80,80,80,80,80,0,0,0,6,6,600,600,0,0
1933.419,40,32,8,11,21,3,5,80,80,80,80,80,80,0,0,0,6,6,600,600,0,0
1934.419,40,32,8,11,21,3,5,80,80,80,80,80,80,0,0,0,6,6,600,600,0,0
1935.42,40,32,8,11,21,3,5,80,80,80,80,80,80,0,0,0,6,6,600,600,0,0
1936.42,40,32,8,11,21,3,5,80,80,80,80,80,80,0,0,0,6,6,600,600,0,0
1937.42,40,32,8,11,21,3,5,80,80,80,80,80,80,0,0,0,6,6,600,600,0,0
1938.42,40,32,8,11,21,3,5,80,80,80,80,80,80,0,0,0,6,6,600,600,0,0
1939.42,40,32,8,11,21,3,5,80,80,80,80,80,80,0,0,0,6,6,600,600,0,0
1940.42,40,32,8,11,21,3,5,80,80,80,80,80,80,0,0,0,6,6,600,600,0,0
1941.42,40,32,8,11,21,3,5,80,80,80,80,80,80,0,0,0,6,6,600,600,0,0
1942.42,40,32,8,11,21,3,5,80,80,80,80,80,80,0,0,0,6,6,600,600,0,0
1943.421,40,32,8,11,21,3,5,80,80,80,80,80,80,0,0,0,6,6,600,600,0,0
1944.421,40,32,8,11,21,3,5,80,80,80,80,80,80,0,0,0,6,6,600,600,0,0
1945.421,40,32,8,11,21,3,5,80,80,80,80,80,80,0,0,0,6,6,600,600,0,0
1946.421,40,32,8,11,21,3,5,80,80,80,80,80,80,0,0,0,6,6,600,600,0,0
1947.421,40,32,8,11,21,3,5,80,80,80,80,80,80,0,0,0,6,6,600,600,0,0
1948.421,40,32,8,11,21,3,5,80,80,80,80,80,80,0,0,0,6,6,600,600,0,0
1949.421,40,32,8,11,21,3,5,80,80,80,80,80,80,0,0,0,6,6,600,600,0,0
1950.421,40,32,8,11,21,3,5,80,80,80,80,80,80,0,0,0,6,6,600,600,0,0
1951.422,40,32,8,11,21,3,5,80,80,80,80,80,80,0,0,0,6,6,600,600,0,0
1952.422,40,32,8,11,21,3,5,80,80,80,80,80,80,0,0,0,6,6,600,600,0,0
1953.422,40,32,8,11,21,3,5,80,80,80,80,80,80,0,0,0,6,6,600,600,0,0
1954.422,40,32,8,11,21,3,5,80,80,80,80,80,80,0,0,0,6,6,600,600,0,0
1955.422,40,32,8,11,21,3,5,80,80,80,80,80,80,0,0,0,6,6,600,600,0,0
1956.422,40,32,8,11,21,3,5,80,80,80,80,80,80,0,0,0,6,6,600,600,0,0
1957.422,40,32,8,11,21,3,5,80,80,80,80,80,80,0,0,0,6,6,600,600,0,0
1958.422,40,32,8,11,21,3,5,80,80,80,80,80,80,0,0,0,6,6,600,600,0,0
1959.422,40,32,8,11,21,3,5,80,80,80,80,80,80,0,0,0,6,6,600,600,0,0
1960.423,40,32,8,11,21,3,5,80,80,80,80,80,80,0,0,0,6,6,600,600,0,0
1961.423,40,32,8,11,21,3,5,80,80,80,80,80,80,0,0,0,6,6,600,600,0,0
1962.423,40,32,8,11,21,3,5,80,80,80,80,80,80,0,0,0,6,6,600,600,0,0
1963.423,40,32,8,11,21,3,5,80,80,80,80,80,80,0,0,0,6,6,600,600,0,0
1964.423,40,32,8,11,21,3,5,80,80,80,80,80,80,0,0,0,6,6,600,600,0,0
1965.423,40,32,8,11,21,3,5,80,80,80,80,80,80,0,0,0,6,6,600,600,0,0
1966.423,40,32,8,11,21,3,5,80,80,80,80,80,80,0,0,0,6,6,600,600,0,0
1967.423,40,32,8,11,21,3,5,80,80,80,80,80,80,0,0,0,6,6,600,600,0,0
1968.424,40,32,8,11,21,3,5,80,80,80,80,80,80,0,0,0,6,6,600,600,0,0
1969.424,40,32,8,11,21,3,5,80,80,80,80,80,80,0,0,0,6,6,600,600,0,0
1970.424,40,32,8,11,21,3,5,80,80,80,80,80,80,0,0,0,6,6,600,600,0,0
1971.424,40,32,8,11,21,3,5,80,80,80,80,80,80,0,0,0,6,6,600,600,0,0
1972.424,40,32,8,11,21,3,5,80,80,80,80,80,80,0,0,0,6,6,600,600,0,0
1973.424,40,32,8,11,21,3,5,80,80,80,80,80,80,0,0,0,6,6,600,600,0,0
1974.424,40,32,8,11,21,3,5,80,80,80,80,80,80,0,0,0,6,6,600,600,0,0
1975.424,40,32,8,11,21,3,5,80,80,80,80,80,80,0,0,0,6,6,600,600,0,0
1976.425,40,32,8,11,21,3,5,80,80,80,80,80,80,0,0,0,6,6,600,600,0,0
1977.425,40,32,8,11,21,3,5,80,80,80,80,80,80,0,0,0,6,6,600,600,0,0
1978.425,40,32,8,11,21,3,5,80,80,80,80,80,80,0,0,0,6,6,600,600,0,0
1979.425,40,32,8,11,21,3,5,80,80,80,80,80,80,0,0,0,6,6,600,600,0,0
1980.425,40,32,8,11,21,3,5,80,80,80,80,80,80,0,0,0,6,6,600,600,0,0
1981.425,40,32,8,11,21,3,5,80,80,80,80,80,80,0,0,0,6,6,600,600,0,0
1982.425,40,32,8,11,21,3,5,80,80,80,80,80,80,0,0,0,6,6,600,600,0,0
1983.425,40,32,8,11,21,3,5,80,80,80,80,80,80,0,0,0,6,6,600,600,0,0
1984.426,40,32,8,11,21,3,5,80,80,80,80,80,80,0,0,0,6,6,600,600,0,0
1985.426,40,32,8,11,21,3,5,80,80,80,80,80,80,0,0,0,6,6,600,600,0,0
1986.426,40,32,8,11,21,3,5,80,80,80,80,80,80,0,0,0,6,6,600,600,0,0
1987.426,40,32,8,11,21,3,5,80,80,80,80,80,80,0,0,0,6,6,600,600,0,0
1988.426,40,32,8,11,21,3,5,80,80,80,80,80,80,0,0,0,6,6,600,600,0,0
1989.426,40,32,8,11,21,3,5,80,80,80,80,80,80,0,0,0,6,6,600,600,0,0
1990.426,40,32,8,11,21,3,5,80,80,80,80,80,80,0,0,0,6,6,600,600,0,0
1991.426,40,32,8,11,21,3,5,80,80,80,80,80,80,0,0,0,6,6,600,600,0,0
1992.427,40,32,8,11,21,3,5,80,80,80,80,80,80,0,0,0,6,6,600,600,0,0
1993.427,40,32,8,11,21,3,5,80,80,80,80,80,80,0,0,0,6,6,600,600,0,0
1994.427,40,32,8,11,21,3,5,80,80,80,80,80,80,0,0,0,6,6,600,600,0,0
1995.427,40,32,8,11,21,3,5,80,80,80,80,80,80,0,0,0,6,6,600,600,0,0
1996.427,40,32,8,11,21,3,5,80,80,80,80,80,80,0,0,0,6,6,600,600,0,0
1997.427,40,32,8,11,21,3,5,80,80,80,80,80,80,0,0,0,6,6,600,600,0,0
1998.427,40,32,8,11,21,3,5,80,80,80,80,80,80,0,0,0,6,6,600,600,0,0
1999.427,40,32,8,11,21,3,5,80,80,80,80,80,80,0,0,0,6,6,600,600,0,0
2000.427,40,32,8,11,21,3,5,80,80,80,80,80,80,0,0,0,6,6,600,600,0,0
2001.428,40,32,8,11,21,3,5,80,80,80,80,80,80,0,0,0,6,6,600,600,0,0
2002.428,40,32,8,11,21,3,5,80,80,80,80,80,80,0,0,0,6,6,600,600,0,0
2003.428,40,32,8,11,21,3,5,80,80,80,80,80,80,0,0,0,6,6,600,600,0,0
2004.428,40,32,8,11,21,3,5,80,80,80,80,80,80,0,0,0,6,6,600,600,0,0
2005.428,40,32,8,11,21,3,5,80,80,80,80,80,80,0,0,0,6,6,600,600,0,0
2006.428,40,32,8,11,21,3,5,80,80,80,80,80,80,0,0,0,6,6,600,600,0,0
2007.428,40,32,8,11,21,3,5,80,80,80,80,80,80,0,0,0,6,6,600,600,0,0
2008.428,40,32,8,11,21,3,5,80,80,80,80,80,80,0,0,0,6,6,600,600,0,0
2009.429,40,32,8,11,21,3,5,80,80,80,80,80,80,0,0,0,6,6,600,600,0,0
2010.429,40,32,8,11,21,3,5,80,80,80,80,80,80,0,0,0,6,6,600,600,0,0
2011.429,40,32,8,11,21,3,5,80,80,80,80,80,80,0,0,0,6,6,600,600,0,0
2012.429,40,32,8,11,21,3,5,80,80,80,80,80,80,0,0,0,6,6,600,600,0,0
2013.429,40,32,8,11,21,3,5,80,80,80,80,80,80,0,0,0,6,6,600,600,0,0
2014.429,40,32,8,11,21,3,5,80,80,80,80,80,80,0,0,0,6,6,600,600,0,0
2015.429,40,32,8,11,21,3,5,80,80,80,80,80,80,0,0,0,6,6,600,600,0,0
2016.429,40,32,8,11,21,3,5,80,80,80,80,80,80,0,0,0,6,6,600,600,0,0
2017.43,40,32,8,11,21,3,5,80,80,80,80,80,80,0,0,0,6,6,600,600,0,0
2018.43,40,32,8,11,21,3,5,80,80,80,80,80,80,0,0,0,6,6,600,600,0,0
2019.43,40,32,8,11,21,3,5,80,80,80,80,80,80,0,0,0,6,6,600,600,0,0
2020.43,40,32,8,11,21,3,5,80,80,80,80,80,80,0,0,0,6,6,600,600,0,0
2021.43,40,32,8,11,21,3,5,80,80,80,80,80,80,0,0,0,6,6,600,600,0,0
2022.43,40,32,8,11,21,3,5,80,80,80,80,80,80,0,0,0,6,6,600,600,0,0
2023.43,40,32,8,11,21,3,5,80,80,80,80,80,80,0,0,0,6,6,600,600,0,0
2024.43,40,32,8,11,21,3,5,80,80,80,80,80,80,0,0,0,6,6,600,600,0,0
2025.431,40,32,8,11,21,3,5,80,80,80,80,80,80,0,0,0,6,6,600,600,0,0
2026.431,40,32,8,11,21,3,5,80,80,80,80,80,80,0,0,0,6,6,600,600,0,0
2027.431,40,32,8,11,21,3,5,80,80,80,80,80,80,0,0,0,6,6,600,600,0,0
2028.431,40,32,8,11,21,3,5,80,80,80,80,80,80,0,0,0,6,6,600,600,0,0
2029.431,40,32,8,11,21,3,5,80,80,80,80,80,80,0,0,0,6,6,600,600,0,0
2030.431,40,32,8,11,21,3,5,80,80,80,80,80,80,0,0,0,6,6,600,600,0,0
2031.431,40,32,8,11,21,3,5,80,80,80,80,80,80,0,0,0,6,6,600,600,0,0
2032.431,40,32,8,11,21,3,5,80,80,80,80,80,80,0,0,0,6,6,600,600,0,0
2033.432,40,32,8,11,21,3,5,80,80,80,80,80,80,0,0,0,6,6,600,600,0,0
2034.432,40,32,8,11,21,3,5,80,80,80,80,80,80,0,0,0,6,6,600,600,0,0
2035.432,40,32,8,11,21,3,5,80,80,80,80,80,80,0,0,0,6,6,600,600,0,0
2036.432,40,32,8,11,21,3,5,80,80,80,80,80,80,0,0,0,6,6,600,600,0,0
2037.432,40,32,8,11,21,3,5,80,80,80,80,80,80,0,0,0,6,6,600,600,0,0
2038.432,40,32,8,11,21,3,5,80,80,80,80,80,80,0,0,0,6,6,600,600,0,0
2039.432,40,32,8,11,21,3,5,80,80,80,80,80,80,0,0,0,6,6,600,600,0,0
2040.432,40,32,8,11,21,3,5,80,80,80,80,80,80,0,0,0,6,6,600,600,0,0
2041.432,40,32,8,11,21,3,5,80,80,80,80,80,80,0,0,0,6,6,600,600,0,0
2042.433,40,32,8,11,21,3,5,80,80,80,80,80,80,0,0,0,6,6,600,600,0,0
2043.433,40,32,8,11,21,3,5,80,80,80,80,80,80,0,0,0,6,6,600,600,0,0
2044.433,40,32,8,11,21,3,5,80,80,80,80,80,80,0,0,0,6,6,600,600,0,0
2045.433,40,32,8,11,21,3,5,80,80,80,80,80,80,0,0,0,6,6,600,600,0,0
2046.433,40,32,8,11,21,3,5,80,80,80,80,80,80,0,0,0,6,6,600,600,0,0
2047.433,40,32,8,11,21,3,5,80,80,80,80,80,80,0,0,0,6,6,600,600,0,0
2048.433,40,32,8,11,21,3,5,80,80,80,80,80,80,0,0,0,6,6,600,600,0,0
2049.433,40,32,8,11,21,3,5,80,80,80,80,80,80,0,0,0,6,6,600,600,0,0
2050.433,40,32,8,11,21,3,5,80,80,80,80,80,80,0,0,0,6,6,600,600,0,0
2051.432,40,32,8,11,21,3,5,80,80,80,80,80,80,0,0,0,6,6,600,600,0,0
2052.432,40,32,8,11,21,3,5,80,80,80,80,80,80,0,0,0,6,6,600,600,0,0
2053.432,40,32,8,11,21,3,5,80,80,80,80,80,80,0,0,0,6,6,600,600,0,0
2054.432,40,32,8,11,21,3,5,80,80,80,80,80,80,0,0,0,6,6,600,600,0,0
2055.431,40,32,8,11,21,3,5,80,80,80,80,80,80,0,0,0,6,6,600,600,0,0
2056.431,40,32,8,11,21,3,5,80,80,80,80,80,80,0,0,0,6,6,600,600,0,0
2057.431,40,32,8,11,21,3,5,80,80,80,80,80,80,0,0,0,6,6,600,600,0,0
2058.431,40,32,8,11,21,3,5,80,80,80,80,80,80,0,0,0,6,6,600,600,0,0
2059.43,40,32,8,11,21,3,5,80,80,80,80,80,80,0,0,0,6,6,600,600,0,0
2060.43,40,32,8,11,21,3,5,80,80,80,80,80,80,0,0,0,6,6,600,600,0,0
2061.43,40,32,8,11,21,3,5,80,80,80,80,80,80,0,0,0,6,6,600,600,0,0
2062.43,40,32,8,11,21,3,5,80,80,80,80,80,80,0,0,0,6,6,600,600,0,0
2063.429,40,32,8,11,21,3,5,80,80,80,80,80,80,0,0,0,6,6,600,600,0,0
2064.429,40,32,8,11,21,3,5,80,80,80,80,80,80,0,0,0,6,6,600,600,0,0
2065.429,40,32,8,11,21,3,5,80,80,80,80,80,80,0,0,0,6,6,600,600,0,0
2066.429,40,32,8,11,21,3,5,80,80,80,80,80,80,0,0,0,6,6,600,600,0,0
2067.428,40,32,8,11,21,3,5,80,80,80,80,80,80,0,0,0,6,6,600,600,0,0
2068.428,40,32,8,11,21,3,5,80,80,80,80,80,80,0,0,0,6,6,600,600,0,0
2069.428,40,32,8,11,21,3,5,80,80,80,80,80,80,0,0,0,6,6,600,600,0,0
2070.428,40,32,8,11,21,3,5,80,80,80,80,80,80,0,0,0,6,6,600,600,0,0
2071.427,40,32,8,11,21,3,5,80,80,80,80,80,80,0,0,0,6,6,600,600,0,0
2072.427,40,32,8,11,21,3,5,80,80,80,80,80,80,0,0,0,6,6,600,600,0,0
2073.427,40,32,8,11,21,3,5,80,80,80,80,80,80,0,0,0,6,6,600,600,0,0
2074.427,40,32,8,11,21,3,5,80,80,80,80,80,80,0,0,0,6,6,600,600,0,0
2075.427,40,32,8,11,21,3,5,80,80,80,80,80,80,0,0,0,6,6,600,600,0,0
2076.426,40,32,8,11,21,3,5,80,80,80,80,80,80,0,0,0,6,6,600,600,0,0
2077.426,40,32,8,11,21,3,5,80,80,80,80,80,80,0,0,0,6,6,600,600,0,0
2078.426,40,32,8,11,21,3,5,80,80,80,80,80,80,0,0,0,6,6,600,600,0,0
2079.426,40,32,8,11,21,3,5,80,80,80,80,80,80,0,0,0,6,6,600,600,0,0
2080.425,40,32,8,11,21,3,5,80,80,80,80,80,80,0,0,0,6,6,600,600,0,0
2081.425,40,32,8,11,21,3,5,80,80,80,80,80,80,0,0,0,6,6,600,600,0,0
2082.425,40,32,8,11,21,3,5,80,80,80,80,80,80,0,0,0,6,6,600,600,0,0
2083.425,40,32,8,11,21,3,5,80,80,80,80,80,80,0,0,0,6,6,600,600,0,0
2084.424,40,32,8,11,21,3,5,80,80,80,80,80,80,0,0,0,6,6,600,600,0,0
2085.424,40,32,8,11,21,3,5,80,80,80,80,80,80,0,0,0,6,6,600,600,0,0
2086.424,40,32,8,11,21,3,5,80,80,80,80,80,80,0,0,0,6,6,600,600,0,0
2087.424,40,32,8,11,21,3,5,80,80,80,80,80,80,0,0,0,6,6,600,600,0,0
2088.423,40,32,8,11,21,3,5,80,80,80,80,80,80,0,0,0,6,6,600,600,0,0
2089.423,40,32,8,11,21,3,5,80,80,80,80,80,80,0,0,0,6,6,600,600,0,0
2090.423,40,32,8,11,21,3,5,80,80,80,80,80,80,0,0,0,6,6,600,600,0,0
2091.423,40,32,8,11,21,3,5,80,80,80,80,80,80,0,0,0,6,6,600,600,0,0
2092.422,40,32,8,11,21,3,5,80,80,80,80,80,80,0,0,0,6,6,600,600,0,0
2093.422,40,32,8,11,21,3,5,80,80,80,80,80,80,0,0,0,6,6,600,600,0,0
2094.422,40,32,8,11,21,3,5,80,80,80,80,80,80,0,0,0,6,6,600,600,0,0
2095.422,40,32,8,11,21,3,5,80,80,80,80,80,80,0,0,0,6,6,600,600,0,0
2096.421,40,32,8,11,21,3,5,80,80,80,80,80,80,0,0,0,6,6,600,600,0,0
2097.421,40,32,8,11,21,3,5,80,80,80,80,80,80,0,0,0,6,6,600,600,0,0
2098.421,40,32,8,11,21,3,5,80,80,80,80,80,80,0,0,0,6,6,600,600,0,0
2099.421,40,32,8,11,21,3,5,80,80,80,80,80,80,0,0,0,6,6,600,600,0,0
2100.42,40,32,8,11,21,3,5,80,80,80,80,80,80,0,0,0,6,6,600,600,0,0
2101.42,40,32,8,11,21,3,5,80,80,80,80,80,80,0,0,0,6,6,600,600,0,0
2102.42,40,32,8,11,21,3,5,80,80,80,80,80,80,0,0,0,6,6,600,600,0,0
2103.42,40,32,8,11,21,3,5,80,80,80,80,80,80,0,0,0,6,6,600,600,0,0
2104.419,40,32,8,11,21,3,5,80,80,80,80,80,80,0,0,0,6,6,600,600,0,0
2105.419,40,32,8,11,21,3,5,80,80,80,80,80,80,0,0,0,6,6,600,600,0,0
2106.419,40,32,8,11,21,3,5,80,80,80,80,80,80,0,0,0,6,6,600,600,0,0
2107.419,40,32,8,11,21,3,5,80,80,80,80,80,80,0,0,0,6,6,600,600,0,0
2108.418,40,32,8,11,21,3,5,80,80,80,80,80,80,0,0,0,6,6,600,600,0,0
2109.418,40,32,8,11,21,3,5,80,80,80,80,80,80,0,0,0,6,6,600,600,0,0
2110.418,40,32,8,11,21,3,5,80,80,80,80,80,80,0,0,0,6,6,600,600,0,0
2111.418,40,32,8,11,21,3,5,80,80,80,80,80,80,0,0,0,6,6,600,600,0,0
2112.417,40,32,8,11,21,3,5,80,80,80,80,80,80,0,0,0,6,6,600,600,0,0
2113.417,40,32,8,11,21,3,5,80,80,80,80,80,80,0,0,0,6,6,600,600,0,0
2114.417,40,32,8,11,21,3,5,80,80,80,80,80,80,0,0,0,6,6,600,600,0,0
2115.417,40,32,8,11,21,3,5,80,80,80,80,80,80,0,0,0,6,6,600,600,0,0
2116.417,40,32,8,11,21,3,5,80,80,80,80,80,80,0,0,0,6,6,600,600,0,0
2117.416,40,32,8,11,21,3,5,80,80,80,80,80,80,0,0,0,6,6,600,600,0,0
2118.416,40,32,8,11,21,3,5,80,80,80,80,80,80,0,0,0,6,6,600,600,0,0
2119.416,40,32,8,11,21,3,5,80,80,80,80,80,80,0,0,0,6,6,600,600,0,0
2120.416,40,32,8,11,21,3,5,80,80,80,80,80,80,0,0,0,6,6,600,600,0,0
2121.415,40,32,8,11,21,3,5,80,80,80,80,80,80,0,0,0,6,6,600,600,0,0
2122.415,40,32,8,11,21,3,5,80,80,80,80,80,80,0,0,0,6,6,600,600,0,0
2123.415,40,32,8,11,21,3,5,80,80,80,80,80,80,0,0,0,6,6,600,600,0,0
2124.415,40,32,8,11,21,3,5,80,80,80,80,80,80,0,0,0,6,6,600,600,0,0
2125.414,40,32,8,11,21,3,5,80,80,80,80,80,80,0,0,0,6,6,600,600,0,0
2126.414,40,32,8,11,21,3,5,80,80,80,80,80,80,0,0,0,6,6,600,600,0,0
2127.414,40,32,8,11,21,3,5,80,80,80,80,80,80,0,0,0,6,6,600,600,0,0
2128.414,40,32,8,11,21,3,5,80,80,80,80,80,80,0,0,0,6,6,600,600,0,0
2129.413,40,32,8,11,21,3,5,80,80,80,80,80,80,0,0,0,6,6,600,600,0,0
2130.413,40,32,8,11,21,3,5,80,80,80,80,80,80,0,0,0,6,6,600,600,0,0
2131.413,40,32,8,11,21,3,5,80,80,80,80,80,80,0,0,0,6,6,600,600,0,0
2132.413,40,32,8,11,21,3,5,80,80,80,80,80,80,0,0,0,6,6,600,600,0,0
2133.412,40,32,8,11,21,3,5,80,80,80,80,80,80,0,0,0,6,6,600,600,0,0
2134.412,40,32,8,11,21,3,5,80,80,80,80,80,80,0,0,0,6,6,600,600,0,0
2135.412,40,32,8,11,21,3,5,80,80,80,80,80,80,0,0,0,6,6,600,600,0,0
2136.412,40,32,8,11,21,3,5,80,80,80,80,80,80,0,0,0,6,6,600,600,0,0
2137.411,40,32,8,11,21,3,5,80,80,80,80,80,80,0,0,0,6,6,600,600,0,0
2138.411,40,32,8,11,21,3,5,80,80,80,80,80,80,0,0,0,6,6,600,600,0,0
2139.411,40,32,8,11,21,3,5,80,80,80,80,80,80,0,0,0,6,6,600,600,0,0
2140.411,40,32,8,11,21,3,5,80,80,80,80,80,80,0,0,0,6,6,600,600,0,0
2141.41,40,32,8,11,21,3,5,80,80,80,80,80,80,0,0,0,6,6,600,600,0,0
2142.41,40,32,8,11,21,3,5,80,80,80,80,80,80,0,0,0,6,6,600,600,0,0
2143.41,40,32,8,11,21,3,5,80,80,80,80,80,80,0,0,0,6,6,600,600,0,0
2144.41,40,32,8,11,21,3,5,80,80,80,80,80,80,0,0,0,6,6,600,600,0,0
2145.409,40,32,8,11,21,3,5,80,80,80,80,80,80,0,0,0,6,6,600,600,0,0
2146.409,40,32,8,11,21,3,5,80,80,80,80,80,80,0,0,0,6,6,600,600,0,0
2147.409,40,32,8,11,21,3,5,80,80,80,80,80,80,0,0,0,6,6,600,600,0,0
2148.409,40,32,8,11,21,3,5,80,80,80,80,80,80,0,0,0,6,6,600,600,0,0
2149.408,40,32,8,11,21,3,5,80,80,80,80,80,80,0,0,0,6,6,600,600,0,0
2150.408,40,32,8,11,21,3,5,80,80,80,80,80,80,0,0,0,6,6,600,600,0,0
2151.408,40,32,8,11,21,3,5,80,80,80,80,80,80,0,0,0,6,6,600,600,0,0
2152.408,40,32,8,11,21,3,5,80,80,80,80,80,80,0,0,0,6,6,600,600,0,0
2153.407,40,32,8,11,21,3,5,80,80,80,80,80,80,0,0,0,6,6,600,600,0,0
2154.407,40,32,8,11,21,3,5,80,80,80,80,80,80,0,0,0,6,6,600,600,0,0
2155.407,40,32,8,11,21,3,5,80,80,80,80,80,80,0,0,0,6,6,600,600,0,0
2156.407,40,32,8,11,21,3,5,80,80,80,80,80,80,0,0,0,6,6,600,600,0,0
2157.406,40,32,8,11,21,3,5,80,80,80,80,80,80,0,0,0,6,6,600,600,0,0
2158.406,40,32,8,11,21,3,5,80,80,80,80,80,80,0,0,0,6,6,600,600,0,0
2159.406,40,32,8,11,21,3,5,80,80,80,80,80,80,0,0,0,6,6,600,600,0,0
2160.406,40,32,8,11,21,3,5,80,80,80,80,80,80,0,0,0,6,6,600,600,0,0
2161.406,40,32,8,11,21,3,5,80,80,80,80,80,80,0,0,0,6,6,600,600,0,0
2162.405,40,32,8,11,21,3,5,80,80,80,80,80,80,0,0,0,6,6,600,600,0,0
2163.405,40,32,8,11,21,3,5,80,80,80,80,80,80,0,0,0,6,6,600,600,0,0
2164.405,40,32,8,11,21,3,5,80,80,80,80,80,80,0,0,0,6,6,600,600,0,0
2165.405,40,32,8,11,21,3,5,80,80,80,80,80,80,0,0,0,6,6,600,600,0,0
2166.404,40,32,8,11,21,3,5,80,80,80,80,80,80,0,0,0,6,6,600,600,0,0
2167.404,40,32,8,11,21,3,5,80,80,80,80,80,80,0,0,0,6,6,600,600,0,0
2168.404,40,32,8,11,21,3,5,80,80,80,80,80,80,0,0,0,6,6,600,600,0,0
2169.404,40,32,8,11,21,3,5,80,80,80,80,80,80,0,0,0,6,6,600,600,0,0
2170.403,40,32,8,11,21,3,5,80,80,80,80,80,80,0,0,0,6,6,600,600,0,0
2171.403,40,32,8,11,21,3,5,80,80,80,80,80,80,0,0,0,6,6,600,600,0,0
2172.403,40,32,8,11,21,3,5,80,80,80,80,80,80,0,0,0,6,6,600,600,0,0
2173.403,40,32,8,11,21,3,5,80,80,80,80,80,80,0,0,0,6,6,600,600,0,0
2174.402,40,32,8,11,21,3,5,80,80,80,80,80,80,0,0,0,6,6,600,600,0,0
2175.402,40,32,8,11,21,3,5,80,80,80,80,80,80,0,0,0,6,6,600,600,0,0
2176.402,40,32,8,11,21,3,5,80,80,80,80,80,80,0,0,0,6,6,600,600,0,0
2177.402,40,32,8,11,21,3,5,80,80,80,80,80,80,0,0,0,6,6,600,600,0,0
2178.401,40,32,8,11,21,3,5,80,80,80,80,80,80,0,0,0,6,6,600,600,0,0
2179.401,40,32,8,11,21,3,5,80,80,80,80,80,80,0,0,0,6,6,600,600,0,0
2180.401,40,32,8,11,21,3,5,80,80,80,80,80,80,0,0,0,6,6,600,600,0,0
2181.401,40,32,8,11,21,3,5,80,80,80,80,80,80,0,0,0,6,6,600,600,0,0
2182.4,40,32,8,11,21,3,5,80,80,80,80,80,80,0,0,0,6,6,600,600,0,0
2183.4,40,32,8,11,21,3,5,80,80,80,80,80,80,0,0,0,6,6,600,600,0,0
2184.4,40,32,8,11,21,3,5,80,80,80,80,80,80,0,0,0,6,6,600,600,0,0
2185.4,40,32,8,11,21,3,5,80,80,80,80,80,80,0,0,0,6,6,600,600,0,0
2186.399,40,32,8,11,21,3,5,80,80,80,80,80,80,0,0,0,6,6,600,600,0,0
2187.399,40,32,8,11,21,3,5,80,80,80,80,80,80,0,0,0,6,6,600,600,0,0
2188.399,40,32,8,11,21,3,5,80,80,80,80,80,80,0,0,0,6,6,600,600,0,0
2189.399,40,32,8,11,21,3,5,80,80,80,80,80,80,0,0,0,6,6,600,600,0,0
2190.398,40,32,8,11,21,3,5,80,80,80,80,80,80,0,0,0,6,6,600,600,0,0
2191.398,40,32,8,11,21,3,5,80,80,80,80,80,80,0,0,0,6,6,600,600,0,0
2192.398,40,32,8,11,21,3,5,80,80,80,80,80,80,0,0,0,6,6,600,600,0,0
2193.398,40,32,8,11,21,3,5,80,80,80,80,80,80,0,0,0,6,6,600,600,0,0
2194.397,40,32,8,11,21,3,5,80,80,80,80,80,80,0,0,0,6,6,600,600,0,0
2195.397,40,32,8,11,21,3,5,80,80,80,80,80,80,0,0,0,6,6,600,600,0,0
2196.397,40,32,8,11,21,3,5,80,80,80,80,80,80,0,0,0,6,6,600,600,0,0
2197.397,40,32,8,11,21,3,5,80,80,80,80,80,80,0,0,0,6,6,600,600,0,0
2198.396,40,32,8,11,21,3,5,80,80,80,80,80,80,0,0,0,6,6,600,600,0,0
2199.396,40,32,8,11,21,3,5,80,80,80,80,80,80,0,0,0,6,6,600,600,0,0
2200.396,40,32,8,11,21,3,5,80,80,80,80,80,80,0,0,0,6,6,600,600,0,0
2201.396,40,32,8,11,21,3,5,80,80,80,80,80,80,0,0,0,6,6,600,600,0,0
2202.396,40,32,8,11,21,3,5,80,80,80,80,80,80,0,0,0,6,6,600,600,0,0
2203.395,40,32,8,11,21,3,5,80,80,80,80,80,80,0,0,0,6,6,600,600,0,0
2204.395,40,32,8,11,21,3,5,80,80,80,80,80,80,0,0,0,6,6,600,600,0,0
2205.395,40,32,8,11,21,3,5,80,80,80,80,80,80,0,0,0,6,6,600,600,0,0
2206.395,40,32,8,11,21,3,5,80,80,80,80,80,80,0,0,0,6,6,600,600,0,0
2207.394,40,32,8,11,21,3,5,80,80,80,80,80,80,0,0,0,6,6,600,600,0,0
2208.394,40,32,8,11,21,3,5,80,80,80,80,80,80,0,0,0,6,6,600,600,0,0
2209.394,40,32,8,11,21,3,5,80,80,80,80,80,80,0,0,0,6,6,600,600,0,0
2210.394,40,32,8,11,21,3,5,80,80,80,80,80,80,0,0,0,6,6,600,600,0,0
2211.393,40,32,8,11,21,3,5,80,80,80,80,80,80,0,0,0,6,6,600,600,0,0
2212.393,40,32,8,11,21,3,5,80,80,80,80,80,80,0,0,0,6,6,600,600,0,0
2213.393,40,32,8,11,21,3,5,80,80,80,80,80,80,0,0,0,6,6,600,600,0,0
2214.393,40,32,8,11,21,3,5,80,80,80,80,80,80,0,0,0,6,6,600,600,0,0
2215.392,40,32,8,11,21,3,5,80,80,80,80,80,80,0,0,0,6,6,600,600,0,0
2216.392,40,32,8,11,21,3,5,80,80,80,80,80,80,0,0,0,6,6,600,600,0,0
2217.392,40,32,8,11,21,3,5,80,80,80,80,80,80,0,0,0,6,6,600,600,0,0
2218.392,40,32,8,11,21,3,5,80,80,80,80,80,80,0,0,0,6,6,600,600,0,0
2219.391,40,32,8,11,21,3,5,80,80,80,80,80,80,0,0,0,6,6,600,600,0,0
2220.391,40,32,8,11,21,3,5,80,80,80,80,80,80,0,0,0,6,6,600,600,0,0
2221.391,40,32,8,11,21,3,5,80,80,80,80,80,80,0,0,0,6,6,600,600,0,0
2222.391,40,32,8,11,21,3,5,80,80,80,80,80,80,0,0,0,6,6,600,600,0,0
2223.39,40,32,8,11,21,3,5,80,80,80,80,80,80,0,0,0,6,6,600,600,0,0
2224.39,40,32,8,11,21,3,5,80,80,80,80,80,80,0,0,0,6,6,600,600,0,0
2225.39,40,32,8,11,21,3,5,80,80,80,80,80,80,0,0,0,6,6,600,600,0,0
2226.39,40,32,8,11,21,3,5,80,80,80,80,80,80,0,0,0,6,6,600,600,0,0
2227.389,40,32,8,11,21,3,5,80,80,80,80,80,80,0,0,0,6,6,600,600,0,0
2228.389,40,32,8,11,21,3,5,80,80,80,80,80,80,0,0,0,6,6,600,600,0,0
2229.389,40,32,8,11,21,3,5,80,80,80,80,80,80,0,0,0,6,6,600,600,0,0
2230.389,40,32,8,11,21,3,5,80,80,80,80,80,80,0,0,0,6,6,600,600,0,0
2231.388,40,32,8,11,21,3,5,80,80,80,80,80,80,0,0,0,6,6,600,600,0,0
2232.388,40,32,8,11,21,3,5,80,80,80,80,80,80,0,0,0,6,6,600,600,0,0
2233.388,40,32,8,11,21,3,5,80,80,80,80,80,80,0,0,0,6,6,600,600,0,0
2234.388,40,32,8,11,21,3,5,80,80,80,80,80,80,0,0,0,6,6,600,600,0,0
2235.387,40,32,8,11,21,3,5,80,80,80,80,80,80,0,0,0,6,6,600,600,0,0
2236.387,40,32,8,11,21,3,5,80,80,80,80,80,80,0,0,0,6,6,600,600,0,0
2237.387,40,32,8,11,21,3,5,80,80,80,80,80,80,0,0,0,6,6,600,600,0,0
2238.387,40,32,8,11,21,3,5,80,80,80,80,80,80,0,0,0,6,6,600,600,0,0
2239.386,40,32,8,11,21,3,5,80,80,80,80,80,80,0,0,0,6,6,600,600,0,0
2240.386,40,32,8,11,21,3,5,80,80,80,80,80,80,0,0,0,6,6,600,600,0,0
2241.386,40,32,8,11,21,3,5,80,80,80,80,80,80,0,0,0,6,6,600,600,0,0
2242.386,40,32,8,11,21,3,5,80,80,80,80,80,80,0,0,0,6,6,600,600,0,0
2243.385,40,32,8,11,21,3,5,80,80,80,80,80,80,0,0,0,6,6,600,600,0,0
2244.385,40,32,8,11,21,3,5,80,80,80,80,80,80,0,0,0,6,6,600,600,0,0
2245.385,40,32,8,11,21,3,5,80,80,80,80,80,80,0,0,0,6,6,600,600,0,0
2246.385,40,32,8,11,21,3,5,80,80,80,80,80,80,0,0,0,6,6,600,600,0,0
2247.385,40,32,8,11,21,3,5,80,80,80,80,80,80,0,0,0,6,6,600,600,0,0
2248.384,40,32,8,11,21,3,5,80,80,80,80,80,80,0,0,0,6,6,600,600,0,0
2249.384,40,32,8,11,21,3,5,80,80,80,80,80,80,0,0,0,6,6,600,600,0,0
2250.384,40,32,8,11,21,3,5,80,80,80,80,80,80,0,0,0,6,6,600,600,0,0
2251.384,40,32,8,11,21,3,5,80,80,80,80,80,80,0,0,0,6,6,600,600,0,0
2252.383,40,32,8,11,21,3,5,80,80,80,80,80,80,0,0,0,6,6,600,600,0,0
2253.383,40,32,8,11,21,3,5,80,80,80,80,80,80,0,0,0,6,6,600,600,0,0
2254.383,40,32,8,11,21,3,5,80,80,80,80,80,80,0,0,0,6,6,600,600,0,0
2255.383,40,32,8,11,21,3,5,80,80,80,80,80,80,0,0,0,6,6,600,600,0,0
2256.382,40,32,8,11,21,3,5,80,80,80,80,80,80,0,0,0,6,6,600,600,0,0
2257.382,40,32,8,11,21,3,5,80,80,80,80,80,80,0,0,0,6,6,600,600,0,0
2258.382,40,32,8,11,21,3,5,80,80,80,80,80,80,0,0,0,6,6,600,600,0,0
2259.382,40,32,8,11,21,3,5,80,80,80,80,80,80,0,0,0,6,6,600,600,0,0
2260.381,40,32,8,11,21,3,5,80,80,80,80,80,80,0,0,0,6,6,600,600,0,0
2261.381,40,32,8,11,21,3,5,80,80,80,80,80,80,0,0,0,6,6,600,600,0,0
2262.381,40,32,8,11,21,3,5,80,80,80,80,80,80,0,0,0,6,6,600,600,0,0
2263.381,40,32,8,11,21,3,5,80,80,80,80,80,80,0,0,0,6,6,600,600,0,0
2264.38,40,32,8,11,21,3,5,80,80,80,80,80,80,0,0,0,6,6,600,600,0,0
2265.38,40,32,8,11,21,3,5,80,80,80,80,80,80,0,0,0,6,6,600,600,0,0
2266.38,40,32,8,11,21,3,5,80,80,80,80,80,80,0,0,0,6,6,600,600,0,0
2267.38,40,32,8,11,21,3,5,80,80,80,80,80,80,0,0,0,6,6,600,600,0,0
2268.379,40,32,8,11,21,3,5,80,80,80,80,80,80,0,0,0,6,6,600,600,0,0
2269.379,40,32,8,11,21,3,5,80,80,80,80,80,80,0,0,0,6,6,600,600,0,0
2270.379,40,32,8,11,21,3,5,80,80,80,80,80,80,0,0,0,6,6,600,600,0,0
2271.379,40,32,8,11,21,3,5,80,80,80,80,80,80,0,0,0,6,6,600,600,0,0
2272.378,40,32,8,11,21,3,5,80,80,80,80,80,80,0,0,0,6,6,600,600,0,0
2273.378,40,32,8,11,21,3,5,80,80,80,80,80,80,0,0,0,6,6,600,600,0,0
2274.378,40,32,8,11,21,3,5,80,80,80,80,80,80,0,0,0,6,6,600,600,0,0
2275.378,40,32,8,11,21,3,5,80,80,80,80,80,80,0,0,0,6,6,600,600,0,0
2276.377,40,32,8,11,21,3,5,80,80,80,80,80,80,0,0,0,6,6,600,600,0,0
2277.377,40,32,8,11,21,3,5,80,80,80,80,80,80,0,0,0,6,6,600,600,0,0
2278.377,40,32,8,11,21,3,5,80,80,80,80,80,80,0,0,0,6,6,600,600,0,0
2279.377,40,32,8,11,21,3,5,80,80,80,80,80,80,0,0,0,6,6,600,600,0,0
2280.376,40,32,8,11,21,3,5,80,80,80,80,80,80,0,0,0,6,6,600,600,0,0
2281.376,40,32,8,11,21,3,5,80,80,80,80,80,80,0,0,0,6,6,600,600,0,0
2282.376,40,32,8,11,21,3,5,80,80,80,80,80,80,0,0,0,6,6,600,600,0,0
2283.376,40,32,8,11,21,3,5,80,80,80,80,80,80,0,0,0,6,6,600,600,0,0
2284.375,40,32,8,11,21,3,5,80,80,80,80,80,80,0,0,0,6,6,600,600,0,0
2285.375,40,32,8,11,21,3,5,80,80,80,80,80,80,0,0,0,6,6,600,600,0,0
2286.375,40,32,8,11,21,3,5,80,80,80,80,80,80,0,0,0,6,6,600,600,0,0
2287.375,40,32,8,11,21,3,5,80,80,80,80,80,80,0,0,0,6,6,600,600,0,0
2288.375,40,32,8,11,21,3,5,80,80,80,80,80,80,0,0,0,6,6,600,600,0,0
2289.374,40,32,8,11,21,3,5,80,80,80,80,80,80,0,0,0,6,6,600,600,0,0
2290.374,40,32,8,11,21,3,5,80,80,80,80,80,80,0,0,0,6,6,600,600,0,0
2291.374,40,32,8,11,21,3,5,80,80,80,80,80,80,0,0,0,6,6,600,600,0,0
2292.374,40,32,8,11,21,3,5,80,80,80,80,80,80,0,0,0,6,6,600,600,0,0
2293.373,40,32,8,11,21,3,5,80,80,80,80,80,80,0,0,0,6,6,600,600,0,0
2294.373,40,32,8,11,21,3,5,80,80,80,80,80,80,0,0,0,6,6,600,600,0,0
2295.373,40,32,8,11,21,3,5,80,80,80,80,80,80,0,0,0,6,6,600,600,0,0
2296.373,40,32,8,11,21,3,5,80,80,80,80,80,80,0,0,0,6,6,600,600,0,0
2297.372,40,32,8,11,21,3,5,80,80,80,80,80,80,0,0,0,6,6,600,600,0,0
2298.372,40,32,8,11,21,3,5,80,80,80,80,80,80,0,0,0,6,6,600,600,0,0
2299.372,40,32,8,11,21,3,5,80,80,80,80,80,80,0,0,0,6,6,600,600,0,0
2300.372,40,32,8,11,21,3,5,80,80,80,80,80,80,0,0,0,6,6,600,600,0,0
2301.371,40,32,8,11,21,3,5,80,80,80,80,80,80,0,0,0,6,6,600,600,0,0
2302.371,40,32,8,11,21,3,5,80,80,80,80,80,80,0,0,0,6,6,600,600,0,0
2303.371,40,32,8,11,21,3,5,80,80,80,80,80,80,0,0,0,6,6,600,600,0,0
2304.371,40,32,8,11,21,3,5,80,80,80,80,80,80,0,0,0,6,6,600,600,0,0
2305.37,40,32,8,11,21,3,5,80,80,80,80,80,80,0,0,0,6,6,600,600,0,0
2306.37,40,32,8,11,21,3,5,80,80,80,80,80,80,0,0,0,6,6,600,600,0,0
2307.37,40,32,8,11,21,3,5,80,80,80,80,80,80,0,0,0,6,6,600,600,0,0
2308.37,40,32,8,11,21,3,5,80,80,80,80,80,80,0,0,0,6,6,600,600,0,0
2309.369,40,32,8,11,21,3,5,80,80,80,80,80,80,0,0,0,6,6,600,600,0,0
2310.369,40,32,8,11,21,3,5,80,80,80,80,80,80,0,0,0,6,6,600,600,0,0
2311.369,40,32,8,11,21,3,5,80,80,80,80,80,80,0,0,0,6,6,600,600,0,0
2312.369,40,32,8,11,21,3,5,80,80,80,80,80,80,0,0,0,6,6,600,600,0,0
2313.368,40,32,8,11,21,3,5,80,80,80,80,80,80,0,0,0,6,6,600,600,0,0
2314.368,40,32,8,11,21,3,5,80,80,80,80,80,80,0,0,0,6,6,600,600,0,0
2315.368,40,32,8,11,21,3,5,80,80,80,80,80,80,0,0,0,6,6,600,600,0,0
2316.368,40,32,8,11,21,3,5,80,80,80,80,80,80,0,0,0,6,6,600,600,0,0
2317.367,40,32,8,11,21,3,5,80,80,80,80,80,80,0,0,0,6,6,600,600,0,0
2318.367,40,32,8,11,21,3,5,80,80,80,80,80,80,0,0,0,6,6,600,600,0,0
2319.367,40,32,8,11,21,3,5,80,80,80,80,80,80,0,0,0,6,6,600,600,0,0
2320.367,40,32,8,11,21,3,5,80,80,80,80,80,80,0,0,0,6,6,600,600,0,0
2321.366,40,32,8,11,21,3,5,80,80,80,80,80,80,0,0,0,6,6,600,600,0,0
2322.366,40,32,8,11,21,3,5,80,80,80,80,80,80,0,0,0,6,6,600,600,0,0
2323.366,40,32,8,11,21,3,5,80,80,80,80,80,80,0,0,0,6,6,600,600,0,0
2324.366,40,32,8,11,21,3,5,80,80,80,80,80,80,0,0,0,6,6,600,600,0,0
2325.365,40,32,8,11,21,3,5,80,80,80,80,80,80,0,0,0,6,6,600,600,0,0
2326.365,40,32,8,11,21,3,5,80,80,80,80,80,80,0,0,0,6,6,600,600,0,0
2327.365,40,32,8,11,21,3,5,80,80,80,80,80,80,0,0,0,6,6,600,600,0,0
2328.365,40,32,8,11,21,3,5,80,80,80,80,80,80,0,0,0,6,6,600,600,0,0
2329.365,40,32,8,11,21,3,5,80,80,80,80,80,80,0,0,0,6,6,600,600,0,0
2330.364,40,32,8,11,21,3,5,80,80,80,80,80,80,0,0,0,6,6,600,600,0,0
2331.364,40,32,8,11,21,3,5,80,80,80,80,80,80,0,0,0,6,6,600,600,0,0
2332.364,40,32,8,11,21,3,5,80,80,80,80,80,80,0,0,0,6,6,600,600,0,0
2333.364,40,32,8,11,21,3,5,80,80,80,80,80,80,0,0,0,6,6,600,600,0,0
2334.363,40,32,8,11,21,3,5,80,80,80,80,80,80,0,0,0,6,6,600,600,0,0
2335.363,40,32,8,11,21,3,5,80,80,80,80,80,80,0,0,0,6,6,600,600,0,0
2336.363,40,32,8,11,21,3,5,80,80,80,80,80,80,0,0,0,6,6,600,600,0,0
2337.363,40,32,8,11,21,3,5,80,80,80,80,80,80,0,0,0,6,6,600,600,0,0
2338.362,40,32,8,11,21,3,5,80,80,80,80,80,80,0,0,0,6,6,600,600,0,0
2339.362,40,32,8,11,21,3,5,80,80,80,80,80,80,0,0,0,6,6,600,600,0,0
2340.362,40,32,8,11,21,3,5,80,80,80,80,80,80,0,0,0,6,6,600,600,0,0
2341.362,40,32,8,11,21,3,5,80,80,80,80,80,80,0,0,0,6,6,600,600,0,0
2342.361,40,32,8,11,21,3,5,80,80,80,80,80,80,0,0,0,6,6,600,600,0,0
2343.361,40,32,8,11,21,3,5,80,80,80,80,80,80,0,0,0,6,6,600,600,0,0
2344.361,40,32,8,11,21,3,5,80,80,80,80,80,80,0,0,0,6,6,600,600,0,0
2345.361,40,32,8,11,21,3,5,80,80,80,80,80,80,0,0,0,6,6,600,600,0,0
2346.36,40,32,8,11,21,3,5,80,80,80,80,80,80,0,0,0,6,6,600,600,0,0
2347.36,40,32,8,11,21,3,5,80,80,80,80,80,80,0,0,0,6,6,600,600,0,0
2348.36,40,32,8,11,21,3,5,80,80,80,80,80,80,0,0,0,6,6,600,600,0,0
2349.36,40,32,8,11,21,3,5,80,80,80,80,80,80,0,0,0,6,6,600,600,0,0
2350.359,40,32,8,11,21,3,5,80,80,80,80,80,80,0,0,0,6,6,600,600,0,0
2351.359,40,32,8,11,21,3,5,80,80,80,80,80,80,0,0,0,6,6,600,600,0,0
2352.359,40,32,8,11,21,3,5,80,80,80,80,80,80,0,0,0,6,6,600,600,0,0
2353.359,40,32,8,11,21,3,5,80,80,80,80,80,80,0,0,0,6,6,600,600,0,0
2354.358,40,32,8,11,21,3,5,80,80,80,80,80,80,0,0,0,6,6,600,600,0,0
2355.358,40,32,8,11,21,3,5,80,80,80,80,80,80,0,0,0,6,6,600,600,0,0
2356.358,40,32,8,11,21,3,5,80,80,80,80,80,80,0,0,0,6,6,600,600,0,0
2357.358,40,32,8,11,21,3,5,80,80,80,80,80,80,0,0,0,6,6,600,600,0,0
2358.357,40,32,8,11,21,3,5,80,80,80,80,80,80,0,0,0,6,6,600,600,0,0
2359.357,40,32,8,11,21,3,5,80,80,80,80,80,80,0,0,0,6,6,600,600,0,0
2360.357,40,32,8,11,21,3,5,80,80,80,80,80,80,0,0,0,6,6,600,600,0,0
2361.357,40,32,8,11,21,3,5,80,80,80,80,80,80,0,0,0,6,6,600,600,0,0
2362.356,40,32,8,11,21,3,5,80,80,80,80,80,80,0,0,0,6,6,600,600,0,0
2363.356,40,32,8,11,21,3,5,80,80,80,80,80,80,0,0,0,6,6,600,600,0,0
2364.356,40,32,8,11,21,3,5,80,80,80,80,80,80,0,0,0,6,6,600,600,0,0
2365.356,40,32,8,11,21,3,5,80,80,80,80,80,80,0,0,0,6,6,600,600,0,0
2366.355,40,32,8,11,21,3,5,80,80,80,80,80,80,0,0,0,6,6,600,600,0,0
2367.355,40,32,8,11,21,3,5,80,80,80,80,80,80,0,0,0,6,6,600,600,0,0
2368.355,40,32,8,11,21,3,5,80,80,80,80,80,80,0,0,0,6,6,600,600,0,0
2369.355,40,32,8,11,21,3,5,80,80,80,80,80,80,0,0,0,6,6,600,600,0,0
2370.354,40,32,8,11,21,3,5,80,80,80,80,80,80,0,0,0,6,6,600,600,0,0
2371.354,40,32,8,11,21,3,5,80,80,80,80,80,80,0,0,0,6,6,600,600,0,0
2372.354,40,32,8,11,21,3,5,80,80,80,80,80,80,0,0,0,6,6,600,600,0,0
2373.354,40,32,8,11,21,3,5,80,80,80,80,80,80,0,0,0,6,6,600,600,0,0
2374.354,40,32,8,11,21,3,5,80,80,80,80,80,80,0,0,0,6,6,600,600,0,0
2375.353,40,32,8,11,21,3,5,80,80,80,80,80,80,0,0,0,6,6,600,600,0,0
2376.353,40,32,8,11,21,3,5,80,80,80,80,80,80,0,0,0,6,6,600,600,0,0
2377.353,40,32,8,11,21,3,5,80,80,80,80,80,80,0,0,0,6,6,600,600,0,0
2378.353,40,32,8,11,21,3,5,80,80,80,80,80,80,0,0,0,6,6,600,600,0,0
2379.352,40,32,8,11,21,3,5,80,80,80,80,80,80,0,0,0,6,6,600,600,0,0
2380.352,40,32,8,11,21,3,5,80,80,80,80,80,80,0,0,0,6,6,600,600,0,0
2381.352,40,32,8,11,21,3,5,80,80,80,80,80,80,0,0,0,6,6,600,600,0,0
2382.352,40,32,8,11,21,3,5,80,80,80,80,80,80,0,0,0,6,6,600,600,0,0
2383.351,40,32,8,11,21,3,5,80,80,80,80,80,80,0,0,0,6,6,600,600,0,0
2384.351,40,32,8,11,21,3,5,80,80,80,80,80,80,0,0,0,6,6,600,600,0,0
2385.351,40,32,8,11,21,3,5,80,80,80,80,80,80,0,0,0,6,6,600,600,0,0
2386.351,40,32,8,11,21,3,5,80,80,80,80,80,80,0,0,0,6,6,600,600,0,0
2387.35,40,32,8,11,21,3,5,80,80,80,80,80,80,0,0,0,6,6,600,600,0,0
2388.35,40,32,8,11,21,3,5,80,80,80,80,80,80,0,0,0,6,6,600,600,0,0
2389.35,40,32,8,11,21,3,5,80,80,80,80,80,80,0,0,0,6,6,600,600,0,0
2390.35,40,32,8,11,21,3,5,80,80,80,80,80,80,0,0,0,6,6,600,600,0,0
2391.349,40,32,8,11,21,3,5,80,80,80,80,80,80,0,0,0,6,6,600,600,0,0
2392.349,40,32,8,11,21,3,5,80,80,80,80,80,80,0,0,0,6,6,600,600,0,0
2393.349,40,32,8,11,21,3,5,80,80,80,80,80,80,0,0,0,6,6,600,600,0,0
2394.349,40,32,8,11,21,3,5,80,80,80,80,80,80,0,0,0,6,6,600,600,0,0
2395.348,40,32,8,11,21,3,5,80,80,80,80,80,80,0,0,0,6,6,600,600,0,0
2396.348,40,32,8,11,21,3,5,80,80,80,80,80,80,0,0,0,6,6,600,600,0,0
2397.348,40,32,8,11,21,3,5,80,80,80,80,80,80,0,0,0,6,6,600,600,0,0
2398.348,40,32,8,11,21,3,5,80,80,80,80,80,80,0,0,0,6,6,600,600,0,0
2399.347,40,32,8,11,21,3,5,80,80,80,80,80,80,0,0,0,6,6,600,600,0,0
2400.347,40,32,8,11,21,3,5,80,80,80,80,80,80,0,0,0,6,6,600,600,0,0
2401.347,40,32,8,11,21,3,5,80,80,80,80,80,80,0,0,0,6,6,600,600,0,0
2402.347,40,32,8,11,21,3,5,80,80,80,80,80,80,0,0,0,6,6,600,600,0,0
2403.346,40,32,8,11,21,3,5,80,80,80,80,80,80,0,0,0,6,6,600,600,0,0
2404.346,40,32,8,11,21,3,5,80,80,80,80,80,80,0,0,0,6,6,600,600,0,0
2405.346,40,32,8,11,21,3,5,80,80,80,80,80,80,0,0,0,6,6,600,600,0,0
2406.346,40,32,8,11,21,3,5,80,80,80,80,80,80,0,0,0,6,6,600,600,0,0
2407.345,40,32,8,11,21,3,5,80,80,80,80,80,80,0,0,0,6,6,600,600,0,0
2408.345,40,32,8,11,21,3,5,80,80,80,80,80,80,0,0,0,6,6,600,600,0,0
2409.345,40,32,8,11,21,3,5,80,80,80,80,80,80,0,0,0,6,6,600,600,0,0
2410.345,40,32,8,11,21,3,5,80,80,80,80,80,80,0,0,0,6,6,600,600,0,0
2411.344,40,32,8,11,21,3,5,80,80,80,80,80,80,0,0,0,6,6,600,600,0,0
2412.344,40,32,8,11,21,3,5,80,80,80,80,80,80,0,0,0,6,6,600,600,0,0
2413.344,40,32,8,11,21,3,5,80,80,80,80,80,80,0,0,0,6,6,600,600,0,0
2414.344,40,32,8,11,21,3,5,80,80,80,80,80,80,0,0,0,6,6,600,600,0,0
2415.344,40,32,8,11,21,3,5,80,80,80,80,80,80,0,0,0,6,6,600,600,0,0
2416.343,40,32,8,11,21,3,5,80,80,80,80,80,80,0,0,0,6,6,600,600,0,0
2417.343,40,32,8,11,21,3,5,80,80,80,80,80,80,0,0,0,6,6,600,600,0,0
2418.343,40,32,8,11,21,3,5,80,80,80,80,80,80,0,0,0,6,6,600,600,0,0
2419.343,40,32,8,11,21,3,5,80,80,80,80,80,80,0,0,0,6,6,600,600,0,0
2420.342,40,32,8,11,21,3,5,80,80,80,80,80,80,0,0,0,6,6,600,600,0,0
2421.342,40,32,8,11,21,3,5,80,80,80,80,80,80,0,0,0,6,6,600,600,0,0
2422.342,40,32,8,11,21,3,5,80,80,80,80,80,80,0,0,0,6,6,600,600,0,0
2423.342,40,32,8,11,21,3,5,80,80,80,80,80,80,0,0,0,6,6,600,600,0,0
2424.341,40,32,8,11,21,3,5,80,80,80,80,80,80,0,0,0,6,6,600,600,0,0
2425.341,40,32,8,11,21,3,5,80,80,80,80,80,80,0,0,0,6,6,600,600,0,0
2426.341,40,32,8,11,21,3,5,80,80,80,80,80,80,0,0,0,6,6,600,600,0,0
2427.341,40,32,8,11,21,3,5,80,80,80,80,80,80,0,0,0,6,6,600,600,0,0
2428.34,40,32,8,11,21,3,5,80,80,80,80,80,80,0,0,0,6,6,600,600,0,0
2429.34,40,32,8,11,21,3,5,80,80,80,80,80,80,0,0,0,6,6,600,600,0,0
2430.34,40,32,8,11,21,3,5,80,80,80,80,80,80,0,0,0,6,6,600,600,0,0
2431.34,40,32,8,11,21,3,5,80,80,80,80,80,80,0,0,0,6,6,600,600,0,0
2432.339,40,32,8,11,21,3,5,80,80,80,80,80,80,0,0,0,6,6,600,600,0,0
2433.339,40,32,8,11,21,3,5,80,80,80,80,80,80,0,0,0,6,6,600,600,0,0
2434.339,40,32,8,11,21,3,5,80,80,80,80,80,80,0,0,0,6,6,600,600,0,0
2435.339,40,32,8,11,21,3,5,80,80,80,80,80,80,0,0,0,6,6,600,600,0,0
2436.338,40,32,8,11,21,3,5,80,80,80,80,80,80,0,0,0,6,6,600,600,0,0
2437.338,40,32,8,11,21,3,5,80,80,80,80,80,80,0,0,0,6,6,600,600,0,0
2438.338,40,32,8,11,21,3,5,80,80,80,80,80,80,0,0,0,6,6,600,600,0,0
2439.338,40,32,8,11,21,3,5,80,80,80,80,80,80,0,0,0,6,6,600,600,0,0
2440.337,40,32,8,11,21,3,5,80,80,80,80,80,80,0,0,0,6,6,600,600,0,0
2441.337,40,32,8,11,21,3,5,80,80,80,80,80,80,0,0,0,6,6,600,600,0,0
2442.337,40,32,8,11,21,3,5,80,80,80,80,80,80,0,0,0,6,6,600,600,0,0
2443.337,40,32,8,11,21,3,5,80,80,80,80,80,80,0,0,0,6,6,600,600,0,0
2444.336,40,32,8,11,21,3,5,80,80,80,80,80,80,0,0,0,6,6,600,600,0,0
2445.336,40,32,8,11,21,3,5,80,80,80,80,80,80,0,0,0,6,6,600,600,0,0
2446.336,40,32,8,11,21,3,5,80,80,80,80,80,80,0,0,0,6,6,600,600,0,0
2447.336,40,32,8,11,21,3,5,80,80,80,80,80,80,0,0,0,6,6,600,600,0,0
2448.335,40,32,8,11,21,3,5,80,80,80,80,80,80,0,0,0,6,6,600,600,0,0
2449.335,40,32,8,11,21,3,5,80,80,80,80,80,80,0,0,0,6,6,600,600,0,0
2450.335,40,32,8,11,21,3,5,80,80,80,80,80,80,0,0,0,6,6,600,600,0,0
2451.335,40,32,8,11,21,3,5,80,80,80,80,80,80,0,0,0,6,6,600,600,0,0
2452.334,40,32,8,11,21,3,5,80,80,80,80,80,80,0,0,0,6,6,600,600,0,0
2453.334,40,32,8,11,21,3,5,80,80,80,80,80,80,0,0,0,6,6,600,600,0,0
2454.334,40,32,8,11,21,3,5,80,80,80,80,80,80,0,0,0,6,6,600,600,0,0
2455.334,40,32,8,11,21,3,5,80,80,80,80,80,80,0,0,0,6,6,600,600,0,0
2456.333,40,32,8,11,21,3,5,80,80,80,80,80,80,0,0,0,6,6,600,600,0,0
2457.333,40,32,8,11,21,3,5,80,80,80,80,80,80,0,0,0,6,6,600,600,0,0
2458.333,40,32,8,11,21,3,5,80,80,80,80,80,80,0,0,0,6,6,600,600,0,0
2459.333,40,32,8,11,21,3,5,80,80,80,80,80,80,0,0,0,6,6,600,600,0,0
2460.333,40,32,8,11,21,3,5,80,80,80,80,80,80,0,0,0,6,6,600,600,0,0
2461.332,40,32,8,11,21,3,5,80,80,80,80,80,80,0,0,0,6,6,600,600,0,0
2462.332,40,32,8,11,21,3,5,80,80,80,80,80,80,0,0,0,6,6,600,600,0,0
2463.332,40,32,8,11,21,3,5,80,80,80,80,80,80,0,0,0,6,6,600,600,0,0
2464.332,40,32,8,11,21,3,5,80,80,80,80,80,80,0,0,0,6,6,600,600,0,0
2465.331,40,32,8,11,21,3,5,80,80,80,80,80,80,0,0,0,6,6,600,600,0,0
2466.331,40,32,8,11,21,3,5,80,80,80,80,80,80,0,0,0,6,6,600,600,0,0
2467.331,40,32,8,11,21,3,5,80,80,80,80,80,80,0,0,0,6,6,600,600,0,0
2468.331,40,32,8,11,21,3,5,80,80,80,80,80,80,0,0,0,6,6,600,600,0,0
2469.33,40,32,8,11,21,3,5,80,80,80,80,80,80,0,0,0,6,6,600,600,0,0
2470.33,40,32,8,11,21,3,5,80,80,80,80,80,80,0,0,0,6,6,600,600,0,0
2471.33,40,32,8,11,21,3,5,80,80,80,80,80,80,0,0,0,6,6,600,600,0,0
2472.33,40,32,8,11,21,3,5,80,80,80,80,80,80,0,0,0,6,6,600,600,0,0
2473.329,40,32,8,11,21,3,5,80,80,80,80,80,80,0,0,0,6,6,600,600,0,0
2474.329,40,32,8,11,21,3,5,80,80,80,80,80,80,0,0,0,6,6,600,600,0,0
2475.329,40,32,8,11,21,3,5,80,80,80,80,80,80,0,0,0,6,6,600,600,0,0
2476.329,40,32,8,11,21,3,5,80,80,80,80,80,80,0,0,0,6,6,600,600,0,0
2477.328,40,32,8,11,21,3,5,80,80,80,80,80,80,0,0,0,6,6,600,600,0,0
2478.328,40,32,8,11,21,3,5,80,80,80,80,80,80,0,0,0,6,6,600,600,0,0
2479.328,40,32,8,11,21,3,5,80,80,80,80,80,80,0,0,0,6,6,600,600,0,0
2480.328,40,32,8,11,21,3,5,80,80,80,80,80,80,0,0,0,6,6,600,600,0,0
2481.327,40,32,8,11,21,3,5,80,80,80,80,80,80,0,0,0,6,6,600,600,0,0
2482.327,40,32,8,11,21,3,5,80,80,80,80,80,80,0,0,0,6,6,600,600,0,0
2483.327,40,32,8,11,21,3,5,80,80,80,80,80,80,0,0,0,6,6,600,600,0,0
2484.327,40,32,8,11,21,3,5,80,80,80,80,80,80,0,0,0,6,6,600,600,0,0
2485.326,40,32,8,11,21,3,5,80,80,80,80,80,80,0,0,0,6,6,600,600,0,0
2486.326,40,32,8,11,21,3,5,80,80,80,80,80,80,0,0,0,6,6,600,600,0,0
2487.326,40,32,8,11,21,3,5,80,80,80,80,80,80,0,0,0,6,6,600,600,0,0
2488.326,40,32,8,11,21,3,5,80,80,80,80,80,80,0,0,0,6,6,600,600,0,0
2489.325,40,32,8,11,21,3,5,80,80,80,80,80,80,0,0,0,6,6,600,600,0,0
2490.325,40,32,8,11,21,3,5,80,80,80,80,80,80,0,0,0,6,6,600,600,0,0
2491.325,40,32,8,11,21,3,5,80,80,80,80,80,80,0,0,0,6,6,600,600,0,0
2492.325,40,32,8,11,21,3,5,80,80,80,80,80,80,0,0,0,6,6,600,600,0,0
2493.324,40,32,8,11,21,3,5,80,80,80,80,80,80,0,0,0,6,6,600,600,0,0
2494.324,40,32,8,11,21,3,5,80,80,80,80,80,80,0,0,0,6,6,600,600,0,0
2495.324,40,32,8,11,21,3,5,80,80,80,80,80,80,0,0,0,6,6,600,600,0,0
2496.324,40,32,8,11,21,3,5,80,80,80,80,80,80,0,0,0,6,6,600,600,0,0
2497.323,40,32,8,11,21,3,5,80,80,80,80,80,80,0,0,0,6,6,600,600,0,0
2498.323,40,32,8,11,21,3,5,80,80,80,80,80,80,0,0,0,6,6,600,600,0,0
2499.323,40,32,8,11,21,3,5,80,80,80,80,80,80,0,0,0,6,6,600,600,0,0
2500.323,40,32,8,11,21,3,5,80,80,80,80,80,80,0,0,0,6,6,600,600,0,0
2501.323,40,32,8,11,21,3,5,80,80,80,80,80,80,0,0,0,6,6,600,600,0,0
2502.322,40,32,8,11,21,3,5,80,80,80,80,80,80,0,0,0,6,6,600,600,0,0
2503.322,40,32,8,11,21,3,5,80,80,80,80,80,80,0,0,0,6,6,600,600,0,0
2504.322,40,32,8,11,21,3,5,80,80,80,80,80,80,0,0,0,6,6,600,600,0,0
2505.322,40,32,8,11,21,3,5,80,80,80,80,80,80,0,0,0,6,6,600,600,0,0
2506.321,40,32,8,11,21,3,5,80,80,80,80,80,80,0,0,0,6,6,600,600,0,0
2507.321,40,32,8,11,21,3,5,80,80,80,80,80,80,0,0,0,6,6,600,600,0,0
2508.321,40,32,8,11,21,3,5,80,80,80,80,80,80,0,0,0,6,6,600,600,0,0
2509.321,40,32,8,11,21,3,5,80,80,80,80,80,80,0,0,0,6,6,600,600,0,0
2510.32,40,32,8,11,21,3,5,80,80,80,80,80,80,0,0,0,6,6,600,600,0,0
2511.32,40,32,8,11,21,3,5,80,80,80,80,80,80,0,0,0,6,6,600,600,0,0
2512.32,40,32,8,11,21,3,5,80,80,80,80,80,80,0,0,0,6,6,600,600,0,0
2513.32,40,32,8,11,21,3,5,80,80,80,80,80,80,0,0,0,6,6,600,600,0,0
2514.319,40,32,8,11,21,3,5,80,80,80,80,80,80,0,0,0,6,6,600,600,0,0
2515.319,40,32,8,11,21,3,5,80,80,80,80,80,80,0,0,0,6,6,600,600,0,0
2516.319,40,32,8,11,21,3,5,80,80,80,80,80,80,0,0,0,6,6,600,600,0,0
2517.319,40,32,8,11,21,3,5,80,80,80,80,80,80,0,0,0,6,6,600,600,0,0
2518.318,40,32,8,11,21,3,5,80,80,80,80,80,80,0,0,0,6,6,600,600,0,0
2519.318,40,32,8,11,21,3,5,80,80,80,80,80,80,0,0,0,6,6,600,600,0,0
2520.318,40,32,8,11,21,3,5,80,80,80,80,80,80,0,0,0,6,6,600,600,0,0
2521.318,40,32,8,11,21,3,5,80,80,80,80,80,80,0,0,0,6,6,600,600,0,0
2522.317,40,32,8,11,21,3,5,80,80,80,80,80,80,0,0,0,6,6,600,600,0,0
2523.317,40,32,8,11,21,3,5,80,80,80,80,80,80,0,0,0,6,6,600,600,0,0
2524.317,40,32,8,11,21,3,5,80,80,80,80,80,80,0,0,0,6,6,600,600,0,0
2525.317,40,32,8,11,21,3,5,80,80,80,80,80,80,0,0,0,6,6,600,600,0,0
2526.316,40,32,8,11,21,3,5,80,80,80,80,80,80,0,0,0,6,6,600,600,0,0
2527.316,40,32,8,11,21,3,5,80,80,80,80,80,80,0,0,0,6,6,600,600,0,0
2528.316,40,32,8,11,21,3,5,80,80,80,80,80,80,0,0,0,6,6,600,600,0,0
2529.316,40,32,8,11,21,3,5,80,80,80,80,80,80,0,0,0,6,6,600,600,0,0
2530.315,40,32,8,11,21,3,5,80,80,80,80,80,80,0,0,0,6,6,600,600,0,0
2531.315,40,32,8,11,21,3,5,80,80,80,80,80,80,0,0,0,6,6,600,600,0,0
2532.315,40,32,8,11,21,3,5,80,80,80,80,80,80,0,0,0,6,6,600,600,0,0
2533.315,40,32,8,11,21,3,5,80,80,80,80,80,80,0,0,0,6,6,600,600,0,0
2534.314,40,32,8,11,21,3,5,80,80,80,80,80,80,0,0,0,6,6,600,600,0,0
2535.314,40,32,8,11,21,3,5,80,80,80,80,80,80,0,0,0,6,6,600,600,0,0
2536.314,40,32,8,11,21,3,5,80,80,80,80,80,80,0,0,0,6,6,600,600,0,0
2537.314,40,32,8,11,21,3,5,80,80,80,80,80,80,0,0,0,6,6,600,600,0,0
2538.313,40,32,8,11,21,3,5,80,80,80,80,80,80,0,0,0,6,6,600,600,0,0
2539.313,40,32,8,11,21,3,5,80,80,80,80,80,80,0,0,0,6,6,600,600,0,0
2540.313,40,32,8,11,21,3,5,80,80,80,80,80,80,0,0,0,6,6,600,600,0,0
2541.313,40,32,8,11,21,3,5,80,80,80,80,80,80,0,0,0,6,6,600,600,0,0
2542.313,40,32,8,11,21,3,5,80,80,80,80,80,80,0,0,0,6,6,600,600,0,0
2543.312,40,32,8,11,21,3,5,80,80,80,80,80,80,0,0,0,6,6,600,600,0,0
2544.312,40,32,8,11,21,3,5,80,80,80,80,80,80,0,0,0,6,6,600,600,0,0
2545.312,40,32,8,11,21,3,5,80,80,80,80,80,80,0,0,0,6,6,600,600,0,0
2546.312,40,32,8,11,21,3,5,80,80,80,80,80,80,0,0,0,6,6,600,600,0,0
2547.311,40,32,8,11,21,3,5,80,80,80,80,80,80,0,0,0,6,6,600,600,0,0
2548.311,40,32,8,11,21,3,5,80,80,80,80,80,80,0,0,0,6,6,600,600,0,0
2549.311,40,32,8,11,21,3,5,80,80,80,80,80,80,0,0,0,6,6,600,600,0,0
2550.311,40,32,8,11,21,3,5,80,80,80,80,80,80,0,0,0,6,6,600,600,0,0
2551.31,40,32,8,11,21,3,5,80,80,80,80,80,80,0,0,0,6,6,600,600,0,0
2552.31,40,32,8,11,21,3,5,80,80,80,80,80,80,0,0,0,6,6,600,600,0,0
2553.31,40,32,8,11,21,3,5,80,80,80,80,80,80,0,0,0,6,6,600,600,0,0
2554.31,40,32,8,11,21,3,5,80,80,80,80,80,80,0,0,0,6,6,600,600,0,0
2555.309,40,32,8,11,21,3,5,80,80,80,80,80,80,0,0,0,6,6,600,600,0,0
2556.309,40,32,8,11,21,3,5,80,80,80,80,80,80,0,0,0,6,6,600,600,0,0
2557.309,40,32,8,11,21,3,5,80,80,80,80,80,80,0,0,0,6,6,600,600,0,0
2558.309,40,32,8,11,21,3,5,80,80,80,80,80,80,0,0,0,6,6,600,600,0,0
2559.308,40,32,8,11,21,3,5,80,80,80,80,80,80,0,0,0,6,6,600,600,0,0
2560.308,40,32,8,11,21,3,5,80,80,80,80,80,80,0,0,0,6,6,600,600,0,0
2561.308,40,32,8,11,21,3,5,80,80,80,80,80,80,0,0,0,6,6,600,600,0,0
2562.308,40,32,8,11,21,3,5,80,80,80,80,80,80,0,0,0,6,6,600,600,0,0
2563.307,40,32,8,11,21,3,5,80,80,80,80,80,80,0,0,0,6,6,600,600,0,0
2564.307,40,32,8,11,21,3,5,80,80,80,80,80,80,0,0,0,6,6,600,600,0,0
2565.307,40,32,8,11,21,3,5,80,80,80,80,80,80,0,0,0,6,6,600,600,0,0
2566.307,40,32,8,11,21,3,5,80,80,80,80,80,80,0,0,0,6,6,600,600,0,0
2567.306,40,32,8,11,21,3,5,80,80,80,80,80,80,0,0,0,6,6,600,600,0,0
2568.306,40,32,8,11,21,3,5,80,80,80,80,80,80,0,0,0,6,6,600,600,0,0
2569.306,40,32,8,11,21,3,5,80,80,80,80,80,80,0,0,0,6,6,600,600,0,0
2570.306,40,32,8,11,21,3,5,80,80,80,80,80,80,0,0,0,6,6,600,600,0,0
2571.305,40,32,8,11,21,3,5,80,80,80,80,80,80,0,0,0,6,6,600,600,0,0
2572.305,40,32,8,11,21,3,5,80,80,80,80,80,80,0,0,0,6,6,600,600,0,0
2573.305,40,32,8,11,21,3,5,80,80,80,80,80,80,0,0,0,6,6,600,600,0,0
2574.305,40,32,8,11,21,3,5,80,80,80,80,80,80,0,0,0,6,6,600,600,0,0
2575.304,40,32,8,11,21,3,5,80,80,80,80,80,80,0,0,0,6,6,600,600,0,0
2576.304,40,32,8,11,21,3,5,80,80,80,80,80,80,0,0,0,6,6,600,600,0,0
2577.304,40,32,8,11,21,3,5,80,80,80,80,80,80,0,0,0,6,6,600,600,0,0
2578.304,40,32,8,11,21,3,5,80,80,80,80,80,80,0,0,0,6,6,600,600,0,0
2579.303,40,32,8,11,21,3,5,80,80,80,80,80,80,0,0,0,6,6,600,600,0,0
2580.303,40,32,8,11,21,3,5,80,80,80,80,80,80,0,0,0,6,6,600,600,0,0
2581.303,40,32,8,11,21,3,5,80,80,80,80,80,80,0,0,0,6,6,600,600,0,0
2582.303,40,32,8,11,21,3,5,80,80,80,80,80,80,0,0,0,6,6,600,600,0,0
2583.302,40,32,8,11,21,3,5,80,80,80,80,80,80,0,0,0,6,6,600,600,0,0
2584.302,40,32,8,11,21,3,5,80,80,80,80,80,80,0,0,0,6,6,600,600,0,0
2585.302,40,32,8,11,21,3,5,80,80,80,80,80,80,0,0,0,6,6,600,600,0,0
2586.302,40,32,8,11,21,3,5,80,80,80,80,80,80,0,0,0,6,6,600,600,0,0
2587.302,40,32,8,11,21,3,5,80,80,80,80,80,80,0,0,0,6,6,600,600,0,0
2588.301,40,32,8,11,21,3,5,80,80,80,80,80,80,0,0,0,6,6,600,600,0,0
2589.301,40,32,8,11,21,3,5,80,80,80,80,80,80,0,0,0,6,6,600,600,0,0
2590.301,40,32,8,11,21,3,5,80,80,80,80,80,80,0,0,0,6,6,600,600,0,0
2591.301,40,32,8,11,21,3,5,80,80,80,80,80,80,0,0,0,6,6,600,600,0,0
2592.3,40,32,8,11,21,3,5,80,80,80,80,80,80,0,0,0,6,6,600,600,0,0
2593.3,40,32,8,11,21,3,5,80,80,80,80,80,80,0,0,0,6,6,600,600,0,0
2594.3,40,32,8,11,21,3,5,80,80,80,80,80,80,0,0,0,6,6,600,600,0,0
2595.3,40,32,8,11,21,3,5,80,80,80,80,80,80,0,0,0,6,6,600,600,0,0
2596.299,40,32,8,11,21,3,5,80,80,80,80,80,80,0,0,0,6,6,600,600,0,0
2597.299,40,32,8,11,21,3,5,80,80,80,80,80,80,0,0,0,6,6,600,600,0,0
2598.299,40,32,8,11,21,3,5,80,80,80,80,80,80,0,0,0,6,6,600,600,0,0
2599.299,40,32,8,11,21,3,5,80,80,80,80,80,80,0,0,0,6,6,600,600,0,0
2600.298,40,32,8,11,21,3,5,80,80,80,80,80,80,0,0,0,6,6,600,600,0,0
2601.298,40,32,8,11,21,3,5,80,80,80,80,80,80,0,0,0,6,6,600,600,0,0
2602.298,40,32,8,11,21,3,5,80,80,80,80,80,80,0,0,0,6,6,600,600,0,0
2603.298,40,32,8,11,21,3,5,80,80,80,80,80,80,0,0,0,6,6,600,600,0,0
2604.297,40,32,8,11,21,3,5,80,80,80,80,80,80,0,0,0,6,6,600,600,0,0
2605.297,40,32,8,11,21,3,5,80,80,80,80,80,80,0,0,0,6,6,600,600,0,0
2606.297,40,32,8,11,21,3,5,80,80,80,80,80,80,0,0,0,6,6,600,600,0,0
2607.297,40,32,8,11,21,3,5,80,80,80,80,80,80,0,0,0,6,6,600,600,0,0
2608.296,40,32,8,11,21,3,5,80,80,80,80,80,80,0,0,0,6,6,600,600,0,0
2609.296,40,32,8,11,21,3,5,80,80,80,80,80,80,0,0,0,6,6,600,600,0,0
2610.296,40,32,8,11,21,3,5,80,80,80,80,80,80,0,0,0,6,6,600,600,0,0
2611.296,40,32,8,11,21,3,5,80,80,80,80,80,80,0,0,0,6,6,600,600,0,0
2612.295,40,32,8,11,21,3,5,80,80,80,80,80,80,0,0,0,6,6,600,600,0,0
2613.295,40,32,8,11,21,3,5,80,80,80,80,80,80,0,0,0,6,6,600,600,0,0
2614.295,40,32,8,11,21,3,5,80,80,80,80,80,80,0,0,0,6,6,600,600,0,0
2615.295,40,32,8,11,21,3,5,80,80,80,80,80,80,0,0,0,6,6,600,600,0,0
2616.294,40,32,8,11,21,3,5,80,80,80,80,80,80,0,0,0,6,6,600,600,0,0
2617.294,40,32,8,11,21,3,5,80,80,80,80,80,80,0,0,0,6,6,600,600,0,0
2618.294,40,32,8,11,21,3,5,80,80,80,80,80,80,0,0,0,6,6,600,600,0,0
2619.294,40,32,8,11,21,3,5,80,80,80,80,80,80,0,0,0,6,6,600,600,0,0
2620.293,40,32,8,11,21,3,5,80,80,80,80,80,80,0,0,0,6,6,600,600,0,0
2621.293,40,32,8,11,21,3,5,80,80,80,80,80,80,0,0,0,6,6,600,600,0,0
2622.293,40,32,8,11,21,3,5,80,80,80,80,80,80,0,0,0,6,6,600,600,0,0
2623.293,40,32,8,11,21,3,5,80,80,80,80,80,80,0,0,0,6,6,600,600,0,0
2624.292,40,32,8,11,21,3,5,80,80,80,80,80,80,0,0,0,6,6,600,600,0,0
2625.292,40,32,8,11,21,3,5,80,80,80,80,80,80,0,0,0,6,6,600,600,0,0
2626.292,40,32,8,11,21,3,5,80,80,80,80,80,80,0,0,0,6,6,600,600,0,0
2627.292,40,32,8,11,21,3,5,80,80,80,80,80,80,0,0,0,6,6,600,600,0,0
2628.292,40,32,8,11,21,3,5,80,80,80,80,80,80,0,0,0,6,6,600,600,0,0
2629.291,40,32,8,11,21,3,5,80,80,80,80,80,80,0,0,0,6,6,600,600,0,0
2630.291,40,32,8,11,21,3,5,80,80,80,80,80,80,0,0,0,6,6,600,600,0,0
2631.291,40,32,8,11,21,3,5,80,80,80,80,80,80,0,0,0,6,6,600,600,0,0
2632.291,40,32,8,11,21,3,5,80,80,80,80,80,80,0,0,0,6,6,600,600,0,0
2633.29,40,32,8,11,21,3,5,80,80,80,80,80,80,0,0,0,6,6,600,600,0,0
2634.29,40,32,8,11,21,3,5,80,80,80,80,80,80,0,0,0,6,6,600,600,0,0
2635.29,40,32,8,11,21,3,5,80,80,80,80,80,80,0,0,0,6,6,600,600,0,0
2636.29,40,32,8,11,21,3,5,80,80,80,80,80,80,0,0,0,6,6,600,600,0,0
2637.289,40,32,8,11,21,3,5,80,80,80,80,80,80,0,0,0,6,6,600,600,0,0
2638.289,40,32,8,11,21,3,5,80,80,80,80,80,80,0,0,0,6,6,600,600,0,0
2639.289,40,32,8,11,21,3,5,80,80,80,80,80,80,0,0,0,6,6,600,600,0,0
2640.289,40,32,8,11,21,3,5,80,80,80,80,80,80,0,0,0,6,6,600,600,0,0
2641.288,40,32,8,11,21,3,5,80,80,80,80,80,80,0,0,0,6,6,600,600,0,0
2642.288,40,32,8,11,21,3,5,80,80,80,80,80,80,0,0,0,6,6,600,600,0,0
2643.288,40,32,8,11,21,3,5,80,80,80,80,80,80,0,0,0,6,6,600,600,0,0
2644.288,40,32,8,11,21,3,5,80,80,80,80,80,80,0,0,0,6,6,600,600,0,0
2645.287,40,32,8,11,21,3,5,80,80,80,80,80,80,0,0,0,6,6,600,600,0,0
2646.287,40,32,8,11,21,3,5,80,80,80,80,80,80,0,0,0,6,6,600,600,0,0
2647.287,40,32,8,11,21,3,5,80,80,80,80,80,80,0,0,0,6,6,600,600,0,0
2648.287,40,32,8,11,21,3,5,80,80,80,80,80,80,0,0,0,6,6,600,600,0,0
2649.286,40,32,8,11,21,3,5,80,80,80,80,80,80,0,0,0,6,6,600,600,0,0
2650.286,40,32,8,11,21,3,5,80,80,80,80,80,80,0,0,0,6,6,600,600,0,0
2651.286,40,32,8,11,21,3,5,80,80,80,80,80,80,0,0,0,6,6,600,600,0,0
2652.286,40,32,8,11,21,3,5,80,80,80,80,80,80,0,0,0,6,6,600,600,0,0
2653.285,40,32,8,11,21,3,5,80,80,80,80,80,80,0,0,0,6,6,600,600,0,0
2654.285,40,32,8,11,21,3,5,80,80,80,80,80,80,0,0,0,6,6,600,600,0,0
2655.285,40,32,8,11,21,3,5,80,80,80,80,80,80,0,0,0,6,6,600,600,0,0
2656.285,40,32,8,11,21,3,5,80,80,80,80,80,80,0,0,0,6,6,600,600,0,0
2657.284,40,32,8,11,21,3,5,80,80,80,80,80,80,0,0,0,6,6,600,600,0,0
2658.284,40,32,8,11,21,3,5,80,80,80,80,80,80,0,0,0,6,6,600,600,0,0
2659.284,40,32,8,11,21,3,5,80,80,80,80,80,80,0,0,0,6,6,600,600,0,0
2660.284,40,32,8,11,21,3,5,80,80,80,80,80,80,0,0,0,6,6,600,600,0,0
2661.283,40,32,8,11,21,3,5,80,80,80,80,80,80,0,0,0,6,6,600,600,0,0
2662.283,40,32,8,11,21,3,5,80,80,80,80,80,80,0,0,0,6,6,600,600,0,0
2663.283,40,32,8,11,21,3,5,80,80,80,80,80,80,0,0,0,6,6,600,600,0,0
2664.283,40,32,8,11,21,3,5,80,80,80,80,80,80,0,0,0,6,6,600,600,0,0
2665.282,40,32,8,11,21,3,5,80,80,80,80,80,80,0,0,0,6,6,600,600,0,0
2666.282,40,32,8,11,21,3,5,80,80,80,80,80,80,0,0,0,6,6,600,600,0,0
2667.282,40,32,8,11,21,3,5,80,80,80,80,80,80,0,0,0,6,6,600,600,0,0
2668.282,40,32,8,11,21,3,5,80,80,80,80,80,80,0,0,0,6,6,600,600,0,0
2669.281,40,32,8,11,21,3,5,80,80,80,80,80,80,0,0,0,6,6,600,600,0,0
2670.281,40,32,8,11,21,3,5,80,80,80,80,80,80,0,0,0,6,6,600,600,0,0
2671.281,40,32,8,11,21,3,5,80,80,80,80,80,80,0,0,0,6,6,600,600,0,0
2672.281,40,32,8,11,21,3,5,80,80,80,80,80,80,0,0,0,6,6,600,600,0,0
2673.281,40,32,8,11,21,3,5,80,80,80,80,80,80,0,0,0,6,6,600,600,0,0
2674.28,40,32,8,11,21,3,5,80,80,80,80,80,80,0,0,0,6,6,600,600,0,0
2675.28,40,32,8,11,21,3,5,80,80,80,80,80,80,0,0,0,6,6,600,600,0,0
2676.28,40,32,8,11,21,3,5,80,80,80,80,80,80,0,0,0,6,6,600,600,0,0
2677.28,40,32,8,11,21,3,5,80,80,80,80,80,80,0,0,0,6,6,600,600,0,0
2678.279,40,32,8,11,21,3,5,80,80,80,80,80,80,0,0,0,6,6,600,600,0,0
2679.279,40,32,8,11,21,3,5,80,80,80,80,80,80,0,0,0,6,6,600,600,0,0
2680.279,40,32,8,11,21,3,5,80,80,80,80,80,80,0,0,0,6,6,600,600,0,0
2681.279,40,32,8,11,21,3,5,80,80,80,80,80,80,0,0,0,6,6,600,600,0,0
2682.278,40,32,8,11,21,3,5,80,80,80,80,80,80,0,0,0,6,6,600,600,0,0
2683.278,40,32,8,11,21,3,5,80,80,80,80,80,80,0,0,0,6,6,600,600,0,0
2684.278,40,32,8,11,21,3,5,80,80,80,80,80,80,0,0,0,6,6,600,600,0,0
2685.278,40,32,8,11,21,3,5,80,80,80,80,80,80,0,0,0,6,6,600,600,0,0
2686.277,40,32,8,11,21,3,5,80,80,80,80,80,80,0,0,0,6,6,600,600,0,0
2687.277,40,32,8,11,21,3,5,80,80,80,80,80,80,0,0,0,6,6,600,600,0,0
2688.277,40,32,8,11,21,3,5,80,80,80,80,80,80,0,0,0,6,6,600,600,0,0
2689.277,40,32,8,11,21,3,5,80,80,80,80,80,80,0,0,0,6,6,600,600,0,0
2690.276,40,32,8,11,21,3,5,80,80,80,80,80,80,0,0,0,6,6,600,600,0,0
2691.276,40,32,8,11,21,3,5,80,80,80,80,80,80,0,0,0,6,6,600,600,0,0
2692.276,40,32,8,11,21,3,5,80,80,80,80,80,80,0,0,0,6,6,600,600,0,0
2693.276,40,32,8,11,21,3,5,80,80,80,80,80,80,0,0,0,6,6,600,600,0,0
2694.275,40,32,8,11,21,3,5,80,80,80,80,80,80,0,0,0,6,6,600,600,0,0
2695.275,40,32,8,11,21,3,5,80,80,80,80,80,80,0,0,0,6,6,600,600,0,0
2696.275,40,32,8,11,21,3,5,80,80,80,80,80,80,0,0,0,6,6,600,600,0,0
2697.275,40,32,8,11,21,3,5,80,80,80,80,80,80,0,0,0,6,6,600,600,0,0
2698.274,40,32,8,11,21,3,5,80,80,80,80,80,80,0,0,0,6,6,600,600,0,0
2699.274,40,32,8,11,21,3,5,80,80,80,80,80,80,0,0,0,6,6,600,600,0,0
2700.274,40,32,8,11,21,3,5,80,80,80,80,80,80,0,0,0,6,6,600,600,0,0
2701.274,40,32,8,11,21,3,5,80,80,80,80,80,80,0,0,0,6,6,600,600,0,0
2702.273,40,32,8,11,21,3,5,80,80,80,80,80,80,0,0,0,6,6,600,600,0,0
2703.273,40,32,8,11,21,3,5,80,80,80,80,80,80,0,0,0,6,6,600,600,0,0
2704.273,40,32,8,11,21,3,5,80,80,80,80,80,80,0,0,0,6,6,600,600,0,0
2705.273,40,32,8,11,21,3,5,80,80,80,80,80,80,0,0,0,6,6,600,600,0,0
2706.272,40,32,8,11,21,3,5,80,80,80,80,80,80,0,0,0,6,6,600,600,0,0
2707.272,40,32,8,11,21,3,5,80,80,80,80,80,80,0,0,0,6,6,600,600,0,0
2708.272,40,32,8,11,21,3,5,80,80,80,80,80,80,0,0,0,6,6,600,600,0,0
2709.272,40,32,8,11,21,3,5,80,80,80,80,80,80,0,0,0,6,6,600,600,0,0
2710.271,40,32,8,11,21,3,5,80,80,80,80,80,80,0,0,0,6,6,600,600,0,0
2711.271,40,32,8,11,21,3,5,80,80,80,80,80,80,0,0,0,6,6,600,600,0,0
2712.271,40,32,8,11,21,3,5,80,80,80,80,80,80,0,0,0,6,6,600,600,0,0
2713.271,40,32,8,11,21,3,5,80,80,80,80,80,80,0,0,0,6,6,600,600,0,0
2714.271,40,32,8,11,21,3,5,80,80,80,80,80,80,0,0,0,6,6,600,600,0,0
2715.27,40,32,8,11,21,3,5,80,80,80,80,80,80,0,0,0,6,6,600,600,0,0
2716.27,40,32,8,11,21,3,5,80,80,80,80,80,80,0,0,0,6,6,600,600,0,0
2717.27,40,32,8,11,21,3,5,80,80,80,80,80,80,0,0,0,6,6,600,600,0,0
2718.27,40,32,8,11,21,3,5,80,80,80,80,80,80,0,0,0,6,6,600,600,0,0
2719.269,40,32,8,11,21,3,5,80,80,80,80,80,80,0,0,0,6,6,600,600,0,0
2720.269,40,32,8,11,21,3,5,80,80,80,80,80,80,0,0,0,6,6,600,600,0,0
2721.269,40,32,8,11,21,3,5,80,80,80,80,80,80,0,0,0,6,6,600,600,0,0
2722.269,40,32,8,11,21,3,5,80,80,80,80,80,80,0,0,0,6,6,600,600,0,0
2723.268,40,32,8,11,21,3,5,80,80,80,80,80,80,0,0,0,6,6,600,600,0,0
2724.268,40,32,8,11,21,3,5,80,80,80,80,80,80,0,0,0,6,6,600,600,0,0
2725.268,40,32,8,11,21,3,5,80,80,80,80,80,80,0,0,0,6,6,600,600,0,0
2726.268,40,32,8,11,21,3,5,80,80,80,80,80,80,0,0,0,6,6,600,600,0,0
2727.267,40,32,8,11,21,3,5,80,80,80,80,80,80,0,0,0,6,6,600,600,0,0
2728.267,40,32,8,11,21,3,5,80,80,80,80,80,80,0,0,0,6,6,600,600,0,0
2729.267,40,32,8,11,21,3,5,80,80,80,80,80,80,0,0,0,6,6,600,600,0,0
2730.267,40,32,8,11,21,3,5,80,80,80,80,80,80,0,0,0,6,6,600,600,0,0
2731.266,40,32,8,11,21,3,5,80,80,80,80,80,80,0,0,0,6,6,600,600,0,0
2732.266,40,32,8,11,21,3,5,80,80,80,80,80,80,0,0,0,6,6,600,600,0,0
2733.266,40,32,8,11,21,3,5,80,80,80,80,80,80,0,0,0,6,6,600,600,0,0
2734.266,40,32,8,11,21,3,5,80,80,80,80,80,80,0,0,0,6,6,600,600,0,0
2735.265,40,32,8,11,21,3,5,80,80,80,80,80,80,0,0,0,6,6,600,600,0,0
2736.265,40,32,8,11,21,3,5,80,80,80,80,80,80,0,0,0,6,6,600,600,0,0
2737.265,40,32,8,11,21,3,5,80,80,80,80,80,80,0,0,0,6,6,600,600,0,0
2738.265,40,32,8,11,21,3,5,80,80,80,80,80,80,0,0,0,6,6,600,600,0,0
2739.264,40,32,8,11,21,3,5,80,80,80,80,80,80,0,0,0,6,6,600,600,0,0
2740.264,40,32,8,11,21,3,5,80,80,80,80,80,80,0,0,0,6,6,600,600,0,0
2741.264,40,32,8,11,21,3,5,80,80,80,80,80,80,0,0,0,6,6,600,600,0,0
2742.264,40,32,8,11,21,3,5,80,80,80,80,80,80,0,0,0,6,6,600,600,0,0
2743.263,40,32,8,11,21,3,5,80,80,80,80,80,80,0,0,0,6,6,600,600,0,0
2744.263,40,32,8,11,21,3,5,80,80,80,80,80,80,0,0,0,6,6,600,600,0,0
2745.263,40,32,8,11,21,3,5,80,80,80,80,80,80,0,0,0,6,6,600,600,0,0
2746.263,40,32,8,11,21,3,5,80,80,80,80,80,80,0,0,0,6,6,600,600,0,0
2747.262,40,32,8,11,21,3,5,80,80,80,80,80,80,0,0,0,6,6,600,600,0,0
2748.262,40,32,8,11,21,3,5,80,80,80,80,80,80,0,0,0,6,6,600,600,0,0
2749.262,40,32,8,11,21,3,5,80,80,80,80,80,80,0,0,0,6,6,600,600,0,0
2750.262,40,32,8,11,21,3,5,80,80,80,80,80,80,0,0,0,6,6,600,600,0,0
2751.261,40,32,8,11,21,3,5,80,80,80,80,80,80,0,0,0,6,6,600,600,0,0
2752.261,40,32,8,11,21,3,5,80,80,80,80,80,80,0,0,0,6,6,600,600,0,0
2753.261,40,32,8,11,21,3,5,80,80,80,80,80,80,0,0,0,6,6,600,600,0,0
2754.261,40,32,8,11,21,3,5,80,80,80,80,80,80,0,0,0,6,6,600,600,0,0
2755.26,40,32,8,11,21,3,5,80,80,80,80,80,80,0,0,0,6,6,600,600,0,0
2756.26,40,32,8,11,21,3,5,80,80,80,80,80,80,0,0,0,6,6,600,600,0,0
2757.26,40,32,8,11,21,3,5,80,80,80,80,80,80,0,0,0,6,6,600,600,0,0
2758.26,40,32,8,11,21,3,5,80,80,80,80,80,80,0,0,0,6,6,600,600,0,0
2759.26,40,32,8,11,21,3,5,80,80,80,80,80,80,0,0,0,6,6,600,600,0,0
2760.259,40,32,8,11,21,3,5,80,80,80,80,80,80,0,0,0,6,6,600,600,0,0
2761.259,40,32,8,11,21,3,5,80,80,80,80,80,80,0,0,0,6,6,600,600,0,0
2762.259,40,32,8,11,21,3,5,80,80,80,80,80,80,0,0,0,6,6,600,600,0,0
2763.259,40,32,8,11,21,3,5,80,80,80,80,80,80,0,0,0,6,6,600,600,0,0
2764.258,40,32,8,11,21,3,5,80,80,80,80,80,80,0,0,0,6,6,600,600,0,0
2765.258,40,32,8,11,21,3,5,80,80,80,80,80,80,0,0,0,6,6,600,600,0,0
2766.258,40,32,8,11,21,3,5,80,80,80,80,80,80,0,0,0,6,6,600,600,0,0
2767.258,40,32,8,11,21,3,5,80,80,80,80,80,80,0,0,0,6,6,600,600,0,0
2768.257,40,32,8,11,21,3,5,80,80,80,80,80,80,0,0,0,6,6,600,600,0,0
2769.257,40,32,8,11,21,3,5,80,80,80,80,80,80,0,0,0,6,6,600,600,0,0
2770.257,40,32,8,11,21,3,5,80,80,80,80,80,80,0,0,0,6,6,600,600,0,0
2771.257,40,32,8,11,21,3,5,80,80,80,80,80,80,0,0,0,6,6,600,600,0,0
2772.256,40,32,8,11,21,3,5,80,80,80,80,80,80,0,0,0,6,6,600,600,0,0
2773.256,40,32,8,11,21,3,5,80,80,80,80,80,80,0,0,0,6,6,600,600,0,0
2774.256,40,32,8,11,21,3,5,80,80,80,80,80,80,0,0,0,6,6,600,600,0,0
2775.256,40,32,8,11,21,3,5,80,80,80,80,80,80,0,0,0,6,6,600,600,0,0
2776.255,40,32,8,11,21,3,5,80,80,80,80,80,80,0,0,0,6,6,600,600,0,0
2777.255,40,32,8,11,21,3,5,80,80,80,80,80,80,0,0,0,6,6,600,600,0,0
2778.255,40,32,8,11,21,3,5,80,80,80,80,80,80,0,0,0,6,6,600,600,0,0
2779.255,40,32,8,11,21,3,5,80,80,80,80,80,80,0,0,0,6,6,600,600,0,0
2780.254,40,32,8,11,21,3,5,80,80,80,80,80,80,0,0,0,6,6,600,600,0,0
2781.254,40,32,8,11,21,3,5,80,80,80,80,80,80,0,0,0,6,6,600,600,0,0
2782.254,40,32,8,11,21,3,5,80,80,80,80,80,80,0,0,0,6,6,600,600,0,0
2783.254,40,32,8,11,21,3,5,80,80,80,80,80,80,0,0,0,6,6,600,600,0,0
2784.253,40,32,8,11,21,3,5,80,80,80,80,80,80,0,0,0,6,6,600,600,0,0
2785.253,40,32,8,11,21,3,5,80,80,80,80,80,80,0,0,0,6,6,600,600,0,0
2786.253,40,32,8,11,21,3,5,80,80,80,80,80,80,0,0,0,6,6,600,600,0,0
2787.253,40,32,8,11,21,3,5,80,80,80,80,80,80,0,0,0,6,6,600,600,0,0
2788.252,40,32,8,11,21,3,5,80,80,80,80,80,80,0,0,0,6,6,600,600,0,0
2789.252,40,32,8,11,21,3,5,80,80,80,80,80,80,0,0,0,6,6,600,600,0,0
2790.252,40,32,8,11,21,3,5,80,80,80,80,80,80,0,0,0,6,6,600,600,0,0
2791.252,40,32,8,11,21,3,5,80,80,80,80,80,80,0,0,0,6,6,600,600,0,0
2792.251,40,32,8,11,21,3,5,80,80,80,80,80,80,0,0,0,6,6,600,600,0,0
2793.251,40,32,8,11,21,3,5,80,80,80,80,80,80,0,0,0,6,6,600,600,0,0
2794.251,40,32,8,11,21,3,5,80,80,80,80,80,80,0,0,0,6,6,600,600,0,0
2795.251,40,32,8,11,21,3,5,80,80,80,80,80,80,0,0,0,6,6,600,600,0,0
2796.25,40,32,8,11,21,3,5,80,80,80,80,80,80,0,0,0,6,6,600,600,0,0
2797.25,40,32,8,11,21,3,5,80,80,80,80,80,80,0,0,0,6,6,600,600,0,0
2798.25,40,32,8,11,21,3,5,80,80,80,80,80,80,0,0,0,6,6,600,600,0,0
2799.25,40,32,8,11,21,3,5,80,80,80,80,80,80,0,0,0,6,6,600,600,0,0
2800.25,40,32,8,11,21,3,5,80,80,80,80,80,80,0,0,0,6,6,600,600,0,0
2801.249,40,32,8,11,21,3,5,80,80,80,80,80,80,0,0,0,6,6,600,600,0,0
2802.249,40,32,8,11,21,3,5,80,80,80,80,80,80,0,0,0,6,6,600,600,0,0
2803.249,40,32,8,11,21,3,5,80,80,80,80,80,80,0,0,0,6,6,600,600,0,0
2804.249,40,32,8,11,21,3,5,80,80,80,80,80,80,0,0,0,6,6,600,600,0,0
2805.248,40,32,8,11,21,3,5,80,80,80,80,80,80,0,0,0,6,6,600,600,0,0
2806.248,40,32,8,11,21,3,5,80,80,80,80,80,80,0,0,0,6,6,600,600,0,0
2807.248,40,32,8,11,21,3,5,80,80,80,80,80,80,0,0,0,6,6,600,600,0,0
2808.248,40,32,8,11,21,3,5,80,80,80,80,80,80,0,0,0,6,6,600,600,0,0
2809.247,40,32,8,11,21,3,5,80,80,80,80,80,80,0,0,0,6,6,600,600,0,0
2810.247,40,32,8,11,21,3,5,80,80,80,80,80,80,0,0,0,6,6,600,600,0,0
2811.247,40,32,8,11,21,3,5,80,80,80,80,80,80,0,0,0,6,6,600,600,0,0
2812.247,40,32,8,11,21,3,5,80,80,80,80,80,80,0,0,0,6,6,600,600,0,0
2813.246,40,32,8,11,21,3,5,80,80,80,80,80,80,0,0,0,6,6,600,600,0,0
2814.246,40,32,8,11,21,3,5,80,80,80,80,80,80,0,0,0,6,6,600,600,0,0
2815.246,40,32,8,11,21,3,5,80,80,80,80,80,80,0,0,0,6,6,600,600,0,0
2816.246,40,32,8,11,21,3,5,80,80,80,80,80,80,0,0,0,6,6,600,600,0,0
2817.245,40,32,8,11,21,3,5,80,80,80,80,80,80,0,0,0,6,6,600,600,0,0
2818.245,40,32,8,11,21,3,5,80,80,80,80,80,80,0,0,0,6,6,600,600,0,0
2819.245,40,32,8,11,21,3,5,80,80,80,80,80,80,0,0,0,6,6,600,600,0,0
2820.245,40,32,8,11,21,3,5,80,80,80,80,80,80,0,0,0,6,6,600,600,0,0
2821.244,40,32,8,11,21,3,5,80,80,80,80,80,80,0,0,0,6,6,600,600,0,0
2822.244,40,32,8,11,21,3,5,80,80,80,80,80,80,0,0,0,6,6,600,600,0,0
2823.244,40,32,8,11,21,3,5,80,80,80,80,80,80,0,0,0,6,6,600,600,0,0
2824.244,40,32,8,11,21,3,5,80,80,80,80,80,80,0,0,0,6,6,600,600,0,0
2825.243,40,32,8,11,21,3,5,80,80,80,80,80,80,0,0,0,6,6,600,600,0,0
2826.243,40,32,8,11,21,3,5,80,80,80,80,80,80,0,0,0,6,6,600,600,0,0
2827.243,40,32,8,11,21,3,5,80,80,80,80,80,80,0,0,0,6,6,600,600,0,0
2828.243,40,32,8,11,21,3,5,80,80,80,80,80,80,0,0,0,6,6,600,600,0,0
2829.242,40,32,8,11,21,3,5,80,80,80,80,80,80,0,0,0,6,6,600,600,0,0
2830.242,40,32,8,11,21,3,5,80,80,80,80,80,80,0,0,0,6,6,600,600,0,0
2831.242,40,32,8,11,21,3,5,80,80,80,80,80,80,0,0,0,6,6,600,600,0,0
2832.242,40,32,8,11,21,3,5,80,80,80,80,80,80,0,0,0,6,6,600,600,0,0
2833.241,40,32,8,11,21,3,5,80,80,80,80,80,80,0,0,0,6,6,600,600,0,0
2834.241,40,32,8,11,21,3,5,80,80,80,80,80,80,0,0,0,6,6,600,600,0,0
2835.241,40,32,8,11,21,3,5,80,80,80,80,80,80,0,0,0,6,6,600,600,0,0
2836.241,40,32,8,11,21,3,5,80,80,80,80,80,80,0,0,0,6,6,600,600,0,0
2837.24,40,32,8,11,21,3,5,80,80,80,80,80,80,0,0,0,6,6,600,600,0,0
2838.24,40,32,8,11,21,3,5,80,80,80,80,80,80,0,0,0,6,6,600,600,0,0
2839.24,40,32,8,11,21,3,5,80,80,80,80,80,80,0,0,0,6,6,600,600,0,0
2840.24,40,32,8,11,21,3,5,80,80,80,80,80,80,0,0,0,6,6,600,600,0,0
2841.24,40,32,8,11,21,3,5,80,80,80,80,80,80,0,0,0,6,6,600,600,0,0
2842.239,40,32,8,11,21,3,5,80,80,80,80,80,80,0,0,0,6,6,600,600,0,0
2843.239,40,32,8,11,21,3,5,80,80,80,80,80,80,0,0,0,6,6,600,600,0,0
2844.239,40,32,8,11,21,3,5,80,80,80,80,80,80,0,0,0,6,6,600,600,0,0
2845.239,40,32,8,11,21,3,5,80,80,80,80,80,80,0,0,0,6,6,600,600,0,0
2846.238,40,32,8,11,21,3,5,80,80,80,80,80,80,0,0,0,6,6,600,600,0,0
2847.238,40,32,8,11,21,3,5,80,80,80,80,80,80,0,0,0,6,6,600,600,0,0
2848.238,40,32,8,11,21,3,5,80,80,80,80,80,80,0,0,0,6,6,600,600,0,0
2849.238,40,32,8,11,21,3,5,80,80,80,80,80,80,0,0,0,6,6,600,600,0,0
2850.237,40,32,8,11,21,3,5,80,80,80,80,80,80,0,0,0,6,6,600,600,0,0
2851.237,40,32,8,11,21,3,5,80,80,80,80,80,80,0,0,0,6,6,600,600,0,0
2852.237,40,32,8,11,21,3,5,80,80,80,80,80,80,0,0,0,6,6,600,600,0,0
2853.237,40,32,8,11,21,3,5,80,80,80,80,80,80,0,0,0,6,6,600,600,0,0
2854.236,40,32,8,11,21,3,5,80,80,80,80,80,80,0,0,0,6,6,600,600,0,0
2855.236,40,32,8,11,21,3,5,80,80,80,80,80,80,0,0,0,6,6,600,600,0,0
2856.236,40,32,8,11,21,3,5,80,80,80,80,80,80,0,0,0,6,6,600,600,0,0
2857.236,40,32,8,11,21,3,5,80,80,80,80,80,80,0,0,0,6,6,600,600,0,0
2858.235,40,32,8,11,21,3,5,80,80,80,80,80,80,0,0,0,6,6,600,600,0,0
2859.235,40,32,8,11,21,3,5,80,80,80,80,80,80,0,0,0,6,6,600,600,0,0
2860.235,40,32,8,11,21,3,5,80,80,80,80,80,80,0,0,0,6,6,600,600,0,0
2861.235,40,32,8,11,21,3,5,80,80,80,80,80,80,0,0,0,6,6,600,600,0,0
2862.234,40,32,8,11,21,3,5,80,80,80,80,80,80,0,0,0,6,6,600,600,0,0
2863.234,40,32,8,11,21,3,5,80,80,80,80,80,80,0,0,0,6,6,600,600,0,0
2864.234,40,32,8,11,21,3,5,80,80,80,80,80,80,0,0,0,6,6,600,600,0,0
2865.234,40,32,8,11,21,3,5,80,80,80,80,80,80,0,0,0,6,6,600,600,0,0
2866.233,40,32,8,11,21,3,5,80,80,80,80,80,80,0,0,0,6,6,600,600,0,0
2867.233,40,32,8,11,21,3,5,80,80,80,80,80,80,0,0,0,6,6,600,600,0,0
2868.233,40,32,8,11,21,3,5,80,80,80,80,80,80,0,0,0,6,6,600,600,0,0
2869.233,40,32,8,11,21,3,5,80,80,80,80,80,80,0,0,0,6,6,600,600,0,0
2870.232,40,32,8,11,21,3,5,80,80,80,80,80,80,0,0,0,6,6,600,600,0,0
2871.232,40,32,8,11,21,3,5,80,80,80,80,80,80,0,0,0,6,6,600,600,0,0
2872.232,40,32,8,11,21,3,5,80,80,80,80,80,80,0,0,0,6,6,600,600,0,0
2873.232,40,32,8,11,21,3,5,80,80,80,80,80,80,0,0,0,6,6,600,600,0,0
2874.231,40,32,8,11,21,3,5,80,80,80,80,80,80,0,0,0,6,6,600,600,0,0
2875.231,40,32,8,11,21,3,5,80,80,80,80,80,80,0,0,0,6,6,600,600,0,0
2876.231,40,32,8,11,21,3,5,80,80,80,80,80,80,0,0,0,6,6,600,600,0,0
2877.231,40,32,8,11,21,3,5,80,80,80,80,80,80,0,0,0,6,6,600,600,0,0
2878.23,40,32,8,11,21,3,5,80,80,80,80,80,80,0,0,0,6,6,600,600,0,0
2879.23,40,32,8,11,21,3,5,80,80,80,80,80,80,0,0,0,6,6,600,600,0,0
2880.23,40,32,8,11,21,3,5,80,80,80,80,80,80,0,0,0,6,6,600,600,0,0
2881.23,40,32,8,11,21,3,5,80,80,80,80,80,80,0,0,0,6,6,600,600,0,0
2882.229,40,32,8,11,21,3,5,80,80,80,80,80,80,0,0,0,6,6,600,600,0,0
2883.229,40,32,8,11,21,3,5,80,80,80,80,80,80,0,0,0,6,6,600,600,0,0
2884.229,40,32,8,11,21,3,5,80,80,80,80,80,80,0,0,0,6,6,600,600,0,0
2885.229,40,32,8,11,21,3,5,80,80,80,80,80,80,0,0,0,6,6,600,600,0,0
2886.229,40,32,8,11,21,3,5,80,80,80,80,80,80,0,0,0,6,6,600,600,0,0
2887.228,40,32,8,11,21,3,5,80,80,80,80,80,80,0,0,0,6,6,600,600,0,0
2888.228,40,32,8,11,21,3,5,80,80,80,80,80,80,0,0,0,6,6,600,600,0,0
2889.228,40,32,8,11,21,3,5,80,80,80,80,80,80,0,0,0,6,6,600,600,0,0
2890.228,40,32,8,11,21,3,5,80,80,80,80,80,80,0,0,0,6,6,600,600,0,0
2891.227,40,32,8,11,21,3,5,80,80,80,80,80,80,0,0,0,6,6,600,600,0,0
2892.227,40,32,8,11,21,3,5,80,80,80,80,80,80,0,0,0,6,6,600,600,0,0
2893.227,40,32,8,11,21,3,5,80,80,80,80,80,80,0,0,0,6,6,600,600,0,0
2894.227,40,32,8,11,21,3,5,80,80,80,80,80,80,0,0,0,6,6,600,600,0,0
2895.226,40,32,8,11,21,3,5,80,80,80,80,80,80,0,0,0,6,6,600,600,0,0
2896.226,40,32,8,11,21,3,5,80,80,80,80,80,80,0,0,0,6,6,600,600,0,0
2897.226,40,32,8,11,21,3,5,80,80,80,80,80,80,0,0,0,6,6,600,600,0,0
2898.226,40,32,8,11,21,3,5,80,80,80,80,80,80,0,0,0,6,6,600,600,0,0
2899.225,40,32,8,11,21,3,5,80,80,80,80,80,80,0,0,0,6,6,600,600,0,0
2900.225,40,32,8,11,21,3,5,80,80,80,80,80,80,0,0,0,6,6,600,600,0,0
2901.225,40,32,8,11,21,3,5,80,80,80,80,80,80,0,0,0,6,6,600,600,0,0
2902.225,40,32,8,11,21,3,5,80,80,80,80,80,80,0,0,0,6,6,600,600,0,0
2903.224,40,32,8,11,21,3,5,80,80,80,80,80,80,0,0,0,6,6,600,600,0,0
2904.224,40,32,8,11,21,3,5,80,80,80,80,80,80,0,0,0,6,6,600,600,0,0
2905.224,40,32,8,11,21,3,5,80,80,80,80,80,80,0,0,0,6,6,600,600,0,0
2906.224,40,32,8,11,21,3,5,80,80,80,80,80,80,0,0,0,6,6,600,600,0,0
2907.223,40,32,8,11,21,3,5,80,80,80,80,80,80,0,0,0,6,6,600,600,0,0
2908.223,40,32,8,11,21,3,5,80,80,80,80,80,80,0,0,0,6,6,600,600,0,0
2909.223,40,32,8,11,21,3,5,80,80,80,80,80,80,0,0,0,6,6,600,600,0,0
2910.223,40,32,8,11,21,3,5,80,80,80,80,80,80,0,0,0,6,6,600,600,0,0
2911.222,40,32,8,11,21,3,5,80,80,80,80,80,80,0,0,0,6,6,600,600,0,0
2912.222,40,32,8,11,21,3,5,80,80,80,80,80,80,0,0,0,6,6,600,600,0,0
2913.222,40,32,8,11,21,3,5,80,80,80,80,80,80,0,0,0,6,6,600,600,0,0
2914.222,40,32,8,11,21,3,5,80,80,80,80,80,80,0,0,0,6,6,600,600,0,0
2915.221,40,32,8,11,21,3,5,80,80,80,80,80,80,0,0,0,6,6,600,600,0,0
2916.221,40,32,8,11,21,3,5,80,80,80,80,80,80,0,0,0,6,6,600,600,0,0
2917.221,40,32,8,11,21,3,5,80,80,80,80,80,80,0,0,0,6,6,600,600,0,0
2918.221,40,32,8,11,21,3,5,80,80,80,80,80,80,0,0,0,6,6,600,600,0,0
2919.22,40,32,8,11,21,3,5,80,80,80,80,80,80,0,0,0,6,6,600,600,0,0
2920.22,40,32,8,11,21,3,5,80,80,80,80,80,80,0,0,0,6,6,600,600,0,0
2921.22,40,32,8,11,21,3,5,80,80,80,80,80,80,0,0,0,6,6,600,600,0,0
2922.22,40,32,8,11,21,3,5,80,80,80,80,80,80,0,0,0,6,6,600,600,0,0
2923.219,40,32,8,11,21,3,5,80,80,80,80,80,80,0,0,0,6,6,600,600,0,0
2924.219,40,32,8,11,21,3,5,80,80,80,80,80,80,0,0,0,6,6,600,600,0,0
2925.219,40,32,8,11,21,3,5,80,80,80,80,80,80,0,0,0,6,6,600,600,0,0
2926.219,40,32,8,11,21,3,5,80,80,80,80,80,80,0,0,0,6,6,600,600,0,0
2927.219,40,32,8,11,21,3,5,80,80,80,80,80,80,0,0,0,6,6,600,600,0,0
2928.218,40,32,8,11,21,3,5,80,80,80,80,80,80,0,0,0,6,6,600,600,0,0
2929.218,40,32,8,11,21,3,5,80,80,80,80,80,80,0,0,0,6,6,600,600,0,0
2930.218,40,32,8,11,21,3,5,80,80,80,80,80,80,0,0,0,6,6,600,600,0,0
2931.218,40,32,8,11,21,3,5,80,80,80,80,80,80,0,0,0,6,6,600,600,0,0
2932.217,40,32,8,11,21,3,5,80,80,80,80,80,80,0,0,0,6,6,600,600,0,0
2933.217,40,32,8,11,21,3,5,80,80,80,80,80,80,0,0,0,6,6,600,600,0,0
2934.217,40,32,8,11,21,3,5,80,80,80,80,80,80,0,0,0,6,6,600,600,0,0
2935.217,40,32,8,11,21,3,5,80,80,80,80,80,80,0,0,0,6,6,600,600,0,0
2936.216,40,32,8,11,21,3,5,80,80,80,80,80,80,0,0,0,6,6,600,600,0,0
2937.216,40,32,8,11,21,3,5,80,80,80,80,80,80,0,0,0,6,6,600,600,0,0
2938.216,40,32,8,11,21,3,5,80,80,80,80,80,80,0,0,0,6,6,600,600,0,0
2939.216,40,32,8,11,21,3,5,80,80,80,80,80,80,0,0,0,6,6,600,600,0,0
2940.215,40,32,8,11,21,3,5,80,80,80,80,80,80,0,0,0,6,6,600,600,0,0
2941.215,40,32,8,11,21,3,5,80,80,80,80,80,80,0,0,0,6,6,600,600,0,0
2942.215,40,32,8,11,21,3,5,80,80,80,80,80,80,0,0,0,6,6,600,600,0,0
2943.215,40,32,8,11,21,3,5,80,80,80,80,80,80,0,0,0,6,6,600,600,0,0
2944.214,40,32,8,11,21,3,5,80,80,80,80,80,80,0,0,0,6,6,600,600,0,0
2945.214,40,32,8,11,21,3,5,80,80,80,80,80,80,0,0,0,6,6,600,600,0,0
2946.214,40,32,8,11,21,3,5,80,80,80,80,80,80,0,0,0,6,6,600,600,0,0
2947.214,40,32,8,11,21,3,5,80,80,80,80,80,80,0,0,0,6,6,600,600,0,0
2948.213,40,32,8,11,21,3,5,80,80,80,80,80,80,0,0,0,6,6,600,600,0,0
2949.213,40,32,8,11,21,3,5,80,80,80,80,80,80,0,0,0,6,6,600,600,0,0
2950.213,40,32,8,11,21,3,5,80,80,80,80,80,80,0,0,0,6,6,600,600,0,0
2951.213,40,32,8,11,21,3,5,80,80,80,80,80,80,0,0,0,6,6,600,600,0,0
2952.212,40,32,8,11,21,3,5,80,80,80,80,80,80,0,0,0,6,6,600,600,0,0
2953.212,40,32,8,11,21,3,5,80,80,80,80,80,80,0,0,0,6,6,600,600,0,0
2954.212,40,32,8,11,21,3,5,80,80,80,80,80,80,0,0,0,6,6,600,600,0,0
2955.212,40,32,8,11,21,3,5,80,80,80,80,80,80,0,0,0,6,6,600,600,0,0
2956.211,40,32,8,11,21,3,5,80,80,80,80,80,80,0,0,0,6,6,600,600,0,0
2957.211,40,32,8,11,21,3,5,80,80,80,80,80,80,0,0,0,6,6,600,600,0,0
2958.211,40,32,8,11,21,3,5,80,80,80,80,80,80,0,0,0,6,6,600,600,0,0
2959.211,40,32,8,11,21,3,5,80,80,80,80,80,80,0,0,0,6,6,600,600,0,0
2960.21,40,32,8,11,21,3,5,80,80,80,80,80,80,0,0,0,6,6,600,600,0,0
2961.21,40,32,8,11,21,3,5,80,80,80,80,80,80,0,0,0,6,6,600,600,0,0
2962.21,40,32,8,11,21,3,5,80,80,80,80,80,80,0,0,0,6,6,600,600,0,0
2963.21,40,32,8,11,21,3,5,80,80,80,80,80,80,0,0,0,6,6,600,600,0,0
2964.209,40,32,8,11,21,3,5,80,80,80,80,80,80,0,0,0,6,6,600,600,0,0
2965.209,40,32,8,11,21,3,5,80,80,80,80,80,80,0,0,0,6,6,600,600,0,0
2966.209,40,32,8,11,21,3,5,80,80,80,80,80,80,0,0,0,6,6,600,600,0,0
2967.209,40,32,8,11,21,3,5,80,80,80,80,80,80,0,0,0,6,6,600,600,0,0
2968.208,40,32,8,11,21,3,5,80,80,80,80,80,80,0,0,0,6,6,600,600,0,0
2969.208,40,32,8,11,21,3,5,80,80,80,80,80,80,0,0,0,6,6,600,600,0,0
2970.208,40,32,8,11,21,3,5,80,80,80,80,80,80,0,0,0,6,6,600,600,0,0
2971.208,40,32,8,11,21,3,5,80,80,80,80,80,80,0,0,0,6,6,600,600,0,0
2972.208,40,32,8,11,21,3,5,80,80,80,80,80,80,0,0,0,6,6,600,600,0,0
2973.207,40,32,8,11,21,3,5,80,80,80,80,80,80,0,0,0,6,6,600,600,0,0
2974.207,40,32,8,11,21,3,5,80,80,80,80,80,80,0,0,0,6,6,600,600,0,0
2975.207,40,32,8,11,21,3,5,80,80,80,80,80,80,0,0,0,6,6,600,600,0,0
2976.207,40,32,8,11,21,3,5,80,80,80,80,80,80,0,0,0,6,6,600,600,0,0
2977.206,40,32,8,11,21,3,5,80,80,80,80,80,80,0,0,0,6,6,600,600,0,0
2978.206,40,32,8,11,21,3,5,80,80,80,80,80,80,0,0,0,6,6,600,600,0,0
2979.206,40,32,8,11,21,3,5,80,80,80,80,80,80,0,0,0,6,6,600,600,0,0
2980.206,40,32,8,11,21,3,5,80,80,80,80,80,80,0,0,0,6,6,600,600,0,0
2981.205,40,32,8,11,21,3,5,80,80,80,80,80,80,0,0,0,6,6,600,600,0,0
2982.205,40,32,8,11,21,3,5,80,80,80,80,80,80,0,0,0,6,6,600,600,0,0
2983.205,40,32,8,11,21,3,5,80,80,80,80,80,80,0,0,0,6,6,600,600,0,0
2984.205,40,32,8,11,21,3,5,80,80,80,80,80,80,0,0,0,6,6,600,600,0,0
2985.204,40,32,8,11,21,3,5,80,80,80,80,80,80,0,0,0,6,6,600,600,0,0
2986.204,40,32,8,11,21,3,5,80,80,80,80,80,80,0,0,0,6,6,600,600,0,0
2987.204,40,32,8,11,21,3,5,80,80,80,80,80,80,0,0,0,6,6,600,600,0,0
2988.204,40,32,8,11,21,3,5,80,80,80,80,80,80,0,0,0,6,6,600,600,0,0
2989.203,40,32,8,11,21,3,5,80,80,80,80,80,80,0,0,0,6,6,600,600,0,0
2990.203,40,32,8,11,21,3,5,80,80,80,80,80,80,0,0,0,6,6,600,600,0,0
2991.203,40,32,8,11,21,3,5,80,80,80,80,80,80,0,0,0,6,6,600,600,0,0
2992.203,40,32,8,11,21,3,5,80,80,80,80,80,80,0,0,0,6,6,600,600,0,0
2993.202,40,32,8,11,21,3,5,80,80,80,80,80,80,0,0,0,6,6,600,600,0,0
2994.202,40,32,8,11,21,3,5,80,80,80,80,80,80,0,0,0,6,6,600,600,0,0
2995.202,40,32,8,11,21,3,5,80,80,80,80,80,80,0,0,0,6,6,600,600,0,0
2996.202,40,32,8,11,21,3,5,80,80,80,80,80,80,0,0,0,6,6,600,600,0,0
2997.201,40,32,8,11,21,3,5,80,80,80,80,80,80,0,0,0,6,6,600,600,0,0
2998.201,40,32,8,11,21,3,5,80,80,80,80,80,80,0,0,0,6,6,600,600,0,0
2999.201,40,32,8,11,21,3,5,80,80,80,80,80,80,0,0,0,6,6,600,600,0,0
3000.201,40,32,8,11,21,3,5,80,80,80,80,80,80,0,0,0,6,6,600,600,0,0
3001.2,40,32,8,11,21,3,5,80,80,80,80,80,80,0,0,0,6,6,600,600,0,0
3002.2,40,32,8,11,21,3,5,80,80,80,80,80,80,0,0,0,6,6,600,600,0,0
3003.2,40,32,8,11,21,3,5,80,80,80,80,80,80,0,0,0,6,6,600,600,0,0
3004.2,40,32,8,11,21,3,5,80,80,80,80,80,80,0,0,0,6,6,600,600,0,0
3005.199,40,32,8,11,21,3,5,80,80,80,80,80,80,0,0,0,6,6,600,600,0,0
3006.199,40,32,8,11,21,3,5,80,80,80,80,80,80,0,0,0,6,6,600,600,0,0
3007.199,40,32,8,11,21,3,5,80,80,80,80,80,80,0,0,0,6,6,600,600,0,0
3008.199,40,32,8,11,21,3,5,80,80,80,80,80,80,0,0,0,6,6,600,600,0,0
3009.198,40,32,8,11,21,3,5,80,80,80,80,80,80,0,0,0,6,6,600,600,0,0
3010.198,40,32,8,11,21,3,5,80,80,80,80,80,80,0,0,0,6,6,600,600,0,0
3011.198,40,32,8,11,21,3,5,80,80,80,80,80,80,0,0,0,6,6,600,600,0,0
3012.198,40,32,8,11,21,3,5,80,80,80,80,80,80,0,0,0,6,6,600,600,0,0
3013.198,40,32,8,11,21,3,5,80,80,80,80,80,80,0,0,0,6,6,600,600,0,0
3014.197,40,32,8,11,21,3,5,80,80,80,80,80,80,0,0,0,6,6,600,600,0,0
3015.197,40,32,8,11,21,3,5,80,80,80,80,80,80,0,0,0,6,6,600,600,0,0
3016.197,40,32,8,11,21,3,5,80,80,80,80,80,80,0,0,0,6,6,600,600,0,0
3017.197,40,32,8,11,21,3,5,80,80,80,80,80,80,0,0,0,6,6,600,600,0,0
3018.196,40,32,8,11,21,3,5,80,80,80,80,80,80,0,0,0,6,6,600,600,0,0
3019.196,40,32,8,11,21,3,5,80,80,80,80,80,80,0,0,0,6,6,600,600,0,0
3020.196,40,32,8,11,21,3,5,80,80,80,80,80,80,0,0,0,6,6,600,600,0,0
3021.196,40,32,8,11,21,3,5,80,80,80,80,80,80,0,0,0,6,6,600,600,0,0
3022.195,40,32,8,11,21,3,5,80,80,80,80,80,80,0,0,0,6,6,600,600,0,0
3023.195,40,32,8,11,21,3,5,80,80,80,80,80,80,0,0,0,6,6,600,600,0,0
3024.195,40,32,8,11,21,3,5,80,80,80,80,80,80,0,0,0,6,6,600,600,0,0
3025.195,40,32,8,11,21,3,5,80,80,80,80,80,80,0,0,0,6,6,600,600,0,0
3026.194,40,32,8,11,21,3,5,80,80,80,80,80,80,0,0,0,6,6,600,600,0,0
3027.194,40,32,8,11,21,3,5,80,80,80,80,80,80,0,0,0,6,6,600,600,0,0
3028.194,40,32,8,11,21,3,5,80,80,80,80,80,80,0,0,0,6,6,600,600,0,0
3029.194,40,32,8,11,21,3,5,80,80,80,80,80,80,0,0,0,6,6,600,600,0,0
3030.193,40,32,8,11,21,3,5,80,80,80,80,80,80,0,0,0,6,6,600,600,0,0
3031.193,40,32,8,11,21,3,5,80,80,80,80,80,80,0,0,0,6,6,600,600,0,0
3032.193,40,32,8,11,21,3,5,80,80,80,80,80,80,0,0,0,6,6,600,600,0,0
3033.193,40,32,8,11,21,3,5,80,80,80,80,80,80,0,0,0,6,6,600,600,0,0
3034.192,40,32,8,11,21,3,5,80,80,80,80,80,80,0,0,0,6,6,600,600,0,0
3035.192,40,32,8,11,21,3,5,80,80,80,80,80,80,0,0,0,6,6,600,600,0,0
3036.192,40,32,8,11,21,3,5,80,80,80,80,80,80,0,0,0,6,6,600,600,0,0
3037.192,40,32,8,11,21,3,5,80,80,80,80,80,80,0,0,0,6,6,600,600,0,0
3038.191,40,32,8,11,21,3,5,80,80,80,80,80,80,0,0,0,6,6,600,600,0,0
3039.191,40,32,8,11,21,3,5,80,80,80,80,80,80,0,0,0,6,6,600,600,0,0
3040.191,40,32,8,11,21,3,5,80,80,80,80,80,80,0,0,0,6,6,600,600,0,0
3041.191,40,32,8,11,21,3,5,80,80,80,80,80,80,0,0,0,6,6,600,600,0,0
3042.19,40,32,8,11,21,3,5,80,80,80,80,80,80,0,0,0,6,6,600,600,0,0
3043.19,40,32,8,11,21,3,5,80,80,80,80,80,80,0,0,0,6,6,600,600,0,0
3044.19,40,32,8,11,21,3,5,80,80,80,80,80,80,0,0,0,6,6,600,600,0,0
3045.19,40,32,8,11,21,3,5,80,80,80,80,80,80,0,0,0,6,6,600,600,0,0
3046.189,40,32,8,11,21,3,5,80,80,80,80,80,80,0,0,0,6,6,600,600,0,0
3047.189,40,32,8,11,21,3,5,80,80,80,80,80,80,0,0,0,6,6,600,600,0,0
3048.189,40,32,8,11,21,3,5,80,80,80,80,80,80,0,0,0,6,6,600,600,0,0
3049.189,40,32,8,11,21,3,5,80,80,80,80,80,80,0,0,0,6,6,600,600,0,0
3050.188,40,32,8,11,21,3,5,80,80,80,80,80,80,0,0,0,6,6,600,600,0,0
3051.188,40,32,8,11,21,3,5,80,80,80,80,80,80,0,0,0,6,6,600,600,0,0
3052.188,40,32,8,11,21,3,5,80,80,80,80,80,80,0,0,0,6,6,600,600,0,0
3053.188,40,32,8,11,21,3,5,80,80,80,80,80,80,0,0,0,6,6,600,600,0,0
3054.188,40,32,8,11,21,3,5,80,80,80,80,80,80,0,0,0,6,6,600,600,0,0
3055.187,40,32,8,11,21,3,5,80,80,80,80,80,80,0,0,0,6,6,600,600,0,0
3056.187,40,32,8,11,21,3,5,80,80,80,80,80,80,0,0,0,6,6,600,600,0,0
3057.187,40,32,8,11,21,3,5,80,80,80,80,80,80,0,0,0,6,6,600,600,0,0
3058.187,40,32,8,11,21,3,5,80,80,80,80,80,80,0,0,0,6,6,600,600,0,0
3059.186,40,32,8,11,21,3,5,80,80,80,80,80,80,0,0,0,6,6,600,600,0,0
3060.186,40,32,8,11,21,3,5,80,80,80,80,80,80,0,0,0,6,6,600,600,0,0
3061.186,40,32,8,11,21,3,5,80,80,80,80,80,80,0,0,0,6,6,600,600,0,0
3062.186,40,32,8,11,21,3,5,80,80,80,80,80,80,0,0,0,6,6,600,600,0,0
3063.185,40,32,8,11,21,3,5,80,80,80,80,80,80,0,0,0,6,6,600,600,0,0
3064.185,40,32,8,11,21,3,5,80,80,80,80,80,80,0,0,0,6,6,600,600,0,0
3065.185,40,32,8,11,21,3,5,80,80,80,80,80,80,0,0,0,6,6,600,600,0,0
3066.185,40,32,8,11,21,3,5,80,80,80,80,80,80,0,0,0,6,6,600,600,0,0
3067.184,40,32,8,11,21,3,5,80,80,80,80,80,80,0,0,0,6,6,600,600,0,0
3068.184,40,32,8,11,21,3,5,80,80,80,80,80,80,0,0,0,6,6,600,600,0,0
3069.184,40,32,8,11,21,3,5,80,80,80,80,80,80,0,0,0,6,6,600,600,0,0
3070.184,40,32,8,11,21,3,5,80,80,80,80,80,80,0,0,0,6,6,600,600,0,0
3071.183,40,32,8,11,21,3,5,80,80,80,80,80,80,0,0,0,6,6,600,600,0,0
3072.183,40,32,8,11,21,3,5,80,80,80,80,80,80,0,0,0,6,6,600,600,0,0
3073.183,40,32,8,11,21,3,5,80,80,80,80,80,80,0,0,0,6,6,600,600,0,0
3074.183,40,32,8,11,21,3,5,80,80,80,80,80,80,0,0,0,6,6,600,600,0,0
3075.182,40,32,8,11,21,3,5,80,80,80,80,80,80,0,0,0,6,6,600,600,0,0
3076.182,40,32,8,11,21,3,5,80,80,80,80,80,80,0,0,0,6,6,600,600,0,0
3077.182,40,32,8,11,21,3,5,80,80,80,80,80,80,0,0,0,6,6,600,600,0,0
3078.182,40,32,8,11,21,3,5,80,80,80,80,80,80,0,0,0,6,6,600,600,0,0
3079.181,40,32,8,11,21,3,5,80,80,80,80,80,80,0,0,0,6,6,600,600,0,0
3080.181,40,32,8,11,21,3,5,80,80,80,80,80,80,0,0,0,6,6,600,600,0,0
3081.181,40,32,8,11,21,3,5,80,80,80,80,80,80,0,0,0,6,6,600,600,0,0
3082.181,40,32,8,11,21,3,5,80,80,80,80,80,80,0,0,0,6,6,600,600,0,0
3083.18,40,32,8,11,21,3,5,80,80,80,80,80,80,0,0,0,6,6,600,600,0,0
3084.18,40,32,8,11,21,3,5,80,80,80,80,80,80,0,0,0,6,6,600,600,0,0
3085.18,40,32,8,11,21,3,5,80,80,80,80,80,80,0,0,0,6,6,600,600,0,0
3086.18,40,32,8,11,21,3,5,80,80,80,80,80,80,0,0,0,6,6,600,600,0,0
3087.179,40,32,8,11,21,3,5,80,80,80,80,80,80,0,0,0,6,6,600,600,0,0
3088.179,40,32,8,11,21,3,5,80,80,80,80,80,80,0,0,0,6,6,600,600,0,0
3089.179,40,32,8,11,21,3,5,80,80,80,80,80,80,0,0,0,6,6,600,600,0,0
3090.179,40,32,8,11,21,3,5,80,80,80,80,80,80,0,0,0,6,6,600,600,0,0
3091.178,40,32,8,11,21,3,5,80,80,80,80,80,80,0,0,0,6,6,600,600,0,0
3092.178,40,32,8,11,21,3,5,80,80,80,80,80,80,0,0,0,6,6,600,600,0,0
3093.178,40,32,8,11,21,3,5,80,80,80,80,80,80,0,0,0,6,6,600,600,0,0
3094.178,40,32,8,11,21,3,5,80,80,80,80,80,80,0,0,0,6,6,600,600,0,0
3095.177,40,32,8,11,21,3,5,80,80,80,80,80,80,0,0,0,6,6,600,600,0,0
3096.177,40,32,8,11,21,3,5,80,80,80,80,80,80,0,0,0,6,6,600,600,0,0
3097.177,40,32,8,11,21,3,5,80,80,80,80,80,80,0,0,0,6,6,600,600,0,0
3098.177,40,32,8,11,21,3,5,80,80,80,80,80,80,0,0,0,6,6,600,600,0,0
3099.177,40,32,8,11,21,3,5,80,80,80,80,80,80,0,0,0,6,6,600,600,0,0
3100.176,40,32,8,11,21,3,5,80,80,80,80,80,80,0,0,0,6,6,600,600,0,0
3101.176,40,32,8,11,21,3,5,80,80,80,80,80,80,0,0,0,6,6,600,600,0,0
3102.176,40,32,8,11,21,3,5,80,80,80,80,80,80,0,0,0,6,6,600,600,0,0
3103.176,40,32,8,11,21,3,5,80,80,80,80,80,80,0,0,0,6,6,600,600,0,0
3104.175,40,32,8,11,21,3,5,80,80,80,80,80,80,0,0,0,6,6,600,600,0,0
3105.175,40,32,8,11,21,3,5,80,80,80,80,80,80,0,0,0,6,6,600,600,0,0
3106.175,40,32,8,11,21,3,5,80,80,80,80,80,80,0,0,0,6,6,600,600,0,0
3107.175,40,32,8,11,21,3,5,80,80,80,80,80,80,0,0,0,6,6,600,600,0,0
3108.174,40,32,8,11,21,3,5,80,80,80,80,80,80,0,0,0,6,6,600,600,0,0
3109.174,40,32,8,11,21,3,5,80,80,80,80,80,80,0,0,0,6,6,600,600,0,0
3110.174,40,32,8,11,21,3,5,80,80,80,80,80,80,0,0,0,6,6,600,600,0,0
3111.174,40,32,8,11,21,3,5,80,80,80,80,80,80,0,0,0,6,6,600,600,0,0
3112.173,40,32,8,11,21,3,5,80,80,80,80,80,80,0,0,0,6,6,600,600,0,0
3113.173,40,32,8,11,21,3,5,80,80,80,80,80,80,0,0,0,6,6,600,600,0,0
3114.173,40,32,8,11,21,3,5,80,80,80,80,80,80,0,0,0,6,6,600,600,0,0
3115.173,40,32,8,11,21,3,5,80,80,80,80,80,80,0,0,0,6,6,600,600,0,0
3116.172,40,32,8,11,21,3,5,80,80,80,80,80,80,0,0,0,6,6,600,600,0,0
3117.172,40,32,8,11,21,3,5,80,80,80,80,80,80,0,0,0,6,6,600,600,0,0
3118.172,40,32,8,11,21,3,5,80,80,80,80,80,80,0,0,0,6,6,600,600,0,0
3119.172,40,32,8,11,21,3,5,80,80,80,80,80,80,0,0,0,6,6,600,600,0,0
3120.171,40,32,8,11,21,3,5,80,80,80,80,80,80,0,0,0,6,6,600,600,0,0
3121.171,40,32,8,11,21,3,5,80,80,80,80,80,80,0,0,0,6,6,600,600,0,0
3122.171,40,32,8,11,21,3,5,80,80,80,80,80,80,0,0,0,6,6,600,600,0,0
3123.171,40,32,8,11,21,3,5,80,80,80,80,80,80,0,0,0,6,6,600,600,0,0
3124.17,40,32,8,11,21,3,5,80,80,80,80,80,80,0,0,0,6,6,600,600,0,0
3125.17,40,32,8,11,21,3,5,80,80,80,80,80,80,0,0,0,6,6,600,600,0,0
3126.17,40,32,8,11,21,3,5,80,80,80,80,80,80,0,0,0,6,6,600,600,0,0
3127.17,40,32,8,11,21,3,5,80,80,80,80,80,80,0,0,0,6,6,600,600,0,0
3128.169,40,32,8,11,21,3,5,80,80,80,80,80,80,0,0,0,6,6,600,600,0,0
3129.169,40,32,8,11,21,3,5,80,80,80,80,80,80,0,0,0,6,6,600,600,0,0
3130.169,40,32,8,11,21,3,5,80,80,80,80,80,80,0,0,0,6,6,600,600,0,0
3131.169,40,32,8,11,21,3,5,80,80,80,80,80,80,0,0,0,6,6,600,600,0,0
3132.168,40,32,8,11,21,3,5,80,80,80,80,80,80,0,0,0,6,6,600,600,0,0
3133.168,40,32,8,11,21,3,5,80,80,80,80,80,80,0,0,0,6,6,600,600,0,0
3134.168,40,32,8,11,21,3,5,80,80,80,80,80,80,0,0,0,6,6,600,600,0,0
3135.168,40,32,8,11,21,3,5,80,80,80,80,80,80,0,0,0,6,6,600,600,0,0
3136.167,40,32,8,11,21,3,5,80,80,80,80,80,80,0,0,0,6,6,600,600,0,0
3137.167,40,32,8,11,21,3,5,80,80,80,80,80,80,0,0,0,6,6,600,600,0,0
3138.167,40,32,8,11,21,3,5,80,80,80,80,80,80,0,0,0,6,6,600,600,0,0
3139.167,40,32,8,11,21,3,5,80,80,80,80,80,80,0,0,0,6,6,600,600,0,0
3140.167,40,32,8,11,21,3,5,80,80,80,80,80,80,0,0,0,6,6,600,600,0,0
3141.166,40,32,8,11,21,3,5,80,80,80,80,80,80,0,0,0,6,6,600,600,0,0
3142.166,40,32,8,11,21,3,5,80,80,80,80,80,80,0,0,0,6,6,600,600,0,0
3143.166,40,32,8,11,21,3,5,80,80,80,80,80,80,0,0,0,6,6,600,600,0,0
3144.166,40,32,8,11,21,3,5,80,80,80,80,80,80,0,0,0,6,6,600,600,0,0
3145.165,40,32,8,11,21,3,5,80,80,80,80,80,80,0,0,0,6,6,600,600,0,0
3146.165,40,32,8,11,21,3,5,80,80,80,80,80,80,0,0,0,6,6,600,600,0,0
3147.165,40,32,8,11,21,3,5,80,80,80,80,80,80,0,0,0,6,6,600,600,0,0
3148.165,40,32,8,11,21,3,5,80,80,80,80,80,80,0,0,0,6,6,600,600,0,0
3149.164,40,32,8,11,21,3,5,80,80,80,80,80,80,0,0,0,6,6,600,600,0,0
3150.164,40,32,8,11,21,3,5,80,80,80,80,80,80,0,0,0,6,6,600,600,0,0
3151.164,40,32,8,11,21,3,5,80,80,80,80,80,80,0,0,0,6,6,600,600,0,0
3152.164,40,32,8,11,21,3,5,80,80,80,80,80,80,0,0,0,6,6,600,600,0,0
3153.163,40,32,8,11,21,3,5,80,80,80,80,80,80,0,0,0,6,6,600,600,0,0
3154.163,40,32,8,11,21,3,5,80,80,80,80,80,80,0,0,0,6,6,600,600,0,0
3155.163,40,32,8,11,21,3,5,80,80,80,80,80,80,0,0,0,6,6,600,600,0,0
3156.163,40,32,8,11,21,3,5,80,80,80,80,80,80,0,0,0,6,6,600,600,0,0
3157.162,40,32,8,11,21,3,5,80,80,80,80,80,80,0,0,0,6,6,600,600,0,0
3158.162,40,32,8,11,21,3,5,80,80,80,80,80,80,0,0,0,6,6,600,600,0,0
3159.162,40,32,8,11,21,3,5,80,80,80,80,80,80,0,0,0,6,6,600,600,0,0
3160.162,40,32,8,11,21,3,5,80,80,80,80,80,80,0,0,0,6,6,600,600,0,0
3161.161,40,32,8,11,21,3,5,80,80,80,80,80,80,0,0,0,6,6,600,600,0,0
3162.161,40,32,8,11,21,3,5,80,80,80,80,80,80,0,0,0,6,6,600,600,0,0
3163.161,40,32,8,11,21,3,5,80,80,80,80,80,80,0,0,0,6,6,600,600,0,0
3164.161,40,32,8,11,21,3,5,80,80,80,80,80,80,0,0,0,6,6,600,600,0,0
3165.16,40,32,8,11,21,3,5,80,80,80,80,80,80,0,0,0,6,6,600,600,0,0
3166.16,40,32,8,11,21,3,5,80,80,80,80,80,80,0,0,0,6,6,600,600,0,0
3167.16,40,32,8,11,21,3,5,80,80,80,80,80,80,0,0,0,6,6,600,600,0,0
3168.16,40,32,8,11,21,3,5,80,80,80,80,80,80,0,0,0,6,6,600,600,0,0
3169.159,40,32,8,11,21,3,5,80,80,80,80,80,80,0,0,0,6,6,600,600,0,0
3170.159,40,32,8,11,21,3,5,80,80,80,80,80,80,0,0,0,6,6,600,600,0,0
3171.159,40,32,8,11,21,3,5,80,80,80,80,80,80,0,0,0,6,6,600,600,0,0
3172.159,40,32,8,11,21,3,5,80,80,80,80,80,80,0,0,0,6,6,600,600,0,0
3173.158,40,32,8,11,21,3,5,80,80,80,80,80,80,0,0,0,6,6,600,600,0,0
3174.158,40,32,8,11,21,3,5,80,80,80,80,80,80,0,0,0,6,6,600,600,0,0
3175.158,40,32,8,11,21,3,5,80,80,80,80,80,80,0,0,0,6,6,600,600,0,0
3176.158,40,32,8,11,21,3,5,80,80,80,80,80,80,0,0,0,6,6,600,600,0,0
3177.157,40,32,8,11,21,3,5,80,80,80,80,80,80,0,0,0,6,6,600,600,0,0
3178.157,40,32,8,11,21,3,5,80,80,80,80,80,80,0,0,0,6,6,600,600,0,0
3179.157,40,32,8,11,21,3,5,80,80,80,80,80,80,0,0,0,6,6,600,600,0,0
3180.157,40,32,8,11,21,3,5,80,80,80,80,80,80,0,0,0,6,6,600,600,0,0
3181.156,40,32,8,11,21,3,5,80,80,80,80,80,80,0,0,0,6,6,600,600,0,0
3182.156,40,32,8,11,21,3,5,80,80,80,80,80,80,0,0,0,6,6,600,600,0,0
3183.156,40,32,8,11,21,3,5,80,80,80,80,80,80,0,0,0,6,6,600,600,0,0
3184.156,40,32,8,11,21,3,5,80,80,80,80,80,80,0,0,0,6,6,600,600,0,0
3185.156,40,32,8,11,21,3,5,80,80,80,80,80,80,0,0,0,6,6,600,600,0,0
3186.155,40,32,8,11,21,3,5,80,80,80,80,80,80,0,0,0,6,6,600,600,0,0
3187.155,40,32,8,11,21,3,5,80,80,80,80,80,80,0,0,0,6,6,600,600,0,0
3188.155,40,32,8,11,21,3,5,80,80,80,80,80,80,0,0,0,6,6,600,600,0,0
3189.155,40,32,8,11,21,3,5,80,80,80,80,80,80,0,0,0,6,6,600,600,0,0
3190.154,40,32,8,11,21,3,5,80,80,80,80,80,80,0,0,0,6,6,600,600,0,0
3191.154,40,32,8,11,21,3,5,80,80,80,80,80,80,0,0,0,6,6,600,600,0,0
3192.154,40,32,8,11,21,3,5,80,80,80,80,80,80,0,0,0,6,6,600,600,0,0
3193.154,40,32,8,11,21,3,5,80,80,80,80,80,80,0,0,0,6,6,600,600,0,0
3194.153,40,32,8,11,21,3,5,80,80,80,80,80,80,0,0,0,6,6,600,600,0,0
3195.153,40,32,8,11,21,3,5,80,80,80,80,80,80,0,0,0,6,6,600,600,0,0
3196.153,40,32,8,11,21,3,5,80,80,80,80,80,80,0,0,0,6,6,600,600,0,0
3197.153,40,32,8,11,21,3,5,80,80,80,80,80,80,0,0,0,6,6,600,600,0,0
3198.152,40,32,8,11,21,3,5,80,80,80,80,80,80,0,0,0,6,6,600,600,0,0
3199.152,40,32,8,11,21,3,5,80,80,80,80,80,80,0,0,0,6,6,600,600,0,0
3200.152,40,32,8,11,21,3,5,80,80,80,80,80,80,0,0,0,6,6,600,600,0,0
3201.152,40,32,8,11,21,3,5,80,80,80,80,80,80,0,0,0,6,6,600,600,0,0
3202.151,40,32,8,11,21,3,5,80,80,80,80,80,80,0,0,0,6,6,600,600,0,0
3203.151,40,32,8,11,21,3,5,80,80,80,80,80,80,0,0,0,6,6,600,600,0,0
3204.151,40,32,8,11,21,3,5,80,80,80,80,80,80,0,0,0,6,6,600,600,0,0
3205.151,40,32,8,11,21,3,5,80,80,80,80,80,80,0,0,0,6,6,600,600,0,0
3206.15,40,32,8,11,21,3,5,80,80,80,80,80,80,0,0,0,6,6,600,600,0,0
3207.15,40,32,8,11,21,3,5,80,80,80,80,80,80,0,0,0,6,6,600,600,0,0
3208.15,40,32,8,11,21,3,5,80,80,80,80,80,80,0,0,0,6,6,600,600,0,0
3209.15,40,32,8,11,21,3,5,80,80,80,80,80,80,0,0,0,6,6,600,600,0,0
3210.149,40,32,8,11,21,3,5,80,80,80,80,80,80,0,0,0,6,6,600,600,0,0
3211.149,40,32,8,11,21,3,5,80,80,80,80,80,80,0,0,0,6,6,600,600,0,0
3212.149,40,32,8,11,21,3,5,80,80,80,80,80,80,0,0,0,6,6,600,600,0,0
3213.149,40,32,8,11,21,3,5,80,80,80,80,80,80,0,0,0,6,6,600,600,0,0
3214.148,40,32,8,11,21,3,5,80,80,80,80,80,80,0,0,0,6,6,600,600,0,0
3215.148,40,32,8,11,21,3,5,80,80,80,80,80,80,0,0,0,6,6,600,600,0,0
3216.148,40,32,8,11,21,3,5,80,80,80,80,80,80,0,0,0,6,6,600,600,0,0
3217.148,40,32,8,11,21,3,5,80,80,80,80,80,80,0,0,0,6,6,600,600,0,0
3218.147,40,32,8,11,21,3,5,80,80,80,80,80,80,0,0,0,6,6,600,600,0,0
3219.147,40,32,8,11,21,3,5,80,80,80,80,80,80,0,0,0,6,6,600,600,0,0
3220.147,40,32,8,11,21,3,5,80,80,80,80,80,80,0,0,0,6,6,600,600,0,0
3221.147,40,32,8,11,21,3,5,80,80,80,80,80,80,0,0,0,6,6,600,600,0,0
3222.146,40,32,8,11,21,3,5,80,80,80,80,80,80,0,0,0,6,6,600,600,0,0
3223.146,40,32,8,11,21,3,5,80,80,80,80,80,80,0,0,0,6,6,600,600,0,0
3224.146,40,32,8,11,21,3,5,80,80,80,80,80,80,0,0,0,6,6,600,600,0,0
3225.146,40,32,8,11,21,3,5,80,80,80,80,80,80,0,0,0,6,6,600,600,0,0
3226.146,40,32,8,11,21,3,5,80,80,80,80,80,80,0,0,0,6,6,600,600,0,0
3227.145,40,32,8,11,21,3,5,80,80,80,80,80,80,0,0,0,6,6,600,600,0,0
3228.145,40,32,8,11,21,3,5,80,80,80,80,80,80,0,0,0,6,6,600,600,0,0
3229.145,40,32,8,11,21,3,5,80,80,80,80,80,80,0,0,0,6,6,600,600,0,0
3230.145,40,32,8,11,21,3,5,80,80,80,80,80,80,0,0,0,6,6,600,600,0,0
3231.144,40,32,8,11,21,3,5,80,80,80,80,80,80,0,0,0,6,6,600,600,0,0
3232.144,40,32,8,11,21,3,5,80,80,80,80,80,80,0,0,0,6,6,600,600,0,0
3233.144,40,32,8,11,21,3,5,80,80,80,80,80,80,0,0,0,6,6,600,600,0,0
3234.144,40,32,8,11,21,3,5,80,80,80,80,80,80,0,0,0,6,6,600,600,0,0
3235.143,40,32,8,11,21,3,5,80,80,80,80,80,80,0,0,0,6,6,600,600,0,0
3236.143,40,32,8,11,21,3,5,80,80,80,80,80,80,0,0,0,6,6,600,600,0,0
3237.143,40,32,8,11,21,3,5,80,80,80,80,80,80,0,0,0,6,6,600,600,0,0
3238.143,40,32,8,11,21,3,5,80,80,80,80,80,80,0,0,0,6,6,600,600,0,0
3239.142,40,32,8,11,21,3,5,80,80,80,80,80,80,0,0,0,6,6,600,600,0,0
3240.142,40,32,8,11,21,3,5,80,80,80,80,80,80,0,0,0,6,6,600,600,0,0
3241.142,40,32,8,11,21,3,5,80,80,80,80,80,80,0,0,0,6,6,600,600,0,0
3242.142,40,32,8,11,21,3,5,80,80,80,80,80,80,0,0,0,6,6,600,600,0,0
3243.141,40,32,8,11,21,3,5,80,80,80,80,80,80,0,0,0,6,6,600,600,0,0
3244.141,40,32,8,11,21,3,5,80,80,80,80,80,80,0,0,0,6,6,600,600,0,0
3245.141,40,32,8,11,21,3,5,80,80,80,80,80,80,0,0,0,6,6,600,600,0,0
3246.141,40,32,8,11,21,3,5,80,80,80,80,80,80,0,0,0,6,6,600,600,0,0
3247.14,40,32,8,11,21,3,5,80,80,80,80,80,80,0,0,0,6,6,600,600,0,0
3248.14,40,32,8,11,21,3,5,80,80,80,80,80,80,0,0,0,6,6,600,600,0,0
3249.14,40,32,8,11,21,3,5,80,80,80,80,80,80,0,0,0,6,6,600,600,0,0
3250.14,40,32,8,11,21,3,5,80,80,80,80,80,80,0,0,0,6,6,600,600,0,0
3251.139,40,32,8,11,21,3,5,80,80,80,80,80,80,0,0,0,6,6,600,600,0,0
3252.139,40,32,8,11,21,3,5,80,80,80,80,80,80,0,0,0,6,6,600,600,0,0
3253.139,40,32,8,11,21,3,5,80,80,80,80,80,80,0,0,0,6,6,600,600,0,0
3254.139,40,32,8,11,21,3,5,80,80,80,80,80,80,0,0,0,6,6,600,600,0,0
3255.138,40,32,8,11,21,3,5,80,80,80,80,80,80,0,0,0,6,6,600,600,0,0
3256.138,40,32,8,11,21,3,5,80,80,80,80,80,80,0,0,0,6,6,600,600,0,0
3257.138,40,32,8,11,21,3,5,80,80,80,80,80,80,0,0,0,6,6,600,600,0,0
3258.138,40,32,8,11,21,3,5,80,80,80,80,80,80,0,0,0,6,6,600,600,0,0
3259.137,40,32,8,11,21,3,5,80,80,80,80,80,80,0,0,0,6,6,600,600,0,0
3260.137,40,32,8,11,21,3,5,80,80,80,80,80,80,0,0,0,6,6,600,600,0,0
3261.137,40,32,8,11,21,3,5,80,80,80,80,80,80,0,0,0,6,6,600,600,0,0
3262.137,40,32,8,11,21,3,5,80,80,80,80,80,80,0,0,0,6,6,600,600,0,0
3263.136,40,32,8,11,21,3,5,80,80,80,80,80,80,0,0,0,6,6,600,600,0,0
3264.136,40,32,8,11,21,3,5,80,80,80,80,80,80,0,0,0,6,6,600,600,0,0
3265.136,40,32,8,11,21,3,5,80,80,80,80,80,80,0,0,0,6,6,600,600,0,0
3266.136,40,32,8,11,21,3,5,80,80,80,80,80,80,0,0,0,6,6,600,600,0,0
3267.135,40,32,8,11,21,3,5,80,80,80,80,80,80,0,0,0,6,6,600,600,0,0
3268.135,40,32,8,11,21,3,5,80,80,80,80,80,80,0,0,0,6,6,600,600,0,0
3269.135,40,32,8,11,21,3,5,80,80,80,80,80,80,0,0,0,6,6,600,600,0,0
3270.135,40,32,8,11,21,3,5,80,80,80,80,80,80,0,0,0,6,6,600,600,0,0
3271.135,40,32,8,11,21,3,5,80,80,80,80,80,80,0,0,0,6,6,600,600,0,0
3272.134,40,32,8,11,21,3,5,80,80,80,80,80,80,0,0,0,6,6,600,600,0,0
3273.134,40,32,8,11,21,3,5,80,80,80,80,80,80,0,0,0,6,6,600,600,0,0
3274.134,40,32,8,11,21,3,5,80,80,80,80,80,80,0,0,0,6,6,600,600,0,0
3275.134,40,32,8,11,21,3,5,80,80,80,80,80,80,0,0,0,6,6,600,600,0,0
3276.133,40,32,8,11,21,3,5,80,80,80,80,80,80,0,0,0,6,6,600,600,0,0
3277.133,40,32,8,11,21,3,5,80,80,80,80,80,80,0,0,0,6,6,600,600,0,0
3278.133,40,32,8,11,21,3,5,80,80,80,80,80,80,0,0,0,6,6,600,600,0,0
3279.133,40,32,8,11,21,3,5,80,80,80,80,80,80,0,0,0,6,6,600,600,0,0
3280.132,40,32,8,11,21,3,5,80,80,80,80,80,80,0,0,0,6,6,600,600,0,0
3281.132,40,32,8,11,21,3,5,80,80,80,80,80,80,0,0,0,6,6,600,600,0,0
3282.132,40,32,8,11,21,3,5,80,80,80,80,80,80,0,0,0,6,6,600,600,0,0
3283.132,40,32,8,11,21,3,5,80,80,80,80,80,80,0,0,0,6,6,600,600,0,0
3284.131,40,32,8,11,21,3,5,80,80,80,80,80,80,0,0,0,6,6,600,600,0,0
3285.131,40,32,8,11,21,3,5,80,80,80,80,80,80,0,0,0,6,6,600,600,0,0
3286.131,40,32,8,11,21,3,5,80,80,80,80,80,80,0,0,0,6,6,600,600,0,0
3287.131,40,32,8,11,21,3,5,80,80,80,80,80,80,0,0,0,6,6,600,600,0,0
3288.13,40,32,8,11,21,3,5,80,80,80,80,80,80,0,0,0,6,6,600,600,0,0
3289.13,40,32,8,11,21,3,5,80,80,80,80,80,80,0,0,0,6,6,600,600,0,0
3290.13,40,32,8,11,21,3,5,80,80,80,80,80,80,0,0,0,6,6,600,600,0,0
3291.13,40,32,8,11,21,3,5,80,80,80,80,80,80,0,0,0,6,6,600,600,0,0
3292.129,40,32,8,11,21,3,5,80,80,80,80,80,80,0,0,0,6,6,600,600,0,0
3293.129,40,32,8,11,21,3,5,80,80,80,80,80,80,0,0,0,6,6,600,600,0,0
3294.129,40,32,8,11,21,3,5,80,80,80,80,80,80,0,0,0,6,6,600,600,0,0
3295.129,40,32,8,11,21,3,5,80,80,80,80,80,80,0,0,0,6,6,600,600,0,0
3296.128,40,32,8,11,21,3,5,80,80,80,80,80,80,0,0,0,6,6,600,600,0,0
3297.128,40,32,8,11,21,3,5,80,80,80,80,80,80,0,0,0,6,6,600,600,0,0
3298.128,40,32,8,11,21,3,5,80,80,80,80,80,80,0,0,0,6,6,600,600,0,0
3299.128,40,32,8,11,21,3,5,80,80,80,80,80,80,0,0,0,6,6,600,600,0,0
3300.127,40,32,8,11,21,3,5,80,80,80,80,80,80,0,0,0,6,6,600,600,0,0
3301.127,40,32,8,11,21,3,5,80,80,80,80,80,80,0,0,0,6,6,600,600,0,0
3302.127,40,32,8,11,21,3,5,80,80,80,80,80,80,0,0,0,6,6,600,600,0,0
3303.127,40,32,8,11,21,3,5,80,80,80,80,80,80,0,0,0,6,6,600,600,0,0
3304.126,40,32,8,11,21,3,5,80,80,80,80,80,80,0,0,0,6,6,600,600,0,0
3305.126,40,32,8,11,21,3,5,80,80,80,80,80,80,0,0,0,6,6,600,600,0,0
3306.126,40,32,8,11,21,3,5,80,80,80,80,80,80,0,0,0,6,6,600,600,0,0
3307.126,40,32,8,11,21,3,5,80,80,80,80,80,80,0,0,0,6,6,600,600,0,0
3308.125,40,32,8,11,21,3,5,80,80,80,80,80,80,0,0,0,6,6,600,600,0,0
3309.125,40,32,8,11,21,3,5,80,80,80,80,80,80,0,0,0,6,6,600,600,0,0
3310.125,40,32,8,11,21,3,5,80,80,80,80,80,80,0,0,0,6,6,600,600,0,0
3311.125,40,32,8,11,21,3,5,80,80,80,80,80,80,0,0,0,6,6,600,600,0,0
3312.125,40,32,8,11,21,3,5,80,80,80,80,80,80,0,0,0,6,6,600,600,0,0
3313.124,40,32,8,11,21,3,5,80,80,80,80,80,80,0,0,0,6,6,600,600,0,0
3314.124,40,32,8,11,21,3,5,80,80,80,80,80,80,0,0,0,6,6,600,600,0,0
3315.124,40,32,8,11,21,3,5,80,80,80,80,80,80,0,0,0,6,6,600,600,0,0
3316.124,40,32,8,11,21,3,5,80,80,80,80,80,80,0,0,0,6,6,600,600,0,0
3317.123,40,32,8,11,21,3,5,80,80,80,80,80,80,0,0,0,6,6,600,600,0,0
3318.123,40,32,8,11,21,3,5,80,80,80,80,80,80,0,0,0,6,6,600,600,0,0
3319.123,40,32,8,11,21,3,5,80,80,80,80,80,80,0,0,0,6,6,600,600,0,0
3320.123,40,32,8,11,21,3,5,80,80,80,80,80,80,0,0,0,6,6,600,600,0,0
3321.122,40,32,8,11,21,3,5,80,80,80,80,80,80,0,0,0,6,6,600,600,0,0
3322.122,40,32,8,11,21,3,5,80,80,80,80,80,80,0,0,0,6,6,600,600,0,0
3323.122,40,32,8,11,21,3,5,80,80,80,80,80,80,0,0,0,6,6,600,600,0,0
3324.122,40,32,8,11,21,3,5,80,80,80,80,80,80,0,0,0,6,6,600,600,0,0
3325.121,40,32,8,11,21,3,5,80,80,80,80,80,80,0,0,0,6,6,600,600,0,0
3326.121,40,32,8,11,21,3,5,80,80,80,80,80,80,0,0,0,6,6,600,600,0,0
3327.121,40,32,8,11,21,3,5,80,80,80,80,80,80,0,0,0,6,6,600,600,0,0
3328.121,40,32,8,11,21,3,5,80,80,80,80,80,80,0,0,0,6,6,600,600,0,0
3329.12,40,32,8,11,21,3,5,80,80,80,80,80,80,0,0,0,6,6,600,600,0,0
3330.12,40,32,8,11,21,3,5,80,80,80,80,80,80,0,0,0,6,6,600,600,0,0
3331.12,40,32,8,11,21,3,5,80,80,80,80,80,80,0,0,0,6,6,600,600,0,0
3332.12,40,32,8,11,21,3,5,80,80,80,80,80,80,0,0,0,6,6,600,600,0,0
3333.119,40,32,8,11,21,3,5,80,80,80,80,80,80,0,0,0,6,6,600,600,0,0
3334.119,40,32,8,11,21,3,5,80,80,80,80,80,80,0,0,0,6,6,600,600,0,0
3335.119,40,32,8,11,21,3,5,80,80,80,80,80,80,0,0,0,6,6,600,600,0,0
3336.119,40,32,8,11,21,3,5,80,80,80,80,80,80,0,0,0,6,6,600,600,0,0
3337.118,40,32,8,11,21,3,5,80,80,80,80,80,80,0,0,0,6,6,600,600,0,0
3338.118,40,32,8,11,21,3,5,80,80,80,80,80,80,0,0,0,6,6,600,600,0,0
3339.118,40,32,8,11,21,3,5,80,80,80,80,80,80,0,0,0,6,6,600,600,0,0
3340.118,40,32,8,11,21,3,5,80,80,80,80,80,80,0,0,0,6,6,600,600,0,0
3341.117,40,32,8,11,21,3,5,80,80,80,80,80,80,0,0,0,6,6,600,600,0,0
3342.117,40,32,8,11,21,3,5,80,80,80,80,80,80,0,0,0,6,6,600,600,0,0
3343.117,40,32,8,11,21,3,5,80,80,80,80,80,80,0,0,0,6,6,600,600,0,0
3344.117,40,32,8,11,21,3,5,80,80,80,80,80,80,0,0,0,6,6,600,600,0,0
3345.116,40,32,8,11,21,3,5,80,80,80,80,80,80,0,0,0,6,6,600,600,0,0
3346.116,40,32,8,11,21,3,5,80,80,80,80,80,80,0,0,0,6,6,600,600,0,0
3347.116,40,32,8,11,21,3,5,80,80,80,80,80,80,0,0,0,6,6,600,600,0,0
3348.116,40,32,8,11,21,3,5,80,80,80,80,80,80,0,0,0,6,6,600,600,0,0
3349.115,40,32,8,11,21,3,5,80,80,80,80,80,80,0,0,0,6,6,600,600,0,0
3350.115,40,32,8,11,21,3,5,80,80,80,80,80,80,0,0,0,6,6,600,600,0,0
3351.115,40,32,8,11,21,3,5,80,80,80,80,80,80,0,0,0,6,6,600,600,0,0
3352.115,40,32,8,11,21,3,5,80,80,80,80,80,80,0,0,0,6,6,600,600,0,0
3353.115,40,32,8,11,21,3,5,80,80,80,80,80,80,0,0,0,6,6,600,600,0,0
3354.114,40,32,8,11,21,3,5,80,80,80,80,80,80,0,0,0,6,6,600,600,0,0
3355.114,40,32,8,11,21,3,5,80,80,80,80,80,80,0,0,0,6,6,600,600,0,0
3356.114,40,32,8,11,21,3,5,80,80,80,80,80,80,0,0,0,6,6,600,600,0,0
3357.114,40,32,8,11,21,3,5,80,80,80,80,80,80,0,0,0,6,6,600,600,0,0
3358.113,40,32,8,11,21,3,5,80,80,80,80,80,80,0,0,0,6,6,600,600,0,0
3359.113,40,32,8,11,21,3,5,80,80,80,80,80,80,0,0,0,6,6,600,600,0,0
3360.113,40,32,8,11,21,3,5,80,80,80,80,80,80,0,0,0,6,6,600,600,0,0
3361.113,40,32,8,11,21,3,5,80,80,80,80,80,80,0,0,0,6,6,600,600,0,0
3362.112,40,32,8,11,21,3,5,80,80,80,80,80,80,0,0,0,6,6,600,600,0,0
3363.112,40,32,8,11,21,3,5,80,80,80,80,80,80,0,0,0,6,6,600,600,0,0
3364.112,40,32,8,11,21,3,5,80,80,80,80,80,80,0,0,0,6,6,600,600,0,0
3365.112,40,32,8,11,21,3,5,80,80,80,80,80,80,0,0,0,6,6,600,600,0,0
3366.111,40,32,8,11,21,3,5,80,80,80,80,80,80,0,0,0,6,6,600,600,0,0
3367.111,40,32,8,11,21,3,5,80,80,80,80,80,80,0,0,0,6,6,600,600,0,0
3368.111,40,32,8,11,21,3,5,80,80,80,80,80,80,0,0,0,6,6,600,600,0,0
3369.111,40,32,8,11,21,3,5,80,80,80,80,80,80,0,0,0,6,6,600,600,0,0
3370.11,40,32,8,11,21,3,5,80,80,80,80,80,80,0,0,0,6,6,600,600,0,0
3371.11,40,32,8,11,21,3,5,80,80,80,80,80,80,0,0,0,6,6,600,600,0,0
3372.11,40,32,8,11,21,3,5,80,80,80,80,80,80,0,0,0,6,6,600,600,0,0
3373.11,40,32,8,11,21,3,5,80,80,80,80,80,80,0,0,0,6,6,600,600,0,0
3374.109,40,32,8,11,21,3,5,80,80,80,80,80,80,0,0,0,6,6,600,600,0,0
3375.109,40,32,8,11,21,3,5,80,80,80,80,80,80,0,0,0,6,6,600,600,0,0
3376.109,40,32,8,11,21,3,5,80,80,80,80,80,80,0,0,0,6,6,600,600,0,0
3377.109,40,32,8,11,21,3,5,80,80,80,80,80,80,0,0,0,6,6,600,600,0,0
3378.108,40,32,8,11,21,3,5,80,80,80,80,80,80,0,0,0,6,6,600,600,0,0
3379.108,40,32,8,11,21,3,5,80,80,80,80,80,80,0,0,0,6,6,600,600,0,0
3380.108,40,32,8,11,21,3,5,80,80,80,80,80,80,0,0,0,6,6,600,600,0,0
3381.108,40,32,8,11,21,3,5,80,80,80,80,80,80,0,0,0,6,6,600,600,0,0
3382.107,40,32,8,11,21,3,5,80,80,80,80,80,80,0,0,0,6,6,600,600,0,0
3383.107,40,32,8,11,21,3,5,80,80,80,80,80,80,0,0,0,6,6,600,600,0,0
3384.107,40,32,8,11,21,3,5,80,80,80,80,80,80,0,0,0,6,6,600,600,0,0
3385.107,40,32,8,11,21,3,5,80,80,80,80,80,80,0,0,0,6,6,600,600,0,0
3386.106,40,32,8,11,21,3,5,80,80,80,80,80,80,0,0,0,6,6,600,600,0,0
3387.106,40,32,8,11,21,3,5,80,80,80,80,80,80,0,0,0,6,6,600,600,0,0
3388.106,40,32,8,11,21,3,5,80,80,80,80,80,80,0,0,0,6,6,600,600,0,0
3389.106,40,32,8,11,21,3,5,80,80,80,80,80,80,0,0,0,6,6,600,600,0,0
3390.105,40,32,8,11,21,3,5,80,80,80,80,80,80,0,0,0,6,6,600,600,0,0
3391.105,40,32,8,11,21,3,5,80,80,80,80,80,80,0,0,0,6,6,600,600,0,0
3392.105,40,32,8,11,21,3,5,80,80,80,80,80,80,0,0,0,6,6,600,600,0,0
3393.105,40,32,8,11,21,3,5,80,80,80,80,80,80,0,0,0,6,6,600,600,0,0
3394.104,40,32,8,11,21,3,5,80,80,80,80,80,80,0,0,0,6,6,600,600,0,0
3395.104,40,32,8,11,21,3,5,80,80,80,80,80,80,0,0,0,6,6,600,600,0,0
3396.104,40,32,8,11,21,3,5,80,80,80,80,80,80,0,0,0,6,6,600,600,0,0
3397.104,40,32,8,11,21,3,5,80,80,80,80,80,80,0,0,0,6,6,600,600,0,0
3398.104,40,32,8,11,21,3,5,80,80,80,80,80,80,0,0,0,6,6,600,600,0,0
3399.103,40,32,8,11,21,3,5,80,80,80,80,80,80,0,0,0,6,6,600,600,0,0
3400.103,40,32,8,11,21,3,5,80,80,80,80,80,80,0,0,0,6,6,600,600,0,0
3401.103,40,32,8,11,21,3,5,80,80,80,80,80,80,0,0,0,6,6,600,600,0,0
3402.103,40,32,8,11,21,3,5,80,80,80,80,80,80,0,0,0,6,6,600,600,0,0
3403.102,40,32,8,11,21,3,5,80,80,80,80,80,80,0,0,0,6,6,600,600,0,0
3404.102,40,32,8,11,21,3,5,80,80,80,80,80,80,0,0,0,6,6,600,600,0,0
3405.102,40,32,8,11,21,3,5,80,80,80,80,80,80,0,0,0,6,6,600,600,0,0
3406.102,40,32,8,11,21,3,5,80,80,80,80,80,80,0,0,0,6,6,600,600,0,0
3407.101,40,32,8,11,21,3,5,80,80,80,80,80,80,0,0,0,6,6,600,600,0,0
3408.101,40,32,8,11,21,3,5,80,80,80,80,80,80,0,0,0,6,6,600,600,0,0
3409.101,40,32,8,11,21,3,5,80,80,80,80,80,80,0,0,0,6,6,600,600,0,0
3410.101,40,32,8,11,21,3,5,80,80,80,80,80,80,0,0,0,6,6,600,600,0,0
3411.1,40,32,8,11,21,3,5,80,80,80,80,80,80,0,0,0,6,6,600,600,0,0
3412.1,40,32,8,11,21,3,5,80,80,80,80,80,80,0,0,0,6,6,600,600,0,0
3413.1,40,32,8,11,21,3,5,80,80,80,80,80,80,0,0,0,6,6,600,600,0,0
3414.1,40,32,8,11,21,3,5,80,80,80,80,80,80,0,0,0,6,6,600,600,0,0
3415.099,40,32,8,11,21,3,5,80,80,80,80,80,80,0,0,0,6,6,600,600,0,0
3416.099,40,32,8,11,21,3,5,80,80,80,80,80,80,0,0,0,6,6,600,600,0,0
3417.099,40,32,8,11,21,3,5,80,80,80,80,80,80,0,0,0,6,6,600,600,0,0
3418.099,40,32,8,11,21,3,5,80,80,80,80,80,80,0,0,0,6,6,600,600,0,0
3419.098,40,32,8,11,21,3,5,80,80,80,80,80,80,0,0,0,6,6,600,600,0,0
3420.098,40,32,8,11,21,3,5,80,80,80,80,80,80,0,0,0,6,6,600,600,0,0
3421.098,40,32,8,11,21,3,5,80,80,80,80,80,80,0,0,0,6,6,600,600,0,0
3422.098,40,32,8,11,21,3,5,80,80,80,80,80,80,0,0,0,6,6,600,600,0,0
3423.097,40,32,8,11,21,3,5,80,80,80,80,80,80,0,0,0,6,6,600,600,0,0
3424.097,40,32,8,11,21,3,5,80,80,80,80,80,80,0,0,0,6,6,600,600,0,0
3425.097,40,32,8,11,21,3,5,80,80,80,80,80,80,0,0,0,6,6,600,600,0,0
3426.097,40,32,8,11,21,3,5,80,80,80,80,80,80,0,0,0,6,6,600,600,0,0
3427.096,40,32,8,11,21,3,5,80,80,80,80,80,80,0,0,0,6,6,600,600,0,0
3428.096,40,32,8,11,21,3,5,80,80,80,80,80,80,0,0,0,6,6,600,600,0,0
3429.096,40,32,8,11,21,3,5,80,80,80,80,80,80,0,0,0,6,6,600,600,0,0
3430.096,40,32,8,11,21,3,5,80,80,80,80,80,80,0,0,0,6,6,600,600,0,0
3431.095,40,32,8,11,21,3,5,80,80,80,80,80,80,0,0,0,6,6,600,600,0,0
3432.095,40,32,8,11,21,3,5,80,80,80,80,80,80,0,0,0,6,6,600,600,0,0
3433.095,40,32,8,11,21,3,5,80,80,80,80,80,80,0,0,0,6,6,600,600,0,0
3434.095,40,32,8,11,21,3,5,80,80,80,80,80,80,0,0,0,6,6,600,600,0,0
3435.094,40,32,8,11,21,3,5,80,80,80,80,80,80,0,0,0,6,6,600,600,0,0
3436.094,40,32,8,11,21,3,5,80,80,80,80,80,80,0,0,0,6,6,600,600,0,0
3437.094,40,32,8,11,21,3,5,80,80,80,80,80,80,0,0,0,6,6,600,600,0,0
3438.094,40,32,8,11,21,3,5,80,80,80,80,80,80,0,0,0,6,6,600,600,0,0
3439.094,40,32,8,11,21,3,5,80,80,80,80,80,80,0,0,0,6,6,600,600,0,0
3440.093,40,32,8,11,21,3,5,80,80,80,80,80,80,0,0,0,6,6,600,600,0,0
3441.093,40,32,8,11,21,3,5,80,80,80,80,80,80,0,0,0,6,6,600,600,0,0
3442.093,40,32,8,11,21,3,5,80,80,80,80,80,80,0,0,0,6,6,600,600,0,0
3443.093,40,32,8,11,21,3,5,80,80,80,80,80,80,0,0,0,6,6,600,600,0,0
3444.092,40,32,8,11,21,3,5,80,80,80,80,80,80,0,0,0,6,6,600,600,0,0
3445.092,40,32,8,11,21,3,5,80,80,80,80,80,80,0,0,0,6,6,600,600,0,0
3446.092,40,32,8,11,21,3,5,80,80,80,80,80,80,0,0,0,6,6,600,600,0,0
3447.092,40,32,8,11,21,3,5,80,80,80,80,80,80,0,0,0,6,6,600,600,0,0
3448.091,40,32,8,11,21,3,5,80,80,80,80,80,80,0,0,0,6,6,600,600,0,0
3449.091,40,32,8,11,21,3,5,80,80,80,80,80,80,0,0,0,6,6,600,600,0,0
3450.091,40,32,8,11,21,3,5,80,80,80,80,80,80,0,0,0,6,6,600,600,0,0
3451.091,40,32,8,11,21,3,5,80,80,80,80,80,80,0,0,0,6,6,600,600,0,0
3452.09,40,32,8,11,21,3,5,80,80,80,80,80,80,0,0,0,6,6,600,600,0,0
3453.09,40,32,8,11,21,3,5,80,80,80,80,80,80,0,0,0,6,6,600,600,0,0
3454.09,40,32,8,11,21,3,5,80,80,80,80,80,80,0,0,0,6,6,600,600,0,0
3455.09,40,32,8,11,21,3,5,80,80,80,80,80,80,0,0,0,6,6,600,600,0,0
3456.089,40,32,8,11,21,3,5,80,80,80,80,80,80,0,0,0,6,6,600,600,0,0
3457.089,40,32,8,11,21,3,5,80,80,80,80,80,80,0,0,0,6,6,600,600,0,0
3458.089,40,32,8,11,21,3,5,80,80,80,80,80,80,0,0,0,6,6,600,600,0,0
3459.089,40,32,8,11,21,3,5,80,80,80,80,80,80,0,0,0,6,6,600,600,0,0
3460.088,40,32,8,11,21,3,5,80,80,80,80,80,80,0,0,0,6,6,600,600,0,0
3461.088,40,32,8,11,21,3,5,80,80,80,80,80,80,0,0,0,6,6,600,600,0,0
3462.088,40,32,8,11,21,3,5,80,80,80,80,80,80,0,0,0,6,6,600,600,0,0
3463.088,40,32,8,11,21,3,5,80,80,80,80,80,80,0,0,0,6,6,600,600,0,0
3464.087,40,32,8,11,21,3,5,80,80,80,80,80,80,0,0,0,6,6,600,600,0,0
3465.087,40,32,8,11,21,3,5,80,80,80,80,80,80,0,0,0,6,6,600,600,0,0
3466.087,40,32,8,11,21,3,5,80,80,80,80,80,80,0,0,0,6,6,600,600,0,0
3467.087,40,32,8,11,21,3,5,80,80,80,80,80,80,0,0,0,6,6,600,600,0,0
3468.086,40,32,8,11,21,3,5,80,80,80,80,80,80,0,0,0,6,6,600,600,0,0
3469.086,40,32,8,11,21,3,5,80,80,80,80,80,80,0,0,0,6,6,600,600,0,0
3470.086,40,32,8,11,21,3,5,80,80,80,80,80,80,0,0,0,6,6,600,600,0,0
3471.086,40,32,8,11,21,3,5,80,80,80,80,80,80,0,0,0,6,6,600,600,0,0
3472.085,40,32,8,11,21,3,5,80,80,80,80,80,80,0,0,0,6,6,600,600,0,0
3473.085,40,32,8,11,21,3,5,80,80,80,80,80,80,0,0,0,6,6,600,600,0,0
3474.085,40,32,8,11,21,3,5,80,80,80,80,80,80,0,0,0,6,6,600,600,0,0
3475.085,40,32,8,11,21,3,5,80,80,80,80,80,80,0,0,0,6,6,600,600,0,0
3476.084,40,32,8,11,21,3,5,80,80,80,80,80,80,0,0,0,6,6,600,600,0,0
3477.084,40,32,8,11,21,3,5,80,80,80,80,80,80,0,0,0,6,6,600,600,0,0
3478.084,40,32,8,11,21,3,5,80,80,80,80,80,80,0,0,0,6,6,600,600,0,0
3479.084,40,32,8,11,21,3,5,80,80,80,80,80,80,0,0,0,6,6,600,600,0,0
3480.083,40,32,8,11,21,3,5,80,80,80,80,80,80,0,0,0,6,6,600,600,0,0
3481.083,40,32,8,11,21,3,5,80,80,80,80,80,80,0,0,0,6,6,600,600,0,0
3482.083,40,32,8,11,21,3,5,80,80,80,80,80,80,0,0,0,6,6,600,600,0,0
3483.083,40,32,8,11,21,3,5,80,80,80,80,80,80,0,0,0,6,6,600,600,0,0
3484.083,40,32,8,11,21,3,5,80,80,80,80,80,80,0,0,0,6,6,600,600,0,0
3485.082,40,32,8,11,21,3,5,80,80,80,80,80,80,0,0,0,6,6,600,600,0,0
3486.082,40,32,8,11,21,3,5,80,80,80,80,80,80,0,0,0,6,6,600,600,0,0
3487.082,40,32,8,11,21,3,5,80,80,80,80,80,80,0,0,0,6,6,600,600,0,0
3488.082,40,32,8,11,21,3,5,80,80,80,80,80,80,0,0,0,6,6,600,600,0,0
3489.081,40,32,8,11,21,3,5,80,80,80,80,80,80,0,0,0,6,6,600,600,0,0
3490.081,40,32,8,11,21,3,5,80,80,80,80,80,80,0,0,0,6,6,600,600,0,0
3491.081,40,32,8,11,21,3,5,80,80,80,80,80,80,0,0,0,6,6,600,600,0,0
3492.081,40,32,8,11,21,3,5,80,80,80,80,80,80,0,0,0,6,6,600,600,0,0
3493.08,40,32,8,11,21,3,5,80,80,80,80,80,80,0,0,0,6,6,600,600,0,0
3494.08,40,32,8,11,21,3,5,80,80,80,80,80,80,0,0,0,6,6,600,600,0,0
3495.08,40,32,8,11,21,3,5,80,80,80,80,80,80,0,0,0,6,6,600,600,0,0
3496.08,40,32,8,11,21,3,5,80,80,80,80,80,80,0,0,0,6,6,600,600,0,0
3497.079,40,32,8,11,21,3,5,80,80,80,80,80,80,0,0,0,6,6,600,600,0,0
3498.079,40,32,8,11,21,3,5,80,80,80,80,80,80,0,0,0,6,6,600,600,0,0
3499.079,40,32,8,11,21,3,5,80,80,80,80,80,80,0,0,0,6,6,600,600,0,0
3500.079,40,32,8,11,21,3,5,80,80,80,80,80,80,0,0,0,6,6,600,600,0,0
3501.078,40,32,8,11,21,3,5,80,80,80,80,80,80,0,0,0,6,6,600,600,0,0
3502.078,40,32,8,11,21,3,5,80,80,80,80,80,80,0,0,0,6,6,600,600,0,0
3503.078,40,32,8,11,21,3,5,80,80,80,80,80,80,0,0,0,6,6,600,600,0,0
3504.078,40,32,8,11,21,3,5,80,80,80,80,80,80,0,0,0,6,6,600,600,0,0
3505.077,40,32,8,11,21,3,5,80,80,80,80,80,80,0,0,0,6,6,600,600,0,0
3506.077,40,32,8,11,21,3,5,80,80,80,80,80,80,0,0,0,6,6,600,600,0,0
3507.077,40,32,8,11,21,3,5,80,80,80,80,80,80,0,0,0,6,6,600,600,0,0
3508.077,40,32,8,11,21,3,5,80,80,80,80,80,80,0,0,0,6,6,600,600,0,0
3509.076,40,32,8,11,21,3,5,80,80,80,80,80,80,0,0,0,6,6,600,600,0,0
3510.076,40,32,8,11,21,3,5,80,80,80,80,80,80,0,0,0,6,6,600,600,0,0
3511.076,40,32,8,11,21,3,5,80,80,80,80,80,80,0,0,0,6,6,600,600,0,0
3512.076,40,32,8,11,21,3,5,80,80,80,80,80,80,0,0,0,6,6,600,600,0,0
3513.075,40,32,8,11,21,3,5,80,80,80,80,80,80,0,0,0,6,6,600,600,0,0
3514.075,40,32,8,11,21,3,5,80,80,80,80,80,80,0,0,0,6,6,600,600,0,0
3515.075,40,32,8,11,21,3,5,80,80,80,80,80,80,0,0,0,6,6,600,600,0,0
3516.075,40,32,8,11,21,3,5,80,80,80,80,80,80,0,0,0,6,6,600,600,0,0
3517.074,40,32,8,11,21,3,5,80,80,80,80,80,80,0,0,0,6,6,600,600,0,0
3518.074,40,32,8,11,21,3,5,80,80,80,80,80,80,0,0,0,6,6,600,600,0,0
3519.074,40,32,8,11,21,3,5,80,80,80,80,80,80,0,0,0,6,6,600,600,0,0
3520.074,40,32,8,11,21,3,5,80,80,80,80,80,80,0,0,0,6,6,600,600,0,0
3521.073,40,32,8,11,21,3,5,80,80,80,80,80,80,0,0,0,6,6,600,600,0,0
3522.073,40,32,8,11,21,3,5,80,80,80,80,80,80,0,0,0,6,6,600,600,0,0
3523.073,40,32,8,11,21,3,5,80,80,80,80,80,80,0,0,0,6,6,600,600,0,0
3524.073,40,32,8,11,21,3,5,80,80,80,80,80,80,0,0,0,6,6,600,600,0,0
3525.073,40,32,8,11,21,3,5,80,80,80,80,80,80,0,0,0,6,6,600,600,0,0
3526.072,40,32,8,11,21,3,5,80,80,80,80,80,80,0,0,0,6,6,600,600,0,0
3527.072,40,32,8,11,21,3,5,80,80,80,80,80,80,0,0,0,6,6,600,600,0,0
3528.072,40,32,8,11,21,3,5,80,80,80,80,80,80,0,0,0,6,6,600,600,0,0
3529.072,40,32,8,11,21,3,5,80,80,80,80,80,80,0,0,0,6,6,600,600,0,0
3530.071,40,32,8,11,21,3,5,80,80,80,80,80,80,0,0,0,6,6,600,600,0,0
3531.071,40,32,8,11,21,3,5,80,80,80,80,80,80,0,0,0,6,6,600,600,0,0
3532.071,40,32,8,11,21,3,5,80,80,80,80,80,80,0,0,0,6,6,600,600,0,0
3533.071,40,32,8,11,21,3,5,80,80,80,80,80,80,0,0,0,6,6,600,600,0,0
3534.07,40,32,8,11,21,3,5,80,80,80,80,80,80,0,0,0,6,6,600,600,0,0
3535.07,40,32,8,11,21,3,5,80,80,80,80,80,80,0,0,0,6,6,600,600,0,0
3536.07,40,32,8,11,21,3,5,80,80,80,80,80,80,0,0,0,6,6,600,600,0,0
3537.07,40,32,8,11,21,3,5,80,80,80,80,80,80,0,0,0,6,6,600,600,0,0
3538.069,40,32,8,11,21,3,5,80,80,80,80,80,80,0,0,0,6,6,600,600,0,0
3539.069,40,32,8,11,21,3,5,80,80,80,80,80,80,0,0,0,6,6,600,600,0,0
3540.069,40,32,8,11,21,3,5,80,80,80,80,80,80,0,0,0,6,6,600,600,0,0
3541.069,40,32,8,11,21,3,5,80,80,80,80,80,80,0,0,0,6,6,600,600,0,0
3542.068,40,32,8,11,21,3,5,80,80,80,80,80,80,0,0,0,6,6,600,600,0,0
3543.068,40,32,8,11,21,3,5,80,80,80,80,80,80,0,0,0,6,6,600,600,0,0
3544.068,40,32,8,11,21,3,5,80,80,80,80,80,80,0,0,0,6,6,600,600,0,0
3545.068,40,32,8,11,21,3,5,80,80,80,80,80,80,0,0,0,6,6,600,600,0,0
3546.067,40,32,8,11,21,3,5,80,80,80,80,80,80,0,0,0,6,6,600,600,0,0
3547.067,40,32,8,11,21,3,5,80,80,80,80,80,80,0,0,0,6,6,600,600,0,0
3548.067,40,32,8,11,21,3,5,80,80,80,80,80,80,0,0,0,6,6,600,600,0,0
3549.067,40,32,8,11,21,3,5,80,80,80,80,80,80,0,0,0,6,6,600,600,0,0
3550.066,40,32,8,11,21,3,5,80,80,80,80,80,80,0,0,0,6,6,600,600,0,0
3551.066,40,32,8,11,21,3,5,80,80,80,80,80,80,0,0,0,6,6,600,600,0,0
3552.066,40,32,8,11,21,3,5,80,80,80,80,80,80,0,0,0,6,6,600,600,0,0
3553.066,40,32,8,11,21,3,5,80,80,80,80,80,80,0,0,0,6,6,600,600,0,0
3554.065,40,32,8,11,21,3,5,80,80,80,80,80,80,0,0,0,6,6,600,600,0,0
3555.065,40,32,8,11,21,3,5,80,80,80,80,80,80,0,0,0,6,6,600,600,0,0
3556.065,40,32,8,11,21,3,5,80,80,80,80,80,80,0,0,0,6,6,600,600,0,0
3557.065,40,32,8,11,21,3,5,80,80,80,80,80,80,0,0,0,6,6,600,600,0,0
3558.064,40,32,8,11,21,3,5,80,80,80,80,80,80,0,0,0,6,6,600,600,0,0
3559.064,40,32,8,11,21,3,5,80,80,80,80,80,80,0,0,0,6,6,600,600,0,0
3560.064,40,32,8,11,21,3,5,80,80,80,80,80,80,0,0,0,6,6,600,600,0,0
3561.064,40,32,8,11,21,3,5,80,80,80,80,80,80,0,0,0,6,6,600,600,0,0
3562.063,40,32,8,11,21,3,5,80,80,80,80,80,80,0,0,0,6,6,600,600,0,0
3563.063,40,32,8,11,21,3,5,80,80,80,80,80,80,0,0,0,6,6,600,600,0,0
3564.063,40,32,8,11,21,3,5,80,80,80,80,80,80,0,0,0,6,6,600,600,0,0
3565.063,40,32,8,11,21,3,5,80,80,80,80,80,80,0,0,0,6,6,600,600,0,0
3566.063,40,32,8,11,21,3,5,80,80,80,80,80,80,0,0,0,6,6,600,600,0,0
3567.062,40,32,8,11,21,3,5,80,80,80,80,80,80,0,0,0,6,6,600,600,0,0
3568.062,40,32,8,11,21,3,5,80,80,80,80,80,80,0,0,0,6,6,600,600,0,0
3569.062,40,32,8,11,21,3,5,80,80,80,80,80,80,0,0,0,6,6,600,600,0,0
3570.062,40,32,8,11,21,3,5,80,80,80,80,80,80,0,0,0,6,6,600,600,0,0
3571.061,40,32,8,11,21,3,5,80,80,80,80,80,80,0,0,0,6,6,600,600,0,0
3572.061,40,32,8,11,21,3,5,80,80,80,80,80,80,0,0,0,6,6,600,600,0,0
3573.061,40,32,8,11,21,3,5,80,80,80,80,80,80,0,0,0,6,6,600,600,0,0
3574.061,40,32,8,11,21,3,5,80,80,80,80,80,80,0,0,0,6,6,600,600,0,0
3575.06,40,32,8,11,21,3,5,80,80,80,80,80,80,0,0,0,6,6,600,600,0,0
3576.06,40,32,8,11,21,3,5,80,80,80,80,80,80,0,0,0,6,6,600,600,0,0
3577.06,40,32,8,11,21,3,5,80,80,80,80,80,80,0,0,0,6,6,600,600,0,0
3578.06,40,32,8,11,21,3,5,80,80,80,80,80,80,0,0,0,6,6,600,600,0,0
3579.059,40,32,8,11,21,3,5,80,80,80,80,80,80,0,0,0,6,6,600,600,0,0
3580.059,40,32,8,11,21,3,5,80,80,80,80,80,80,0,0,0,6,6,600,600,0,0
3581.059,40,32,8,11,21,3,5,80,80,80,80,80,80,0,0,0,6,6,600,600,0,0
3582.059,40,32,8,11,21,3,5,80,80,80,80,80,80,0,0,0,6,6,600,600,0,0
3583.058,40,32,8,11,21,3,5,80,80,80,80,80,80,0,0,0,6,6,600,600,0,0
3584.058,40,32,8,11,21,3,5,80,80,80,80,80,80,0,0,0,6,6,600,600,0,0
3585.058,40,32,8,11,21,3,5,80,80,80,80,80,80,0,0,0,6,6,600,600,0,0
3586.058,40,32,8,11,21,3,5,80,80,80,80,80,80,0,0,0,6,6,600,600,0,0
3587.057,40,32,8,11,21,3,5,80,80,80,80,80,80,0,0,0,6,6,600,600,0,0
3588.057,40,32,8,11,21,3,5,80,80,80,80,80,80,0,0,0,6,6,600,600,0,0
3589.057,40,32,8,11,21,3,5,80,80,80,80,80,80,0,0,0,6,6,600,600,0,0
3590.057,40,32,8,11,21,3,5,80,80,80,80,80,80,0,0,0,6,6,600,600,0,0
3591.056,40,32,8,11,21,3,5,80,80,80,80,80,80,0,0,0,6,6,600,600,0,0
3592.056,40,32,8,11,21,3,5,80,80,80,80,80,80,0,0,0,6,6,600,600,0,0
3593.056,40,32,8,11,21,3,5,80,80,80,80,80,80,0,0,0,6,6,600,600,0,0
3594.056,40,32,8,11,21,3,5,80,80,80,80,80,80,0,0,0,6,6,600,600,0,0
3595.055,40,32,8,11,21,3,5,80,80,80,80,80,80,0,0,0,6,6,600,600,0,0
3596.055,40,32,8,11,21,3,5,80,80,80,80,80,80,0,0,0,6,6,600,600,0,0
3597.055,40,32,8,11,21,3,5,80,80,80,80,80,80,0,0,0,6,6,600,600,0,0
3598.055,40,32,8,11,21,3,5,80,80,80,80,80,80,0,0,0,6,6,600,600,0,0
3599.054,40,32,8,11,21,3,5,80,80,80,80,80,80,0,0,0,6,6,600,600,0,0
3600.054,40,32,8,11,21,3,5,80,80,80,80,80,80,0,0,0,6,6,600,600,0,0
3601.054,40,32,8,11,21,3,5,80,80,80,80,80,80,0,0,0,6,6,600,600,0,0
3602.054,40,32,8,11,21,3,5,80,80,80,80,80,80,0,0,0,6,6,600,600,0,0
3603.053,40,32,8,11,21,3,5,80,80,80,80,80,80,0,0,0,6,6,600,600,0,0
3604.053,40,32,8,11,21,3,5,80,80,80,80,80,80,0,0,0,6,6,600,600,0,0
3605.053,40,32,8,11,21,3,5,80,80,80,80,80,80,0,0,0,6,6,600,600,0,0
3606.053,40,32,8,11,21,3,5,80,80,80,80,80,80,0,0,0,6,6,600,600,0,0
3607.052,40,32,8,11,21,3,5,80,80,80,80,80,80,0,0,0,6,6,600,600,0,0
3608.052,40,32,8,11,21,3,5,80,80,80,80,80,80,0,0,0,6,6,600,600,0,0
3609.052,40,32,8,11,21,3,5,80,80,80,80,80,80,0,0,0,6,6,600,600,0,0
3610.052,40,32,8,11,21,3,5,80,80,80,80,80,80,0,0,0,6,6,600,600,0,0
3611.052,40,32,8,11,21,3,5,80,80,80,80,80,80,0,0,0,6,6,600,600,0,0
3612.051,40,32,8,11,21,3,5,80,80,80,80,80,80,0,0,0,6,6,600,600,0,0
3613.051,40,32,8,11,21,3,5,80,80,80,80,80,80,0,0,0,6,6,600,600,0,0
3614.051,40,32,8,11,21,3,5,80,80,80,80,80,80,0,0,0,6,6,600,600,0,0
3615.051,40,32,8,11,21,3,5,80,80,80,80,80,80,0,0,0,6,6,600,600,0,0
3616.05,40,32,8,11,21,3,5,80,80,80,80,80,80,0,0,0,6,6,600,600,0,0
3617.05,40,32,8,11,21,3,5,80,80,80,80,80,80,0,0,0,6,6,600,600,0,0
3618.05,40,32,8,11,21,3,5,80,80,80,80,80,80,0,0,0,6,6,600,600,0,0
3619.05,40,32,8,11,21,3,5,80,80,80,80,80,80,0,0,0,6,6,600,600,0,0
3620.049,40,32,8,11,21,3,5,80,80,80,80,80,80,0,0,0,6,6,600,600,0,0
3621.049,40,32,8,11,21,3,5,80,80,80,80,80,80,0,0,0,6,6,600,600,0,0
3622.049,40,32,8,11,21,3,5,80,80,80,80,80,80,0,0,0,6,6,600,600,0,0
3623.049,40,32,8,11,21,3,5,80,80,80,80,80,80,0,0,0,6,6,600,600,0,0
3624.048,40,32,8,11,21,3,5,80,80,80,80,80,80,0,0,0,6,6,600,600,0,0
3625.048,40,32,8,11,21,3,5,80,80,80,80,80,80,0,0,0,6,6,600,600,0,0
3626.048,40,32,8,11,21,3,5,80,80,80,80,80,80,0,0,0,6,6,600,600,0,0
3627.048,40,32,8,11,21,3,5,80,80,80,80,80,80,0,0,0,6,6,600,600,0,0
3628.047,40,32,8,11,21,3,5,80,80,80,80,80,80,0,0,0,6,6,600,600,0,0
3629.047,40,32,8,11,21,3,5,80,80,80,80,80,80,0,0,0,6,6,600,600,0,0
3630.047,40,32,8,11,21,3,5,80,80,80,80,80,80,0,0,0,6,6,600,600,0,0
3631.047,40,32,8,11,21,3,5,80,80,80,80,80,80,0,0,0,6,6,600,600,0,0
3632.046,40,32,8,11,21,3,5,80,80,80,80,80,80,0,0,0,6,6,600,600,0,0
3633.046,40,32,8,11,21,3,5,80,80,80,80,80,80,0,0,0,6,6,600,600,0,0
3634.046,40,32,8,11,21,3,5,80,80,80,80,80,80,0,0,0,6,6,600,600,0,0
3635.046,40,32,8,11,21,3,5,80,80,80,80,80,80,0,0,0,6,6,600,600,0,0
3636.045,40,32,8,11,21,3,5,80,80,80,80,80,80,0,0,0,6,6,600,600,0,0
3637.045,40,32,8,11,21,3,5,80,80,80,80,80,80,0,0,0,6,6,600,600,0,0
3638.045,40,32,8,11,21,3,5,80,80,80,80,80,80,0,0,0,6,6,600,600,0,0
3639.045,40,32,8,11,21,3,5,80,80,80,80,80,80,0,0,0,6,6,600,600,0,0
3640.044,40,32,8,11,21,3,5,80,80,80,80,80,80,0,0,0,6,6,600,600,0,0
3641.044,40,32,8,11,21,3,5,80,80,80,80,80,80,0,0,0,6,6,600,600,0,0
3642.044,40,32,8,11,21,3,5,80,80,80,80,80,80,0,0,0,6,6,600,600,0,0
3643.044,40,32,8,11,21,3,5,80,80,80,80,80,80,0,0,0,6,6,600,600,0,0
3644.043,40,32,8,11,21,3,5,80,80,80,80,80,80,0,0,0,6,6,600,600,0,0
3645.043,40,32,8,11,21,3,5,80,80,80,80,80,80,0,0,0,6,6,600,600,0,0
3646.043,40,32,8,11,21,3,5,80,80,80,80,80,80,0,0,0,6,6,600,600,0,0
3647.043,40,32,8,11,21,3,5,80,80,80,80,80,80,0,0,0,6,6,600,600,0,0
3648.042,40,32,8,11,21,3,5,80,80,80,80,80,80,0,0,0,6,6,600,600,0,0
3649.042,40,32,8,11,21,3,5,80,80,80,80,80,80,0,0,0,6,6,600,600,0,0
3650.042,40,32,8,11,21,3,5,80,80,80,80,80,80,0,0,0,6,6,600,600,0,0
3651.042,40,32,8,11,21,3,5,80,80,80,80,80,80,0,0,0,6,6,600,600,0,0
3652.042,40,32,8,11,21,3,5,80,80,80,80,80,80,0,0,0,6,6,600,600,0,0
3653.041,40,32,8,11,21,3,5,80,80,80,80,80,80,0,0,0,6,6,600,600,0,0
3654.041,40,32,8,11,21,3,5,80,80,80,80,80,80,0,0,0,6,6,600,600,0,0
3655.041,40,32,8,11,21,3,5,80,80,80,80,80,80,0,0,0,6,6,600,600,0,0
3656.041,40,32,8,11,21,3,5,80,80,80,80,80,80,0,0,0,6,6,600,600,0,0
3657.04,40,32,8,11,21,3,5,80,80,80,80,80,80,0,0,0,6,6,600,600,0,0
3658.04,40,32,8,11,21,3,5,80,80,80,80,80,80,0,0,0,6,6,600,600,0,0
3659.04,40,32,8,11,21,3,5,80,80,80,80,80,80,0,0,0,6,6,600,600,0,0
3660.04,40,32,8,11,21,3,5,80,80,80,80,80,80,0,0,0,6,6,600,600,0,0
3661.039,40,32,8,11,21,3,5,80,80,80,80,80,80,0,0,0,6,6,600,600,0,0
3662.039,40,32,8,11,21,3,5,80,80,80,80,80,80,0,0,0,6,6,600,600,0,0
3663.039,40,32,8,11,21,3,5,80,80,80,80,80,80,0,0,0,6,6,600,600,0,0
3664.039,40,32,8,11,21,3,5,80,80,80,80,80,80,0,0,0,6,6,600,600,0,0
3665.038,40,32,8,11,21,3,5,80,80,80,80,80,80,0,0,0,6,6,600,600,0,0
3666.038,40,32,8,11,21,3,5,80,80,80,80,80,80,0,0,0,6,6,600,600,0,0
3667.038,40,32,8,11,21,3,5,80,80,80,80,80,80,0,0,0,6,6,600,600,0,0
3668.038,40,32,8,11,21,3,5,80,80,80,80,80,80,0,0,0,6,6,600,600,0,0
3669.037,40,32,8,11,21,3,5,80,80,80,80,80,80,0,0,0,6,6,600,600,0,0
3670.037,40,32,8,11,21,3,5,80,80,80,80,80,80,0,0,0,6,6,600,600,0,0
3671.037,40,32,8,11,21,3,5,80,80,80,80,80,80,0,0,0,6,6,600,600,0,0
3672.037,40,32,8,11,21,3,5,80,80,80,80,80,80,0,0,0,6,6,600,600,0,0
3673.036,40,32,8,11,21,3,5,80,80,80,80,80,80,0,0,0,6,6,600,600,0,0
3674.036,40,32,8,11,21,3,5,80,80,80,80,80,80,0,0,0,6,6,600,600,0,0
3675.036,40,32,8,11,21,3,5,80,80,80,80,80,80,0,0,0,6,6,600,600,0,0
3676.036,40,32,8,11,21,3,5,80,80,80,80,80,80,0,0,0,6,6,600,600,0,0
3677.035,40,32,8,11,21,3,5,80,80,80,80,80,80,0,0,0,6,6,600,600,0,0
3678.035,40,32,8,11,21,3,5,80,80,80,80,80,80,0,0,0,6,6,600,600,0,0
3679.035,40,32,8,11,21,3,5,80,80,80,80,80,80,0,0,0,6,6,600,600,0,0
3680.035,40,32,8,11,21,3,5,80,80,80,80,80,80,0,0,0,6,6,600,600,0,0
3681.034,40,32,8,11,21,3,5,80,80,80,80,80,80,0,0,0,6,6,600,600,0,0
3682.034,40,32,8,11,21,3,5,80,80,80,80,80,80,0,0,0,6,6,600,600,0,0
3683.034,40,32,8,11,21,3,5,80,80,80,80,80,80,0,0,0,6,6,600,600,0,0
3684.034,40,32,8,11,21,3,5,80,80,80,80,80,80,0,0,0,6,6,600,600,0,0
3685.033,40,32,8,11,21,3,5,80,80,80,80,80,80,0,0,0,6,6,600,600,0,0
3686.033,40,32,8,11,21,3,5,80,80,80,80,80,80,0,0,0,6,6,600,600,0,0
3687.033,40,32,8,11,21,3,5,80,80,80,80,80,80,0,0,0,6,6,600,600,0,0
3688.033,40,32,8,11,21,3,5,80,80,80,80,80,80,0,0,0,6,6,600,600,0,0
3689.032,40,32,8,11,21,3,5,80,80,80,80,80,80,0,0,0,6,6,600,600,0,0
3690.032,40,32,8,11,21,3,5,80,80,80,80,80,80,0,0,0,6,6,600,600,0,0
3691.032,40,32,8,11,21,3,5,80,80,80,80,80,80,0,0,0,6,6,600,600,0,0
3692.032,40,32,8,11,21,3,5,80,80,80,80,80,80,0,0,0,6,6,600,600,0,0
3693.031,40,32,8,11,21,3,5,80,80,80,80,80,80,0,0,0,6,6,600,600,0,0
3694.031,40,32,8,11,21,3,5,80,80,80,80,80,80,0,0,0,6,6,600,600,0,0
3695.031,40,32,8,11,21,3,5,80,80,80,80,80,80,0,0,0,6,6,600,600,0,0
3696.031,40,32,8,11,21,3,5,80,80,80,80,80,80,0,0,0,6,6,600,600,0,0
3697.031,40,32,8,11,21,3,5,80,80,80,80,80,80,0,0,0,6,6,600,600,0,0
3698.03,40,32,8,11,21,3,5,80,80,80,80,80,80,0,0,0,6,6,600,600,0,0
3699.03,40,32,8,11,21,3,5,80,80,80,80,80,80,0,0,0,6,6,600,600,0,0
3700.03,40,32,8,11,21,3,5,80,80,80,80,80,80,0,0,0,6,6,600,600,0,0
3701.03,40,32,8,11,21,3,5,80,80,80,80,80,80,0,0,0,6,6,600,600,0,0
3702.029,40,32,8,11,21,3,5,80,80,80,80,80,80,0,0,0,6,6,600,600,0,0
3703.029,40,32,8,11,21,3,5,80,80,80,80,80,80,0,0,0,6,6,600,600,0,0
3704.029,40,32,8,11,21,3,5,80,80,80,80,80,80,0,0,0,6,6,600,600,0,0
3705.029,40,32,8,11,21,3,5,80,80,80,80,80,80,0,0,0,6,6,600,600,0,0
3706.028,40,32,8,11,21,3,5,80,80,80,80,80,80,0,0,0,6,6,600,600,0,0
3707.028,40,32,8,11,21,3,5,80,80,80,80,80,80,0,0,0,6,6,600,600,0,0
3708.028,40,32,8,11,21,3,5,80,80,80,80,80,80,0,0,0,6,6,600,600,0,0
3709.028,40,32,8,11,21,3,5,80,80,80,80,80,80,0,0,0,6,6,600,600,0,0
3710.027,40,32,8,11,21,3,5,80,80,80,80,80,80,0,0,0,6,6,600,600,0,0
3711.027,40,32,8,11,21,3,5,80,80,80,80,80,80,0,0,0,6,6,600,600,0,0
3712.027,40,32,8,11,21,3,5,80,80,80,80,80,80,0,0,0,6,6,600,600,0,0
3713.027,40,32,8,11,21,3,5,80,80,80,80,80,80,0,0,0,6,6,600,600,0,0
3714.026,40,32,8,11,21,3,5,80,80,80,80,80,80,0,0,0,6,6,600,600,0,0
3715.026,40,32,8,11,21,3,5,80,80,80,80,80,80,0,0,0,6,6,600,600,0,0
3716.026,40,32,8,11,21,3,5,80,80,80,80,80,80,0,0,0,6,6,600,600,0,0
3717.026,40,32,8,11,21,3,5,80,80,80,80,80,80,0,0,0,6,6,600,600,0,0
3718.025,40,32,8,11,21,3,5,80,80,80,80,80,80,0,0,0,6,6,600,600,0,0
3719.025,40,32,8,11,21,3,5,80,80,80,80,80,80,0,0,0,6,6,600,600,0,0
3720.025,40,32,8,11,21,3,5,80,80,80,80,80,80,0,0,0,6,6,600,600,0,0
3721.025,40,32,8,11,21,3,5,80,80,80,80,80,80,0,0,0,6,6,600,600,0,0
3722.024,40,32,8,11,21,3,5,80,80,80,80,80,80,0,0,0,6,6,600,600,0,0
3723.024,40,32,8,11,21,3,5,80,80,80,80,80,80,0,0,0,6,6,600,600,0,0
3724.024,40,32,8,11,21,3,5,80,80,80,80,80,80,0,0,0,6,6,600,600,0,0
3725.024,40,32,8,11,21,3,5,80,80,80,80,80,80,0,0,0,6,6,600,600,0,0
3726.023,40,32,8,11,21,3,5,80,80,80,80,80,80,0,0,0,6,6,600,600,0,0
3727.023,40,32,8,11,21,3,5,80,80,80,80,80,80,0,0,0,6,6,600,600,0,0
3728.023,40,32,8,11,21,3,5,80,80,80,80,80,80,0,0,0,6,6,600,600,0,0
3729.023,40,32,8,11,21,3,5,80,80,80,80,80,80,0,0,0,6,6,600,600,0,0
3730.022,40,32,8,11,21,3,5,80,80,80,80,80,80,0,0,0,6,6,600,600,0,0
3731.022,40,32,8,11,21,3,5,80,80,80,80,80,80,0,0,0,6,6,600,600,0,0
3732.022,40,32,8,11,21,3,5,80,80,80,80,80,80,0,0,0,6,6,600,600,0,0
3733.022,40,32,8,11,21,3,5,80,80,80,80,80,80,0,0,0,6,6,600,600,0,0
3734.021,40,32,8,11,21,3,5,80,80,80,80,80,80,0,0,0,6,6,600,600,0,0
3735.021,40,32,8,11,21,3,5,80,80,80,80,80,80,0,0,0,6,6,600,600,0,0
3736.021,40,32,8,11,21,3,5,80,80,80,80,80,80,0,0,0,6,6,600,600,0,0
3737.021,40,32,8,11,21,3,5,80,80,80,80,80,80,0,0,0,6,6,600,600,0,0
3738.021,40,32,8,11,21,3,5,80,80,80,80,80,80,0,0,0,6,6,600,600,0,0
3739.02,40,32,8,11,21,3,5,80,80,80,80,80,80,0,0,0,6,6,600,600,0,0
3740.02,40,32,8,11,21,3,5,80,80,80,80,80,80,0,0,0,6,6,600,600,0,0
3741.02,40,32,8,11,21,3,5,80,80,80,80,80,80,0,0,0,6,6,600,600,0,0
3742.02,40,32,8,11,21,3,5,80,80,80,80,80,80,0,0,0,6,6,600,600,0,0
3743.019,40,32,8,11,21,3,5,80,80,80,80,80,80,0,0,0,6,6,600,600,0,0
3744.019,40,32,8,11,21,3,5,80,80,80,80,80,80,0,0,0,6,6,600,600,0,0
3745.019,40,32,8,11,21,3,5,80,80,80,80,80,80,0,0,0,6,6,600,600,0,0
3746.019,40,32,8,11,21,3,5,80,80,80,80,80,80,0,0,0,6,6,600,600,0,0
3747.018,40,32,8,11,21,3,5,80,80,80,80,80,80,0,0,0,6,6,600,600,0,0
3748.018,40,32,8,11,21,3,5,80,80,80,80,80,80,0,0,0,6,6,600,600,0,0
3749.018,40,32,8,11,21,3,5,80,80,80,80,80,80,0,0,0,6,6,600,600,0,0
3750.018,40,32,8,11,21,3,5,80,80,80,80,80,80,0,0,0,6,6,600,600,0,0
3751.017,40,32,8,11,21,3,5,80,80,80,80,80,80,0,0,0,6,6,600,600,0,0
3752.017,40,32,8,11,21,3,5,80,80,80,80,80,80,0,0,0,6,6,600,600,0,0
3753.017,40,32,8,11,21,3,5,80,80,80,80,80,80,0,0,0,6,6,600,600,0,0
3754.017,40,32,8,11,21,3,5,80,80,80,80,80,80,0,0,0,6,6,600,600,0,0
3755.016,40,32,8,11,21,3,5,80,80,80,80,80,80,0,0,0,6,6,600,600,0,0
3756.016,40,32,8,11,21,3,5,80,80,80,80,80,80,0,0,0,6,6,600,600,0,0
3757.016,40,32,8,11,21,3,5,80,80,80,80,80,80,0,0,0,6,6,600,600,0,0
3758.016,40,32,8,11,21,3,5,80,80,80,80,80,80,0,0,0,6,6,600,600,0,0
3759.015,40,32,8,11,21,3,5,80,80,80,80,80,80,0,0,0,6,6,600,600,0,0
3760.015,40,32,8,11,21,3,5,80,80,80,80,80,80,0,0,0,6,6,600,600,0,0
3761.015,40,32,8,11,21,3,5,80,80,80,80,80,80,0,0,0,6,6,600,600,0,0
3762.015,40,32,8,11,21,3,5,80,80,80,80,80,80,0,0,0,6,6,600,600,0,0
3763.014,40,32,8,11,21,3,5,80,80,80,80,80,80,0,0,0,6,6,600,600,0,0
3764.014,40,32,8,11,21,3,5,80,80,80,80,80,80,0,0,0,6,6,600,600,0,0
3765.014,40,32,8,11,21,3,5,80,80,80,80,80,80,0,0,0,6,6,600,600,0,0
3766.014,40,32,8,11,21,3,5,80,80,80,80,80,80,0,0,0,6,6,600,600,0,0
3767.013,40,32,8,11,21,3,5,80,80,80,80,80,80,0,0,0,6,6,600,600,0,0
3768.013,40,32,8,11,21,3,5,80,80,80,80,80,80,0,0,0,6,6,600,600,0,0
3769.013,40,32,8,11,21,3,5,80,80,80,80,80,80,0,0,0,6,6,600,600,0,0
3770.013,40,32,8,11,21,3,5,80,80,80,80,80,80,0,0,0,6,6,600,600,0,0
3771.012,40,32,8,11,21,3,5,80,80,80,80,80,80,0,0,0,6,6,600,600,0,0
3772.012,40,32,8,11,21,3,5,80,80,80,80,80,80,0,0,0,6,6,600,600,0,0
3773.012,40,32,8,11,21,3,5,80,80,80,80,80,80,0,0,0,6,6,600,600,0,0
3774.012,40,32,8,11,21,3,5,80,80,80,80,80,80,0,0,0,6,6,600,600,0,0
3775.011,40,32,8,11,21,3,5,80,80,80,80,80,80,0,0,0,6,6,600,600,0,0
3776.011,40,32,8,11,21,3,5,80,80,80,80,80,80,0,0,0,6,6,600,600,0,0
3777.011,40,32,8,11,21,3,5,80,80,80,80,80,80,0,0,0,6,6,600,600,0,0
3778.011,40,32,8,11,21,3,5,80,80,80,80,80,80,0,0,0,6,6,600,600,0,0
3779.01,40,32,8,11,21,3,5,80,80,80,80,80,80,0,0,0,6,6,600,600,0,0
3780.01,40,32,8,11,21,3,5,80,80,80,80,80,80,0,0,0,6,6,600,600,0,0
3781.01,40,32,8,11,21,3,5,80,80,80,80,80,80,0,0,0,6,6,600,600,0,0
3782.01,40,32,8,11,21,3,5,80,80,80,80,80,80,0,0,0,6,6,600,600,0,0
3783.01,40,32,8,11,21,3,5,80,80,80,80,80,80,0,0,0,6,6,600,600,0,0
3784.009,40,32,8,11,21,3,5,80,80,80,80,80,80,0,0,0,6,6,600,600,0,0
3785.009,40,32,8,11,21,3,5,80,80,80,80,80,80,0,0,0,6,6,600,600,0,0
3786.009,40,32,8,11,21,3,5,80,80,80,80,80,80,0,0,0,6,6,600,600,0,0
3787.009,40,32,8,11,21,3,5,80,80,80,80,80,80,0,0,0,6,6,600,600,0,0
3788.008,40,32,8,11,21,3,5,80,80,80,80,80,80,0,0,0,6,6,600,600,0,0
3789.008,40,32,8,11,21,3,5,80,80,80,80,80,80,0,0,0,6,6,600,600,0,0
3790.008,40,32,8,11,21,3,5,80,80,80,80,80,80,0,0,0,6,6,600,600,0,0
3791.008,40,32,8,11,21,3,5,80,80,80,80,80,80,0,0,0,6,6,600,600,0,0
3792.007,40,32,8,11,21,3,5,80,80,80,80,80,80,0,0,0,6,6,600,600,0,0
3793.007,40,32,8,11,21,3,5,80,80,80,80,80,80,0,0,0,6,6,600,600,0,0
3794.007,40,32,8,11,21,3,5,80,80,80,80,80,80,0,0,0,6,6,600,600,0,0
3795.007,40,32,8,11,21,3,5,80,80,80,80,80,80,0,0,0,6,6,600,600,0,0
3796.006,40,32,8,11,21,3,5,80,80,80,80,80,80,0,0,0,6,6,600,600,0,0
3797.006,40,32,8,11,21,3,5,80,80,80,80,80,80,0,0,0,6,6,600,600,0,0
3798.006,40,32,8,11,21,3,5,80,80,80,80,80,80,0,0,0,6,6,600,600,0,0
3799.006,40,32,8,11,21,3,5,80,80,80,80,80,80,0,0,0,6,6,600,600,0,0
3800.005,40,32,8,11,21,3,5,80,80,80,80,80,80,0,0,0,6,6,600,600,0,0
3801.005,40,32,8,11,21,3,5,80,80,80,80,80,80,0,0,0,6,6,600,600,0,0
3802.005,40,32,8,11,21,3,5,80,80,80,80,80,80,0,0,0,6,6,600,600,0,0
3803.005,40,32,8,11,21,3,5,80,80,80,80,80,80,0,0,0,6,6,600,600,0,0
3804.004,40,32,8,11,21,3,5,80,80,80,80,80,80,0,0,0,6,6,600,600,0,0
3805.004,40,32,8,11,21,3,5,80,80,80,80,80,80,0,0,0,6,6,600,600,0,0
3806.004,40,32,8,11,21,3,5,80,80,80,80,80,80,0,0,0,6,6,600,600,0,0
3807.004,40,32,8,11,21,3,5,80,80,80,80,80,80,0,0,0,6,6,600,600,0,0
3808.003,40,32,8,11,21,3,5,80,80,80,80,80,80,0,0,0,6,6,600,600,0,0
3809.003,40,32,8,11,21,3,5,80,80,80,80,80,80,0,0,0,6,6,600,600,0,0
3810.003,40,32,8,11,21,3,5,80,80,80,80,80,80,0,0,0,6,6,600,600,0,0
3811.003,40,32,8,11,21,3,5,80,80,80,80,80,80,0,0,0,6,6,600,600,0,0
3812.002,40,32,8,11,21,3,5,80,80,80,80,80,80,0,0,0,6,6,600,600,0,0
3813.002,40,32,8,11,21,3,5,80,80,80,80,80,80,0,0,0,6,6,600,600,0,0
3814.002,40,32,8,11,21,3,5,80,80,80,80,80,80,0,0,0,6,6,600,600,0,0
3815.002,40,32,8,11,21,3,5,80,80,80,80,80,80,0,0,0,6,6,600,600,0,0
3816.001,40,32,8,11,21,3,5,80,80,80,80,80,80,0,0,0,6,6,600,600,0,0
3817.001,40,32,8,11,21,3,5,80,80,80,80,80,80,0,0,0,6,6,600,600,0,0
3818.001,40,32,8,11,21,3,5,80,80,80,80,80,80,0,0,0,6,6,600,600,0,0
3819.001,40,32,8,11,21,3,5,80,80,80,80,80,80,0,0,0,6,6,600,600,0,0
3820,40,32,8,11,21,3,5,80,80,80,80,80,80,0,0,0,6,6,600,600,0,0
3821,40,32,8,11,21,3,5,80,80,80,80,80,80,0,0,0,6,6,600,600,0,0
3822,40,32,8,11,21,3,5,80,80,80,80,80,80,0,0,0,6,6,600,600,0,0
3823,40,32,8,11,21,3,5,80,80,80,80,80,80,0,0,0,6,6,600,600,0,0
3824,40,32,8,11,21,3,5,80,80,80,80,80,80,0,0,0,6,6,600,600,0,0
3824.999,40,32,8,11,21,3,5,80,80,80,80,80,80,0,0,0,6,6,600,600,0,0
3825.999,40,32,8,11,21,3,5,80,80,80,80,80,80,0,0,0,6,6,600,600,0,0
3826.999,40,32,8,11,21,3,5,80,80,80,80,80,80,0,0,0,6,6,600,600,0,0
3827.999,40,32,8,11,21,3,5,80,80,80,80,80,80,0,0,0,6,6,600,600,0,0
3828.998,40,32,8,11,21,3,5,80,80,80,80,80,80,0,0,0,6,6,600,600,0,0
3829.998,40,32,8,11,21,3,5,80,80,80,80,80,80,0,0,0,6,6,600,600,0,0
3830.998,40,32,8,11,21,3,5,80,80,80,80,80,80,0,0,0,6,6,600,600,0,0
3831.998,40,32,8,11,21,3,5,80,80,80,80,80,80,0,0,0,6,6,600,600,0,0
3832.997,40,32,8,11,21,3,5,80,80,80,80,80,80,0,0,0,6,6,600,600,0,0
3833.997,40,32,8,11,21,3,5,80,80,80,80,80,80,0,0,0,6,6,600,600,0,0
3834.997,40,32,8,11,21,3,5,80,80,80,80,80,80,0,0,0,6,6,600,600,0,0
3835.997,40,32,8,11,21,3,5,80,80,80,80,80,80,0,0,0,6,6,600,600,0,0
3836.996,40,32,8,11,21,3,5,80,80,80,80,80,80,0,0,0,6,6,600,600,0,0
3837.996,40,32,8,11,21,3,5,80,80,80,80,80,80,0,0,0,6,6,600,600,0,0
3838.996,40,32,8,11,21,3,5,80,80,80,80,80,80,0,0,0,6,6,600,600,0,0
3839.996,40,32,8,11,21,3,5,80,80,80,80,80,80,0,0,0,6,6,600,600,0,0
3840.995,40,32,8,11,21,3,5,80,80,80,80,80,80,0,0,0,6,6,600,600,0,0
3841.995,40,32,8,11,21,3,5,80,80,80,80,80,80,0,0,0,6,6,600,600,0,0
3842.995,40,32,8,11,21,3,5,80,80,80,80,80,80,0,0,0,6,6,600,600,0,0
3843.995,40,32,8,11,21,3,5,80,80,80,80,80,80,0,0,0,6,6,600,600,0,0
3844.994,40,32,8,11,21,3,5,80,80,80,80,80,80,0,0,0,6,6,600,600,0,0
3845.994,40,32,8,11,21,3,5,80,80,80,80,80,80,0,0,0,6,6,600,600,0,0
3846.994,40,32,8,11,21,3,5,80,80,80,80,80,80,0,0,0,6,6,600,600,0,0
3847.994,40,32,8,11,21,3,5,80,80,80,80,80,80,0,0,0,6,6,600,600,0,0
3848.993,40,32,8,11,21,3,5,80,80,80,80,80,80,0,0,0,6,6,600,600,0,0
3849.993,40,32,8,11,21,3,5,80,80,80,80,80,80,0,0,0,6,6,600,600,0,0
3850.993,40,32,8,11,21,3,5,80,80,80,80,80,80,0,0,0,6,6,600,600,0,0
3851.993,40,32,8,11,21,3,5,80,80,80,80,80,80,0,0,0,6,6,600,600,0,0
3852.992,40,32,8,11,21,3,5,80,80,80,80,80,80,0,0,0,6,6,600,600,0,0
3853.992,40,32,8,11,21,3,5,80,80,80,80,80,80,0,0,0,6,6,600,600,0,0
3854.992,40,32,8,11,21,3,5,80,80,80,80,80,80,0,0,0,6,6,600,600,0,0
3855.992,40,32,8,11,21,3,5,80,80,80,80,80,80,0,0,0,6,6,600,600,0,0
3856.991,40,32,8,11,21,3,5,80,80,80,80,80,80,0,0,0,6,6,600,600,0,0
3857.991,40,32,8,11,21,3,5,80,80,80,80,80,80,0,0,0,6,6,600,600,0,0
3858.991,40,32,8,11,21,3,5,80,80,80,80,80,80,0,0,0,6,6,600,600,0,0
3859.991,40,32,8,11,21,3,5,80,80,80,80,80,80,0,0,0,6,6,600,600,0,0
3860.99,40,32,8,11,21,3,5,80,80,80,80,80,80,0,0,0,6,6,600,600,0,0
3861.99,40,32,8,11,21,3,5,80,80,80,80,80,80,0,0,0,6,6,600,600,0,0
3862.99,40,32,8,11,21,3,5,80,80,80,80,80,80,0,0,0,6,6,600,600,0,0
3863.99,40,32,8,11,21,3,5,80,80,80,80,80,80,0,0,0,6,6,600,600,0,0
3864.99,40,32,8,11,21,3,5,80,80,80,80,80,80,0,0,0,6,6,600,600,0,0
3865.989,40,32,8,11,21,3,5,80,80,80,80,80,80,0,0,0,6,6,600,600,0,0
3866.989,40,32,8,11,21,3,5,80,80,80,80,80,80,0,0,0,6,6,600,600,0,0
3867.989,40,32,8,11,21,3,5,80,80,80,80,80,80,0,0,0,6,6,600,600,0,0
3868.989,40,32,8,11,21,3,5,80,80,80,80,80,80,0,0,0,6,6,600,600,0,0
3869.988,40,32,8,11,21,3,5,80,80,80,80,80,80,0,0,0,6,6,600,600,0,0
3870.988,40,32,8,11,21,3,5,80,80,80,80,80,80,0,0,0,6,6,600,600,0,0
3871.988,40,32,8,11,21,3,5,80,80,80,80,80,80,0,0,0,6,6,600,600,0,0
3872.988,40,32,8,11,21,3,5,80,80,80,80,80,80,0,0,0,6,6,600,600,0,0
3873.987,40,32,8,11,21,3,5,80,80,80,80,80,80,0,0,0,6,6,600,600,0,0
3874.987,40,32,8,11,21,3,5,80,80,80,80,80,80,0,0,0,6,6,600,600,0,0
3875.987,40,32,8,11,21,3,5,80,80,80,80,80,80,0,0,0,6,6,600,600,0,0
3876.987,40,32,8,11,21,3,5,80,80,80,80,80,80,0,0,0,6,6,600,600,0,0
3877.986,40,32,8,11,21,3,5,80,80,80,80,80,80,0,0,0,6,6,600,600,0,0
3878.986,40,32,8,11,21,3,5,80,80,80,80,80,80,0,0,0,6,6,600,600,0,0
3879.986,40,32,8,11,21,3,5,80,80,80,80,80,80,0,0,0,6,6,600,600,0,0
3880.986,40,32,8,11,21,3,5,80,80,80,80,80,80,0,0,0,6,6,600,600,0,0
3881.985,40,32,8,11,21,3,5,80,80,80,80,80,80,0,0,0,6,6,600,600,0,0
3882.985,40,32,8,11,21,3,5,80,80,80,80,80,80,0,0,0,6,6,600,600,0,0
3883.985,40,32,8,11,21,3,5,80,80,80,80,80,80,0,0,0,6,6,600,600,0,0
3884.985,40,32,8,11,21,3,5,80,80,80,80,80,80,0,0,0,6,6,600,600,0,0
3885.984,40,32,8,11,21,3,5,80,80,80,80,80,80,0,0,0,6,6,600,600,0,0
3886.984,40,32,8,11,21,3,5,80,80,80,80,80,80,0,0,0,6,6,600,600,0,0
3887.984,40,32,8,11,21,3,5,80,80,80,80,80,80,0,0,0,6,6,600,600,0,0
3888.984,40,32,8,11,21,3,5,80,80,80,80,80,80,0,0,0,6,6,600,600,0,0
3889.983,40,32,8,11,21,3,5,80,80,80,80,80,80,0,0,0,6,6,600,600,0,0
3890.983,40,32,8,11,21,3,5,80,80,80,80,80,80,0,0,0,6,6,600,600,0,0
3891.983,40,32,8,11,21,3,5,80,80,80,80,80,80,0,0,0,6,6,600,600,0,0
3892.983,40,32,8,11,21,3,5,80,80,80,80,80,80,0,0,0,6,6,600,600,0,0
3893.982,40,32,8,11,21,3,5,80,80,80,80,80,80,0,0,0,6,6,600,600,0,0
3894.982,40,32,8,11,21,3,5,80,80,80,80,80,80,0,0,0,6,6,600,600,0,0
3895.982,40,32,8,11,21,3,5,80,80,80,80,80,80,0,0,0,6,6,600,600,0,0
3896.982,40,32,8,11,21,3,5,80,80,80,80,80,80,0,0,0,6,6,600,600,0,0
3897.981,40,32,8,11,21,3,5,80,80,80,80,80,80,0,0,0,6,6,600,600,0,0
3898.981,40,32,8,11,21,3,5,80,80,80,80,80,80,0,0,0,6,6,600,600,0,0
3899.981,40,32,8,11,21,3,5,80,80,80,80,80,80,0,0,0,6,6,600,600,0,0
3900.981,40,32,8,11,21,3,5,80,80,80,80,80,80,0,0,0,6,6,600,600,0,0
3901.98,40,32,8,11,21,3,5,80,80,80,80,80,80,0,0,0,6,6,600,600,0,0
3902.98,40,32,8,11,21,3,5,80,80,80,80,80,80,0,0,0,6,6,600,600,0,0
3903.98,40,32,8,11,21,3,5,80,80,80,80,80,80,0,0,0,6,6,600,600,0,0
3904.98,40,32,8,11,21,3,5,80,80,80,80,80,80,0,0,0,6,6,600,600,0,0
3905.979,40,32,8,11,21,3,5,80,80,80,80,80,80,0,0,0,6,6,600,600,0,0
3906.979,40,32,8,11,21,3,5,80,80,80,80,80,80,0,0,0,6,6,600,600,0,0
3907.979,40,32,8,11,21,3,5,80,80,80,80,80,80,0,0,0,6,6,600,600,0,0
3908.979,40,32,8,11,21,3,5,80,80,80,80,80,80,0,0,0,6,6,600,600,0,0
3909.979,40,32,8,11,21,3,5,80,80,80,80,80,80,0,0,0,6,6,600,600,0,0
3910.978,40,32,8,11,21,3,5,80,80,80,80,80,80,0,0,0,6,6,600,600,0,0
3911.978,40,32,8,11,21,3,5,80,80,80,80,80,80,0,0,0,6,6,600,600,0,0
3912.978,40,32,8,11,21,3,5,80,80,80,80,80,80,0,0,0,6,6,600,600,0,0
3913.978,40,32,8,11,21,3,5,80,80,80,80,80,80,0,0,0,6,6,600,600,0,0
3914.977,40,32,8,11,21,3,5,80,80,80,80,80,80,0,0,0,6,6,600,600,0,0
3915.977,40,32,8,11,21,3,5,80,80,80,80,80,80,0,0,0,6,6,600,600,0,0
3916.977,40,32,8,11,21,3,5,80,80,80,80,80,80,0,0,0,6,6,600,600,0,0
3917.977,40,32,8,11,21,3,5,80,80,80,80,80,80,0,0,0,6,6,600,600,0,0
3918.976,40,32,8,11,21,3,5,80,80,80,80,80,80,0,0,0,6,6,600,600,0,0
3919.976,40,32,8,11,21,3,5,80,80,80,80,80,80,0,0,0,6,6,600,600,0,0
3920.976,40,32,8,11,21,3,5,80,80,80,80,80,80,0,0,0,6,6,600,600,0,0
3921.976,40,32,8,11,21,3,5,80,80,80,80,80,80,0,0,0,6,6,600,600,0,0
3922.975,40,32,8,11,21,3,5,80,80,80,80,80,80,0,0,0,6,6,600,600,0,0
3923.975,40,32,8,11,21,3,5,80,80,80,80,80,80,0,0,0,6,6,600,600,0,0
3924.975,40,32,8,11,21,3,5,80,80,80,80,80,80,0,0,0,6,6,600,600,0,0
3925.975,40,32,8,11,21,3,5,80,80,80,80,80,80,0,0,0,6,6,600,600,0,0
3926.974,40,32,8,11,21,3,5,80,80,80,80,80,80,0,0,0,6,6,600,600,0,0
3927.974,40,32,8,11,21,3,5,80,80,80,80,80,80,0,0,0,6,6,600,600,0,0
3928.974,40,32,8,11,21,3,5,80,80,80,80,80,80,0,0,0,6,6,600,600,0,0
3929.974,40,32,8,11,21,3,5,80,80,80,80,80,80,0,0,0,6,6,600,600,0,0
3930.973,40,32,8,11,21,3,5,80,80,80,80,80,80,0,0,0,6,6,600,600,0,0
3931.973,40,32,8,11,21,3,5,80,80,80,80,80,80,0,0,0,6,6,600,600,0,0
3932.973,40,32,8,11,21,3,5,80,80,80,80,80,80,0,0,0,6,6,600,600,0,0
3933.973,40,32,8,11,21,3,5,80,80,80,80,80,80,0,0,0,6,6,600,600,0,0
3934.972,40,32,8,11,21,3,5,80,80,80,80,80,80,0,0,0,6,6,600,600,0,0
3935.972,40,32,8,11,21,3,5,80,80,80,80,80,80,0,0,0,6,6,600,600,0,0
3936.972,40,32,8,11,21,3,5,80,80,80,80,80,80,0,0,0,6,6,600,600,0,0
3937.972,40,32,8,11,21,3,5,80,80,80,80,80,80,0,0,0,6,6,600,600,0,0
3938.971,40,32,8,11,21,3,5,80,80,80,80,80,80,0,0,0,6,6,600,600,0,0
3939.971,40,32,8,11,21,3,5,80,80,80,80,80,80,0,0,0,6,6,600,600,0,0
3940.971,40,32,8,11,21,3,5,80,80,80,80,80,80,0,0,0,6,6,600,600,0,0
3941.971,40,32,8,11,21,3,5,80,80,80,80,80,80,0,0,0,6,6,600,600,0,0
3942.97,40,32,8,11,21,3,5,80,80,80,80,80,80,0,0,0,6,6,600,600,0,0
3943.97,40,32,8,11,21,3,5,80,80,80,80,80,80,0,0,0,6,6,600,600,0,0
3944.97,40,32,8,11,21,3,5,80,80,80,80,80,80,0,0,0,6,6,600,600,0,0
3945.97,40,32,8,11,21,3,5,80,80,80,80,80,80,0,0,0,6,6,600,600,0,0
3946.969,40,32,8,11,21,3,5,80,80,80,80,80,80,0,0,0,6,6,600,600,0,0
3947.969,40,32,8,11,21,3,5,80,80,80,80,80,80,0,0,0,6,6,600,600,0,0
3948.969,40,32,8,11,21,3,5,80,80,80,80,80,80,0,0,0,6,6,600,600,0,0
3949.969,40,32,8,11,21,3,5,80,80,80,80,80,80,0,0,0,6,6,600,600,0,0
3950.969,40,32,8,11,21,3,5,80,80,80,80,80,80,0,0,0,6,6,600,600,0,0
3951.968,40,32,8,11,21,3,5,80,80,80,80,80,80,0,0,0,6,6,600,600,0,0
3952.968,40,32,8,11,21,3,5,80,80,80,80,80,80,0,0,0,6,6,600,600,0,0
3953.968,40,32,8,11,21,3,5,80,80,80,80,80,80,0,0,0,6,6,600,600,0,0
3954.968,40,32,8,11,21,3,5,80,80,80,80,80,80,0,0,0,6,6,600,600,0,0
3955.967,40,32,8,11,21,3,5,80,80,80,80,80,80,0,0,0,6,6,600,600,0,0
3956.967,40,32,8,11,21,3,5,80,80,80,80,80,80,0,0,0,6,6,600,600,0,0
3957.967,40,32,8,11,21,3,5,80,80,80,80,80,80,0,0,0,6,6,600,600,0,0
3958.967,40,32,8,11,21,3,5,80,80,80,80,80,80,0,0,0,6,6,600,600,0,0
3959.966,40,32,8,11,21,3,5,80,80,80,80,80,80,0,0,0,6,6,600,600,0,0
3960.966,40,32,8,11,21,3,5,80,80,80,80,80,80,0,0,0,6,6,600,600,0,0
3961.966,40,32,8,11,21,3,5,80,80,80,80,80,80,0,0,0,6,6,600,600,0,0
3962.966,40,32,8,11,21,3,5,80,80,80,80,80,80,0,0,0,6,6,600,600,0,0
3963.965,40,32,8,11,21,3,5,80,80,80,80,80,80,0,0,0,6,6,600,600,0,0
3964.965,40,32,8,11,21,3,5,80,80,80,80,80,80,0,0,0,6,6,600,600,0,0
3965.965,40,32,8,11,21,3,5,80,80,80,80,80,80,0,0,0,6,6,600,600,0,0
3966.965,40,32,8,11,21,3,5,80,80,80,80,80,80,0,0,0,6,6,600,600,0,0
3967.964,40,32,8,11,21,3,5,80,80,80,80,80,80,0,0,0,6,6,600,600,0,0
3968.964,40,32,8,11,21,3,5,80,80,80,80,80,80,0,0,0,6,6,600,600,0,0
3969.964,40,32,8,11,21,3,5,80,80,80,80,80,80,0,0,0,6,6,600,600,0,0
3970.964,40,32,8,11,21,3,5,80,80,80,80,80,80,0,0,0,6,6,600,600,0,0
3971.963,40,32,8,11,21,3,5,80,80,80,80,80,80,0,0,0,6,6,600,600,0,0
3972.963,40,32,8,11,21,3,5,80,80,80,80,80,80,0,0,0,6,6,600,600,0,0
3973.963,40,32,8,11,21,3,5,80,80,80,80,80,80,0,0,0,6,6,600,600,0,0
3974.963,40,32,8,11,21,3,5,80,80,80,80,80,80,0,0,0,6,6,600,600,0,0
3975.962,40,32,8,11,21,3,5,80,80,80,80,80,80,0,0,0,6,6,600,600,0,0
3976.962,40,32,8,11,21,3,5,80,80,80,80,80,80,0,0,0,6,6,600,600,0,0
3977.962,40,32,8,11,21,3,5,80,80,80,80,80,80,0,0,0,6,6,600,600,0,0
3978.962,40,32,8,11,21,3,5,80,80,80,80,80,80,0,0,0,6,6,600,600,0,0
3979.961,40,32,8,11,21,3,5,80,80,80,80,80,80,0,0,0,6,6,600,600,0,0
3980.961,40,32,8,11,21,3,5,80,80,80,80,80,80,0,0,0,6,6,600,600,0,0
3981.961,40,32,8,11,21,3,5,80,80,80,80,80,80,0,0,0,6,6,600,600,0,0
3982.961,40,32,8,11,21,3,5,80,80,80,80,80,80,0,0,0,6,6,600,600,0,0
3983.96,40,32,8,11,21,3,5,80,80,80,80,80,80,0,0,0,6,6,600,600,0,0
3984.96,40,32,8,11,21,3,5,80,80,80,80,80,80,0,0,0,6,6,600,600,0,0
3985.96,40,32,8,11,21,3,5,80,80,80,80,80,80,0,0,0,6,6,600,600,0,0
3986.96,40,32,8,11,21,3,5,80,80,80,80,80,80,0,0,0,6,6,600,600,0,0
3987.959,40,32,8,11,21,3,5,80,80,80,80,80,80,0,0,0,6,6,600,600,0,0
3988.959,40,32,8,11,21,3,5,80,80,80,80,80,80,0,0,0,6,6,600,600,0,0
3989.959,40,32,8,11,21,3,5,80,80,80,80,80,80,0,0,0,6,6,600,600,0,0
3990.959,40,32,8,11,21,3,5,80,80,80,80,80,80,0,0,0,6,6,600,600,0,0
3991.958,40,32,8,11,21,3,5,80,80,80,80,80,80,0,0,0,6,6,600,600,0,0
3992.958,40,32,8,11,21,3,5,80,80,80,80,80,80,0,0,0,6,6,600,600,0,0
3993.958,40,32,8,11,21,3,5,80,80,80,80,80,80,0,0,0,6,6,600,600,0,0
3994.958,40,32,8,11,21,3,5,80,80,80,80,80,80,0,0,0,6,6,600,600,0,0
3995.958,40,32,8,11,21,3,5,80,80,80,80,80,80,0,0,0,6,6,600,600,0,0
3996.957,40,32,8,11,21,3,5,80,80,80,80,80,80,0,0,0,6,6,600,600,0,0
3997.957,40,32,8,11,21,3,5,80,80,80,80,80,80,0,0,0,6,6,600,600,0,0
3998.957,40,32,8,11,21,3,5,80,80,80,80,80,80,0,0,0,6,6,600,600,0,0
3999.957,40,32,8,11,21,3,5,80,80,80,80,80,80,0,0,0,6,6,600,600,0,0
4000.956,40,32,8,11,21,3,5,80,80,80,80,80,80,0,0,0,6,6,600,600,0,0
4001.956,40,32,8,11,21,3,5,80,80,80,80,80,80,0,0,0,6,6,600,600,0,0
4002.956,40,32,8,11,21,3,5,80,80,80,80,80,80,0,0,0,6,6,600,600,0,0
4003.956,40,32,8,11,21,3,5,80,80,80,80,80,80,0,0,0,6,6,600,600,0,0
4004.955,40,32,8,11,21,3,5,80,80,80,80,80,80,0,0,0,6,6,600,600,0,0
4005.955,40,32,8,11,21,3,5,80,80,80,80,80,80,0,0,0,6,6,600,600,0,0
4006.955,40,32,8,11,21,3,5,80,80,80,80,80,80,0,0,0,6,6,600,600,0,0
4007.955,40,32,8,11,21,3,5,80,80,80,80,80,80,0,0,0,6,6,600,600,0,0
4008.954,40,32,8,11,21,3,5,80,80,80,80,80,80,0,0,0,6,6,600,600,0,0
4009.954,40,32,8,11,21,3,5,80,80,80,80,80,80,0,0,0,6,6,600,600,0,0
4010.954,40,32,8,11,21,3,5,80,80,80,80,80,80,0,0,0,6,6,600,600,0,0
4011.954,40,32,8,11,21,3,5,80,80,80,80,80,80,0,0,0,6,6,600,600,0,0
4012.953,40,32,8,11,21,3,5,80,80,80,80,80,80,0,0,0,6,6,600,600,0,0
4013.953,40,32,8,11,21,3,5,80,80,80,80,80,80,0,0,0,6,6,600,600,0,0
4014.953,40,32,8,11,21,3,5,80,80,80,80,80,80,0,0,0,6,6,600,600,0,0
4015.953,40,32,8,11,21,3,5,80,80,80,80,80,80,0,0,0,6,6,600,600,0,0
4016.952,40,32,8,11,21,3,5,80,80,80,80,80,80,0,0,0,6,6,600,600,0,0
4017.952,40,32,8,11,21,3,5,80,80,80,80,80,80,0,0,0,6,6,600,600,0,0
4018.952,40,32,8,11,21,3,5,80,80,80,80,80,80,0,0,0,6,6,600,600,0,0
4019.952,40,32,8,11,21,3,5,80,80,80,80,80,80,0,0,0,6,6,600,600,0,0
4020.951,40,32,8,11,21,3,5,80,80,80,80,80,80,0,0,0,6,6,600,600,0,0
4021.951,40,32,8,11,21,3,5,80,80,80,80,80,80,0,0,0,6,6,600,600,0,0
4022.951,40,32,8,11,21,3,5,80,80,80,80,80,80,0,0,0,6,6,600,600,0,0
4023.951,40,32,8,11,21,3,5,80,80,80,80,80,80,0,0,0,6,6,600,600,0,0
4024.95,40,32,8,11,21,3,5,80,80,80,80,80,80,0,0,0,6,6,600,600,0,0
4025.95,40,32,8,11,21,3,5,80,80,80,80,80,80,0,0,0,6,6,600,600,0,0
4026.95,40,32,8,11,21,3,5,80,80,80,80,80,80,0,0,0,6,6,600,600,0,0
4027.95,40,32,8,11,21,3,5,80,80,80,80,80,80,0,0,0,6,6,600,600,0,0
4028.949,40,32,8,11,21,3,5,80,80,80,80,80,80,0,0,0,6,6,600,600,0,0
4029.949,40,32,8,11,21,3,5,80,80,80,80,80,80,0,0,0,6,6,600,600,0,0
4030.949,40,32,8,11,21,3,5,80,80,80,80,80,80,0,0,0,6,6,600,600,0,0
4031.949,40,32,8,11,21,3,5,80,80,80,80,80,80,0,0,0,6,6,600,600,0,0
4032.948,40,32,8,11,21,3,5,80,80,80,80,80,80,0,0,0,6,6,600,600,0,0
4033.948,40,32,8,11,21,3,5,80,80,80,80,80,80,0,0,0,6,6,600,600,0,0
4034.948,40,32,8,11,21,3,5,80,80,80,80,80,80,0,0,0,6,6,600,600,0,0
4035.948,40,32,8,11,21,3,5,80,80,80,80,80,80,0,0,0,6,6,600,600,0,0
4036.948,40,32,8,11,21,3,5,80,80,80,80,80,80,0,0,0,6,6,600,600,0,0
4037.947,40,32,8,11,21,3,5,80,80,80,80,80,80,0,0,0,6,6,600,600,0,0
4038.947,40,32,8,11,21,3,5,80,80,80,80,80,80,0,0,0,6,6,600,600,0,0
4039.947,40,32,8,11,21,3,5,80,80,80,80,80,80,0,0,0,6,6,600,600,0,0
4040.947,40,32,8,11,21,3,5,80,80,80,80,80,80,0,0,0,6,6,600,600,0,0
4041.946,40,32,8,11,21,3,5,80,80,80,80,80,80,0,0,0,6,6,600,600,0,0
4042.946,40,32,8,11,21,3,5,80,80,80,80,80,80,0,0,0,6,6,600,600,0,0
4043.946,40,32,8,11,21,3,5,80,80,80,80,80,80,0,0,0,6,6,600,600,0,0
4044.946,40,32,8,11,21,3,5,80,80,80,80,80,80,0,0,0,6,6,600,600,0,0
4045.945,40,32,8,11,21,3,5,80,80,80,80,80,80,0,0,0,6,6,600,600,0,0
4046.945,40,32,8,11,21,3,5,80,80,80,80,80,80,0,0,0,6,6,600,600,0,0
4047.945,40,32,8,11,21,3,5,80,80,80,80,80,80,0,0,0,6,6,600,600,0,0
4048.945,40,32,8,11,21,3,5,80,80,80,80,80,80,0,0,0,6,6,600,600,0,0
4049.944,40,32,8,11,21,3,5,80,80,80,80,80,80,0,0,0,6,6,600,600,0,0
4050.944,40,32,8,11,21,3,5,80,80,80,80,80,80,0,0,0,6,6,600,600,0,0
4051.944,40,32,8,11,21,3,5,80,80,80,80,80,80,0,0,0,6,6,600,600,0,0
4052.944,40,32,8,11,21,3,5,80,80,80,80,80,80,0,0,0,6,6,600,600,0,0
4053.943,40,32,8,11,21,3,5,80,80,80,80,80,80,0,0,0,6,6,600,600,0,0
4054.943,40,32,8,11,21,3,5,80,80,80,80,80,80,0,0,0,6,6,600,600,0,0
4055.943,40,32,8,11,21,3,5,80,80,80,80,80,80,0,0,0,6,6,600,600,0,0
4056.943,40,32,8,11,21,3,5,80,80,80,80,80,80,0,0,0,6,6,600,600,0,0
4057.942,40,32,8,11,21,3,5,80,80,80,80,80,80,0,0,0,6,6,600,600,0,0
4058.942,40,32,8,11,21,3,5,80,80,80,80,80,80,0,0,0,6,6,600,600,0,0
4059.942,40,32,8,11,21,3,5,80,80,80,80,80,80,0,0,0,6,6,600,600,0,0
4060.942,40,32,8,11,21,3,5,80,80,80,80,80,80,0,0,0,6,6,600,600,0,0
4061.941,40,32,8,11,21,3,5,80,80,80,80,80,80,0,0,0,6,6,600,600,0,0
4062.941,40,32,8,11,21,3,5,80,80,80,80,80,80,0,0,0,6,6,600,600,0,0
4063.941,40,32,8,11,21,3,5,80,80,80,80,80,80,0,0,0,6,6,600,600,0,0
4064.941,40,32,8,11,21,3,5,80,80,80,80,80,80,0,0,0,6,6,600,600,0,0
4065.94,40,32,8,11,21,3,5,80,80,80,80,80,80,0,0,0,6,6,600,600,0,0
4066.94,40,32,8,11,21,3,5,80,80,80,80,80,80,0,0,0,6,6,600,600,0,0
4067.94,40,32,8,11,21,3,5,80,80,80,80,80,80,0,0,0,6,6,600,600,0,0
4068.94,40,32,8,11,21,3,5,80,80,80,80,80,80,0,0,0,6,6,600,600,0,0
4069.939,40,32,8,11,21,3,5,80,80,80,80,80,80,0,0,0,6,6,600,600,0,0
4070.939,40,32,8,11,21,3,5,80,80,80,80,80,80,0,0,0,6,6,600,600,0,0
4071.939,40,32,8,11,21,3,5,80,80,80,80,80,80,0,0,0,6,6,600,600,0,0
4072.939,40,32,8,11,21,3,5,80,80,80,80,80,80,0,0,0,6,6,600,600,0,0
4073.938,40,32,8,11,21,3,5,80,80,80,80,80,80,0,0,0,6,6,600,600,0,0
4074.938,40,32,8,11,21,3,5,80,80,80,80,80,80,0,0,0,6,6,600,600,0,0
4075.938,40,32,8,11,21,3,5,80,80,80,80,80,80,0,0,0,6,6,600,600,0,0
4076.938,40,32,8,11,21,3,5,80,80,80,80,80,80,0,0,0,6,6,600,600,0,0
4077.938,40,32,8,11,21,3,5,80,80,80,80,80,80,0,0,0,6,6,600,600,0,0
4078.937,40,32,8,11,21,3,5,80,80,80,80,80,80,0,0,0,6,6,600,600,0,0
4079.937,40,32,8,11,21,3,5,80,80,80,80,80,80,0,0,0,6,6,600,600,0,0
4080.937,40,32,8,11,21,3,5,80,80,80,80,80,80,0,0,0,6,6,600,600,0,0
4081.937,40,32,8,11,21,3,5,80,80,80,80,80,80,0,0,0,6,6,600,600,0,0
4082.936,40,32,8,11,21,3,5,80,80,80,80,80,80,0,0,0,6,6,600,600,0,0
4083.936,40,32,8,11,21,3,5,80,80,80,80,80,80,0,0,0,6,6,600,600,0,0
4084.936,40,32,8,11,21,3,5,80,80,80,80,80,80,0,0,0,6,6,600,600,0,0
4085.936,40,32,8,11,21,3,5,80,80,80,80,80,80,0,0,0,6,6,600,600,0,0
4086.935,40,32,8,11,21,3,5,80,80,80,80,80,80,0,0,0,6,6,600,600,0,0
4087.935,40,32,8,11,21,3,5,80,80,80,80,80,80,0,0,0,6,6,600,600,0,0
4088.935,40,32,8,11,21,3,5,80,80,80,80,80,80,0,0,0,6,6,600,600,0,0
4089.935,40,32,8,11,21,3,5,80,80,80,80,80,80,0,0,0,6,6,600,600,0,0
4090.934,40,32,8,11,21,3,5,80,80,80,80,80,80,0,0,0,6,6,600,600,0,0
4091.934,40,32,8,11,21,3,5,80,80,80,80,80,80,0,0,0,6,6,600,600,0,0
4092.934,40,32,8,11,21,3,5,80,80,80,80,80,80,0,0,0,6,6,600,600,0,0
4093.934,40,32,8,11,21,3,5,80,80,80,80,80,80,0,0,0,6,6,600,600,0,0
4094.933,40,32,8,11,21,3,5,80,80,80,80,80,80,0,0,0,6,6,600,600,0,0
4095.933,40,32,8,11,21,3,5,80,80,80,80,80,80,0,0,0,6,6,600,600,0,0
4096.934,40,32,8,11,21,3,5,80,80,80,80,80,80,0,0,0,6,6,600,600,0,0
4097.934,40,32,8,11,21,3,5,80,80,80,80,80,80,0,0,0,6,6,600,600,0,0
4098.935,40,32,8,11,21,3,5,80,80,80,80,80,80,0,0,0,6,6,600,600,0,0
4099.935,40,32,8,11,21,3,5,80,80,80,80,80,80,0,0,0,6,6,600,600,0,0
4100.936,40,32,8,11,21,3,5,80,80,80,80,80,80,0,0,0,6,6,600,600,0,0
4101.936,40,32,8,11,21,3,5,80,80,80,80,80,80,0,0,0,6,6,600,600,0,0
4102.937,40,32,8,11,21,3,5,80,80,80,80,80,80,0,0,0,6,6,600,600,0,0
4103.937,40,32,8,11,21,3,5,80,80,80,80,80,80,0,0,0,6,6,600,600,0,0
4104.938,40,32,8,11,21,3,5,80,80,80,80,80,80,0,0,0,6,6,600,600,0,0
4105.938,40,32,8,11,21,3,5,80,80,80,80,80,80,0,0,0,6,6,600,600,0,0
4106.938,40,32,8,11,21,3,5,80,80,80,80,80,80,0,0,0,6,6,600,600,0,0
4107.939,40,32,8,11,21,3,5,80,80,80,80,80,80,0,0,0,6,6,600,600,0,0
4108.939,40,32,8,11,21,3,5,80,80,80,80,80,80,0,0,0,6,6,600,600,0,0
4109.94,40,32,8,11,21,3,5,80,80,80,80,80,80,0,0,0,6,6,600,600,0,0
4110.94,40,32,8,11,21,3,5,80,80,80,80,80,80,0,0,0,6,6,600,600,0,0
4111.941,40,32,8,11,21,3,5,80,80,80,80,80,80,0,0,0,6,6,600,600,0,0
4112.941,40,32,8,11,21,3,5,80,80,80,80,80,80,0,0,0,6,6,600,600,0,0
4113.942,40,32,8,11,21,3,5,80,80,80,80,80,80,0,0,0,6,6,600,600,0,0
4114.942,40,32,8,11,21,3,5,80,80,80,80,80,80,0,0,0,6,6,600,600,0,0
4115.943,40,32,8,11,21,3,5,80,80,80,80,80,80,0,0,0,6,6,600,600,0,0
4116.943,40,32,8,11,21,3,5,80,80,80,80,80,80,0,0,0,6,6,600,600,0,0
4117.944,40,32,8,11,21,3,5,80,80,80,80,80,80,0,0,0,6,6,600,600,0,0
4118.944,40,32,8,11,21,3,5,80,80,80,80,80,80,0,0,0,6,6,600,600,0,0
4119.945,40,32,8,11,21,3,5,80,80,80,80,80,80,0,0,0,6,6,600,600,0,0
4120.945,40,32,8,11,21,3,5,80,80,80,80,80,80,0,0,0,6,6,600,600,0,0
4121.946,40,32,8,11,21,3,5,80,80,80,80,80,80,0,0,0,6,6,600,600,0,0
4122.946,40,32,8,11,21,3,5,80,80,80,80,80,80,0,0,0,6,6,600,600,0,0
4123.947,40,32,8,11,21,3,5,80,80,80,80,80,80,0,0,0,6,6,600,600,0,0
4124.947,40,32,8,11,21,3,5,80,80,80,80,80,80,0,0,0,6,6,600,600,0,0
4125.948,40,32,8,11,21,3,5,80,80,80,80,80,80,0,0,0,6,6,600,600,0,0
4126.948,40,32,8,11,21,3,5,80,80,80,80,80,80,0,0,0,6,6,600,600,0,0
4127.949,40,32,8,11,21,3,5,80,80,80,80,80,80,0,0,0,6,6,600,600,0,0
4128.949,40,32,8,11,21,3,5,80,80,80,80,80,80,0,0,0,6,6,600,600,0,0
4129.95,40,32,8,11,21,3,5,80,80,80,80,80,80,0,0,0,6,6,600,600,0,0
4130.95,40,32,8,11,21,3,5,80,80,80,80,80,80,0,0,0,6,6,600,600,0,0
4131.951,40,32,8,11,21,3,5,80,80,80,80,80,80,0,0,0,6,6,600,600,0,0
4132.951,40,32,8,11,21,3,5,80,80,80,80,80,80,0,0,0,6,6,600,600,0,0
4133.952,40,32,8,11,21,3,5,80,80,80,80,80,80,0,0,0,6,6,600,600,0,0
4134.952,40,32,8,11,21,3,5,80,80,80,80,80,80,0,0,0,6,6,600,600,0,0
4135.953,40,32,8,11,21,3,5,80,80,80,80,80,80,0,0,0,6,6,600,600,0,0
4136.953,40,32,8,11,21,3,5,80,80,80,80,80,80,0,0,0,6,6,600,600,0,0
4137.954,40,32,8,11,21,3,5,80,80,80,80,80,80,0,0,0,6,6,600,600,0,0
4138.954,40,32,8,11,21,3,5,80,80,80,80,80,80,0,0,0,6,6,600,600,0,0
4139.955,40,32,8,11,21,3,5,80,80,80,80,80,80,0,0,0,6,6,600,600,0,0
4140.955,40,32,8,11,21,3,5,80,80,80,80,80,80,0,0,0,6,6,600,600,0,0
4141.956,40,32,8,11,21,3,5,80,80,80,80,80,80,0,0,0,6,6,600,600,0,0
4142.956,40,32,8,11,21,3,5,80,80,80,80,80,80,0,0,0,6,6,600,600,0,0
4143.957,40,32,8,11,21,3,5,80,80,80,80,80,80,0,0,0,6,6,600,600,0,0
4144.957,40,32,8,11,21,3,5,80,80,80,80,80,80,0,0,0,6,6,600,600,0,0
4145.958,40,32,8,11,21,3,5,80,80,80,80,80,80,0,0,0,6,6,600,600,0,0
4146.958,40,32,8,11,21,3,5,80,80,80,80,80,80,0,0,0,6,6,600,600,0,0
4147.958,40,32,8,11,21,3,5,80,80,80,80,80,80,0,0,0,6,6,600,600,0,0
4148.959,40,32,8,11,21,3,5,80,80,80,80,80,80,0,0,0,6,6,600,600,0,0
4149.959,40,32,8,11,21,3,5,80,80,80,80,80,80,0,0,0,6,6,600,600,0,0
4150.96,40,32,8,11,21,3,5,80,80,80,80,80,80,0,0,0,6,6,600,600,0,0
4151.96,40,32,8,11,21,3,5,80,80,80,80,80,80,0,0,0,6,6,600,600,0,0
4152.961,40,32,8,11,21,3,5,80,80,80,80,80,80,0,0,0,6,6,600,600,0,0
4153.961,40,32,8,11,21,3,5,80,80,80,80,80,80,0,0,0,6,6,600,600,0,0
4154.962,40,32,8,11,21,3,5,80,80,80,80,80,80,0,0,0,6,6,600,600,0,0
4155.962,40,32,8,11,21,3,5,80,80,80,80,80,80,0,0,0,6,6,600,600,0,0
4156.963,40,32,8,11,21,3,5,80,80,80,80,80,80,0,0,0,6,6,600,600,0,0
4157.963,40,32,8,11,21,3,5,80,80,80,80,80,80,0,0,0,6,6,600,600,0,0
4158.964,40,32,8,11,21,3,5,80,80,80,80,80,80,0,0,0,6,6,600,600,0,0
4159.964,40,32,8,11,21,3,5,80,80,80,80,80,80,0,0,0,6,6,600,600,0,0
4160.965,40,32,8,11,21,3,5,80,80,80,80,80,80,0,0,0,6,6,600,600,0,0
4161.965,40,32,8,11,21,3,5,80,80,80,80,80,80,0,0,0,6,6,600,600,0,0
4162.966,40,32,8,11,21,3,5,80,80,80,80,80,80,0,0,0,6,6,600,600,0,0
4163.966,40,32,8,11,21,3,5,80,80,80,80,80,80,0,0,0,6,6,600,600,0,0
4164.967,40,32,8,11,21,3,5,80,80,80,80,80,80,0,0,0,6,6,600,600,0,0
4165.967,40,32,8,11,21,3,5,80,80,80,80,80,80,0,0,0,6,6,600,600,0,0
4166.968,40,32,8,11,21,3,5,80,80,80,80,80,80,0,0,0,6,6,600,600,0,0
4167.968,40,32,8,11,21,3,5,80,80,80,80,80,80,0,0,0,6,6,600,600,0,0
4168.969,40,32,8,11,21,3,5,80,80,80,80,80,80,0,0,0,6,6,600,600,0,0
4169.969,40,32,8,11,21,3,5,80,80,80,80,80,80,0,0,0,6,6,600,600,0,0
4170.97,40,32,8,11,21,3,5,80,80,80,80,80,80,0,0,0,6,6,600,600,0,0
4171.97,40,32,8,11,21,3,5,80,80,80,80,80,80,0,0,0,6,6,600,600,0,0
4172.971,40,32,8,11,21,3,5,80,80,80,80,80,80,0,0,0,6,6,600,600,0,0
4173.971,40,32,8,11,21,3,5,80,80,80,80,80,80,0,0,0,6,6,600,600,0,0
4174.972,40,32,8,11,21,3,5,80,80,80,80,80,80,0,0,0,6,6,600,600,0,0
4175.972,40,32,8,11,21,3,5,80,80,80,80,80,80,0,0,0,6,6,600,600,0,0
4176.973,40,32,8,11,21,3,5,80,80,80,80,80,80,0,0,0,6,6,600,600,0,0
4177.973,40,32,8,11,21,3,5,80,80,80,80,80,80,0,0,0,6,6,600,600,0,0
4178.974,40,32,8,11,21,3,5,80,80,80,80,80,80,0,0,0,6,6,600,600,0,0
4179.974,40,32,8,11,21,3,5,80,80,80,80,80,80,0,0,0,6,6,600,600,0,0
4180.975,40,32,8,11,21,3,5,80,80,80,80,80,80,0,0,0,6,6,600,600,0,0
4181.975,40,32,8,11,21,3,5,80,80,80,80,80,80,0,0,0,6,6,600,600,0,0
4182.976,40,32,8,11,21,3,5,80,80,80,80,80,80,0,0,0,6,6,600,600,0,0
4183.976,40,32,8,11,21,3,5,80,80,80,80,80,80,0,0,0,6,6,600,600,0,0
4184.977,40,32,8,11,21,3,5,80,80,80,80,80,80,0,0,0,6,6,600,600,0,0
4185.977,40,32,8,11,21,3,5,80,80,80,80,80,80,0,0,0,6,6,600,600,0,0
4186.978,40,32,8,11,21,3,5,80,80,80,80,80,80,0,0,0,6,6,600,600,0,0
4187.978,40,32,8,11,21,3,5,80,80,80,80,80,80,0,0,0,6,6,600,600,0,0
4188.979,40,32,8,11,21,3,5,80,80,80,80,80,80,0,0,0,6,6,600,600,0,0
4189.979,40,32,8,11,21,3,5,80,80,80,80,80,80,0,0,0,6,6,600,600,0,0
4190.979,40,32,8,11,21,3,5,80,80,80,80,80,80,0,0,0,6,6,600,600,0,0
4191.98,40,32,8,11,21,3,5,80,80,80,80,80,80,0,0,0,6,6,600,600,0,0
4192.98,40,32,8,11,21,3,5,80,80,80,80,80,80,0,0,0,6,6,600,600,0,0
4193.981,40,32,8,11,21,3,5,80,80,80,80,80,80,0,0,0,6,6,600,600,0,0
4194.981,40,32,8,11,21,3,5,80,80,80,80,80,80,0,0,0,6,6,600,600,0,0
4195.982,40,32,8,11,21,3,5,80,80,80,80,80,80,0,0,0,6,6,600,600,0,0
4196.982,40,32,8,11,21,3,5,80,80,80,80,80,80,0,0,0,6,6,600,600,0,0
4197.983,40,32,8,11,21,3,5,80,80,80,80,80,80,0,0,0,6,6,600,600,0,0
4198.983,40,32,8,11,21,3,5,80,80,80,80,80,80,0,0,0,6,6,600,600,0,0
4199.984,40,32,8,11,21,3,5,80,80,80,80,80,80,0,0,0,6,6,600,600,0,0
4200.984,40,32,8,11,21,3,5,80,80,80,80,80,80,0,0,0,6,6,600,600,0,0
4201.985,40,32,8,11,21,3,5,80,80,80,80,80,80,0,0,0,6,6,600,600,0,0
4202.985,40,32,8,11,21,3,5,80,80,80,80,80,80,0,0,0,6,6,600,600,0,0
4203.986,40,32,8,11,21,3,5,80,80,80,80,80,80,0,0,0,6,6,600,600,0,0
4204.986,40,32,8,11,21,3,5,80,80,80,80,80,80,0,0,0,6,6,600,600,0,0
4205.987,40,32,8,11,21,3,5,80,80,80,80,80,80,0,0,0,6,6,600,600,0,0
4206.987,40,32,8,11,21,3,5,80,80,80,80,80,80,0,0,0,6,6,600,600,0,0
4207.988,40,32,8,11,21,3,5,80,80,80,80,80,80,0,0,0,6,6,600,600,0,0
4208.988,40,32,8,11,21,3,5,80,80,80,80,80,80,0,0,0,6,6,600,600,0,0
4209.989,40,32,8,11,21,3,5,80,80,80,80,80,80,0,0,0,6,6,600,600,0,0
4210.989,40,32,8,11,21,3,5,80,80,80,80,80,80,0,0,0,6,6,600,600,0,0
4211.99,40,32,8,11,21,3,5,80,80,80,80,80,80,0,0,0,6,6,600,600,0,0
4212.99,40,32,8,11,21,3,5,80,80,80,80,80,80,0,0,0,6,6,600,600,0,0
4213.991,40,32,8,11,21,3,5,80,80,80,80,80,80,0,0,0,6,6,600,600,0,0
4214.991,40,32,8,11,21,3,5,80,80,80,80,80,80,0,0,0,6,6,600,600,0,0
4215.992,40,32,8,11,21,3,5,80,80,80,80,80,80,0,0,0,6,6,600,600,0,0
4216.992,40,32,8,11,21,3,5,80,80,80,80,80,80,0,0,0,6,6,600,600,0,0
4217.993,40,32,8,11,21,3,5,80,80,80,80,80,80,0,0,0,6,6,600,600,0,0
4218.993,40,32,8,11,21,3,5,80,80,80,80,80,80,0,0,0,6,6,600,600,0,0
4219.994,40,32,8,11,21,3,5,80,80,80,80,80,80,0,0,0,6,6,600,600,0,0
4220.994,40,32,8,11,21,3,5,80,80,80,80,80,80,0,0,0,6,6,600,600,0,0
4221.995,40,32,8,11,21,3,5,80,80,80,80,80,80,0,0,0,6,6,600,600,0,0
4222.995,40,32,8,11,21,3,5,80,80,80,80,80,80,0,0,0,6,6,600,600,0,0
4223.996,40,32,8,11,21,3,5,80,80,80,80,80,80,0,0,0,6,6,600,600,0,0
4224.996,40,32,8,11,21,3,5,80,80,80,80,80,80,0,0,0,6,6,600,600,0,0
4225.997,40,32,8,11,21,3,5,80,80,80,80,80,80,0,0,0,6,6,600,600,0,0
4226.997,40,32,8,11,21,3,5,80,80,80,80,80,80,0,0,0,6,6,600,600,0,0
4227.998,40,32,8,11,21,3,5,80,80,80,80,80,80,0,0,0,6,6,600,600,0,0
4228.998,40,32,8,11,21,3,5,80,80,80,80,80,80,0,0,0,6,6,600,600,0,0
4229.999,40,32,8,11,21,3,5,80,80,80,80,80,80,0,0,0,6,6,600,600,0,0
4230.999,40,32,8,11,21,3,5,80,80,80,80,80,80,0,0,0,6,6,600,600,0,0
4232,40,32,8,11,21,3,5,80,80,80,80,80,80,0,0,0,6,6,600,600,0,0
4233,40,32,8,11,21,3,5,80,80,80,80,80,80,0,0,0,6,6,600,600,0,0
4234,40,32,8,11,21,3,5,80,80,80,80,80,80,0,0,0,6,6,600,600,0,0
4235.001,40,32,8,11,21,3,5,80,80,80,80,80,80,0,0,0,6,6,600,600,0,0
4236.001,40,32,8,11,21,3,5,80,80,80,80,80,80,0,0,0,6,6,600,600,0,0
4237.002,40,32,8,11,21,3,5,80,80,80,80,80,80,0,0,0,6,6,600,600,0,0
4238.002,40,32,8,11,21,3,5,80,80,80,80,80,80,0,0,0,6,6,600,600,0,0
4239.003,40,32,8,11,21,3,5,80,80,80,80,80,80,0,0,0,6,6,600,600,0,0
4240.003,40,32,8,11,21,3,5,80,80,80,80,80,80,0,0,0,6,6,600,600,0,0
4241.004,40,32,8,11,21,3,5,80,80,80,80,80,80,0,0,0,6,6,600,600,0,0
4242.004,40,32,8,11,21,3,5,80,80,80,80,80,80,0,0,0,6,6,600,600,0,0
4243.005,40,32,8,11,21,3,5,80,80,80,80,80,80,0,0,0,6,6,600,600,0,0
4244.005,40,32,8,11,21,3,5,80,80,80,80,80,80,0,0,0,6,6,600,600,0,0
4245.006,40,32,8,11,21,3,5,80,80,80,80,80,80,0,0,0,6,6,600,600,0,0
4246.006,40,32,8,11,21,3,5,80,80,80,80,80,80,0,0,0,6,6,600,600,0,0
4247.007,40,32,8,11,21,3,5,80,80,80,80,80,80,0,0,0,6,6,600,600,0,0
4248.007,40,32,8,11,21,3,5,80,80,80,80,80,80,0,0,0,6,6,600,600,0,0
4249.008,40,32,8,11,21,3,5,80,80,80,80,80,80,0,0,0,6,6,600,600,0,0
4250.008,40,32,8,11,21,3,5,80,80,80,80,80,80,0,0,0,6,6,600,600,0,0
4251.009,40,32,8,11,21,3,5,80,80,80,80,80,80,0,0,0,6,6,600,600,0,0
4252.009,40,32,8,11,21,3,5,80,80,80,80,80,80,0,0,0,6,6,600,600,0,0
4253.01,40,32,8,11,21,3,5,80,80,80,80,80,80,0,0,0,6,6,600,600,0,0
4254.01,40,32,8,11,21,3,5,80,80,80,80,80,80,0,0,0,6,6,600,600,0,0
4255.011,40,32,8,11,21,3,5,80,80,80,80,80,80,0,0,0,6,6,600,600,0,0
4256.011,40,32,8,11,21,3,5,80,80,80,80,80,80,0,0,0,6,6,600,600,0,0
4257.012,40,32,8,11,21,3,5,80,80,80,80,80,80,0,0,0,6,6,600,600,0,0
4258.012,40,32,8,11,21,3,5,80,80,80,80,80,80,0,0,0,6,6,600,600,0,0
4259.013,40,32,8,11,21,3,5,80,80,80,80,80,80,0,0,0,6,6,600,600,0,0
4260.013,40,32,8,11,21,3,5,80,80,80,80,80,80,0,0,0,6,6,600,600,0,0
4261.014,40,32,8,11,21,3,5,80,80,80,80,80,80,0,0,0,6,6,600,600,0,0
4262.014,40,32,8,11,21,3,5,80,80,80,80,80,80,0,0,0,6,6,600,600,0,0
4263.015,40,32,8,11,21,3,5,80,80,80,80,80,80,0,0,0,6,6,600,600,0,0
4264.015,40,32,8,11,21,3,5,80,80,80,80,80,80,0,0,0,6,6,600,600,0,0
4265.016,40,32,8,11,21,3,5,80,80,80,80,80,80,0,0,0,6,6,600,600,0,0
4266.016,40,32,8,11,21,3,5,80,80,80,80,80,80,0,0,0,6,6,600,600,0,0
4267.017,40,32,8,11,21,3,5,80,80,80,80,80,80,0,0,0,6,6,600,600,0,0
4268.017,40,32,8,11,21,3,5,80,80,80,80,80,80,0,0,0,6,6,600,600,0,0
4269.018,40,32,8,11,21,3,5,80,80,80,80,80,80,0,0,0,6,6,600,600,0,0
4270.018,40,32,8,11,21,3,5,80,80,80,80,80,80,0,0,0,6,6,600,600,0,0
4271.019,40,32,8,11,21,3,5,80,80,80,80,80,80,0,0,0,6,6,600,600,0,0
4272.019,40,32,8,11,21,3,5,80,80,80,80,80,80,0,0,0,6,6,600,600,0,0
4273.02,40,32,8,11,21,3,5,80,80,80,80,80,80,0,0,0,6,6,600,600,0,0
4274.02,40,32,8,11,21,3,5,80,80,80,80,80,80,0,0,0,6,6,600,600,0,0
4275.021,40,32,8,11,21,3,5,80,80,80,80,80,80,0,0,0,6,6,600,600,0,0
4276.021,40,32,8,11,21,3,5,80,80,80,80,80,80,0,0,0,6,6,600,600,0,0
4277.021,40,32,8,11,21,3,5,80,80,80,80,80,80,0,0,0,6,6,600,600,0,0
4278.022,40,32,8,11,21,3,5,80,80,80,80,80,80,0,0,0,6,6,600,600,0,0
4279.022,40,32,8,11,21,3,5,80,80,80,80,80,80,0,0,0,6,6,600,600,0,0
4280.023,40,32,8,11,21,3,5,80,80,80,80,80,80,0,0,0,6,6,600,600,0,0
4281.023,40,32,8,11,21,3,5,80,80,80,80,80,80,0,0,0,6,6,600,600,0,0
4282.024,40,32,8,11,21,3,5,80,80,80,80,80,80,0,0,0,6,6,600,600,0,0
4283.024,40,32,8,11,21,3,5,80,80,80,80,80,80,0,0,0,6,6,600,600,0,0
4284.025,40,32,8,11,21,3,5,80,80,80,80,80,80,0,0,0,6,6,600,600,0,0
4285.025,40,32,8,11,21,3,5,80,80,80,80,80,80,0,0,0,6,6,600,600,0,0
4286.026,40,32,8,11,21,3,5,80,80,80,80,80,80,0,0,0,6,6,600,600,0,0
4287.026,40,32,8,11,21,3,5,80,80,80,80,80,80,0,0,0,6,6,600,600,0,0
4288.027,40,32,8,11,21,3,5,80,80,80,80,80,80,0,0,0,6,6,600,600,0,0
4289.027,40,32,8,11,21,3,5,80,80,80,80,80,80,0,0,0,6,6,600,600,0,0
4290.028,40,32,8,11,21,3,5,80,80,80,80,80,80,0,0,0,6,6,600,600,0,0
4291.028,40,32,8,11,21,3,5,80,80,80,80,80,80,0,0,0,6,6,600,600,0,0
4292.029,40,32,8,11,21,3,5,80,80,80,80,80,80,0,0,0,6,6,600,600,0,0
4293.029,40,32,8,11,21,3,5,80,80,80,80,80,80,0,0,0,6,6,600,600,0,0
4294.03,40,32,8,11,21,3,5,80,80,80,80,80,80,0,0,0,6,6,600,600,0,0
4295.03,40,32,8,11,21,3,5,80,80,80,80,80,80,0,0,0,6,6,600,600,0,0
4296.031,40,32,8,11,21,3,5,80,80,80,80,80,80,0,0,0,6,6,600,600,0,0
4297.031,40,32,8,11,21,3,5,80,80,80,80,80,80,0,0,0,6,6,600,600,0,0
4298.032,40,32,8,11,21,3,5,80,80,80,80,80,80,0,0,0,6,6,600,600,0,0
4299.032,40,32,8,11,21,3,5,80,80,80,80,80,80,0,0,0,6,6,600,600,0,0
4300.033,40,32,8,11,21,3,5,80,80,80,80,80,80,0,0,0,6,6,600,600,0,0
4301.033,40,32,8,11,21,3,5,80,80,80,80,80,80,0,0,0,6,6,600,600,0,0
4302.034,40,32,8,11,21,3,5,80,80,80,80,80,80,0,0,0,6,6,600,600,0,0
4303.034,40,32,8,11,21,3,5,80,80,80,80,80,80,0,0,0,6,6,600,600,0,0
4304.035,40,32,8,11,21,3,5,80,80,80,80,80,80,0,0,0,6,6,600,600,0,0
4305.035,40,32,8,11,21,3,5,80,80,80,80,80,80,0,0,0,6,6,600,600,0,0
4306.036,40,32,8,11,21,3,5,80,80,80,80,80,80,0,0,0,6,6,600,600,0,0
4307.036,40,32,8,11,21,3,5,80,80,80,80,80,80,0,0,0,6,6,600,600,0,0
4308.037,40,32,8,11,21,3,5,80,80,80,80,80,80,0,0,0,6,6,600,600,0,0
4309.037,40,32,8,11,21,3,5,80,80,80,80,80,80,0,0,0,6,6,600,600,0,0
4310.038,40,32,8,11,21,3,5,80,80,80,80,80,80,0,0,0,6,6,600,600,0,0
4311.038,40,32,8,11,21,3,5,80,80,80,80,80,80,0,0,0,6,6,600,600,0,0
4312.039,40,32,8,11,21,3,5,80,80,80,80,80,80,0,0,0,6,6,600,600,0,0
4313.039,40,32,8,11,21,3,5,80,80,80,80,80,80,0,0,0,6,6,600,600,0,0
4314.04,40,32,8,11,21,3,5,80,80,80,80,80,80,0,0,0,6,6,600,600,0,0
4315.04,40,32,8,11,21,3,5,80,80,80,80,80,80,0,0,0,6,6,600,600,0,0
4316.041,40,32,8,11,21,3,5,80,80,80,80,80,80,0,0,0,6,6,600,600,0,0
4317.041,40,32,8,11,21,3,5,80,80,80,80,80,80,0,0,0,6,6,600,600,0,0
4318.042,40,32,8,11,21,3,5,80,80,80,80,80,80,0,0,0,6,6,600,600,0,0
4319.042,40,32,8,11,21,3,5,80,80,80,80,80,80,0,0,0,6,6,600,600,0,0
4320.042,40,32,8,11,21,3,5,80,80,80,80,80,80,0,0,0,6,6,600,600,0,0
4321.043,40,32,8,11,21,3,5,80,80,80,80,80,80,0,0,0,6,6,600,600,0,0
4322.043,40,32,8,11,21,3,5,80,80,80,80,80,80,0,0,0,6,6,600,600,0,0
4323.044,40,32,8,11,21,3,5,80,80,80,80,80,80,0,0,0,6,6,600,600,0,0
4324.044,40,32,8,11,21,3,5,80,80,80,80,80,80,0,0,0,6,6,600,600,0,0
4325.045,40,32,8,11,21,3,5,80,80,80,80,80,80,0,0,0,6,6,600,600,0,0
4326.045,40,32,8,11,21,3,5,80,80,80,80,80,80,0,0,0,6,6,600,600,0,0
4327.046,40,32,8,11,21,3,5,80,80,80,80,80,80,0,0,0,6,6,600,600,0,0
4328.046,40,32,8,11,21,3,5,80,80,80,80,80,80,0,0,0,6,6,600,600,0,0
4329.047,40,32,8,11,21,3,5,80,80,80,80,80,80,0,0,0,6,6,600,600,0,0
4330.047,40,32,8,11,21,3,5,80,80,80,80,80,80,0,0,0,6,6,600,600,0,0
4331.048,40,32,8,11,21,3,5,80,80,80,80,80,80,0,0,0,6,6,600,600,0,0
4332.048,40,32,8,11,21,3,5,80,80,80,80,80,80,0,0,0,6,6,600,600,0,0
4333.049,40,32,8,11,21,3,5,80,80,80,80,80,80,0,0,0,6,6,600,600,0,0
4334.049,40,32,8,11,21,3,5,80,80,80,80,80,80,0,0,0,6,6,600,600,0,0
4335.05,40,32,8,11,21,3,5,80,80,80,80,80,80,0,0,0,6,6,600,600,0,0
4336.05,40,32,8,11,21,3,5,80,80,80,80,80,80,0,0,0,6,6,600,600,0,0
4337.051,40,32,8,11,21,3,5,80,80,80,80,80,80,0,0,0,6,6,600,600,0,0
4338.051,40,32,8,11,21,3,5,80,80,80,80,80,80,0,0,0,6,6,600,600,0,0
4339.052,40,32,8,11,21,3,5,80,80,80,80,80,80,0,0,0,6,6,600,600,0,0
4340.052,40,32,8,11,21,3,5,80,80,80,80,80,80,0,0,0,6,6,600,600,0,0
4341.053,40,32,8,11,21,3,5,80,80,80,80,80,80,0,0,0,6,6,600,600,0,0
4342.053,40,32,8,11,21,3,5,80,80,80,80,80,80,0,0,0,6,6,600,600,0,0
4343.054,40,32,8,11,21,3,5,80,80,80,80,80,80,0,0,0,6,6,600,600,0,0
4344.054,40,32,8,11,21,3,5,80,80,80,80,80,80,0,0,0,6,6,600,600,0,0
4345.055,40,32,8,11,21,3,5,80,80,80,80,80,80,0,0,0,6,6,600,600,0,0
4346.055,40,32,8,11,21,3,5,80,80,80,80,80,80,0,0,0,6,6,600,600,0,0
4347.056,40,32,8,11,21,3,5,80,80,80,80,80,80,0,0,0,6,6,600,600,0,0
4348.056,40,32,8,11,21,3,5,80,80,80,80,80,80,0,0,0,6,6,600,600,0,0
4349.057,40,32,8,11,21,3,5,80,80,80,80,80,80,0,0,0,6,6,600,600,0,0
4350.057,40,32,8,11,21,3,5,80,80,80,80,80,80,0,0,0,6,6,600,600,0,0
4351.058,40,32,8,11,21,3,5,80,80,80,80,80,80,0,0,0,6,6,600,600,0,0
4352.058,40,32,8,11,21,3,5,80,80,80,80,80,80,0,0,0,6,6,600,600,0,0
4353.059,40,32,8,11,21,3,5,80,80,80,80,80,80,0,0,0,6,6,600,600,0,0
4354.059,40,32,8,11,21,3,5,80,80,80,80,80,80,0,0,0,6,6,600,600,0,0
4355.06,40,32,8,11,21,3,5,80,80,80,80,80,80,0,0,0,6,6,600,600,0,0
4356.06,40,32,8,11,21,3,5,80,80,80,80,80,80,0,0,0,6,6,600,600,0,0
4357.061,40,32,8,11,21,3,5,80,80,80,80,80,80,0,0,0,6,6,600,600,0,0
4358.061,40,32,8,11,21,3,5,80,80,80,80,80,80,0,0,0,6,6,600,600,0,0
4359.062,40,32,8,11,21,3,5,80,80,80,80,80,80,0,0,0,6,6,600,600,0,0
4360.062,40,32,8,11,21,3,5,80,80,80,80,80,80,0,0,0,6,6,600,600,0,0
4361.063,40,32,8,11,21,3,5,80,80,80,80,80,80,0,0,0,6,6,600,600,0,0
4362.063,40,32,8,11,21,3,5,80,80,80,80,80,80,0,0,0,6,6,600,600,0,0
4363.063,40,32,8,11,21,3,5,80,80,80,80,80,80,0,0,0,6,6,600,600,0,0
4364.064,40,32,8,11,21,3,5,80,80,80,80,80,80,0,0,0,6,6,600,600,0,0
4365.064,40,32,8,11,21,3,5,80,80,80,80,80,80,0,0,0,6,6,600,600,0,0
4366.065,40,32,8,11,21,3,5,80,80,80,80,80,80,0,0,0,6,6,600,600,0,0
4367.065,40,32,8,11,21,3,5,80,80,80,80,80,80,0,0,0,6,6,600,600,0,0
4368.066,40,32,8,11,21,3,5,80,80,80,80,80,80,0,0,0,6,6,600,600,0,0
4369.066,40,32,8,11,21,3,5,80,80,80,80,80,80,0,0,0,6,6,600,600,0,0
4370.067,40,32,8,11,21,3,5,80,80,80,80,80,80,0,0,0,6,6,600,600,0,0
4371.067,40,32,8,11,21,3,5,80,80,80,80,80,80,0,0,0,6,6,600,600,0,0
4372.068,40,32,8,11,21,3,5,80,80,80,80,80,80,0,0,0,6,6,600,600,0,0
4373.068,40,32,8,11,21,3,5,80,80,80,80,80,80,0,0,0,6,6,600,600,0,0
4374.069,40,32,8,11,21,3,5,80,80,80,80,80,80,0,0,0,6,6,600,600,0,0
4375.069,40,32,8,11,21,3,5,80,80,80,80,80,80,0,0,0,6,6,600,600,0,0
4376.07,40,32,8,11,21,3,5,80,80,80,80,80,80,0,0,0,6,6,600,600,0,0
4377.07,40,32,8,11,21,3,5,80,80,80,80,80,80,0,0,0,6,6,600,600,0,0
4378.071,40,32,8,11,21,3,5,80,80,80,80,80,80,0,0,0,6,6,600,600,0,0
4379.071,40,32,8,11,21,3,5,80,80,80,80,80,80,0,0,0,6,6,600,600,0,0
4380.072,40,32,8,11,21,3,5,80,80,80,80,80,80,0,0,0,6,6,600,600,0,0
4381.072,40,32,8,11,21,3,5,80,80,80,80,80,80,0,0,0,6,6,600,600,0,0
4382.073,40,32,8,11,21,3,5,80,80,80,80,80,80,0,0,0,6,6,600,600,0,0
4383.073,40,32,8,11,21,3,5,80,80,80,80,80,80,0,0,0,6,6,600,600,0,0
4384.074,40,32,8,11,21,3,5,80,80,80,80,80,80,0,0,0,6,6,600,600,0,0
4385.074,40,32,8,11,21,3,5,80,80,80,80,80,80,0,0,0,6,6,600,600,0,0
4386.075,40,32,8,11,21,3,5,80,80,80,80,80,80,0,0,0,6,6,600,600,0,0
4387.075,40,32,8,11,21,3,5,80,80,80,80,80,80,0,0,0,6,6,600,600,0,0
4388.076,40,32,8,11,21,3,5,80,80,80,80,80,80,0,0,0,6,6,600,600,0,0
4389.076,40,32,8,11,21,3,5,80,80,80,80,80,80,0,0,0,6,6,600,600,0,0
4390.077,40,32,8,11,21,3,5,80,80,80,80,80,80,0,0,0,6,6,600,600,0,0
4391.077,40,32,8,11,21,3,5,80,80,80,80,80,80,0,0,0,6,6,600,600,0,0
4392.078,40,32,8,11,21,3,5,80,80,80,80,80,80,0,0,0,6,6,600,600,0,0
4393.078,40,32,8,11,21,3,5,80,80,80,80,80,80,0,0,0,6,6,600,600,0,0
4394.079,40,32,8,11,21,3,5,80,80,80,80,80,80,0,0,0,6,6,600,600,0,0
4395.079,40,32,8,11,21,3,5,80,80,80,80,80,80,0,0,0,6,6,600,600,0,0
4396.08,40,32,8,11,21,3,5,80,80,80,80,80,80,0,0,0,6,6,600,600,0,0
4397.08,40,32,8,11,21,3,5,80,80,80,80,80,80,0,0,0,6,6,600,600,0,0
4398.081,40,32,8,11,21,3,5,80,80,80,80,80,80,0,0,0,6,6,600,600,0,0
4399.081,40,32,8,11,21,3,5,80,80,80,80,80,80,0,0,0,6,6,600,600,0,0
4400.082,40,32,8,11,21,3,5,80,80,80,80,80,80,0,0,0,6,6,600,600,0,0
4401.082,40,32,8,11,21,3,5,80,80,80,80,80,80,0,0,0,6,6,600,600,0,0
4402.083,40,32,8,11,21,3,5,80,80,80,80,80,80,0,0,0,6,6,600,600,0,0
4403.083,40,32,8,11,21,3,5,80,80,80,80,80,80,0,0,0,6,6,600,600,0,0
4404.083,40,32,8,11,21,3,5,80,80,80,80,80,80,0,0,0,6,6,600,600,0,0
4405.084,40,32,8,11,21,3,5,80,80,80,80,80,80,0,0,0,6,6,600,600,0,0
4406.084,40,32,8,11,21,3,5,80,80,80,80,80,80,0,0,0,6,6,600,600,0,0
4407.085,40,32,8,11,21,3,5,80,80,80,80,80,80,0,0,0,6,6,600,600,0,0
4408.085,40,32,8,11,21,3,5,80,80,80,80,80,80,0,0,0,6,6,600,600,0,0
4409.086,40,32,8,11,21,3,5,80,80,80,80,80,80,0,0,0,6,6,600,600,0,0
4410.086,40,32,8,11,21,3,5,80,80,80,80,80,80,0,0,0,6,6,600,600,0,0
4411.087,40,32,8,11,21,3,5,80,80,80,80,80,80,0,0,0,6,6,600,600,0,0
4412.087,40,32,8,11,21,3,5,80,80,80,80,80,80,0,0,0,6,6,600,600,0,0
4413.088,40,32,8,11,21,3,5,80,80,80,80,80,80,0,0,0,6,6,600,600,0,0
4414.088,40,32,8,11,21,3,5,80,80,80,80,80,80,0,0,0,6,6,600,600,0,0
4415.089,40,32,8,11,21,3,5,80,80,80,80,80,80,0,0,0,6,6,600,600,0,0
4416.089,40,32,8,11,21,3,5,80,80,80,80,80,80,0,0,0,6,6,600,600,0,0
4417.09,40,32,8,11,21,3,5,80,80,80,80,80,80,0,0,0,6,6,600,600,0,0
4418.09,40,32,8,11,21,3,5,80,80,80,80,80,80,0,0,0,6,6,600,600,0,0
4419.091,40,32,8,11,21,3,5,80,80,80,80,80,80,0,0,0,6,6,600,600,0,0
4420.091,40,32,8,11,21,3,5,80,80,80,80,80,80,0,0,0,6,6,600,600,0,0
4421.092,40,32,8,11,21,3,5,80,80,80,80,80,80,0,0,0,6,6,600,600,0,0
4422.092,40,32,8,11,21,3,5,80,80,80,80,80,80,0,0,0,6,6,600,600,0,0
4423.093,40,32,8,11,21,3,5,80,80,80,80,80,80,0,0,0,6,6,600,600,0,0
4424.093,40,32,8,11,21,3,5,80,80,80,80,80,80,0,0,0,6,6,600,600,0,0
4425.094,40,32,8,11,21,3,5,80,80,80,80,80,80,0,0,0,6,6,600,600,0,0
4426.094,40,32,8,11,21,3,5,80,80,80,80,80,80,0,0,0,6,6,600,600,0,0
4427.095,40,32,8,11,21,3,5,80,80,80,80,80,80,0,0,0,6,6,600,600,0,0
4428.095,40,32,8,11,21,3,5,80,80,80,80,80,80,0,0,0,6,6,600,600,0,0
4429.096,40,32,8,11,21,3,5,80,80,80,80,80,80,0,0,0,6,6,600,600,0,0
4430.096,40,32,8,11,21,3,5,80,80,80,80,80,80,0,0,0,6,6,600,600,0,0
4431.097,40,32,8,11,21,3,5,80,80,80,80,80,80,0,0,0,6,6,600,600,0,0
4432.097,40,32,8,11,21,3,5,80,80,80,80,80,80,0,0,0,6,6,600,600,0,0
4433.098,40,32,8,11,21,3,5,80,80,80,80,80,80,0,0,0,6,6,600,600,0,0
4434.098,40,32,8,11,21,3,5,80,80,80,80,80,80,0,0,0,6,6,600,600,0,0
4435.099,40,32,8,11,21,3,5,80,80,80,80,80,80,0,0,0,6,6,600,600,0,0
4436.099,40,32,8,11,21,3,5,80,80,80,80,80,80,0,0,0,6,6,600,600,0,0
4437.1,40,32,8,11,21,3,5,80,80,80,80,80,80,0,0,0,6,6,600,600,0,0
4438.1,40,32,8,11,21,3,5,80,80,80,80,80,80,0,0,0,6,6,600,600,0,0
4439.101,40,32,8,11,21,3,5,80,80,80,80,80,80,0,0,0,6,6,600,600,0,0
4440.101,40,32,8,11,21,3,5,80,80,80,80,80,80,0,0,0,6,6,600,600,0,0
4441.102,40,32,8,11,21,3,5,80,80,80,80,80,80,0,0,0,6,6,600,600,0,0
4442.102,40,32,8,11,21,3,5,80,80,80,80,80,80,0,0,0,6,6,600,600,0,0
4443.103,40,32,8,11,21,3,5,80,80,80,80,80,80,0,0,0,6,6,600,600,0,0
4444.103,40,32,8,11,21,3,5,80,80,80,80,80,80,0,0,0,6,6,600,600,0,0
4445.104,40,32,8,11,21,3,5,80,80,80,80,80,80,0,0,0,6,6,600,600,0,0
4446.104,40,32,8,11,21,3,5,80,80,80,80,80,80,0,0,0,6,6,600,600,0,0
4447.104,40,32,8,11,21,3,5,80,80,80,80,80,80,0,0,0,6,6,600,600,0,0
4448.105,40,32,8,11,21,3,5,80,80,80,80,80,80,0,0,0,6,6,600,600,0,0
4449.105,40,32,8,11,21,3,5,80,80,80,80,80,80,0,0,0,6,6,600,600,0,0
4450.106,40,32,8,11,21,3,5,80,80,80,80,80,80,0,0,0,6,6,600,600,0,0
4451.106,40,32,8,11,21,3,5,80,80,80,80,80,80,0,0,0,6,6,600,600,0,0
4452.107,40,32,8,11,21,3,5,80,80,80,80,80,80,0,0,0,6,6,600,600,0,0
4453.107,40,32,8,11,21,3,5,80,80,80,80,80,80,0,0,0,6,6,600,600,0,0
4454.108,40,32,8,11,21,3,5,80,80,80,80,80,80,0,0,0,6,6,600,600,0,0
4455.108,40,32,8,11,21,3,5,80,80,80,80,80,80,0,0,0,6,6,600,600,0,0
4456.109,40,32,8,11,21,3,5,80,80,80,80,80,80,0,0,0,6,6,600,600,0,0
4457.109,40,32,8,11,21,3,5,80,80,80,80,80,80,0,0,0,6,6,600,600,0,0
4458.11,40,32,8,11,21,3,5,80,80,80,80,80,80,0,0,0,6,6,600,600,0,0
4459.11,40,32,8,11,21,3,5,80,80,80,80,80,80,0,0,0,6,6,600,600,0,0
4460.111,40,32,8,11,21,3,5,80,80,80,80,80,80,0,0,0,6,6,600,600,0,0
4461.111,40,32,8,11,21,3,5,80,80,80,80,80,80,0,0,0,6,6,600,600,0,0
4462.112,40,32,8,11,21,3,5,80,80,80,80,80,80,0,0,0,6,6,600,600,0,0
4463.112,40,32,8,11,21,3,5,80,80,80,80,80,80,0,0,0,6,6,600,600,0,0
4464.113,40,32,8,11,21,3,5,80,80,80,80,80,80,0,0,0,6,6,600,600,0,0
4465.113,40,32,8,11,21,3,5,80,80,80,80,80,80,0,0,0,6,6,600,600,0,0
4466.114,40,32,8,11,21,3,5,80,80,80,80,80,80,0,0,0,6,6,600,600,0,0
4467.114,40,32,8,11,21,3,5,80,80,80,80,80,80,0,0,0,6,6,600,600,0,0
4468.115,40,32,8,11,21,3,5,80,80,80,80,80,80,0,0,0,6,6,600,600,0,0
4469.115,40,32,8,11,21,3,5,80,80,80,80,80,80,0,0,0,6,6,600,600,0,0
4470.116,40,32,8,11,21,3,5,80,80,80,80,80,80,0,0,0,6,6,600,600,0,0
4471.116,40,32,8,11,21,3,5,80,80,80,80,80,80,0,0,0,6,6,600,600,0,0
4472.117,40,32,8,11,21,3,5,80,80,80,80,80,80,0,0,0,6,6,600,600,0,0
4473.117,40,32,8,11,21,3,5,80,80,80,80,80,80,0,0,0,6,6,600,600,0,0
4474.118,40,32,8,11,21,3,5,80,80,80,80,80,80,0,0,0,6,6,600,600,0,0
4475.118,40,32,8,11,21,3,5,80,80,80,80,80,80,0,0,0,6,6,600,600,0,0
4476.119,40,32,8,11,21,3,5,80,80,80,80,80,80,0,0,0,6,6,600,600,0,0
4477.119,40,32,8,11,21,3,5,80,80,80,80,80,80,0,0,0,6,6,600,600,0,0
4478.12,40,32,8,11,21,3,5,80,80,80,80,80,80,0,0,0,6,6,600,600,0,0
4479.12,40,32,8,11,21,3,5,80,80,80,80,80,80,0,0,0,6,6,600,600,0,0
4480.121,40,32,8,11,21,3,5,80,80,80,80,80,80,0,0,0,6,6,600,600,0,0
4481.121,40,32,8,11,21,3,5,80,80,80,80,80,80,0,0,0,6,6,600,600,0,0
4482.122,40,32,8,11,21,3,5,80,80,80,80,80,80,0,0,0,6,6,600,600,0,0
4483.122,40,32,8,11,21,3,5,80,80,80,80,80,80,0,0,0,6,6,600,600,0,0
4484.123,40,32,8,11,21,3,5,80,80,80,80,80,80,0,0,0,6,6,600,600,0,0
4485.123,40,32,8,11,21,3,5,80,80,80,80,80,80,0,0,0,6,6,600,600,0,0
4486.124,40,32,8,11,21,3,5,80,80,80,80,80,80,0,0,0,6,6,600,600,0,0
4487.124,40,32,8,11,21,3,5,80,80,80,80,80,80,0,0,0,6,6,600,600,0,0
4488.125,40,32,8,11,21,3,5,80,80,80,80,80,80,0,0,0,6,6,600,600,0,0
4489.125,40,32,8,11,21,3,5,80,80,80,80,80,80,0,0,0,6,6,600,600,0,0
4490.125,40,32,8,11,21,3,5,80,80,80,80,80,80,0,0,0,6,6,600,600,0,0
4491.126,40,32,8,11,21,3,5,80,80,80,80,80,80,0,0,0,6,6,600,600,0,0
4492.126,40,32,8,11,21,3,5,80,80,80,80,80,80,0,0,0,6,6,600,600,0,0
4493.127,40,32,8,11,21,3,5,80,80,80,80,80,80,0,0,0,6,6,600,600,0,0
4494.127,40,32,8,11,21,3,5,80,80,80,80,80,80,0,0,0,6,6,600,600,0,0
4495.128,40,32,8,11,21,3,5,80,80,80,80,80,80,0,0,0,6,6,600,600,0,0
4496.128,40,32,8,11,21,3,5,80,80,80,80,80,80,0,0,0,6,6,600,600,0,0
4497.129,40,32,8,11,21,3,5,80,80,80,80,80,80,0,0,0,6,6,600,600,0,0
4498.129,40,32,8,11,21,3,5,80,80,80,80,80,80,0,0,0,6,6,600,600,0,0
4499.13,40,32,8,11,21,3,5,80,80,80,80,80,80,0,0,0,6,6,600,600,0,0
4500.13,40,32,8,11,21,3,5,80,80,80,80,80,80,0,0,0,6,6,600,600,0,0
4501.131,40,32,8,11,21,3,5,80,80,80,80,80,80,0,0,0,6,6,600,600,0,0
4502.131,40,32,8,11,21,3,5,80,80,80,80,80,80,0,0,0,6,6,600,600,0,0
4503.132,40,32,8,11,21,3,5,80,80,80,80,80,80,0,0,0,6,6,600,600,0,0
4504.132,40,32,8,11,21,3,5,80,80,80,80,80,80,0,0,0,6,6,600,600,0,0
4505.133,40,32,8,11,21,3,5,80,80,80,80,80,80,0,0,0,6,6,600,600,0,0
4506.133,40,32,8,11,21,3,5,80,80,80,80,80,80,0,0,0,6,6,600,600,0,0
4507.134,40,32,8,11,21,3,5,80,80,80,80,80,80,0,0,0,6,6,600,600,0,0
4508.134,40,32,8,11,21,3,5,80,80,80,80,80,80,0,0,0,6,6,600,600,0,0
4509.135,40,32,8,11,21,3,5,80,80,80,80,80,80,0,0,0,6,6,600,600,0,0
4510.135,40,32,8,11,21,3,5,80,80,80,80,80,80,0,0,0,6,6,600,600,0,0
4511.136,40,32,8,11,21,3,5,80,80,80,80,80,80,0,0,0,6,6,600,600,0,0
4512.136,40,32,8,11,21,3,5,80,80,80,80,80,80,0,0,0,6,6,600,600,0,0
4513.137,40,32,8,11,21,3,5,80,80,80,80,80,80,0,0,0,6,6,600,600,0,0
4514.137,40,32,8,11,21,3,5,80,80,80,80,80,80,0,0,0,6,6,600,600,0,0
4515.138,40,32,8,11,21,3,5,80,80,80,80,80,80,0,0,0,6,6,600,600,0,0
4516.138,40,32,8,11,21,3,5,80,80,80,80,80,80,0,0,0,6,6,600,600,0,0
4517.139,40,32,8,11,21,3,5,80,80,80,80,80,80,0,0,0,6,6,600,600,0,0
4518.139,40,32,8,11,21,3,5,80,80,80,80,80,80,0,0,0,6,6,600,600,0,0
4519.14,40,32,8,11,21,3,5,80,80,80,80,80,80,0,0,0,6,6,600,600,0,0
4520.14,40,32,8,11,21,3,5,80,80,80,80,80,80,0,0,0,6,6,600,600,0,0
4521.141,40,32,8,11,21,3,5,80,80,80,80,80,80,0,0,0,6,6,600,600,0,0
4522.141,40,32,8,11,21,3,5,80,80,80,80,80,80,0,0,0,6,6,600,600,0,0
4523.142,40,32,8,11,21,3,5,80,80,80,80,80,80,0,0,0,6,6,600,600,0,0
4524.142,40,32,8,11,21,3,5,80,80,80,80,80,80,0,0,0,6,6,600,600,0,0
4525.143,40,32,8,11,21,3,5,80,80,80,80,80,80,0,0,0,6,6,600,600,0,0
4526.143,40,32,8,11,21,3,5,80,80,80,80,80,80,0,0,0,6,6,600,600,0,0
4527.144,40,32,8,11,21,3,5,80,80,80,80,80,80,0,0,0,6,6,600,600,0,0
4528.144,40,32,8,11,21,3,5,80,80,80,80,80,80,0,0,0,6,6,600,600,0,0
4529.145,40,32,8,11,21,3,5,80,80,80,80,80,80,0,0,0,6,6,600,600,0,0
4530.145,40,32,8,11,21,3,5,80,80,80,80,80,80,0,0,0,6,6,600,600,0,0
4531.146,40,32,8,11,21,3,5,80,80,80,80,80,80,0,0,0,6,6,600,600,0,0
4532.146,40,32,8,11,21,3,5,80,80,80,80,80,80,0,0,0,6,6,600,600,0,0
4533.146,40,32,8,11,21,3,5,80,80,80,80,80,80,0,0,0,6,6,600,600,0,0
4534.147,40,32,8,11,21,3,5,80,80,80,80,80,80,0,0,0,6,6,600,600,0,0
4535.147,40,32,8,11,21,3,5,80,80,80,80,80,80,0,0,0,6,6,600,600,0,0
4536.148,40,32,8,11,21,3,5,80,80,80,80,80,80,0,0,0,6,6,600,600,0,0
4537.148,40,32,8,11,21,3,5,80,80,80,80,80,80,0,0,0,6,6,600,600,0,0
4538.149,40,32,8,11,21,3,5,80,80,80,80,80,80,0,0,0,6,6,600,600,0,0
4539.149,40,32,8,11,21,3,5,80,80,80,80,80,80,0,0,0,6,6,600,600,0,0
4540.15,40,32,8,11,21,3,5,80,80,80,80,80,80,0,0,0,6,6,600,600,0,0
4541.15,40,32,8,11,21,3,5,80,80,80,80,80,80,0,0,0,6,6,600,600,0,0
4542.151,40,32,8,11,21,3,5,80,80,80,80,80,80,0,0,0,6,6,600,600,0,0
4543.151,40,32,8,11,21,3,5,80,80,80,80,80,80,0,0,0,6,6,600,600,0,0
4544.152,40,32,8,11,21,3,5,80,80,80,80,80,80,0,0,0,6,6,600,600,0,0
4545.152,40,32,8,11,21,3,5,80,80,80,80,80,80,0,0,0,6,6,600,600,0,0
4546.153,40,32,8,11,21,3,5,80,80,80,80,80,80,0,0,0,6,6,600,600,0,0
4547.153,40,32,8,11,21,3,5,80,80,80,80,80,80,0,0,0,6,6,600,600,0,0
4548.154,40,32,8,11,21,3,5,80,80,80,80,80,80,0,0,0,6,6,600,600,0,0
4549.154,40,32,8,11,21,3,5,80,80,80,80,80,80,0,0,0,6,6,600,600,0,0
4550.155,40,32,8,11,21,3,5,80,80,80,80,80,80,0,0,0,6,6,600,600,0,0
4551.155,40,32,8,11,21,3,5,80,80,80,80,80,80,0,0,0,6,6,600,600,0,0
4552.156,40,32,8,11,21,3,5,80,80,80,80,80,80,0,0,0,6,6,600,600,0,0
4553.156,40,32,8,11,21,3,5,80,80,80,80,80,80,0,0,0,6,6,600,600,0,0
4554.157,40,32,8,11,21,3,5,80,80,80,80,80,80,0,0,0,6,6,600,600,0,0
4555.157,40,32,8,11,21,3,5,80,80,80,80,80,80,0,0,0,6,6,600,600,0,0
4556.158,40,32,8,11,21,3,5,80,80,80,80,80,80,0,0,0,6,6,600,600,0,0
4557.158,40,32,8,11,21,3,5,80,80,80,80,80,80,0,0,0,6,6,600,600,0,0
4558.159,40,32,8,11,21,3,5,80,80,80,80,80,80,0,0,0,6,6,600,600,0,0
4559.159,40,32,8,11,21,3,5,80,80,80,80,80,80,0,0,0,6,6,600,600,0,0
4560.16,40,32,8,11,21,3,5,80,80,80,80,80,80,0,0,0,6,6,600,600,0,0
4561.16,40,32,8,11,21,3,5,80,80,80,80,80,80,0,0,0,6,6,600,600,0,0
4562.161,40,32,8,11,21,3,5,80,80,80,80,80,80,0,0,0,6,6,600,600,0,0
4563.161,40,32,8,11,21,3,5,80,80,80,80,80,80,0,0,0,6,6,600,600,0,0
4564.162,40,32,8,11,21,3,5,80,80,80,80,80,80,0,0,0,6,6,600,600,0,0
4565.162,40,32,8,11,21,3,5,80,80,80,80,80,80,0,0,0,6,6,600,600,0,0
4566.163,40,32,8,11,21,3,5,80,80,80,80,80,80,0,0,0,6,6,600,600,0,0
4567.163,40,32,8,11,21,3,5,80,80,80,80,80,80,0,0,0,6,6,600,600,0,0
4568.164,40,32,8,11,21,3,5,80,80,80,80,80,80,0,0,0,6,6,600,600,0,0
4569.164,40,32,8,11,21,3,5,80,80,80,80,80,80,0,0,0,6,6,600,600,0,0
4570.165,40,32,8,11,21,3,5,80,80,80,80,80,80,0,0,0,6,6,600,600,0,0
4571.165,40,32,8,11,21,3,5,80,80,80,80,80,80,0,0,0,6,6,600,600,0,0
4572.166,40,32,8,11,21,3,5,80,80,80,80,80,80,0,0,0,6,6,600,600,0,0
4573.166,40,32,8,11,21,3,5,80,80,80,80,80,80,0,0,0,6,6,600,600,0,0
4574.167,40,32,8,11,21,3,5,80,80,80,80,80,80,0,0,0,6,6,600,600,0,0
4575.167,40,32,8,11,21,3,5,80,80,80,80,80,80,0,0,0,6,6,600,600,0,0
4576.167,40,32,8,11,21,3,5,80,80,80,80,80,80,0,0,0,6,6,600,600,0,0
4577.168,40,32,8,11,21,3,5,80,80,80,80,80,80,0,0,0,6,6,600,600,0,0
4578.168,40,32,8,11,21,3,5,80,80,80,80,80,80,0,0,0,6,6,600,600,0,0
4579.169,40,32,8,11,21,3,5,80,80,80,80,80,80,0,0,0,6,6,600,600,0,0
4580.169,40,32,8,11,21,3,5,80,80,80,80,80,80,0,0,0,6,6,600,600,0,0
4581.17,40,32,8,11,21,3,5,80,80,80,80,80,80,0,0,0,6,6,600,600,0,0
4582.17,40,32,8,11,21,3,5,80,80,80,80,80,80,0,0,0,6,6,600,600,0,0
4583.171,40,32,8,11,21,3,5,80,80,80,80,80,80,0,0,0,6,6,600,600,0,0
4584.171,40,32,8,11,21,3,5,80,80,80,80,80,80,0,0,0,6,6,600,600,0,0
4585.172,40,32,8,11,21,3,5,80,80,80,80,80,80,0,0,0,6,6,600,600,0,0
4586.172,40,32,8,11,21,3,5,80,80,80,80,80,80,0,0,0,6,6,600,600,0,0
4587.173,40,32,8,11,21,3,5,80,80,80,80,80,80,0,0,0,6,6,600,600,0,0
4588.173,40,32,8,11,21,3,5,80,80,80,80,80,80,0,0,0,6,6,600,600,0,0
4589.174,40,32,8,11,21,3,5,80,80,80,80,80,80,0,0,0,6,6,600,600,0,0
4590.174,40,32,8,11,21,3,5,80,80,80,80,80,80,0,0,0,6,6,600,600,0,0
4591.175,40,32,8,11,21,3,5,80,80,80,80,80,80,0,0,0,6,6,600,600,0,0
4592.175,40,32,8,11,21,3,5,80,80,80,80,80,80,0,0,0,6,6,600,600,0,0
4593.176,40,32,8,11,21,3,5,80,80,80,80,80,80,0,0,0,6,6,600,600,0,0
4594.176,40,32,8,11,21,3,5,80,80,80,80,80,80,0,0,0,6,6,600,600,0,0
4595.177,40,32,8,11,21,3,5,80,80,80,80,80,80,0,0,0,6,6,600,600,0,0
4596.177,40,32,8,11,21,3,5,80,80,80,80,80,80,0,0,0,6,6,600,600,0,0
4597.178,40,32,8,11,21,3,5,80,80,80,80,80,80,0,0,0,6,6,600,600,0,0
4598.178,40,32,8,11,21,3,5,80,80,80,80,80,80,0,0,0,6,6,600,600,0,0
4599.179,40,32,8,11,21,3,5,80,80,80,80,80,80,0,0,0,6,6,600,600,0,0
4600.179,40,32,8,11,21,3,5,80,80,80,80,80,80,0,0,0,6,6,600,600,0,0
4601.18,40,32,8,11,21,3,5,80,80,80,80,80,80,0,0,0,6,6,600,600,0,0
4602.18,40,32,8,11,21,3,5,80,80,80,80,80,80,0,0,0,6,6,600,600,0,0
4603.181,40,32,8,11,21,3,5,80,80,80,80,80,80,0,0,0,6,6,600,600,0,0
4604.181,40,32,8,11,21,3,5,80,80,80,80,80,80,0,0,0,6,6,600,600,0,0
4605.182,40,32,8,11,21,3,5,80,80,80,80,80,80,0,0,0,6,6,600,600,0,0
4606.182,40,32,8,11,21,3,5,80,80,80,80,80,80,0,0,0,6,6,600,600,0,0
4607.183,40,32,8,11,21,3,5,80,80,80,80,80,80,0,0,0,6,6,600,600,0,0
4608.183,40,32,8,11,21,3,5,80,80,80,80,80,80,0,0,0,6,6,600,600,0,0
4609.184,40,32,8,11,21,3,5,80,80,80,80,80,80,0,0,0,6,6,600,600,0,0
4610.184,40,32,8,11,21,3,5,80,80,80,80,80,80,0,0,0,6,6,600,600,0,0
4611.185,40,32,8,11,21,3,5,80,80,80,80,80,80,0,0,0,6,6,600,600,0,0
4612.185,40,32,8,11,21,3,5,80,80,80,80,80,80,0,0,0,6,6,600,600,0,0
4613.186,40,32,8,11,21,3,5,80,80,80,80,80,80,0,0,0,6,6,600,600,0,0
4614.186,40,32,8,11,21,3,5,80,80,80,80,80,80,0,0,0,6,6,600,600,0,0
4615.187,40,32,8,11,21,3,5,80,80,80,80,80,80,0,0,0,6,6,600,600,0,0
4616.187,40,32,8,11,21,3,5,80,80,80,80,80,80,0,0,0,6,6,600,600,0,0
4617.188,40,32,8,11,21,3,5,80,80,80,80,80,80,0,0,0,6,6,600,600,0,0
4618.188,40,32,8,11,21,3,5,80,80,80,80,80,80,0,0,0,6,6,600,600,0,0
4619.188,40,32,8,11,21,3,5,80,80,80,80,80,80,0,0,0,6,6,600,600,0,0
4620.189,40,32,8,11,21,3,5,80,80,80,80,80,80,0,0,0,6,6,600,600,0,0
4621.189,40,32,8,11,21,3,5,80,80,80,80,80,80,0,0,0,6,6,600,600,0,0
4622.19,40,32,8,11,21,3,5,80,80,80,80,80,80,0,0,0,6,6,600,600,0,0
4623.19,40,32,8,11,21,3,5,80,80,80,80,80,80,0,0,0,6,6,600,600,0,0
4624.191,40,32,8,11,21,3,5,80,80,80,80,80,80,0,0,0,6,6,600,600,0,0
4625.191,40,32,8,11,21,3,5,80,80,80,80,80,80,0,0,0,6,6,600,600,0,0
4626.192,40,32,8,11,21,3,5,80,80,80,80,80,80,0,0,0,6,6,600,600,0,0
4627.192,40,32,8,11,21,3,5,80,80,80,80,80,80,0,0,0,6,6,600,600,0,0
4628.193,40,32,8,11,21,3,5,80,80,80,80,80,80,0,0,0,6,6,600,600,0,0
4629.193,40,32,8,11,21,3,5,80,80,80,80,80,80,0,0,0,6,6,600,600,0,0
4630.194,40,32,8,11,21,3,5,80,80,80,80,80,80,0,0,0,6,6,600,600,0,0
4631.194,40,32,8,11,21,3,5,80,80,80,80,80,80,0,0,0,6,6,600,600,0,0
4632.195,40,32,8,11,21,3,5,80,80,80,80,80,80,0,0,0,6,6,600,600,0,0
4633.195,40,32,8,11,21,3,5,80,80,80,80,80,80,0,0,0,6,6,600,600,0,0
4634.196,40,32,8,11,21,3,5,80,80,80,80,80,80,0,0,0,6,6,600,600,0,0
4635.196,40,32,8,11,21,3,5,80,80,80,80,80,80,0,0,0,6,6,600,600,0,0
4636.197,40,32,8,11,21,3,5,80,80,80,80,80,80,0,0,0,6,6,600,600,0,0
4637.197,40,32,8,11,21,3,5,80,80,80,80,80,80,0,0,0,6,6,600,600,0,0
4638.198,40,32,8,11,21,3,5,80,80,80,80,80,80,0,0,0,6,6,600,600,0,0
4639.198,40,32,8,11,21,3,5,80,80,80,80,80,80,0,0,0,6,6,600,600,0,0
4640.199,40,32,8,11,21,3,5,80,80,80,80,80,80,0,0,0,6,6,600,600,0,0
4641.199,40,32,8,11,21,3,5,80,80,80,80,80,80,0,0,0,6,6,600,600,0,0
4642.2,40,32,8,11,21,3,5,80,80,80,80,80,80,0,0,0,6,6,600,600,0,0
4643.2,40,32,8,11,21,3,5,80,80,80,80,80,80,0,0,0,6,6,600,600,0,0
4644.201,40,32,8,11,21,3,5,80,80,80,80,80,80,0,0,0,6,6,600,600,0,0
4645.201,40,32,8,11,21,3,5,80,80,80,80,80,80,0,0,0,6,6,600,600,0,0
4646.202,40,32,8,11,21,3,5,80,80,80,80,80,80,0,0,0,6,6,600,600,0,0
4647.202,40,32,8,11,21,3,5,80,80,80,80,80,80,0,0,0,6,6,600,600,0,0
4648.203,40,32,8,11,21,3,5,80,80,80,80,80,80,0,0,0,6,6,600,600,0,0
4649.203,40,32,8,11,21,3,5,80,80,80,80,80,80,0,0,0,6,6,600,600,0,0
4650.204,40,32,8,11,21,3,5,80,80,80,80,80,80,0,0,0,6,6,600,600,0,0
4651.204,40,32,8,11,21,3,5,80,80,80,80,80,80,0,0,0,6,6,600,600,0,0
4652.205,40,32,8,11,21,3,5,80,80,80,80,80,80,0,0,0,6,6,600,600,0,0
4653.205,40,32,8,11,21,3,5,80,80,80,80,80,80,0,0,0,6,6,600,600,0,0
4654.206,40,32,8,11,21,3,5,80,80,80,80,80,80,0,0,0,6,6,600,600,0,0
4655.206,40,32,8,11,21,3,5,80,80,80,80,80,80,0,0,0,6,6,600,600,0,0
4656.207,40,32,8,11,21,3,5,80,80,80,80,80,80,0,0,0,6,6,600,600,0,0
4657.207,40,32,8,11,21,3,5,80,80,80,80,80,80,0,0,0,6,6,600,600,0,0
4658.208,40,32,8,11,21,3,5,80,80,80,80,80,80,0,0,0,6,6,600,600,0,0
4659.208,40,32,8,11,21,3,5,80,80,80,80,80,80,0,0,0,6,6,600,600,0,0
4660.208,40,32,8,11,21,3,5,80,80,80,80,80,80,0,0,0,6,6,600,600,0,0
4661.209,40,32,8,11,21,3,5,80,80,80,80,80,80,0,0,0,6,6,600,600,0,0
4662.209,40,32,8,11,21,3,5,80,80,80,80,80,80,0,0,0,6,6,600,600,0,0
4663.21,40,32,8,11,21,3,5,80,80,80,80,80,80,0,0,0,6,6,600,600,0,0
4664.21,40,32,8,11,21,3,5,80,80,80,80,80,80,0,0,0,6,6,600,600,0,0
4665.211,40,32,8,11,21,3,5,80,80,80,80,80,80,0,0,0,6,6,600,600,0,0
4666.211,40,32,8,11,21,3,5,80,80,80,80,80,80,0,0,0,6,6,600,600,0,0
4667.212,40,32,8,11,21,3,5,80,80,80,80,80,80,0,0,0,6,6,600,600,0,0
4668.212,40,32,8,11,21,3,5,80,80,80,80,80,80,0,0,0,6,6,600,600,0,0
4669.213,40,32,8,11,21,3,5,80,80,80,80,80,80,0,0,0,6,6,600,600,0,0
4670.213,40,32,8,11,21,3,5,80,80,80,80,80,80,0,0,0,6,6,600,600,0,0
4671.214,40,32,8,11,21,3,5,80,80,80,80,80,80,0,0,0,6,6,600,600,0,0
4672.214,40,32,8,11,21,3,5,80,80,80,80,80,80,0,0,0,6,6,600,600,0,0
4673.215,40,32,8,11,21,3,5,80,80,80,80,80,80,0,0,0,6,6,600,600,0,0
4674.215,40,32,8,11,21,3,5,80,80,80,80,80,80,0,0,0,6,6,600,600,0,0
4675.216,40,32,8,11,21,3,5,80,80,80,80,80,80,0,0,0,6,6,600,600,0,0
4676.216,40,32,8,11,21,3,5,80,80,80,80,80,80,0,0,0,6,6,600,600,0,0
4677.217,40,32,8,11,21,3,5,80,80,80,80,80,80,0,0,0,6,6,600,600,0,0
4678.217,40,32,8,11,21,3,5,80,80,80,80,80,80,0,0,0,6,6,600,600,0,0
4679.218,40,32,8,11,21,3,5,80,80,80,80,80,80,0,0,0,6,6,600,600,0,0
4680.218,40,32,8,11,21,3,5,80,80,80,80,80,80,0,0,0,6,6,600,600,0,0
4681.219,40,32,8,11,21,3,5,80,80,80,80,80,80,0,0,0,6,6,600,600,0,0
4682.219,40,32,8,11,21,3,5,80,80,80,80,80,80,0,0,0,6,6,600,600,0,0
4683.22,40,32,8,11,21,3,5,80,80,80,80,80,80,0,0,0,6,6,600,600,0,0
4684.22,40,32,8,11,21,3,5,80,80,80,80,80,80,0,0,0,6,6,600,600,0,0
4685.221,40,32,8,11,21,3,5,80,80,80,80,80,80,0,0,0,6,6,600,600,0,0
4686.221,40,32,8,11,21,3,5,80,80,80,80,80,80,0,0,0,6,6,600,600,0,0
4687.222,40,32,8,11,21,3,5,80,80,80,80,80,80,0,0,0,6,6,600,600,0,0
4688.222,40,32,8,11,21,3,5,80,80,80,80,80,80,0,0,0,6,6,600,600,0,0
4689.223,40,32,8,11,21,3,5,80,80,80,80,80,80,0,0,0,6,6,600,600,0,0
4690.223,40,32,8,11,21,3,5,80,80,80,80,80,80,0,0,0,6,6,600,600,0,0
4691.224,40,32,8,11,21,3,5,80,80,80,80,80,80,0,0,0,6,6,600,600,0,0
4692.224,40,32,8,11,21,3,5,80,80,80,80,80,80,0,0,0,6,6,600,600,0,0
4693.225,40,32,8,11,21,3,5,80,80,80,80,80,80,0,0,0,6,6,600,600,0,0
4694.225,40,32,8,11,21,3,5,80,80,80,80,80,80,0,0,0,6,6,600,600,0,0
4695.226,40,32,8,11,21,3,5,80,80,80,80,80,80,0,0,0,6,6,600,600,0,0
4696.226,40,32,8,11,21,3,5,80,80,80,80,80,80,0,0,0,6,6,600,600,0,0
4697.227,40,32,8,11,21,3,5,80,80,80,80,80,80,0,0,0,6,6,600,600,0,0
4698.227,40,32,8,11,21,3,5,80,80,80,80,80,80,0,0,0,6,6,600,600,0,0
4699.228,40,32,8,11,21,3,5,80,80,80,80,80,80,0,0,0,6,6,600,600,0,0
4700.228,40,32,8,11,21,3,5,80,80,80,80,80,80,0,0,0,6,6,600,600,0,0
4701.229,40,32,8,11,21,3,5,80,80,80,80,80,80,0,0,0,6,6,600,600,0,0
4702.229,40,32,8,11,21,3,5,80,80,80,80,80,80,0,0,0,6,6,600,600,0,0
4703.229,40,32,8,11,21,3,5,80,80,80,80,80,80,0,0,0,6,6,600,600,0,0
4704.23,40,32,8,11,21,3,5,80,80,80,80,80,80,0,0,0,6,6,600,600,0,0
