time,totalAgents,preyCount,predatorCount,preyJuvenileCount,preyAdultCount,predatorJuvenileCount,predatorAdultCount,avgPreyEnergy,avgPredatorEnergy,minPreyEnergy,maxPreyEnergy,minPredatorEnergy,maxPredatorEnergy,totalBirths,totalDeaths,totalKills,availableGrassPatches,totalGrassPatches,totalGrassFood,maxGrassFood,shelterOccupancy,shelterCapacity
0.333,40,31,9,11,20,4,5,100,88.889,100,100,0,100,0,0,0,6,6,600,600,4,30
1.333,40,31,9,11,20,4,5,100,88.889,100,100,0,100,0,0,0,6,6,600,600,5,30
2.333,40,31,9,11,20,4,5,100,88.889,100,100,0,100,0,0,0,6,6,600,600,5,30
3.333,40,31,9,11,20,4,5,100,88.889,100,100,0,100,0,0,0,6,6,600,600,6,30
4.333,40,31,9,11,20,4,5,100,88.889,100,100,0,100,0,0,0,6,6,600,600,6,30
5.333,40,31,9,11,20,4,5,100,88.889,100,100,0,100,0,0,0,6,6,600,600,6,30
6.333,40,30,9,11,19,4,5,100,88.889,100,100,0,100,0,1,1,6,6,600,600,6,30
7.333,40,30,9,11,19,4,5,100,88.889,100,100,0,100,0,1,1,6,6,600,600,5,30
8.333,40,30,9,11,19,4,5,100,88.889,100,100,0,100,0,1,1,6,6,600,600,4,30
9.333,40,30,9,11,19,4,5,100,88.889,100,100,0,100,0,1,1,6,6,600,600,4,30
10.333,41,31,9,12,19,4,5,98.387,88.889,75,100,0,100,1,1,1,6,6,600,600,4,30
11.333,41,30,9,12,18,4,5,98.333,88.889,75,100,0,100,1,2,2,6,6,600,600,5,30
12.333,41,30,9,12,18,4,5,98.333,88.889,75,100,0,100,1,2,2,6,6,600,600,4,30
13.333,41,29,9,12,17,4,5,98.276,88.889,75,100,0,100,1,3,3,6,6,600,600,6,30
14.333,41,29,9,12,17,4,5,98.276,88.889,75,100,0,100,1,3,3,6,6,600,600,5,30
15.333,41,29,9,12,17,4,5,98.276,88.889,75,100,0,100,1,3,3,6,6,600,600,4,30
16.333,41,29,9,12,17,4,5,98.276,88.889,75,100,0,100,1,3,3,6,6,600,600,4,30
17.333,41,29,9,12,17,4,5,98.276,88.889,75,100,0,100,1,3,3,6,6,600,600,3,30
18.333,41,29,9,12,17,4,5,98.276,88.889,75,100,0,100,1,3,3,6,6,600,600,3,30
19.333,41,29,9,12,17,4,5,98.276,88.889,75,100,0,100,1,3,3,6,6,600,600,3,30
20.333,41,29,9,12,17,4,5,98.276,88.889,75,100,0,100,1,3,3,6,6,600,600,4,30
21.333,41,29,9,12,17,4,5,98.276,88.889,75,100,0,100,1,3,3,6,6,600,600,4,30
22.333,41,29,9,12,17,4,5,98.276,88.889,75,100,0,100,1,3,3,6,6,600,600,3,30
23.333,41,29,9,12,17,4,5,98.276,88.889,75,100,0,100,1,3,3,6,6,600,600,4,30
24.333,41,29,9,12,17,4,5,98.276,88.889,75,100,0,100,1,3,3,6,6,600,600,2,30
25.333,41,29,9,12,17,4,5,98.276,88.889,75,100,0,100,1,3,3,6,6,600,600,2,30
26.333,41,29,9,12,17,4,5,98.276,88.889,75,100,0,100,1,3,3,6,6,600,600,2,30
27.333,41,29,9,12,17,4,5,98.276,88.889,75,100,0,100,1,3,3,6,6,600,600,2,30
28.333,41,29,9,12,17,4,5,98.276,88.889,75,100,0,100,1,3,3,6,6,600,600,3,30
29.333,41,29,9,12,17,4,5,98.276,88.889,75,100,0,100,1,3,3,6,6,600,600,3,30
30.333,41,29,9,12,17,4,5,98.276,88.889,75,100,0,100,1,3,3,6,6,600,600,2,30
31.333,41,29,9,12,17,4,5,98.276,88.889,75,100,0,100,1,3,3,6,6,600,600,2,30
32.333,41,29,9,12,17,4,5,98.276,88.889,75,100,0,100,1,3,3,6,6,600,600,2,30
33.333,41,29,9,12,17,4,5,98.276,88.889,75,100,0,100,1,3,3,6,6,600,600,3,30
34.333,41,29,9,12,17,4,5,98.276,88.889,75,100,0,100,1,3,3,6,6,600,600,3,30
35.333,41,29,9,12,17,4,5,98.276,88.889,75,100,0,100,1,3,3,6,6,600,600,4,30
36.333,41,29,9,12,17,4,5,98.276,88.889,75,100,0,100,1,3,3,6,6,600,600,3,30
37.333,42,30,9,13,17,4,5,96.667,88.889,75,100,0,100,2,3,3,6,6,600,600,2,30
38.333,42,30,9,13,17,4,5,96.667,88.889,75,100,0,100,2,3,3,6,6,600,600,2,30
39.333,43,30,10,13,17,5,5,96.667,87,75,100,0,100,3,3,3,6,6,600,600,2,30
40.333,43,30,10,13,17,5,5,96.667,87,75,100,0,100,3,3,3,6,6,600,600,2,30
41.333,43,30,10,13,17,5,5,96.667,87,75,100,0,100,3,3,3,6,6,600,600,3,30
42.333,43,30,10,13,17,5,5,96.667,87,75,100,0,100,3,3,3,6,6,600,600,3,30
43.333,43,30,10,13,17,5,5,96.667,87,75,100,0,100,3,3,3,6,6,600,600,3,30
44.333,43,30,10,13,17,5,5,96.667,87,75,100,0,100,3,3,3,6,6,600,600,2,30
45.333,43,30,10,13,17,5,5,96.667,87,75,100,0,100,3,3,3,6,6,600,600,2,30
46.333,43,30,10,13,17,5,5,96.667,87,75,100,0,100,3,3,3,6,6,600,600,2,30
47.333,43,30,10,13,17,5,5,96.667,87,75,100,0,100,3,3,3,6,6,600,600,2,30
48.333,43,30,10,13,17,5,5,96.667,87,75,100,0,100,3,3,3,6,6,600,600,3,30
49.333,43,30,10,13,17,5,5,96.667,87,75,100,0,100,3,3,3,6,6,600,600,3,30
50.333,43,30,10,13,17,5,5,96.667,87,75,100,0,100,3,3,3,6,6,600,600,3,30
51.333,43,30,10,13,17,5,5,96.667,87,75,100,0,100,3,3,3,6,6,600,600,2,30
52.333,43,30,10,13,17,5,5,96.667,87,75,100,0,100,3,3,3,6,6,600,600,3,30
53.333,43,30,10,13,17,5,5,96.667,87,75,100,0,100,3,3,3,6,6,600,600,2,30
54.333,43,30,10,13,17,5,5,96.667,87,75,100,0,100,3,3,3,6,6,600,600,2,30
55.333,43,30,10,13,17,5,5,96.667,87,75,100,0,100,3,3,3,6,6,600,600,2,30
56.333,43,30,10,13,17,5,5,96.667,87,75,100,0,100,3,3,3,6,6,600,600,2,30
57.333,43,30,10,13,17,5,5,96.667,87,75,100,0,100,3,3,3,6,6,600,600,2,30
58.333,43,30,10,13,17,5,5,96.667,87,75,100,0,100,3,3,3,6,6,600,600,2,30
59.333,43,30,10,13,17,5,5,96.667,87,75,100,0,100,3,3,3,6,6,600,600,3,30
60.333,43,30,10,13,17,5,5,96.667,88.5,75,100,0,100,3,3,3,6,6,600,600,2,30
61.333,43,30,10,13,17,5,5,96.667,88.5,75,100,0,100,3,3,3,6,6,600,600,2,30
62.333,43,30,10,13,17,5,5,96.667,88.5,75,100,0,100,3,3,3,6,6,600,600,3,30
63.333,43,30,10,13,17,5,5,96.667,88.5,75,100,0,100,3,3,3,6,6,600,600,2,30
64.333,43,30,10,13,17,5,5,96.667,88.5,75,100,0,100,3,3,3,6,6,600,600,2,30
65.333,44,31,10,14,17,5,5,95.161,88.5,75,100,0,100,4,3,3,6,6,600,600,2,30
66.333,44,31,10,14,17,5,5,95.161,88.5,75,100,0,100,4,3,3,6,6,600,600,2,30
67.333,44,31,10,14,17,5,5,95.161,88.5,75,100,0,100,4,3,3,6,6,600,600,2,30
68.333,44,31,10,14,17,5,5,95.161,88.5,75,100,0,100,4,3,3,6,6,600,600,2,30
69.333,44,31,10,14,17,5,5,95.161,88.5,75,100,0,100,4,3,3,6,6,600,600,2,30
70.333,45,32,10,15,17,5,5,93.75,88.5,75,100,0,100,5,3,3,6,6,600,600,3,30
71.333,45,32,10,15,17,5,5,93.75,88.5,75,100,0,100,5,3,3,6,6,600,600,3,30
72.333,45,32,10,15,17,5,5,93.75,88.5,75,100,0,100,5,3,3,6,6,600,600,2,30
73.333,45,32,10,15,17,5,5,93.75,90,75,100,0,100,5,3,3,6,6,600,600,3,30
74.333,45,32,10,15,17,5,5,93.75,90,75,100,0,100,5,3,3,6,6,600,600,3,30
75.333,45,32,10,15,17,5,5,93.75,90,75,100,0,100,5,3,3,6,6,600,600,3,30
76.333,45,32,10,15,17,5,5,93.75,90,75,100,0,100,5,3,3,6,6,600,600,2,30
77.333,45,32,10,15,17,5,5,93.75,90,75,100,0,100,5,3,3,6,6,600,600,3,30
78.333,45,31,10,14,17,5,5,93.548,90,75,100,0,100,5,4,4,6,6,600,600,4,30
79.333,45,31,10,14,17,5,5,93.548,90,75,100,0,100,5,4,4,6,6,600,600,2,30
80.333,45,31,10,14,17,5,5,93.548,90,75,100,0,100,5,4,4,6,6,600,600,3,30
81.333,45,31,10,14,17,5,5,93.548,90,75,100,0,100,5,4,4,6,6,600,600,4,30
82.333,45,31,10,14,17,5,5,93.548,90,75,100,0,100,5,4,4,6,6,600,600,3,30
83.333,45,31,10,14,17,5,5,93.548,90,75,100,0,100,5,4,4,6,6,600,600,2,30
84.333,45,31,10,14,17,5,5,93.548,90,75,100,0,100,5,4,4,6,6,600,600,2,30
85.333,45,31,10,14,17,5,5,93.548,90,75,100,0,100,5,4,4,6,6,600,600,3,30
86.333,45,31,10,14,17,5,5,93.548,90,75,100,0,100,5,4,4,6,6,600,600,2,30
87.333,45,31,10,14,17,5,5,93.548,90,75,100,0,100,5,4,4,6,6,600,600,3,30
88.333,45,31,10,14,17,5,5,93.548,90,75,100,0,100,5,4,4,6,6,600,600,3,30
89.333,45,31,10,14,17,5,5,93.548,90,75,100,0,100,5,4,4,6,6,600,600,2,30
90.333,45,31,10,14,17,5,5,93.548,90,75,100,0,100,5,4,4,6,6,600,600,2,30
91.333,45,31,10,14,17,5,5,93.548,90,75,100,0,100,5,4,4,6,6,600,600,3,30
92.333,45,31,10,14,17,5,5,93.548,90,75,100,0,100,5,4,4,6,6,600,600,2,30
93.333,45,31,10,14,17,5,5,93.548,90,75,100,0,100,5,4,4,6,6,600,600,2,30
94.333,45,31,10,14,17,5,5,93.548,90,75,100,0,100,5,4,4,6,6,600,600,3,30
95.333,45,31,10,14,17,5,5,93.548,90,75,100,0,100,5,4,4,6,6,600,600,4,30
96.333,45,31,10,14,17,5,5,93.548,90,75,100,0,100,5,4,4,6,6,600,600,2,30
97.333,45,31,10,14,17,5,5,93.548,90,75,100,0,100,5,4,4,6,6,600,600,2,30
98.334,45,31,10,14,17,5,5,93.548,90,75,100,0,100,5,4,4,6,6,600,600,2,30
99.334,45,30,10,13,17,5,5,93.333,90,75,100,0,100,5,5,5,6,6,600,600,2,30
100.334,45,30,10,13,17,5,5,100,90,100,100,0,100,5,5,5,6,6,600,600,2,30
101.334,45,30,10,13,17,5,5,100,90,100,100,0,100,5,5,5,6,6,600,600,5,30
102.334,45,30,10,13,17,5,5,100,90,100,100,0,100,5,5,5,6,6,600,600,3,30
103.334,45,30,10,13,17,5,5,100,90,100,100,0,100,5,5,5,6,6,600,600,2,30
104.334,45,29,10,12,17,5,5,100,90,100,100,0,100,5,6,6,6,6,600,600,2,30
105.334,45,29,10,12,17,5,5,100,90,100,100,0,100,5,6,6,6,6,600,600,2,30
106.334,45,29,10,12,17,5,5,100,90,100,100,0,100,5,6,6,6,6,600,600,2,30
107.334,45,29,10,12,17,5,5,100,90,100,100,0,100,5,6,6,6,6,600,600,3,30
108.334,45,29,10,12,17,5,5,100,90,100,100,0,100,5,6,6,6,6,600,600,3,30
109.334,45,29,10,12,17,5,5,100,90,100,100,0,100,5,6,6,6,6,600,600,2,30
110.334,45,29,10,12,17,5,5,100,90,100,100,0,100,5,6,6,6,6,600,600,2,30
111.334,45,29,10,12,17,5,5,100,90,100,100,0,100,5,6,6,6,6,600,600,2,30
112.334,45,29,10,12,17,5,5,100,90,100,100,0,100,5,6,6,6,6,600,600,2,30
113.334,45,29,10,12,17,5,5,100,90,100,100,0,100,5,6,6,6,6,600,600,3,30
114.334,45,28,10,12,16,5,5,100,90,100,100,0,100,5,7,7,6,6,600,600,3,30
115.334,45,28,10,12,16,5,5,100,90,100,100,0,100,5,7,7,6,6,600,600,4,30
116.334,45,28,10,12,16,5,5,100,90,100,100,0,100,5,7,7,6,6,600,600,2,30
117.334,45,28,10,12,16,5,5,100,90,100,100,0,100,5,7,7,6,6,600,600,3,30
118.334,45,28,10,12,16,5,5,100,90,100,100,0,100,5,7,7,6,6,600,600,2,30
119.334,45,28,10,12,16,5,5,100,90,100,100,0,100,5,7,7,6,6,600,600,3,30
120.334,45,28,10,12,16,5,5,100,90,100,100,0,100,5,7,7,6,6,600,600,5,30
121.334,45,28,10,12,16,5,5,100,90,100,100,0,100,5,7,7,6,6,600,600,4,30
122.334,45,28,10,12,16,5,5,100,90,100,100,0,100,5,7,7,6,6,600,600,3,30
123.334,45,28,10,12,16,5,5,100,90,100,100,0,100,5,7,7,6,6,600,600,3,30
124.334,45,28,10,12,16,5,5,100,90,100,100,0,100,5,7,7,6,6,600,600,3,30
125.334,45,28,10,12,16,5,5,100,90,100,100,0,100,5,7,7,6,6,600,600,2,30
126.334,45,28,10,12,16,5,5,100,90,100,100,0,100,5,7,7,6,6,600,600,2,30
127.334,45,28,10,12,16,5,5,100,90,100,100,0,100,5,7,7,6,6,600,600,2,30
128.334,45,28,10,12,16,5,5,100,90,100,100,0,100,5,7,7,6,6,600,600,2,30
129.334,45,28,10,12,16,5,5,100,90,100,100,0,100,5,7,7,6,6,600,600,3,30
130.334,45,28,10,12,16,5,5,100,90,100,100,0,100,5,7,7,6,6,600,600,2,30
131.334,45,28,10,12,16,5,5,100,90,100,100,0,100,5,7,7,6,6,600,600,2,30
132.334,45,28,10,12,16,5,5,100,90,100,100,0,100,5,7,7,6,6,600,600,3,30
133.334,45,28,10,12,16,5,5,100,90,100,100,0,100,5,7,7,6,6,600,600,2,30
134.334,45,28,10,12,16,5,5,100,90,100,100,0,100,5,7,7,6,6,600,600,2,30
135.334,45,28,10,12,16,5,5,100,90,100,100,0,100,5,7,7,6,6,600,600,3,30
136.334,45,28,10,12,16,5,5,100,90,100,100,0,100,5,7,7,6,6,600,600,2,30
137.334,45,28,10,12,16,5,5,100,90,100,100,0,100,5,7,7,6,6,600,600,3,30
138.334,45,28,10,12,16,5,5,100,90,100,100,0,100,5,7,7,6,6,600,600,2,30
139.334,45,28,10,12,16,5,5,100,90,100,100,0,100,5,7,7,6,6,600,600,2,30
140.334,45,28,10,12,16,5,5,100,90,100,100,0,100,5,7,7,6,6,600,600,4,30
141.334,45,28,10,12,16,5,5,100,90,100,100,0,100,5,7,7,6,6,600,600,3,30
142.334,45,28,10,12,16,5,5,100,90,100,100,0,100,5,7,7,6,6,600,600,2,30
143.334,45,28,10,12,16,5,5,100,90,100,100,0,100,5,7,7,6,6,600,600,2,30
144.334,45,28,10,12,16,5,5,100,90,100,100,0,100,5,7,7,6,6,600,600,2,30
145.334,45,28,10,12,16,5,5,100,90,100,100,0,100,5,7,7,6,6,600,600,3,30
146.333,45,28,10,12,16,5,5,100,90,100,100,0,100,5,7,7,6,6,600,600,2,30
147.333,45,28,10,12,16,5,5,100,90,100,100,0,100,5,7,7,6,6,600,600,2,30
148.333,45,28,10,12,16,5,5,100,90,100,100,0,100,5,7,7,6,6,600,600,3,30
149.333,45,28,10,12,16,5,5,100,90,100,100,0,100,5,7,7,6,6,600,600,2,30
150.333,45,28,10,12,16,5,5,100,90,100,100,0,100,5,7,7,6,6,600,600,2,30
151.333,45,28,10,12,16,5,5,100,90,100,100,0,100,5,7,7,6,6,600,600,2,30
152.333,45,28,10,12,16,5,5,100,90,100,100,0,100,5,7,7,6,6,600,600,2,30
153.333,45,28,10,12,16,5,5,100,90,100,100,0,100,5,7,7,6,6,600,600,2,30
154.333,45,28,10,12,16,5,5,100,90,100,100,0,100,5,7,7,6,6,600,600,2,30
155.333,45,28,10,12,16,5,5,100,90,100,100,0,100,5,7,7,6,6,600,600,2,30
156.333,45,28,10,12,16,5,5,100,90,100,100,0,100,5,7,7,6,6,600,600,2,30
157.333,45,28,10,12,16,5,5,100,90,100,100,0,100,5,7,7,6,6,600,600,2,30
158.333,45,28,10,12,16,5,5,100,90,100,100,0,100,5,7,7,6,6,600,600,2,30
159.333,45,28,10,12,16,5,5,100,90,100,100,0,100,5,7,7,6,6,600,600,4,30
160.333,45,28,10,12,16,5,5,100,90,100,100,0,100,5,7,7,6,6,600,600,5,30
161.333,45,28,10,12,16,5,5,100,90,100,100,0,100,5,7,7,6,6,600,600,3,30
162.333,45,28,10,12,16,5,5,100,90,100,100,0,100,5,7,7,6,6,600,600,4,30
163.333,45,28,10,12,16,5,5,100,90,100,100,0,100,5,7,7,6,6,600,600,1,30
164.333,45,28,10,12,16,5,5,100,90,100,100,0,100,5,7,7,6,6,600,600,2,30
165.333,45,28,10,12,16,5,5,100,90,100,100,0,100,5,7,7,6,6,600,600,2,30
166.333,45,28,10,12,16,5,5,100,90,100,100,0,100,5,7,7,6,6,600,600,3,30
167.333,45,28,10,12,16,5,5,100,90,100,100,0,100,5,7,7,6,6,600,600,3,30
168.333,45,28,10,12,16,5,5,100,90,100,100,0,100,5,7,7,6,6,600,600,3,30
169.333,45,28,10,12,16,5,5,100,90,100,100,0,100,5,7,7,6,6,600,600,3,30
170.333,45,28,10,12,16,5,5,100,90,100,100,0,100,5,7,7,6,6,600,600,3,30
171.333,45,28,10,12,16,5,5,100,90,100,100,0,100,5,7,7,6,6,600,600,3,30
172.333,45,28,10,12,16,5,5,100,90,100,100,0,100,5,7,7,6,6,600,600,4,30
173.333,45,28,10,12,16,5,5,100,90,100,100,0,100,5,7,7,6,6,600,600,3,30
174.333,45,28,10,12,16,5,5,100,90,100,100,0,100,5,7,7,6,6,600,600,5,30
175.333,45,28,10,12,16,5,5,100,90,100,100,0,100,5,7,7,6,6,600,600,2,30
176.333,45,28,10,12,16,5,5,100,90,100,100,0,100,5,7,7,6,6,600,600,3,30
177.333,45,28,10,12,16,5,5,100,90,100,100,0,100,5,7,7,6,6,600,600,2,30
178.333,45,28,10,12,16,5,5,100,90,100,100,0,100,5,7,7,6,6,600,600,4,30
179.333,45,28,10,12,16,5,5,100,90,100,100,0,100,5,7,7,6,6,600,600,3,30
180.333,45,28,10,12,16,5,5,100,90,100,100,0,100,5,7,7,6,6,600,600,2,30
181.333,45,28,10,12,16,5,5,100,90,100,100,0,100,5,7,7,6,6,600,600,4,30
182.333,46,29,10,13,16,5,5,98.276,90,75,100,0,100,6,7,7,6,6,600,600,3,30
183.333,46,29,10,13,16,5,5,98.276,90,75,100,0,100,6,7,7,6,6,600,600,4,30
184.333,46,29,10,13,16,5,5,98.276,90,75,100,0,100,6,7,7,6,6,600,600,3,30
185.333,46,29,10,13,16,5,5,98.276,90,75,100,0,100,6,7,7,6,6,600,600,3,30
186.333,46,29,10,13,16,5,5,98.276,90,75,100,0,100,6,7,7,6,6,600,600,3,30
187.333,46,29,10,13,16,5,5,98.276,90,75,100,0,100,6,7,7,6,6,600,600,2,30
188.333,46,29,10,13,16,5,5,98.276,90,75,100,0,100,6,7,7,6,6,600,600,3,30
189.333,46,29,10,13,16,5,5,98.276,90,75,100,0,100,6,7,7,6,6,600,600,4,30
190.333,46,29,10,13,16,5,5,98.276,90,75,100,0,100,6,7,7,6,6,600,600,3,30
191.333,46,29,10,13,16,5,5,98.276,90,75,100,0,100,6,7,7,6,6,600,600,5,30
192.333,46,29,10,13,16,5,5,98.276,90,75,100,0,100,6,7,7,6,6,600,600,3,30
193.333,46,29,10,13,16,5,5,98.276,90,75,100,0,100,6,7,7,6,6,600,600,5,30
194.333,46,29,10,13,16,5,5,98.276,90,75,100,0,100,6,7,7,6,6,600,600,3,30
195.333,46,29,10,13,16,5,5,98.276,90,75,100,0,100,6,7,7,6,6,600,600,4,30
196.333,46,29,10,13,16,5,5,98.276,90,75,100,0,100,6,7,7,6,6,600,600,3,30
197.333,46,29,10,13,16,5,5,98.276,90,75,100,0,100,6,7,7,6,6,600,600,6,30
198.333,46,29,10,13,16,5,5,98.276,90,75,100,0,100,6,7,7,6,6,600,600,3,30
199.333,46,29,10,13,16,5,5,98.276,90,75,100,0,100,6,7,7,6,6,600,600,3,30
200.333,46,29,10,13,16,5,5,100,90,100,100,0,100,6,7,7,6,6,600,600,3,30
201.333,46,29,10,13,16,5,5,100,90,100,100,0,100,6,7,7,6,6,600,600,3,30
202.333,46,29,10,13,16,5,5,100,90,100,100,0,100,6,7,7,6,6,600,600,5,30
203.333,46,29,10,13,16,5,5,100,90,100,100,0,100,6,7,7,6,6,600,600,3,30
204.333,46,29,10,13,16,5,5,100,90,100,100,0,100,6,7,7,6,6,600,600,4,30
205.333,46,29,10,13,16,5,5,100,90,100,100,0,100,6,7,7,6,6,600,600,4,30
206.333,46,29,10,13,16,5,5,100,90,100,100,0,100,6,7,7,6,6,600,600,4,30
207.333,46,29,10,13,16,5,5,100,90,100,100,0,100,6,7,7,6,6,600,600,6,30
208.333,47,30,10,14,16,5,5,98.333,90,75,100,0,100,7,7,7,6,6,600,600,6,30
209.333,47,30,10,14,16,5,5,98.333,90,75,100,0,100,7,7,7,6,6,600,600,3,30
210.333,47,30,10,14,16,5,5,98.333,90,75,100,0,100,7,7,7,6,6,600,600,2,30
211.332,47,30,10,14,16,5,5,98.333,90,75,100,0,100,7,7,7,6,6,600,600,2,30
212.332,47,30,10,14,16,5,5,98.333,90,75,100,0,100,7,7,7,6,6,600,600,2,30
213.332,47,30,10,14,16,5,5,98.333,90,75,100,0,100,7,7,7,6,6,600,600,4,30
214.332,47,30,10,14,16,5,5,98.333,90,75,100,0,100,7,7,7,6,6,600,600,3,30
215.332,47,30,10,14,16,5,5,98.333,90,75,100,0,100,7,7,7,6,6,600,600,2,30
216.332,47,30,10,14,16,5,5,98.333,90,75,100,0,100,7,7,7,6,6,600,600,4,30
217.332,47,30,10,14,16,5,5,98.333,90,75,100,0,100,7,7,7,6,6,600,600,2,30
218.332,47,30,10,14,16,5,5,98.333,90,75,100,0,100,7,7,7,6,6,600,600,2,30
219.332,47,30,10,14,16,5,5,98.333,90,75,100,0,100,7,7,7,6,6,600,600,4,30
220.332,47,30,10,14,16,5,5,98.333,90,75,100,0,100,7,7,7,6,6,600,600,3,30
221.332,47,30,10,14,16,5,5,98.333,90,75,100,0,100,7,7,7,6,6,600,600,2,30
222.332,47,30,10,14,16,5,5,98.333,90,75,100,0,100,7,7,7,6,6,600,600,2,30
223.332,47,30,10,14,16,5,5,98.333,90,75,100,0,100,7,7,7,6,6,600,600,3,30
224.332,47,30,10,14,16,5,5,98.333,90,75,100,0,100,7,7,7,6,6,600,600,3,30
225.332,47,30,10,14,16,5,5,98.333,90,75,100,0,100,7,7,7,6,6,600,600,3,30
226.332,47,30,10,14,16,5,5,98.333,90,75,100,0,100,7,7,7,6,6,600,600,2,30
227.332,47,30,10,14,16,5,5,98.333,90,75,100,0,100,7,7,7,6,6,600,600,4,30
228.332,47,30,10,14,16,5,5,98.333,90,75,100,0,100,7,7,7,6,6,600,600,3,30
229.332,47,30,10,14,16,5,5,98.333,90,75,100,0,100,7,7,7,6,6,600,600,3,30
230.332,47,30,10,14,16,5,5,98.333,90,75,100,0,100,7,7,7,6,6,600,600,3,30
231.332,47,30,10,14,16,5,5,98.333,90,75,100,0,100,7,7,7,6,6,600,600,3,30
232.332,47,30,10,14,16,5,5,98.333,90,75,100,0,100,7,7,7,6,6,600,600,3,30
233.332,47,30,10,14,16,5,5,98.333,90,75,100,0,100,7,7,7,6,6,600,600,5,30
234.332,47,30,10,14,16,5,5,98.333,90,75,100,0,100,7,7,7,6,6,600,600,3,30
235.332,47,30,10,14,16,5,5,98.333,90,75,100,0,100,7,7,7,6,6,600,600,3,30
236.332,47,30,10,14,16,5,5,98.333,90,75,100,0,100,7,7,7,6,6,600,600,3,30
237.332,47,30,10,14,16,5,5,98.333,90,75,100,0,100,7,7,7,6,6,600,600,3,30
238.332,47,30,10,14,16,5,5,98.333,90,75,100,0,100,7,7,7,6,6,600,600,3,30
239.332,47,30,10,14,16,5,5,98.333,90,75,100,0,100,7,7,7,6,6,600,600,3,30
240.332,47,30,10,14,16,5,5,98.333,90,75,100,0,100,7,7,7,6,6,600,600,3,30
241.332,47,30,10,14,16,5,5,98.333,90,75,100,0,100,7,7,7,6,6,600,600,3,30
242.332,47,30,10,14,16,5,5,98.333,90,75,100,0,100,7,7,7,6,6,600,600,3,30
243.332,47,30,10,14,16,5,5,98.333,90,75,100,0,100,7,7,7,6,6,600,600,4,30
244.332,47,30,10,14,16,5,5,98.333,90,75,100,0,100,7,7,7,6,6,600,600,3,30
245.332,47,30,10,14,16,5,5,98.333,90,75,100,0,100,7,7,7,6,6,600,600,3,30
246.332,47,30,10,14,16,5,5,98.333,90,75,100,0,100,7,7,7,6,6,600,600,4,30
247.332,47,30,10,14,16,5,5,98.333,90,75,100,0,100,7,7,7,6,6,600,600,4,30
248.332,47,30,10,14,16,5,5,98.333,90,75,100,0,100,7,7,7,6,6,600,600,4,30
249.332,47,30,10,14,16,5,5,98.333,90,75,100,0,100,7,7,7,6,6,600,600,3,30
250.332,47,30,10,14,16,5,5,98.333,90,75,100,0,100,7,7,7,6,6,600,600,5,30
251.332,47,30,10,14,16,5,5,98.333,90,75,100,0,100,7,7,7,6,6,600,600,2,30
252.332,47,30,10,14,16,5,5,98.333,90,75,100,0,100,7,7,7,6,6,600,600,3,30
253.332,47,30,10,14,16,5,5,98.333,90,75,100,0,100,7,7,7,6,6,600,600,3,30
254.332,47,30,10,14,16,5,5,98.333,90,75,100,0,100,7,7,7,6,6,600,600,5,30
255.332,47,30,10,14,16,5,5,98.333,90,75,100,0,100,7,7,7,6,6,600,600,3,30
256.332,47,30,10,14,16,5,5,98.333,90,75,100,0,100,7,7,7,6,6,600,600,5,30
257.332,47,30,10,14,16,5,5,98.333,90,75,100,0,100,7,7,7,6,6,600,600,5,30
258.332,47,30,10,14,16,5,5,98.333,90,75,100,0,100,7,7,7,6,6,600,600,5,30
259.332,47,30,10,14,16,5,5,98.333,90,75,100,0,100,7,7,7,6,6,600,600,2,30
260.332,47,30,10,14,16,5,5,98.333,90,75,100,0,100,7,7,7,6,6,600,600,1,30
261.332,47,30,10,14,16,5,5,98.333,90,75,100,0,100,7,7,7,6,6,600,600,3,30
262.332,47,30,10,14,16,5,5,98.333,90,75,100,0,100,7,7,7,6,6,600,600,3,30
263.332,47,30,10,14,16,5,5,98.333,90,75,100,0,100,7,7,7,6,6,600,600,5,30
264.332,47,30,10,14,16,5,5,98.333,90,75,100,0,100,7,7,7,6,6,600,600,6,30
265.332,47,30,10,14,16,5,5,98.333,90,75,100,0,100,7,7,7,6,6,600,600,5,30
266.332,47,30,10,14,16,5,5,98.333,90,75,100,0,100,7,7,7,6,6,600,600,7,30
267.332,47,30,10,14,16,5,5,98.333,90,75,100,0,100,7,7,7,6,6,600,600,3,30
268.332,47,30,10,14,16,5,5,98.333,90,75,100,0,100,7,7,7,6,6,600,600,3,30
269.332,47,30,10,14,16,5,5,98.333,90,75,100,0,100,7,7,7,6,6,600,600,2,30
270.332,47,30,10,14,16,5,5,98.333,90,75,100,0,100,7,7,7,6,6,600,600,3,30
271.332,47,30,10,14,16,5,5,98.333,90,75,100,0,100,7,7,7,6,6,600,600,6,30
272.332,47,30,10,14,16,5,5,98.333,90,75,100,0,100,7,7,7,6,6,600,600,3,30
273.332,47,30,10,14,16,5,5,98.333,90,75,100,0,100,7,7,7,6,6,600,600,5,30
274.332,47,30,10,14,16,5,5,98.333,90,75,100,0,100,7,7,7,6,6,600,600,5,30
275.332,47,29,10,13,16,5,5,98.276,90,75,100,0,100,7,8,8,6,6,600,600,2,30
276.332,47,29,10,13,16,5,5,98.276,90,75,100,0,100,7,8,8,6,6,600,600,2,30
277.332,47,29,10,13,16,5,5,98.276,90,75,100,0,100,7,8,8,6,6,600,600,2,30
278.332,47,28,10,13,15,5,5,98.214,90,75,100,0,100,7,9,9,6,6,600,600,3,30
279.333,47,28,10,13,15,5,5,98.214,90,75,100,0,100,7,9,9,6,6,600,600,3,30
280.333,47,28,10,13,15,5,5,98.214,90,75,100,0,100,7,9,9,6,6,600,600,2,30
281.333,47,28,10,13,15,5,5,98.214,90,75,100,0,100,7,9,9,6,6,600,600,3,30
282.333,47,28,10,13,15,5,5,98.214,90,75,100,0,100,7,9,9,6,6,600,600,4,30
283.333,47,28,10,13,15,5,5,98.214,90,75,100,0,100,7,9,9,6,6,600,600,7,30
284.333,47,28,10,13,15,5,5,98.214,90,75,100,0,100,7,9,9,6,6,600,600,2,30
285.333,47,27,10,13,14,5,5,98.148,90,75,100,0,100,7,10,10,6,6,600,600,2,30
286.333,47,27,10,13,14,5,5,98.148,90,75,100,0,100,7,10,10,6,6,600,600,2,30
287.333,47,27,10,13,14,5,5,98.148,90,75,100,0,100,7,10,10,6,6,600,600,5,30
288.333,47,27,10,13,14,5,5,98.148,90,75,100,0,100,7,10,10,6,6,600,600,4,30
289.333,47,27,10,13,14,5,5,98.148,90,75,100,0,100,7,10,10,6,6,600,600,2,30
290.333,47,27,10,13,14,5,5,98.148,90,75,100,0,100,7,10,10,6,6,600,600,3,30
291.333,47,27,10,13,14,5,5,98.148,90,75,100,0,100,7,10,10,6,6,600,600,2,30
292.333,47,27,10,13,14,5,5,98.148,90,75,100,0,100,7,10,10,6,6,600,600,4,30
293.333,47,27,10,13,14,5,5,98.148,90,75,100,0,100,7,10,10,6,6,600,600,4,30
294.333,47,27,10,13,14,5,5,98.148,90,75,100,0,100,7,10,10,6,6,600,600,3,30
295.333,47,27,10,13,14,5,5,98.148,90,75,100,0,100,7,10,10,6,6,600,600,2,30
296.333,47,27,10,13,14,5,5,98.148,90,75,100,0,100,7,10,10,6,6,600,600,4,30
297.333,47,27,10,13,14,5,5,98.148,90,75,100,0,100,7,10,10,6,6,600,600,2,30
298.333,47,27,10,13,14,5,5,98.148,90,75,100,0,100,7,10,10,6,6,600,600,2,30
299.333,47,27,10,13,14,5,5,98.148,90,75,100,0,100,7,10,10,6,6,600,600,4,30
300.333,47,27,10,13,14,5,5,100,90,100,100,0,100,7,10,10,6,6,600,600,3,30
301.333,47,27,10,13,14,5,5,100,90,100,100,0,100,7,10,10,6,6,600,600,2,30
302.333,47,27,10,13,14,5,5,100,90,100,100,0,100,7,10,10,6,6,600,600,3,30
303.333,47,27,10,13,14,5,5,100,90,100,100,0,100,7,10,10,6,6,600,600,3,30
304.333,47,27,10,13,14,5,5,100,90,100,100,0,100,7,10,10,6,6,600,600,3,30
305.333,47,27,10,13,14,5,5,100,90,100,100,0,100,7,10,10,6,6,600,600,4,30
306.333,47,26,10,13,13,5,5,100,90,100,100,0,100,7,11,11,6,6,600,600,4,30
307.333,47,26,10,13,13,5,5,100,90,100,100,0,100,7,11,11,6,6,600,600,2,30
308.333,47,26,10,13,13,5,5,100,90,100,100,0,100,7,11,11,6,6,600,600,4,30
309.333,47,26,10,13,13,5,5,100,90,100,100,0,100,7,11,11,6,6,600,600,5,30
310.333,47,26,10,13,13,5,5,100,90,100,100,0,100,7,11,11,6,6,600,600,3,30
311.333,47,26,10,13,13,5,5,100,90,100,100,0,100,7,11,11,6,6,600,600,3,30
312.334,47,26,10,13,13,5,5,100,90,100,100,0,100,7,11,11,6,6,600,600,3,30
313.334,47,25,10,13,12,5,5,100,90,100,100,0,100,7,12,12,6,6,600,600,6,30
314.334,47,25,10,13,12,5,5,100,90,100,100,0,100,7,12,12,6,6,600,600,3,30
315.334,47,24,10,13,11,5,5,100,90,100,100,0,100,7,13,13,6,6,600,600,6,30
316.334,47,24,10,13,11,5,5,100,90,100,100,0,100,7,13,13,6,6,600,600,6,30
317.334,47,24,10,13,11,5,5,100,90,100,100,0,100,7,13,13,6,6,600,600,2,30
318.334,47,24,10,13,11,5,5,100,90,100,100,0,100,7,13,13,6,6,600,600,2,30
319.334,47,24,10,13,11,5,5,100,90,100,100,0,100,7,13,13,6,6,600,600,4,30
320.334,47,24,10,13,11,5,5,100,90,100,100,0,100,7,13,13,6,6,600,600,2,30
321.334,47,24,10,13,11,5,5,100,90,100,100,0,100,7,13,13,6,6,600,600,3,30
322.334,47,24,10,13,11,5,5,100,90,100,100,0,100,7,13,13,6,6,600,600,4,30
323.334,47,24,10,13,11,5,5,100,90,100,100,0,100,7,13,13,6,6,600,600,3,30
324.334,47,24,10,13,11,5,5,100,90,100,100,0,100,7,13,13,6,6,600,600,4,30
325.334,47,24,10,13,11,5,5,100,90,100,100,0,100,7,13,13,6,6,600,600,4,30
326.334,47,24,10,13,11,5,5,100,90,100,100,0,100,7,13,13,6,6,600,600,5,30
327.334,47,24,10,13,11,5,5,100,90,100,100,0,100,7,13,13,6,6,600,600,4,30
328.334,47,24,10,13,11,5,5,100,90,100,100,0,100,7,13,13,6,6,600,600,2,30
329.334,47,24,10,13,11,5,5,100,90,100,100,0,100,7,13,13,6,6,600,600,2,30
330.334,47,24,10,13,11,5,5,100,90,100,100,0,100,7,13,13,6,6,600,600,4,30
331.334,47,24,10,13,11,5,5,100,90,100,100,0,100,7,13,13,6,6,600,600,4,30
332.334,47,24,10,13,11,5,5,100,90,100,100,0,100,7,13,13,6,6,600,600,4,30
333.334,47,24,10,13,11,5,5,100,90,100,100,0,100,7,13,13,6,6,600,600,3,30
334.334,47,24,10,13,11,5,5,100,90,100,100,0,100,7,13,13,6,6,600,600,2,30
335.334,47,24,10,13,11,5,5,100,90,100,100,0,100,7,13,13,6,6,600,600,3,30
336.334,47,24,10,13,11,5,5,100,90,100,100,0,100,7,13,13,6,6,600,600,3,30
337.334,47,24,10,13,11,5,5,100,90,100,100,0,100,7,13,13,6,6,600,600,5,30
338.334,47,24,10,13,11,5,5,100,90,100,100,0,100,7,13,13,6,6,600,600,2,30
339.334,47,24,10,13,11,5,5,100,90,100,100,0,100,7,13,13,6,6,600,600,2,30
340.334,47,24,10,13,11,5,5,100,90,100,100,0,100,7,13,13,6,6,600,600,2,30
341.334,47,24,10,13,11,5,5,100,90,100,100,0,100,7,13,13,6,6,600,600,3,30
342.334,47,24,10,13,11,5,5,100,90,100,100,0,100,7,13,13,6,6,600,600,2,30
343.334,47,24,10,13,11,5,5,100,90,100,100,0,100,7,13,13,6,6,600,600,4,30
344.334,47,24,10,13,11,5,5,100,90,100,100,0,100,7,13,13,6,6,600,600,2,30
345.335,47,24,10,13,11,5,5,100,90,100,100,0,100,7,13,13,6,6,600,600,3,30
346.335,47,24,10,13,11,5,5,100,90,100,100,0,100,7,13,13,6,6,600,600,3,30
347.335,47,24,10,13,11,5,5,100,90,100,100,0,100,7,13,13,6,6,600,600,4,30
348.335,47,24,10,13,11,5,5,100,90,100,100,0,100,7,13,13,6,6,600,600,3,30
349.335,47,24,10,13,11,5,5,100,90,100,100,0,100,7,13,13,6,6,600,600,4,30
350.335,47,24,10,13,11,5,5,100,90,100,100,0,100,7,13,13,6,6,600,600,5,30
351.335,47,23,10,13,10,5,5,100,90,100,100,0,100,7,14,14,6,6,600,600,6,30
352.335,47,23,10,13,10,5,5,100,90,100,100,0,100,7,14,14,6,6,600,600,5,30
353.335,47,23,10,13,10,5,5,100,90,100,100,0,100,7,14,14,6,6,600,600,3,30
354.335,47,23,10,13,10,5,5,100,90,100,100,0,100,7,14,14,6,6,600,600,4,30
355.335,47,23,10,13,10,5,5,100,90,100,100,0,100,7,14,14,6,6,600,600,3,30
356.335,47,23,10,13,10,5,5,100,90,100,100,0,100,7,14,14,6,6,600,600,5,30
357.335,47,23,10,13,10,5,5,100,90,100,100,0,100,7,14,14,6,6,600,600,2,30
358.335,47,23,10,13,10,5,5,100,90,100,100,0,100,7,14,14,6,6,600,600,2,30
359.335,47,23,10,13,10,5,5,100,90,100,100,0,100,7,14,14,6,6,600,600,3,30
360.335,47,23,10,13,10,5,5,100,90,100,100,0,100,7,14,14,6,6,600,600,1,30
361.335,47,23,10,13,10,5,5,100,90,100,100,0,100,7,14,14,6,6,600,600,4,30
362.335,47,23,10,13,10,5,5,100,90,100,100,0,100,7,14,14,6,6,600,600,2,30
363.335,47,23,10,13,10,5,5,100,90,100,100,0,100,7,14,14,6,6,600,600,4,30
364.335,47,23,10,13,10,5,5,100,90,100,100,0,100,7,14,14,6,6,600,600,4,30
365.335,47,23,10,13,10,5,5,100,90,100,100,0,100,7,14,14,6,6,600,600,3,30
366.335,47,23,10,13,10,5,5,100,90,100,100,0,100,7,14,14,6,6,600,600,2,30
367.335,47,23,10,13,10,5,5,100,90,100,100,0,100,7,14,14,6,6,600,600,3,30
368.335,47,23,10,13,10,5,5,100,90,100,100,0,100,7,14,14,6,6,600,600,2,30
369.335,47,23,10,13,10,5,5,100,90,100,100,0,100,7,14,14,6,6,600,600,2,30
370.335,47,23,10,13,10,5,5,100,90,100,100,0,100,7,14,14,6,6,600,600,3,30
371.335,47,22,10,12,10,5,5,100,90,100,100,0,100,7,15,15,6,6,600,600,4,30
372.335,47,22,10,12,10,5,5,100,90,100,100,0,100,7,15,15,6,6,600,600,3,30
373.335,47,22,10,12,10,5,5,100,90,100,100,0,100,7,15,15,6,6,600,600,3,30
374.335,47,22,10,12,10,5,5,100,90,100,100,0,100,7,15,15,6,6,600,600,7,30
375.335,47,22,10,12,10,5,5,100,90,100,100,0,100,7,15,15,6,6,600,600,4,30
376.335,47,21,10,11,10,5,5,100,90,100,100,0,100,7,16,16,6,6,600,600,3,30
377.335,47,21,10,11,10,5,5,100,90,100,100,0,100,7,16,16,6,6,600,600,4,30
378.336,47,21,10,11,10,5,5,100,90,100,100,0,100,7,16,16,6,6,600,600,5,30
379.336,47,21,10,11,10,5,5,100,90,100,100,0,100,7,16,16,6,6,600,600,6,30
380.336,47,21,10,11,10,5,5,100,90,100,100,0,100,7,16,16,6,6,600,600,5,30
381.336,47,21,10,11,10,5,5,100,90,100,100,0,100,7,16,16,6,6,600,600,4,30
382.336,47,21,10,11,10,5,5,100,90,100,100,0,100,7,16,16,6,6,600,600,4,30
383.336,47,21,10,11,10,5,5,100,90,100,100,0,100,7,16,16,6,6,600,600,5,30
384.336,47,21,10,11,10,5,5,100,90,100,100,0,100,7,16,16,6,6,600,600,3,30
385.336,47,21,10,11,10,5,5,100,90,100,100,0,100,7,16,16,6,6,600,600,3,30
386.336,47,21,10,11,10,5,5,100,90,100,100,0,100,7,16,16,6,6,600,600,5,30
387.336,47,21,10,11,10,5,5,100,90,100,100,0,100,7,16,16,6,6,600,600,3,30
388.336,47,21,10,11,10,5,5,100,90,100,100,0,100,7,16,16,6,6,600,600,4,30
389.336,47,21,10,11,10,5,5,100,90,100,100,0,100,7,16,16,6,6,600,600,6,30
390.336,47,21,10,11,10,5,5,100,90,100,100,0,100,7,16,16,6,6,600,600,6,30
391.336,47,21,10,11,10,5,5,100,90,100,100,0,100,7,16,16,6,6,600,600,4,30
392.336,47,21,10,11,10,5,5,100,90,100,100,0,100,7,16,16,6,6,600,600,4,30
393.336,47,21,10,11,10,5,5,100,90,100,100,0,100,7,16,16,6,6,600,600,5,30
394.336,47,21,10,11,10,5,5,100,90,100,100,0,100,7,16,16,6,6,600,600,4,30
395.336,47,21,10,11,10,5,5,100,90,100,100,0,100,7,16,16,6,6,600,600,4,30
396.336,47,21,10,11,10,5,5,100,90,100,100,0,100,7,16,16,6,6,600,600,3,30
397.336,47,21,10,11,10,5,5,100,90,100,100,0,100,7,16,16,6,6,600,600,4,30
398.336,47,21,10,11,10,5,5,100,90,100,100,0,100,7,16,16,6,6,600,600,3,30
399.336,47,21,10,11,10,5,5,100,90,100,100,0,100,7,16,16,6,6,600,600,2,30
400.336,47,21,10,11,10,5,5,100,90,100,100,0,100,7,16,16,6,6,600,600,3,30
401.336,47,21,10,11,10,5,5,100,90,100,100,0,100,7,16,16,6,6,600,600,4,30
402.336,47,21,10,11,10,5,5,100,90,100,100,0,100,7,16,16,6,6,600,600,4,30
403.336,47,21,10,11,10,5,5,100,90,100,100,0,100,7,16,16,6,6,600,600,4,30
404.336,47,21,10,11,10,5,5,100,90,100,100,0,100,7,16,16,6,6,600,600,5,30
405.336,47,21,10,11,10,5,5,100,90,100,100,0,100,7,16,16,6,6,600,600,4,30
406.336,47,21,10,11,10,5,5,100,90,100,100,0,100,7,16,16,6,6,600,600,5,30
407.336,47,21,10,11,10,5,5,100,90,100,100,0,100,7,16,16,6,6,600,600,3,30
408.336,47,21,10,11,10,5,5,100,90,100,100,0,100,7,16,16,6,6,600,600,2,30
409.336,47,21,10,11,10,5,5,100,90,100,100,0,100,7,16,16,6,6,600,600,3,30
410.337,47,21,10,11,10,5,5,100,90,100,100,0,100,7,16,16,6,6,600,600,6,30
411.337,47,21,10,11,10,5,5,100,90,100,100,0,100,7,16,16,6,6,600,600,3,30
412.337,47,21,10,11,10,5,5,100,90,100,100,0,100,7,16,16,6,6,600,600,3,30
413.337,47,21,10,11,10,5,5,100,90,100,100,0,100,7,16,16,6,6,600,600,2,30
414.337,47,21,10,11,10,5,5,100,90,100,100,0,100,7,16,16,6,6,600,600,3,30
415.337,47,21,10,11,10,5,5,100,90,100,100,0,100,7,16,16,6,6,600,600,2,30
416.337,47,21,10,11,10,5,5,100,90,100,100,0,100,7,16,16,6,6,600,600,2,30
417.337,47,21,10,11,10,5,5,100,90,100,100,0,100,7,16,16,6,6,600,600,3,30
418.337,47,21,10,11,10,5,5,100,90,100,100,0,100,7,16,16,6,6,600,600,3,30
419.337,47,21,10,11,10,5,5,100,90,100,100,0,100,7,16,16,6,6,600,600,3,30
420.337,47,21,10,11,10,5,5,100,90,100,100,0,100,7,16,16,6,6,600,600,4,30
421.337,47,21,10,11,10,5,5,100,90,100,100,0,100,7,16,16,6,6,600,600,3,30
422.337,47,21,10,11,10,5,5,100,90,100,100,0,100,7,16,16,6,6,600,600,4,30
423.337,47,21,10,11,10,5,5,100,90,100,100,0,100,7,16,16,6,6,600,600,3,30
424.337,47,21,10,11,10,5,5,100,90,100,100,0,100,7,16,16,6,6,600,600,2,30
425.337,47,21,10,11,10,5,5,100,90,100,100,0,100,7,16,16,6,6,600,600,5,30
426.337,47,21,10,11,10,5,5,100,90,100,100,0,100,7,16,16,6,6,600,600,3,30
427.337,47,21,10,11,10,5,5,100,90,100,100,0,100,7,16,16,6,6,600,600,2,30
428.337,47,21,10,11,10,5,5,100,90,100,100,0,100,7,16,16,6,6,600,600,4,30
429.337,47,21,10,11,10,5,5,100,90,100,100,0,100,7,16,16,6,6,600,600,4,30
430.337,47,20,10,11,9,5,5,100,90,100,100,0,100,7,17,17,6,6,600,600,3,30
431.337,47,20,10,11,9,5,5,100,90,100,100,0,100,7,17,17,6,6,600,600,3,30
432.337,47,20,10,11,9,5,5,100,90,100,100,0,100,7,17,17,6,6,600,600,4,30
433.337,47,20,10,11,9,5,5,100,90,100,100,0,100,7,17,17,6,6,600,600,6,30
434.337,47,19,10,10,9,5,5,100,90,100,100,0,100,7,18,18,6,6,600,600,5,30
435.337,47,19,10,10,9,5,5,100,90,100,100,0,100,7,18,18,6,6,600,600,5,30
436.337,47,19,10,10,9,5,5,100,90,100,100,0,100,7,18,18,6,6,600,600,4,30
437.337,47,19,10,10,9,5,5,100,90,100,100,0,100,7,18,18,6,6,600,600,2,30
438.337,47,19,10,10,9,5,5,100,90,100,100,0,100,7,18,18,6,6,600,600,2,30
439.337,47,19,10,10,9,5,5,100,90,100,100,0,100,7,18,18,6,6,600,600,2,30
440.337,47,19,10,10,9,5,5,100,90,100,100,0,100,7,18,18,6,6,600,600,2,30
441.337,47,19,10,10,9,5,5,100,90,100,100,0,100,7,18,18,6,6,600,600,5,30
442.337,47,19,10,10,9,5,5,100,90,100,100,0,100,7,18,18,6,6,600,600,2,30
443.338,47,19,10,10,9,5,5,100,90,100,100,0,100,7,18,18,6,6,600,600,4,30
444.338,47,19,10,10,9,5,5,100,90,100,100,0,100,7,18,18,6,6,600,600,4,30
445.338,47,19,10,10,9,5,5,100,90,100,100,0,100,7,18,18,6,6,600,600,2,30
446.338,47,19,10,10,9,5,5,100,90,100,100,0,100,7,18,18,6,6,600,600,3,30
447.338,47,19,10,10,9,5,5,100,90,100,100,0,100,7,18,18,6,6,600,600,3,30
448.338,47,19,10,10,9,5,5,100,90,100,100,0,100,7,18,18,6,6,600,600,3,30
449.338,47,19,10,10,9,5,5,100,90,100,100,0,100,7,18,18,6,6,600,600,2,30
450.338,47,19,10,10,9,5,5,100,90,100,100,0,100,7,18,18,6,6,600,600,2,30
451.338,47,19,10,10,9,5,5,100,90,100,100,0,100,7,18,18,6,6,600,600,2,30
452.338,47,19,10,10,9,5,5,100,90,100,100,0,100,7,18,18,6,6,600,600,2,30
453.338,47,19,10,10,9,5,5,100,90,100,100,0,100,7,18,18,6,6,600,600,2,30
454.338,47,19,10,10,9,5,5,100,90,100,100,0,100,7,18,18,6,6,600,600,4,30
455.338,47,19,10,10,9,5,5,100,90,100,100,0,100,7,18,18,6,6,600,600,3,30
456.338,47,19,10,10,9,5,5,100,90,100,100,0,100,7,18,18,6,6,600,600,3,30
457.338,47,19,10,10,9,5,5,100,90,100,100,0,100,7,18,18,6,6,600,600,3,30
458.338,47,19,10,10,9,5,5,100,90,100,100,0,100,7,18,18,6,6,600,600,2,30
459.338,47,19,10,10,9,5,5,100,90,100,100,0,100,7,18,18,6,6,600,600,4,30
460.338,47,19,10,10,9,5,5,100,90,100,100,0,100,7,18,18,6,6,600,600,2,30
461.338,47,19,10,10,9,5,5,100,90,100,100,0,100,7,18,18,6,6,600,600,2,30
462.338,47,19,10,10,9,5,5,100,90,100,100,0,100,7,18,18,6,6,600,600,3,30
463.338,47,19,10,10,9,5,5,100,90,100,100,0,100,7,18,18,6,6,600,600,4,30
464.338,47,19,10,10,9,5,5,100,90,100,100,0,100,7,18,18,6,6,600,600,6,30
465.338,47,19,10,10,9,5,5,100,90,100,100,0,100,7,18,18,6,6,600,600,2,30
466.338,47,19,10,10,9,5,5,100,90,100,100,0,100,7,18,18,6,6,600,600,3,30
467.338,47,19,10,10,9,5,5,100,90,100,100,0,100,7,18,18,6,6,600,600,3,30
468.338,47,19,10,10,9,5,5,100,90,100,100,0,100,7,18,18,6,6,600,600,3,30
469.338,47,19,10,10,9,5,5,100,90,100,100,0,100,7,18,18,6,6,600,600,4,30
470.338,47,19,10,10,9,5,5,100,90,100,100,0,100,7,18,18,6,6,600,600,4,30
471.338,47,19,10,10,9,5,5,100,90,100,100,0,100,7,18,18,6,6,600,600,4,30
472.338,47,19,10,10,9,5,5,100,90,100,100,0,100,7,18,18,6,6,600,600,4,30
473.338,47,19,10,10,9,5,5,100,90,100,100,0,100,7,18,18,6,6,600,600,3,30
474.338,47,19,10,10,9,5,5,100,90,100,100,0,100,7,18,18,6,6,600,600,5,30
475.338,47,19,10,10,9,5,5,100,90,100,100,0,100,7,18,18,6,6,600,600,2,30
476.339,47,19,10,10,9,5,5,100,90,100,100,0,100,7,18,18,6,6,600,600,2,30
477.339,47,19,10,10,9,5,5,100,90,100,100,0,100,7,18,18,6,6,600,600,4,30
478.339,47,19,10,10,9,5,5,100,90,100,100,0,100,7,18,18,6,6,600,600,3,30
479.339,47,19,10,10,9,5,5,100,90,100,100,0,100,7,18,18,6,6,600,600,3,30
480.339,47,19,10,10,9,5,5,100,90,100,100,0,100,7,18,18,6,6,600,600,3,30
481.339,47,19,10,10,9,5,5,100,90,100,100,0,100,7,18,18,6,6,600,600,2,30
482.339,47,19,10,10,9,5,5,100,90,100,100,0,100,7,18,18,6,6,600,600,4,30
483.339,47,19,10,10,9,5,5,100,90,100,100,0,100,7,18,18,6,6,600,600,4,30
484.339,47,19,10,10,9,5,5,100,90,100,100,0,100,7,18,18,6,6,600,600,4,30
485.339,47,19,10,10,9,5,5,100,90,100,100,0,100,7,18,18,6,6,600,600,3,30
486.339,47,19,10,10,9,5,5,100,90,100,100,0,100,7,18,18,6,6,600,600,2,30
487.339,47,19,10,10,9,5,5,100,90,100,100,0,100,7,18,18,6,6,600,600,3,30
488.339,47,19,10,10,9,5,5,100,90,100,100,0,100,7,18,18,6,6,600,600,2,30
489.339,47,19,10,10,9,5,5,100,90,100,100,0,100,7,18,18,6,6,600,600,3,30
490.339,47,19,10,10,9,5,5,100,90,100,100,0,100,7,18,18,6,6,600,600,3,30
491.339,47,19,10,10,9,5,5,100,90,100,100,0,100,7,18,18,6,6,600,600,3,30
492.339,48,19,11,10,9,6,5,100,88.182,100,100,0,100,8,18,18,6,6,600,600,2,30
493.339,48,19,11,10,9,6,5,100,88.182,100,100,0,100,8,18,18,6,6,600,600,3,30
494.339,48,19,11,10,9,6,5,100,88.182,100,100,0,100,8,18,18,6,6,600,600,3,30
495.339,48,19,11,10,9,6,5,100,89.545,100,100,0,100,8,18,18,6,6,600,600,4,30
496.339,48,19,11,10,9,6,5,100,89.545,100,100,0,100,8,18,18,6,6,600,600,3,30
497.339,48,19,11,10,9,6,5,100,89.545,100,100,0,100,8,18,18,6,6,600,600,4,30
498.339,48,19,11,10,9,6,5,100,89.545,100,100,0,100,8,18,18,6,6,600,600,3,30
499.339,48,19,11,10,9,6,5,100,89.545,100,100,0,100,8,18,18,6,6,600,600,5,30
500.339,48,19,11,10,9,6,5,100,89.545,100,100,0,100,8,18,18,6,6,600,600,3,30
501.339,48,19,11,10,9,6,5,100,89.545,100,100,0,100,8,18,18,6,6,600,600,3,30
502.339,48,19,11,10,9,6,5,100,89.545,100,100,0,100,8,18,18,6,6,600,600,2,30
503.339,48,19,11,10,9,6,5,100,89.545,100,100,0,100,8,18,18,6,6,600,600,5,30
504.339,48,19,11,10,9,6,5,100,89.545,100,100,0,100,8,18,18,6,6,600,600,5,30
505.339,48,19,11,10,9,6,5,100,89.545,100,100,0,100,8,18,18,6,6,600,600,4,30
506.339,48,19,11,10,9,6,5,100,89.545,100,100,0,100,8,18,18,6,6,600,600,3,30
507.339,48,19,11,10,9,6,5,100,89.545,100,100,0,100,8,18,18,6,6,600,600,3,30
508.339,48,19,11,10,9,6,5,100,89.545,100,100,0,100,8,18,18,6,6,600,600,2,30
509.34,48,18,11,9,9,6,5,100,89.545,100,100,0,100,8,19,19,6,6,600,600,3,30
510.34,48,18,11,9,9,6,5,100,89.545,100,100,0,100,8,19,19,6,6,600,600,4,30
511.34,48,18,11,9,9,6,5,100,89.545,100,100,0,100,8,19,19,6,6,600,600,3,30
512.34,48,18,11,9,9,6,5,100,89.545,100,100,0,100,8,19,19,6,6,600,600,2,30
513.34,48,18,11,9,9,6,5,100,89.545,100,100,0,100,8,19,19,6,6,600,600,3,30
514.339,48,18,11,9,9,6,5,100,89.545,100,100,0,100,8,19,19,6,6,600,600,4,30
515.339,48,18,11,9,9,6,5,100,89.545,100,100,0,100,8,19,19,6,6,600,600,5,30
516.339,48,18,11,9,9,6,5,100,89.545,100,100,0,100,8,19,19,6,6,600,600,2,30
517.339,48,18,11,9,9,6,5,100,89.545,100,100,0,100,8,19,19,6,6,600,600,3,30
518.339,48,18,11,9,9,6,5,100,89.545,100,100,0,100,8,19,19,6,6,600,600,3,30
519.339,48,18,11,9,9,6,5,100,89.545,100,100,0,100,8,19,19,6,6,600,600,3,30
520.339,48,18,11,9,9,6,5,100,89.545,100,100,0,100,8,19,19,6,6,600,600,4,30
521.339,48,18,11,9,9,6,5,100,89.545,100,100,0,100,8,19,19,6,6,600,600,2,30
522.339,48,18,11,9,9,6,5,100,89.545,100,100,0,100,8,19,19,6,6,600,600,3,30
523.339,48,18,11,9,9,6,5,100,89.545,100,100,0,100,8,19,19,6,6,600,600,5,30
524.339,48,18,11,9,9,6,5,100,89.545,100,100,0,100,8,19,19,6,6,600,600,2,30
525.339,48,18,11,9,9,6,5,100,89.545,100,100,0,100,8,19,19,6,6,600,600,3,30
526.339,48,17,11,8,9,6,5,100,89.545,100,100,0,100,8,20,20,6,6,600,600,4,30
527.339,48,17,11,8,9,6,5,100,89.545,100,100,0,100,8,20,20,6,6,600,600,3,30
528.339,48,17,11,8,9,6,5,100,89.545,100,100,0,100,8,20,20,6,6,600,600,4,30
529.339,48,17,11,8,9,6,5,100,89.545,100,100,0,100,8,20,20,6,6,600,600,3,30
530.338,48,17,11,8,9,6,5,100,89.545,100,100,0,100,8,20,20,6,6,600,600,3,30
531.338,48,17,11,8,9,6,5,100,89.545,100,100,0,100,8,20,20,6,6,600,600,2,30
532.338,48,17,11,8,9,6,5,100,89.545,100,100,0,100,8,20,20,6,6,600,600,3,30
533.338,48,17,11,8,9,6,5,100,89.545,100,100,0,100,8,20,20,6,6,600,600,2,30
534.338,48,17,11,8,9,6,5,100,89.545,100,100,0,100,8,20,20,6,6,600,600,4,30
535.338,48,17,11,8,9,6,5,100,89.545,100,100,0,100,8,20,20,6,6,600,600,5,30
536.338,48,17,11,8,9,6,5,100,89.545,100,100,0,100,8,20,20,6,6,600,600,4,30
537.338,48,17,11,8,9,6,5,100,89.545,100,100,0,100,8,20,20,6,6,600,600,3,30
538.338,48,17,11,8,9,6,5,100,89.545,100,100,0,100,8,20,20,6,6,600,600,3,30
539.338,48,17,11,8,9,6,5,100,89.545,100,100,0,100,8,20,20,6,6,600,600,3,30
540.338,48,17,11,8,9,6,5,100,90.909,100,100,0,100,8,20,20,6,6,600,600,3,30
541.338,48,17,11,8,9,6,5,100,90.909,100,100,0,100,8,20,20,6,6,600,600,6,30
542.338,48,17,11,8,9,6,5,100,90.909,100,100,0,100,8,20,20,6,6,600,600,3,30
543.338,48,17,11,8,9,6,5,100,90.909,100,100,0,100,8,20,20,6,6,600,600,4,30
544.338,48,17,11,8,9,6,5,100,90.909,100,100,0,100,8,20,20,6,6,600,600,4,30
545.338,48,17,11,8,9,6,5,100,90.909,100,100,0,100,8,20,20,6,6,600,600,4,30
546.338,48,17,11,8,9,6,5,100,90.909,100,100,0,100,8,20,20,6,6,600,600,4,30
547.337,48,17,11,8,9,6,5,100,90.909,100,100,0,100,8,20,20,6,6,600,600,3,30
548.337,48,17,11,8,9,6,5,100,90.909,100,100,0,100,8,20,20,6,6,600,600,5,30
549.337,48,17,11,8,9,6,5,100,90.909,100,100,0,100,8,20,20,6,6,600,600,2,30
550.337,48,17,11,8,9,6,5,100,90.909,100,100,0,100,8,20,20,6,6,600,600,3,30
551.337,48,17,11,8,9,6,5,100,90.909,100,100,0,100,8,20,20,6,6,600,600,2,30
552.337,48,17,11,8,9,6,5,100,90.909,100,100,0,100,8,20,20,6,6,600,600,2,30
553.337,48,17,11,8,9,6,5,100,90.909,100,100,0,100,8,20,20,6,6,600,600,3,30
554.337,48,17,11,8,9,6,5,100,90.909,100,100,0,100,8,20,20,6,6,600,600,4,30
555.337,48,17,11,8,9,6,5,100,90.909,100,100,0,100,8,20,20,6,6,600,600,3,30
556.337,48,17,11,8,9,6,5,100,90.909,100,100,0,100,8,20,20,6,6,600,600,3,30
557.337,48,17,11,8,9,6,5,100,90.909,100,100,0,100,8,20,20,6,6,600,600,2,30
558.337,48,17,11,8,9,6,5,100,90.909,100,100,0,100,8,20,20,6,6,600,600,3,30
559.337,48,17,11,8,9,6,5,100,90.909,100,100,0,100,8,20,20,6,6,600,600,2,30
560.337,48,17,11,8,9,6,5,100,90.909,100,100,0,100,8,20,20,6,6,600,600,3,30
561.337,48,17,11,8,9,6,5,100,90.909,100,100,0,100,8,20,20,6,6,600,600,2,30
562.337,48,17,11,8,9,6,5,100,90.909,100,100,0,100,8,20,20,6,6,600,600,1,30
563.336,48,17,11,8,9,6,5,100,90.909,100,100,0,100,8,20,20,6,6,600,600,4,30
564.336,48,17,11,8,9,6,5,100,90.909,100,100,0,100,8,20,20,6,6,600,600,6,30
565.336,48,17,11,8,9,6,5,100,90.909,100,100,0,100,8,20,20,6,6,600,600,3,30
566.336,48,17,11,8,9,6,5,100,90.909,100,100,0,100,8,20,20,6,6,600,600,4,30
567.336,48,17,11,8,9,6,5,100,90.909,100,100,0,100,8,20,20,6,6,600,600,6,30
568.336,48,17,11,8,9,6,5,100,90.909,100,100,0,100,8,20,20,6,6,600,600,3,30
569.336,48,17,11,8,9,6,5,100,90.909,100,100,0,100,8,20,20,6,6,600,600,2,30
570.336,48,17,11,8,9,6,5,100,90.909,100,100,0,100,8,20,20,6,6,600,600,3,30
571.336,48,17,11,8,9,6,5,100,90.909,100,100,0,100,8,20,20,6,6,600,600,2,30
572.336,48,17,11,8,9,6,5,100,90.909,100,100,0,100,8,20,20,6,6,600,600,3,30
573.336,48,17,11,8,9,6,5,100,90.909,100,100,0,100,8,20,20,6,6,600,600,3,30
574.336,48,17,11,8,9,6,5,100,90.909,100,100,0,100,8,20,20,6,6,600,600,4,30
575.336,48,17,11,8,9,6,5,100,90.909,100,100,0,100,8,20,20,6,6,600,600,3,30
576.336,48,17,11,8,9,6,5,100,90.909,100,100,0,100,8,20,20,6,6,600,600,4,30
577.336,48,17,11,8,9,6,5,100,90.909,100,100,0,100,8,20,20,6,6,600,600,2,30
578.336,48,17,11,8,9,6,5,100,90.909,100,100,0,100,8,20,20,6,6,600,600,5,30
579.335,48,17,11,8,9,6,5,100,90.909,100,100,0,100,8,20,20,6,6,600,600,5,30
580.335,48,17,11,8,9,6,5,100,90.909,100,100,0,100,8,20,20,6,6,600,600,3,30
581.335,48,17,11,8,9,6,5,100,90.909,100,100,0,100,8,20,20,6,6,600,600,3,30
582.335,48,17,11,8,9,6,5,100,90.909,100,100,0,100,8,20,20,6,6,600,600,4,30
583.335,48,17,11,8,9,6,5,100,90.909,100,100,0,100,8,20,20,6,6,600,600,4,30
584.335,48,17,11,8,9,6,5,100,90.909,100,100,0,100,8,20,20,6,6,600,600,2,30
585.335,48,17,11,8,9,6,5,100,90.909,100,100,0,100,8,20,20,6,6,600,600,4,30
586.335,48,17,11,8,9,6,5,100,90.909,100,100,0,100,8,20,20,6,6,600,600,2,30
587.335,48,17,11,8,9,6,5,100,90.909,100,100,0,100,8,20,20,6,6,600,600,5,30
588.335,48,17,11,8,9,6,5,100,90.909,100,100,0,100,8,20,20,6,6,600,600,2,30
589.335,48,17,11,8,9,6,5,100,90.909,100,100,0,100,8,20,20,6,6,600,600,2,30
590.335,48,17,11,8,9,6,5,100,90.909,100,100,0,100,8,20,20,6,6,600,600,2,30
591.335,48,17,11,8,9,6,5,100,90.909,100,100,0,100,8,20,20,6,6,600,600,4,30
592.335,48,17,11,8,9,6,5,100,90.909,100,100,0,100,8,20,20,6,6,600,600,4,30
593.335,48,17,11,8,9,6,5,100,90.909,100,100,0,100,8,20,20,6,6,600,600,3,30
594.335,48,17,11,8,9,6,5,100,90.909,100,100,0,100,8,20,20,6,6,600,600,4,30
595.335,48,17,11,8,9,6,5,100,90.909,100,100,0,100,8,20,20,6,6,600,600,2,30
596.334,48,17,11,8,9,6,5,100,90.909,100,100,0,100,8,20,20,6,6,600,600,5,30
597.334,48,17,11,8,9,6,5,100,90.909,100,100,0,100,8,20,20,6,6,600,600,2,30
598.334,48,17,11,8,9,6,5,100,90.909,100,100,0,100,8,20,20,6,6,600,600,4,30
599.334,48,17,11,8,9,6,5,100,90.909,100,100,0,100,8,20,20,6,6,600,600,6,30
600.334,48,17,11,8,9,6,5,100,90.909,100,100,0,100,8,20,20,6,6,600,600,6,30
601.334,48,17,11,8,9,6,5,100,90.909,100,100,0,100,8,20,20,6,6,600,600,4,30
602.334,48,17,11,8,9,6,5,100,90.909,100,100,0,100,8,20,20,6,6,600,600,2,30
603.334,48,17,11,8,9,6,5,100,90.909,100,100,0,100,8,20,20,6,6,600,600,4,30
604.334,48,17,11,8,9,6,5,100,90.909,100,100,0,100,8,20,20,6,6,600,600,3,30
605.334,48,17,11,8,9,6,5,100,90.909,100,100,0,100,8,20,20,6,6,600,600,3,30
606.334,48,17,11,8,9,6,5,100,90.909,100,100,0,100,8,20,20,6,6,600,600,3,30
607.334,48,17,11,8,9,6,5,100,90.909,100,100,0,100,8,20,20,6,6,600,600,4,30
608.334,48,17,11,8,9,6,5,100,90.909,100,100,0,100,8,20,20,6,6,600,600,2,30
609.334,48,17,11,8,9,6,5,100,90.909,100,100,0,100,8,20,20,6,6,600,600,2,30
610.334,48,17,11,8,9,6,5,100,90.909,100,100,0,100,8,20,20,6,6,600,600,3,30
611.334,48,17,11,8,9,6,5,100,90.909,100,100,0,100,8,20,20,6,6,600,600,4,30
612.333,48,17,11,8,9,6,5,100,90.909,100,100,0,100,8,20,20,6,6,600,600,3,30
613.333,48,17,11,8,9,6,5,100,90.909,100,100,0,100,8,20,20,6,6,600,600,4,30
614.333,48,17,11,8,9,6,5,100,90.909,100,100,0,100,8,20,20,6,6,600,600,3,30
615.333,48,17,11,8,9,6,5,100,90.909,100,100,0,100,8,20,20,6,6,600,600,3,30
616.333,48,17,11,8,9,6,5,100,90.909,100,100,0,100,8,20,20,6,6,600,600,4,30
617.333,48,17,11,8,9,6,5,100,90.909,100,100,0,100,8,20,20,6,6,600,600,5,30
618.333,48,17,11,8,9,6,5,100,90.909,100,100,0,100,8,20,20,6,6,600,600,3,30
619.333,48,17,11,8,9,6,5,100,90.909,100,100,0,100,8,20,20,6,6,600,600,4,30
620.333,48,17,11,8,9,6,5,100,90.909,100,100,0,100,8,20,20,6,6,600,600,4,30
621.333,48,17,11,8,9,6,5,100,90.909,100,100,0,100,8,20,20,6,6,600,600,4,30
622.333,48,17,11,8,9,6,5,100,90.909,100,100,0,100,8,20,20,6,6,600,600,4,30
623.333,48,17,11,8,9,6,5,100,90.909,100,100,0,100,8,20,20,6,6,600,600,3,30
624.333,48,17,11,8,9,6,5,100,90.909,100,100,0,100,8,20,20,6,6,600,600,5,30
625.333,48,17,11,8,9,6,5,100,90.909,100,100,0,100,8,20,20,6,6,600,600,5,30
626.333,48,17,11,8,9,6,5,100,90.909,100,100,0,100,8,20,20,6,6,600,600,5,30
627.333,48,17,11,8,9,6,5,100,90.909,100,100,0,100,8,20,20,6,6,600,600,4,30
628.333,48,17,11,8,9,6,5,100,90.909,100,100,0,100,8,20,20,6,6,600,600,3,30
629.332,48,17,11,8,9,6,5,100,90.909,100,100,0,100,8,20,20,6,6,600,600,4,30
630.332,48,17,11,8,9,6,5,100,90.909,100,100,0,100,8,20,20,6,6,600,600,4,30
631.332,48,17,11,8,9,6,5,100,90.909,100,100,0,100,8,20,20,6,6,600,600,2,30
632.332,48,17,11,8,9,6,5,100,90.909,100,100,0,100,8,20,20,6,6,600,600,2,30
633.332,48,17,11,8,9,6,5,100,90.909,100,100,0,100,8,20,20,6,6,600,600,2,30
634.332,48,17,11,8,9,6,5,100,90.909,100,100,0,100,8,20,20,6,6,600,600,4,30
635.332,48,17,11,8,9,6,5,100,90.909,100,100,0,100,8,20,20,6,6,600,600,3,30
636.332,48,17,11,8,9,6,5,100,90.909,100,100,0,100,8,20,20,6,6,600,600,2,30
637.332,48,17,11,8,9,6,5,100,90.909,100,100,0,100,8,20,20,6,6,600,600,3,30
638.332,48,17,11,8,9,6,5,100,90.909,100,100,0,100,8,20,20,6,6,600,600,2,30
639.332,48,17,11,8,9,6,5,100,90.909,100,100,0,100,8,20,20,6,6,600,600,2,30
640.332,48,17,11,8,9,6,5,100,90.909,100,100,0,100,8,20,20,6,6,600,600,3,30
641.332,48,17,11,8,9,6,5,100,90.909,100,100,0,100,8,20,20,6,6,600,600,3,30
642.332,48,17,11,8,9,6,5,100,90.909,100,100,0,100,8,20,20,6,6,600,600,3,30
643.332,48,17,11,8,9,6,5,100,90.909,100,100,0,100,8,20,20,6,6,600,600,3,30
644.332,48,17,11,8,9,6,5,100,90.909,100,100,0,100,8,20,20,6,6,600,600,2,30
645.331,48,17,11,8,9,6,5,100,90.909,100,100,0,100,8,20,20,6,6,600,600,5,30
646.331,48,16,11,7,9,6,5,100,90.909,100,100,0,100,8,21,21,6,6,600,600,2,30
647.331,48,16,11,7,9,6,5,100,90.909,100,100,0,100,8,21,21,6,6,600,600,2,30
648.331,48,16,11,7,9,6,5,100,90.909,100,100,0,100,8,21,21,6,6,600,600,2,30
649.331,48,16,11,7,9,6,5,100,90.909,100,100,0,100,8,21,21,6,6,600,600,3,30
650.331,48,16,11,7,9,6,5,100,90.909,100,100,0,100,8,21,21,6,6,600,600,4,30
651.331,48,16,11,7,9,6,5,100,90.909,100,100,0,100,8,21,21,6,6,600,600,2,30
652.331,48,16,11,7,9,6,5,100,90.909,100,100,0,100,8,21,21,6,6,600,600,3,30
653.331,48,16,11,7,9,6,5,100,90.909,100,100,0,100,8,21,21,6,6,600,600,5,30
654.331,48,16,11,7,9,6,5,100,90.909,100,100,0,100,8,21,21,6,6,600,600,4,30
655.331,48,16,11,7,9,6,5,100,90.909,100,100,0,100,8,21,21,6,6,600,600,3,30
656.331,48,16,11,7,9,6,5,100,90.909,100,100,0,100,8,21,21,6,6,600,600,2,30
657.331,48,16,11,7,9,6,5,100,90.909,100,100,0,100,8,21,21,6,6,600,600,5,30
658.331,48,16,11,7,9,6,5,100,90.909,100,100,0,100,8,21,21,6,6,600,600,3,30
659.331,48,16,11,7,9,6,5,100,90.909,100,100,0,100,8,21,21,6,6,600,600,2,30
660.331,48,16,11,7,9,6,5,100,90.909,100,100,0,100,8,21,21,6,6,600,600,4,30
661.33,48,16,11,7,9,6,5,100,90.909,100,100,0,100,8,21,21,6,6,600,600,3,30
662.33,48,16,11,7,9,6,5,100,90.909,100,100,0,100,8,21,21,6,6,600,600,5,30
663.33,48,16,11,7,9,6,5,100,90.909,100,100,0,100,8,21,21,6,6,600,600,4,30
664.33,48,16,11,7,9,6,5,100,90.909,100,100,0,100,8,21,21,6,6,600,600,3,30
665.33,48,16,11,7,9,6,5,100,90.909,100,100,0,100,8,21,21,6,6,600,600,3,30
666.33,48,16,11,7,9,6,5,100,90.909,100,100,0,100,8,21,21,6,6,600,600,3,30
667.33,48,16,11,7,9,6,5,100,90.909,100,100,0,100,8,21,21,6,6,600,600,4,30
668.33,48,16,11,7,9,6,5,100,90.909,100,100,0,100,8,21,21,6,6,600,600,4,30
669.33,48,16,11,7,9,6,5,100,90.909,100,100,0,100,8,21,21,6,6,600,600,2,30
670.33,48,16,11,7,9,6,5,100,90.909,100,100,0,100,8,21,21,6,6,600,600,4,30
671.33,48,16,11,7,9,6,5,100,90.909,100,100,0,100,8,21,21,6,6,600,600,4,30
672.33,48,16,11,7,9,6,5,100,90.909,100,100,0,100,8,21,21,6,6,600,600,2,30
673.33,48,16,11,7,9,6,5,100,90.909,100,100,0,100,8,21,21,6,6,600,600,2,30
674.33,48,16,11,7,9,6,5,100,90.909,100,100,0,100,8,21,21,6,6,600,600,4,30
675.33,48,16,11,7,9,6,5,100,90.909,100,100,0,100,8,21,21,6,6,600,600,4,30
676.33,48,16,11,7,9,6,5,100,90.909,100,100,0,100,8,21,21,6,6,600,600,5,30
677.33,48,16,11,7,9,6,5,100,90.909,100,100,0,100,8,21,21,6,6,600,600,4,30
678.329,48,16,11,7,9,6,5,100,90.909,100,100,0,100,8,21,21,6,6,600,600,3,30
679.329,48,16,11,7,9,6,5,100,90.909,100,100,0,100,8,21,21,6,6,600,600,5,30
680.329,48,16,11,7,9,6,5,100,90.909,100,100,0,100,8,21,21,6,6,600,600,5,30
681.329,48,16,11,7,9,6,5,100,90.909,100,100,0,100,8,21,21,6,6,600,600,6,30
682.329,48,16,11,7,9,6,5,100,90.909,100,100,0,100,8,21,21,6,6,600,600,4,30
683.329,48,16,11,7,9,6,5,100,90.909,100,100,0,100,8,21,21,6,6,600,600,4,30
684.329,48,16,11,7,9,6,5,100,90.909,100,100,0,100,8,21,21,6,6,600,600,4,30
685.329,48,16,11,7,9,6,5,100,90.909,100,100,0,100,8,21,21,6,6,600,600,3,30
686.329,48,16,11,7,9,6,5,100,90.909,100,100,0,100,8,21,21,6,6,600,600,5,30
687.329,48,16,11,7,9,6,5,100,90.909,100,100,0,100,8,21,21,6,6,600,600,4,30
688.329,48,16,11,7,9,6,5,100,90.909,100,100,0,100,8,21,21,6,6,600,600,4,30
689.329,48,16,11,7,9,6,5,100,90.909,100,100,0,100,8,21,21,6,6,600,600,2,30
690.329,48,16,11,7,9,6,5,100,90.909,100,100,0,100,8,21,21,6,6,600,600,2,30
691.329,48,16,11,7,9,6,5,100,90.909,100,100,0,100,8,21,21,6,6,600,600,4,30
692.329,48,16,11,7,9,6,5,100,90.909,100,100,0,100,8,21,21,6,6,600,600,2,30
693.329,48,16,11,7,9,6,5,100,90.909,100,100,0,100,8,21,21,6,6,600,600,3,30
694.328,48,16,11,7,9,6,5,100,90.909,100,100,0,100,8,21,21,6,6,600,600,4,30
695.328,48,16,11,7,9,6,5,100,90.909,100,100,0,100,8,21,21,6,6,600,600,3,30
696.328,48,16,11,7,9,6,5,100,90.909,100,100,0,100,8,21,21,6,6,600,600,2,30
697.328,48,16,11,7,9,6,5,100,90.909,100,100,0,100,8,21,21,6,6,600,600,2,30
698.328,48,16,11,7,9,6,5,100,90.909,100,100,0,100,8,21,21,6,6,600,600,6,30
699.328,48,16,11,7,9,6,5,100,90.909,100,100,0,100,8,21,21,6,6,600,600,2,30
700.328,48,16,11,7,9,6,5,100,90.909,100,100,0,100,8,21,21,6,6,600,600,3,30
701.328,48,16,11,7,9,6,5,100,90.909,100,100,0,100,8,21,21,6,6,600,600,3,30
702.328,48,16,11,7,9,6,5,100,90.909,100,100,0,100,8,21,21,6,6,600,600,3,30
703.328,48,16,11,7,9,6,5,100,90.909,100,100,0,100,8,21,21,6,6,600,600,3,30
704.328,48,16,11,7,9,6,5,100,90.909,100,100,0,100,8,21,21,6,6,600,600,2,30
705.328,48,16,11,7,9,6,5,100,90.909,100,100,0,100,8,21,21,6,6,600,600,2,30
706.328,48,16,11,7,9,6,5,100,90.909,100,100,0,100,8,21,21,6,6,600,600,3,30
707.328,48,16,11,7,9,6,5,100,90.909,100,100,0,100,8,21,21,6,6,600,600,2,30
708.328,48,16,11,7,9,6,5,100,90.909,100,100,0,100,8,21,21,6,6,600,600,3,30
709.328,48,16,11,7,9,6,5,100,90.909,100,100,0,100,8,21,21,6,6,600,600,4,30
710.328,48,16,11,7,9,6,5,100,90.909,100,100,0,100,8,21,21,6,6,600,600,5,30
711.327,48,16,11,7,9,6,5,100,90.909,100,100,0,100,8,21,21,6,6,600,600,3,30
712.327,48,16,11,7,9,6,5,100,90.909,100,100,0,100,8,21,21,6,6,600,600,4,30
713.327,48,16,11,7,9,6,5,100,90.909,100,100,0,100,8,21,21,6,6,600,600,4,30
714.327,48,16,11,7,9,6,5,100,90.909,100,100,0,100,8,21,21,6,6,600,600,2,30
715.327,48,16,11,7,9,6,5,100,90.909,100,100,0,100,8,21,21,6,6,600,600,4,30
716.327,48,16,11,7,9,6,5,100,90.909,100,100,0,100,8,21,21,6,6,600,600,2,30
717.327,48,16,11,7,9,6,5,100,90.909,100,100,0,100,8,21,21,6,6,600,600,4,30
718.327,48,16,11,7,9,6,5,100,90.909,100,100,0,100,8,21,21,6,6,600,600,4,30
719.327,48,16,11,7,9,6,5,100,90.909,100,100,0,100,8,21,21,6,6,600,600,5,30
720.327,48,16,11,7,9,6,5,100,90.909,100,100,0,100,8,21,21,6,6,600,600,5,30
721.327,48,16,11,7,9,6,5,100,90.909,100,100,0,100,8,21,21,6,6,600,600,4,30
722.327,48,16,11,7,9,6,5,100,90.909,100,100,0,100,8,21,21,6,6,600,600,3,30
723.327,48,16,11,7,9,6,5,100,90.909,100,100,0,100,8,21,21,6,6,600,600,4,30
724.327,48,16,11,7,9,6,5,100,90.909,100,100,0,100,8,21,21,6,6,600,600,3,30
725.327,48,16,11,7,9,6,5,100,90.909,100,100,0,100,8,21,21,6,6,600,600,3,30
726.327,48,16,11,7,9,6,5,100,90.909,100,100,0,100,8,21,21,6,6,600,600,3,30
727.326,48,16,11,7,9,6,5,100,90.909,100,100,0,100,8,21,21,6,6,600,600,2,30
728.326,48,16,11,7,9,6,5,100,90.909,100,100,0,100,8,21,21,6,6,600,600,2,30
729.326,48,16,11,7,9,6,5,100,90.909,100,100,0,100,8,21,21,6,6,600,600,2,30
730.326,48,16,11,7,9,6,5,100,90.909,100,100,0,100,8,21,21,6,6,600,600,4,30
731.326,48,16,11,7,9,6,5,100,90.909,100,100,0,100,8,21,21,6,6,600,600,5,30
732.326,48,16,11,7,9,6,5,100,90.909,100,100,0,100,8,21,21,6,6,600,600,4,30
733.326,48,16,11,7,9,6,5,100,90.909,100,100,0,100,8,21,21,6,6,600,600,4,30
734.326,48,16,11,7,9,6,5,100,90.909,100,100,0,100,8,21,21,6,6,600,600,5,30
735.326,48,16,11,7,9,6,5,100,90.909,100,100,0,100,8,21,21,6,6,600,600,4,30
736.326,48,16,11,7,9,6,5,100,90.909,100,100,0,100,8,21,21,6,6,600,600,2,30
737.326,48,16,11,7,9,6,5,100,90.909,100,100,0,100,8,21,21,6,6,600,600,4,30
738.326,48,16,11,7,9,6,5,100,90.909,100,100,0,100,8,21,21,6,6,600,600,2,30
739.326,48,16,11,7,9,6,5,100,90.909,100,100,0,100,8,21,21,6,6,600,600,3,30
740.326,48,16,11,7,9,6,5,100,90.909,100,100,0,100,8,21,21,6,6,600,600,5,30
741.326,48,16,11,7,9,6,5,100,90.909,100,100,0,100,8,21,21,6,6,600,600,4,30
742.326,48,16,11,7,9,6,5,100,90.909,100,100,0,100,8,21,21,6,6,600,600,5,30
743.325,48,16,11,7,9,6,5,100,90.909,100,100,0,100,8,21,21,6,6,600,600,3,30
744.325,48,16,11,7,9,6,5,100,90.909,100,100,0,100,8,21,21,6,6,600,600,4,30
745.325,48,15,11,7,8,6,5,100,90.909,100,100,0,100,8,22,22,6,6,600,600,2,30
746.325,48,15,11,7,8,6,5,100,90.909,100,100,0,100,8,22,22,6,6,600,600,3,30
747.325,48,15,11,7,8,6,5,100,90.909,100,100,0,100,8,22,22,6,6,600,600,3,30
748.325,48,15,11,7,8,6,5,100,90.909,100,100,0,100,8,22,22,6,6,600,600,3,30
749.325,48,15,11,7,8,6,5,100,90.909,100,100,0,100,8,22,22,6,6,600,600,2,30
750.325,48,15,11,7,8,6,5,100,90.909,100,100,0,100,8,22,22,6,6,600,600,4,30
751.325,48,15,11,7,8,6,5,100,90.909,100,100,0,100,8,22,22,6,6,600,600,2,30
752.325,48,15,11,7,8,6,5,100,90.909,100,100,0,100,8,22,22,6,6,600,600,2,30
753.325,48,15,11,7,8,6,5,100,90.909,100,100,0,100,8,22,22,6,6,600,600,4,30
754.325,48,15,11,7,8,6,5,100,90.909,100,100,0,100,8,22,22,6,6,600,600,4,30
755.325,48,15,11,7,8,6,5,100,90.909,100,100,0,100,8,22,22,6,6,600,600,3,30
756.325,48,15,11,7,8,6,5,100,90.909,100,100,0,100,8,22,22,6,6,600,600,2,30
757.325,48,15,11,7,8,6,5,100,90.909,100,100,0,100,8,22,22,6,6,600,600,3,30
758.325,48,15,11,7,8,6,5,100,90.909,100,100,0,100,8,22,22,6,6,600,600,3,30
759.325,48,15,11,7,8,6,5,100,90.909,100,100,0,100,8,22,22,6,6,600,600,3,30
760.324,48,15,11,7,8,6,5,100,90.909,100,100,0,100,8,22,22,6,6,600,600,2,30
761.324,48,15,11,7,8,6,5,100,90.909,100,100,0,100,8,22,22,6,6,600,600,2,30
762.324,48,15,11,7,8,6,5,100,90.909,100,100,0,100,8,22,22,6,6,600,600,4,30
763.324,48,15,11,7,8,6,5,100,90.909,100,100,0,100,8,22,22,6,6,600,600,3,30
764.324,48,15,11,7,8,6,5,100,90.909,100,100,0,100,8,22,22,6,6,600,600,3,30
765.324,48,15,11,7,8,6,5,100,90.909,100,100,0,100,8,22,22,6,6,600,600,6,30
766.324,48,15,11,7,8,6,5,100,90.909,100,100,0,100,8,22,22,6,6,600,600,3,30
767.324,48,15,11,7,8,6,5,100,90.909,100,100,0,100,8,22,22,6,6,600,600,3,30
768.324,48,15,11,7,8,6,5,100,90.909,100,100,0,100,8,22,22,6,6,600,600,4,30
769.324,48,15,11,7,8,6,5,100,90.909,100,100,0,100,8,22,22,6,6,600,600,4,30
770.324,48,15,11,7,8,6,5,100,90.909,100,100,0,100,8,22,22,6,6,600,600,5,30
771.324,48,15,11,7,8,6,5,100,90.909,100,100,0,100,8,22,22,6,6,600,600,5,30
772.324,48,15,11,7,8,6,5,100,90.909,100,100,0,100,8,22,22,6,6,600,600,3,30
773.324,48,15,11,7,8,6,5,100,90.909,100,100,0,100,8,22,22,6,6,600,600,3,30
774.324,48,15,11,7,8,6,5,100,90.909,100,100,0,100,8,22,22,6,6,600,600,3,30
775.324,48,15,11,7,8,6,5,100,90.909,100,100,0,100,8,22,22,6,6,600,600,4,30
776.323,48,15,11,7,8,6,5,100,90.909,100,100,0,100,8,22,22,6,6,600,600,3,30
777.323,48,15,11,7,8,6,5,100,90.909,100,100,0,100,8,22,22,6,6,600,600,3,30
778.323,48,15,11,7,8,6,5,100,90.909,100,100,0,100,8,22,22,6,6,600,600,5,30
779.323,48,15,11,7,8,6,5,100,90.909,100,100,0,100,8,22,22,6,6,600,600,4,30
780.323,48,15,11,7,8,6,5,100,90.909,100,100,0,100,8,22,22,6,6,600,600,4,30
781.323,48,15,11,7,8,6,5,100,90.909,100,100,0,100,8,22,22,6,6,600,600,5,30
782.323,48,15,11,7,8,6,5,100,90.909,100,100,0,100,8,22,22,6,6,600,600,4,30
783.323,48,15,11,7,8,6,5,100,90.909,100,100,0,100,8,22,22,6,6,600,600,5,30
784.323,48,15,11,7,8,6,5,100,90.909,100,100,0,100,8,22,22,6,6,600,600,2,30
785.323,48,15,11,7,8,6,5,100,90.909,100,100,0,100,8,22,22,6,6,600,600,2,30
786.323,48,15,11,7,8,6,5,100,90.909,100,100,0,100,8,22,22,6,6,600,600,4,30
787.323,48,15,11,7,8,6,5,100,90.909,100,100,0,100,8,22,22,6,6,600,600,2,30
788.323,48,15,11,7,8,6,5,100,90.909,100,100,0,100,8,22,22,6,6,600,600,3,30
789.323,48,15,11,7,8,6,5,100,90.909,100,100,0,100,8,22,22,6,6,600,600,3,30
790.323,48,15,11,7,8,6,5,100,90.909,100,100,0,100,8,22,22,6,6,600,600,3,30
791.323,48,15,11,7,8,6,5,100,90.909,100,100,0,100,8,22,22,6,6,600,600,5,30
792.322,48,15,11,7,8,6,5,100,90.909,100,100,0,100,8,22,22,6,6,600,600,4,30
793.322,48,15,11,7,8,6,5,100,90.909,100,100,0,100,8,22,22,6,6,600,600,4,30
794.322,48,15,11,7,8,6,5,100,90.909,100,100,0,100,8,22,22,6,6,600,600,5,30
795.322,48,15,11,7,8,6,5,100,90.909,100,100,0,100,8,22,22,6,6,600,600,3,30
796.322,48,15,11,7,8,6,5,100,90.909,100,100,0,100,8,22,22,6,6,600,600,4,30
797.322,48,15,11,7,8,6,5,100,90.909,100,100,0,100,8,22,22,6,6,600,600,3,30
798.322,48,15,11,7,8,6,5,100,90.909,100,100,0,100,8,22,22,6,6,600,600,3,30
799.322,48,15,11,7,8,6,5,100,90.909,100,100,0,100,8,22,22,6,6,600,600,3,30
800.322,48,15,11,7,8,6,5,100,90.909,100,100,0,100,8,22,22,6,6,600,600,2,30
801.322,48,15,11,7,8,6,5,100,90.909,100,100,0,100,8,22,22,6,6,600,600,7,30
802.322,48,15,11,7,8,6,5,100,90.909,100,100,0,100,8,22,22,6,6,600,600,3,30
803.322,48,15,11,7,8,6,5,100,90.909,100,100,0,100,8,22,22,6,6,600,600,3,30
804.322,48,15,11,7,8,6,5,100,90.909,100,100,0,100,8,22,22,6,6,600,600,6,30
805.322,48,15,11,7,8,6,5,100,90.909,100,100,0,100,8,22,22,6,6,600,600,5,30
806.322,48,15,11,7,8,6,5,100,90.909,100,100,0,100,8,22,22,6,6,600,600,6,30
807.322,48,15,11,7,8,6,5,100,90.909,100,100,0,100,8,22,22,6,6,600,600,3,30
808.322,48,15,11,7,8,6,5,100,90.909,100,100,0,100,8,22,22,6,6,600,600,3,30
809.321,48,15,11,7,8,6,5,100,90.909,100,100,0,100,8,22,22,6,6,600,600,3,30
810.321,48,15,11,7,8,6,5,100,90.909,100,100,0,100,8,22,22,6,6,600,600,2,30
811.321,48,15,11,7,8,6,5,100,90.909,100,100,0,100,8,22,22,6,6,600,600,3,30
812.321,48,15,11,7,8,6,5,100,90.909,100,100,0,100,8,22,22,6,6,600,600,3,30
813.321,48,15,11,7,8,6,5,100,90.909,100,100,0,100,8,22,22,6,6,600,600,3,30
814.321,48,15,11,7,8,6,5,100,90.909,100,100,0,100,8,22,22,6,6,600,600,2,30
815.321,48,15,11,7,8,6,5,100,90.909,100,100,0,100,8,22,22,6,6,600,600,3,30
816.321,48,15,11,7,8,6,5,100,90.909,100,100,0,100,8,22,22,6,6,600,600,4,30
817.321,48,15,11,7,8,6,5,100,90.909,100,100,0,100,8,22,22,6,6,600,600,2,30
818.321,48,15,11,7,8,6,5,100,90.909,100,100,0,100,8,22,22,6,6,600,600,3,30
819.321,48,15,11,7,8,6,5,100,90.909,100,100,0,100,8,22,22,6,6,600,600,5,30
820.321,48,15,11,7,8,6,5,100,90.909,100,100,0,100,8,22,22,6,6,600,600,2,30
821.321,48,15,11,7,8,6,5,100,90.909,100,100,0,100,8,22,22,6,6,600,600,3,30
822.321,48,15,11,7,8,6,5,100,90.909,100,100,0,100,8,22,22,6,6,600,600,3,30
823.321,48,15,11,7,8,6,5,100,90.909,100,100,0,100,8,22,22,6,6,600,600,7,30
824.321,48,15,11,7,8,6,5,100,90.909,100,100,0,100,8,22,22,6,6,600,600,4,30
825.32,48,15,11,7,8,6,5,100,90.909,100,100,0,100,8,22,22,6,6,600,600,4,30
826.32,48,15,11,7,8,6,5,100,90.909,100,100,0,100,8,22,22,6,6,600,600,4,30
827.32,48,15,11,7,8,6,5,100,90.909,100,100,0,100,8,22,22,6,6,600,600,2,30
828.32,48,15,11,7,8,6,5,100,90.909,100,100,0,100,8,22,22,6,6,600,600,3,30
829.32,48,15,11,7,8,6,5,100,90.909,100,100,0,100,8,22,22,6,6,600,600,4,30
830.32,48,15,11,7,8,6,5,100,90.909,100,100,0,100,8,22,22,6,6,600,600,3,30
831.32,48,15,11,7,8,6,5,100,90.909,100,100,0,100,8,22,22,6,6,600,600,3,30
832.32,48,15,11,7,8,6,5,100,90.909,100,100,0,100,8,22,22,6,6,600,600,2,30
833.32,48,15,11,7,8,6,5,100,90.909,100,100,0,100,8,22,22,6,6,600,600,5,30
834.32,48,15,11,7,8,6,5,100,90.909,100,100,0,100,8,22,22,6,6,600,600,2,30
835.32,48,15,11,7,8,6,5,100,90.909,100,100,0,100,8,22,22,6,6,600,600,3,30
836.32,48,15,11,7,8,6,5,100,90.909,100,100,0,100,8,22,22,6,6,600,600,4,30
837.32,48,15,11,7,8,6,5,100,90.909,100,100,0,100,8,22,22,6,6,600,600,3,30
838.32,48,15,11,7,8,6,5,100,90.909,100,100,0,100,8,22,22,6,6,600,600,2,30
839.32,48,15,11,7,8,6,5,100,90.909,100,100,0,100,8,22,22,6,6,600,600,3,30
840.32,48,15,11,7,8,6,5,100,90.909,100,100,0,100,8,22,22,6,6,600,600,4,30
841.32,48,15,11,7,8,6,5,100,90.909,100,100,0,100,8,22,22,6,6,600,600,3,30
842.319,48,15,11,7,8,6,5,100,90.909,100,100,0,100,8,22,22,6,6,600,600,5,30
843.319,48,15,11,7,8,6,5,100,90.909,100,100,0,100,8,22,22,6,6,600,600,4,30
844.319,48,15,11,7,8,6,5,100,90.909,100,100,0,100,8,22,22,6,6,600,600,3,30
845.319,48,15,11,7,8,6,5,100,90.909,100,100,0,100,8,22,22,6,6,600,600,3,30
846.319,48,15,11,7,8,6,5,100,90.909,100,100,0,100,8,22,22,6,6,600,600,2,30
847.319,48,15,11,7,8,6,5,100,90.909,100,100,0,100,8,22,22,6,6,600,600,3,30
848.319,48,15,11,7,8,6,5,100,90.909,100,100,0,100,8,22,22,6,6,600,600,3,30
849.319,48,15,11,7,8,6,5,100,90.909,100,100,0,100,8,22,22,6,6,600,600,4,30
850.319,48,15,11,7,8,6,5,100,90.909,100,100,0,100,8,22,22,6,6,600,600,3,30
851.319,48,15,11,7,8,6,5,100,90.909,100,100,0,100,8,22,22,6,6,600,600,5,30
852.319,48,15,11,7,8,6,5,100,90.909,100,100,0,100,8,22,22,6,6,600,600,3,30
853.319,48,15,11,7,8,6,5,100,90.909,100,100,0,100,8,22,22,6,6,600,600,3,30
854.319,48,15,11,7,8,6,5,100,90.909,100,100,0,100,8,22,22,6,6,600,600,4,30
855.319,48,15,11,7,8,6,5,100,90.909,100,100,0,100,8,22,22,6,6,600,600,3,30
856.319,48,15,11,7,8,6,5,100,90.909,100,100,0,100,8,22,22,6,6,600,600,3,30
857.319,48,15,11,7,8,6,5,100,90.909,100,100,0,100,8,22,22,6,6,600,600,3,30
858.318,48,14,11,6,8,6,5,100,90.909,100,100,0,100,8,23,23,6,6,600,600,3,30
859.318,48,14,11,6,8,6,5,100,90.909,100,100,0,100,8,23,23,6,6,600,600,3,30
860.318,48,14,11,6,8,6,5,100,90.909,100,100,0,100,8,23,23,6,6,600,600,2,30
861.318,48,14,11,6,8,6,5,100,90.909,100,100,0,100,8,23,23,6,6,600,600,2,30
862.318,48,14,11,6,8,6,5,100,90.909,100,100,0,100,8,23,23,6,6,600,600,2,30
863.318,48,14,11,6,8,6,5,100,90.909,100,100,0,100,8,23,23,6,6,600,600,2,30
864.318,48,14,11,6,8,6,5,100,90.909,100,100,0,100,8,23,23,6,6,600,600,4,30
865.318,48,14,11,6,8,6,5,100,90.909,100,100,0,100,8,23,23,6,6,600,600,4,30
866.318,48,14,11,6,8,6,5,100,90.909,100,100,0,100,8,23,23,6,6,600,600,3,30
867.318,48,14,11,6,8,6,5,100,90.909,100,100,0,100,8,23,23,6,6,600,600,4,30
868.318,48,14,11,6,8,6,5,100,90.909,100,100,0,100,8,23,23,6,6,600,600,5,30
869.318,48,14,11,6,8,6,5,100,90.909,100,100,0,100,8,23,23,6,6,600,600,5,30
870.318,48,13,11,6,7,6,5,100,90.909,100,100,0,100,8,24,24,6,6,600,600,4,30
871.318,48,13,11,6,7,6,5,100,90.909,100,100,0,100,8,24,24,6,6,600,600,3,30
872.318,48,13,11,6,7,6,5,100,90.909,100,100,0,100,8,24,24,6,6,600,600,3,30
873.318,48,13,11,6,7,6,5,100,90.909,100,100,0,100,8,24,24,6,6,600,600,4,30
874.317,48,13,11,6,7,6,5,100,90.909,100,100,0,100,8,24,24,6,6,600,600,4,30
875.317,48,13,11,6,7,6,5,100,90.909,100,100,0,100,8,24,24,6,6,600,600,3,30
876.317,48,13,11,6,7,6,5,100,90.909,100,100,0,100,8,24,24,6,6,600,600,3,30
877.317,48,13,11,6,7,6,5,100,90.909,100,100,0,100,8,24,24,6,6,600,600,3,30
878.317,48,13,11,6,7,6,5,100,90.909,100,100,0,100,8,24,24,6,6,600,600,2,30
879.317,48,13,11,6,7,6,5,100,90.909,100,100,0,100,8,24,24,6,6,600,600,3,30
880.317,48,13,11,6,7,6,5,100,90.909,100,100,0,100,8,24,24,6,6,600,600,3,30
881.317,48,13,11,6,7,6,5,100,90.909,100,100,0,100,8,24,24,6,6,600,600,2,30
882.317,48,13,11,6,7,6,5,100,90.909,100,100,0,100,8,24,24,6,6,600,600,3,30
883.317,48,13,11,6,7,6,5,100,90.909,100,100,0,100,8,24,24,6,6,600,600,3,30
884.317,48,13,11,6,7,6,5,100,90.909,100,100,0,100,8,24,24,6,6,600,600,2,30
885.317,48,13,11,6,7,6,5,100,90.909,100,100,0,100,8,24,24,6,6,600,600,3,30
886.317,48,13,11,6,7,6,5,100,90.909,100,100,0,100,8,24,24,6,6,600,600,3,30
887.317,48,13,11,6,7,6,5,100,90.909,100,100,0,100,8,24,24,6,6,600,600,3,30
888.317,48,13,11,6,7,6,5,100,90.909,100,100,0,100,8,24,24,6,6,600,600,2,30
889.317,48,13,11,6,7,6,5,100,90.909,100,100,0,100,8,24,24,6,6,600,600,2,30
890.317,48,13,11,6,7,6,5,100,90.909,100,100,0,100,8,24,24,6,6,600,600,2,30
891.316,48,13,11,6,7,6,5,100,90.909,100,100,0,100,8,24,24,6,6,600,600,2,30
892.316,48,13,11,6,7,6,5,100,90.909,100,100,0,100,8,24,24,6,6,600,600,3,30
893.316,48,13,11,6,7,6,5,100,90.909,100,100,0,100,8,24,24,6,6,600,600,2,30
894.316,48,13,11,6,7,6,5,100,90.909,100,100,0,100,8,24,24,6,6,600,600,3,30
895.316,48,13,11,6,7,6,5,100,90.909,100,100,0,100,8,24,24,6,6,600,600,3,30
896.316,48,13,11,6,7,6,5,100,90.909,100,100,0,100,8,24,24,6,6,600,600,2,30
897.316,48,13,11,6,7,6,5,100,90.909,100,100,0,100,8,24,24,6,6,600,600,3,30
898.316,48,13,11,6,7,6,5,100,90.909,100,100,0,100,8,24,24,6,6,600,600,3,30
899.316,48,13,11,6,7,6,5,100,90.909,100,100,0,100,8,24,24,6,6,600,600,5,30
900.316,48,13,11,6,7,6,5,100,90.909,100,100,0,100,8,24,24,6,6,600,600,3,30
901.316,48,13,11,6,7,6,5,100,90.909,100,100,0,100,8,24,24,6,6,600,600,4,30
902.316,48,13,11,6,7,6,5,100,90.909,100,100,0,100,8,24,24,6,6,600,600,3,30
903.316,48,13,11,6,7,6,5,100,90.909,100,100,0,100,8,24,24,6,6,600,600,3,30
904.316,48,13,11,6,7,6,5,100,90.909,100,100,0,100,8,24,24,6,6,600,600,5,30
905.316,48,13,11,6,7,6,5,100,90.909,100,100,0,100,8,24,24,6,6,600,600,6,30
906.316,48,13,11,6,7,6,5,100,90.909,100,100,0,100,8,24,24,6,6,600,600,5,30
907.315,48,13,11,6,7,6,5,100,90.909,100,100,0,100,8,24,24,6,6,600,600,3,30
908.315,48,13,11,6,7,6,5,100,90.909,100,100,0,100,8,24,24,6,6,600,600,2,30
909.315,48,13,11,6,7,6,5,100,90.909,100,100,0,100,8,24,24,6,6,600,600,2,30
910.315,48,13,11,6,7,6,5,100,90.909,100,100,0,100,8,24,24,6,6,600,600,3,30
911.315,48,13,11,6,7,6,5,100,90.909,100,100,0,100,8,24,24,6,6,600,600,2,30
912.315,48,13,11,6,7,6,5,100,90.909,100,100,0,100,8,24,24,6,6,600,600,2,30
913.315,48,13,11,6,7,6,5,100,90.909,100,100,0,100,8,24,24,6,6,600,600,3,30
914.315,48,13,11,6,7,6,5,100,90.909,100,100,0,100,8,24,24,6,6,600,600,4,30
915.315,48,13,11,6,7,6,5,100,90.909,100,100,0,100,8,24,24,6,6,600,600,2,30
916.315,48,13,11,6,7,6,5,100,90.909,100,100,0,100,8,24,24,6,6,600,600,2,30
917.315,48,13,11,6,7,6,5,100,90.909,100,100,0,100,8,24,24,6,6,600,600,2,30
918.315,48,12,11,6,6,6,5,100,90.909,100,100,0,100,8,25,25,6,6,600,600,3,30
919.315,48,12,11,6,6,6,5,100,90.909,100,100,0,100,8,25,25,6,6,600,600,2,30
920.315,48,12,11,6,6,6,5,100,90.909,100,100,0,100,8,25,25,6,6,600,600,4,30
921.315,48,12,11,6,6,6,5,100,90.909,100,100,0,100,8,25,25,6,6,600,600,2,30
922.315,48,12,11,6,6,6,5,100,90.909,100,100,0,100,8,25,25,6,6,600,600,3,30
923.315,48,12,11,6,6,6,5,100,90.909,100,100,0,100,8,25,25,6,6,600,600,3,30
924.314,48,12,11,6,6,6,5,100,90.909,100,100,0,100,8,25,25,6,6,600,600,3,30
925.314,48,12,11,6,6,6,5,100,90.909,100,100,0,100,8,25,25,6,6,600,600,4,30
926.314,48,12,11,6,6,6,5,100,90.909,100,100,0,100,8,25,25,6,6,600,600,3,30
927.314,48,12,11,6,6,6,5,100,90.909,100,100,0,100,8,25,25,6,6,600,600,3,30
928.314,48,12,11,6,6,6,5,100,90.909,100,100,0,100,8,25,25,6,6,600,600,5,30
929.314,48,12,11,6,6,6,5,100,90.909,100,100,0,100,8,25,25,6,6,600,600,3,30
930.314,48,12,11,6,6,6,5,100,90.909,100,100,0,100,8,25,25,6,6,600,600,3,30
931.314,48,12,11,6,6,6,5,100,90.909,100,100,0,100,8,25,25,6,6,600,600,5,30
932.314,48,12,11,6,6,6,5,100,90.909,100,100,0,100,8,25,25,6,6,600,600,3,30
933.314,48,12,11,6,6,6,5,100,90.909,100,100,0,100,8,25,25,6,6,600,600,4,30
934.314,48,12,11,6,6,6,5,100,90.909,100,100,0,100,8,25,25,6,6,600,600,4,30
935.314,48,12,11,6,6,6,5,100,90.909,100,100,0,100,8,25,25,6,6,600,600,5,30
936.314,48,12,11,6,6,6,5,100,90.909,100,100,0,100,8,25,25,6,6,600,600,2,30
937.314,48,12,11,6,6,6,5,100,90.909,100,100,0,100,8,25,25,6,6,600,600,6,30
938.314,48,12,11,6,6,6,5,100,90.909,100,100,0,100,8,25,25,6,6,600,600,5,30
939.314,48,12,11,6,6,6,5,100,90.909,100,100,0,100,8,25,25,6,6,600,600,5,30
940.313,48,12,11,6,6,6,5,100,90.909,100,100,0,100,8,25,25,6,6,600,600,3,30
941.313,48,12,11,6,6,6,5,100,90.909,100,100,0,100,8,25,25,6,6,600,600,2,30
942.313,48,12,11,6,6,6,5,100,90.909,100,100,0,100,8,25,25,6,6,600,600,2,30
943.313,48,12,11,6,6,6,5,100,90.909,100,100,0,100,8,25,25,6,6,600,600,2,30
944.313,48,12,11,6,6,6,5,100,90.909,100,100,0,100,8,25,25,6,6,600,600,3,30
945.313,48,12,11,6,6,6,5,100,90.909,100,100,0,100,8,25,25,6,6,600,600,3,30
946.313,48,12,11,6,6,6,5,100,90.909,100,100,0,100,8,25,25,6,6,600,600,2,30
947.313,48,12,11,6,6,6,5,100,90.909,100,100,0,100,8,25,25,6,6,600,600,2,30
948.313,48,12,11,6,6,6,5,100,90.909,100,100,0,100,8,25,25,6,6,600,600,2,30
949.313,48,12,11,6,6,6,5,100,90.909,100,100,0,100,8,25,25,6,6,600,600,2,30
950.313,48,12,11,6,6,6,5,100,90.909,100,100,0,100,8,25,25,6,6,600,600,3,30
951.313,48,12,11,6,6,6,5,100,90.909,100,100,0,100,8,25,25,6,6,600,600,4,30
952.313,48,12,11,6,6,6,5,100,90.909,100,100,0,100,8,25,25,6,6,600,600,4,30
953.313,48,12,11,6,6,6,5,100,90.909,100,100,0,100,8,25,25,6,6,600,600,2,30
954.313,48,12,11,6,6,6,5,100,90.909,100,100,0,100,8,25,25,6,6,600,600,5,30
955.313,48,12,11,6,6,6,5,100,90.909,100,100,0,100,8,25,25,6,6,600,600,3,30
956.312,48,12,11,6,6,6,5,100,90.909,100,100,0,100,8,25,25,6,6,600,600,2,30
957.312,48,12,11,6,6,6,5,100,90.909,100,100,0,100,8,25,25,6,6,600,600,3,30
958.312,48,12,11,6,6,6,5,100,90.909,100,100,0,100,8,25,25,6,6,600,600,5,30
959.312,48,12,11,6,6,6,5,100,90.909,100,100,0,100,8,25,25,6,6,600,600,3,30
960.312,48,12,11,6,6,6,5,100,90.909,100,100,0,100,8,25,25,6,6,600,600,3,30
961.312,48,12,11,6,6,6,5,100,90.909,100,100,0,100,8,25,25,6,6,600,600,3,30
962.312,48,12,11,6,6,6,5,100,90.909,100,100,0,100,8,25,25,6,6,600,600,5,30
963.312,48,12,11,6,6,6,5,100,90.909,100,100,0,100,8,25,25,6,6,600,600,4,30
964.312,48,12,11,6,6,6,5,100,90.909,100,100,0,100,8,25,25,6,6,600,600,3,30
965.312,48,12,11,6,6,6,5,100,90.909,100,100,0,100,8,25,25,6,6,600,600,4,30
966.312,48,12,11,6,6,6,5,100,90.909,100,100,0,100,8,25,25,6,6,600,600,3,30
967.312,48,12,11,6,6,6,5,100,90.909,100,100,0,100,8,25,25,6,6,600,600,4,30
968.312,48,12,11,6,6,6,5,100,90.909,100,100,0,100,8,25,25,6,6,600,600,4,30
969.312,48,12,11,6,6,6,5,100,90.909,100,100,0,100,8,25,25,6,6,600,600,4,30
970.312,48,12,11,6,6,6,5,100,90.909,100,100,0,100,8,25,25,6,6,600,600,3,30
971.312,48,12,11,6,6,6,5,100,90.909,100,100,0,100,8,25,25,6,6,600,600,4,30
972.312,48,12,11,6,6,6,5,100,90.909,100,100,0,100,8,25,25,6,6,600,600,3,30
973.311,48,12,11,6,6,6,5,100,90.909,100,100,0,100,8,25,25,6,6,600,600,2,30
974.311,48,12,11,6,6,6,5,100,90.909,100,100,0,100,8,25,25,6,6,600,600,2,30
975.311,48,12,11,6,6,6,5,100,90.909,100,100,0,100,8,25,25,6,6,600,600,2,30
976.311,48,12,11,6,6,6,5,100,90.909,100,100,0,100,8,25,25,6,6,600,600,2,30
977.311,48,12,11,6,6,6,5,100,90.909,100,100,0,100,8,25,25,6,6,600,600,3,30
978.311,48,12,11,6,6,6,5,100,90.909,100,100,0,100,8,25,25,6,6,600,600,2,30
979.311,48,12,11,6,6,6,5,100,90.909,100,100,0,100,8,25,25,6,6,600,600,2,30
980.311,48,12,11,6,6,6,5,100,90.909,100,100,0,100,8,25,25,6,6,600,600,2,30
981.311,48,12,11,6,6,6,5,100,90.909,100,100,0,100,8,25,25,6,6,600,600,2,30
982.311,48,12,11,6,6,6,5,100,90.909,100,100,0,100,8,25,25,6,6,600,600,2,30
983.311,48,12,11,6,6,6,5,100,90.909,100,100,0,100,8,25,25,6,6,600,600,2,30
984.311,48,12,11,6,6,6,5,100,90.909,100,100,0,100,8,25,25,6,6,600,600,2,30
985.311,48,12,11,6,6,6,5,100,90.909,100,100,0,100,8,25,25,6,6,600,600,2,30
986.311,48,12,11,6,6,6,5,100,90.909,100,100,0,100,8,25,25,6,6,600,600,2,30
987.311,48,12,11,6,6,6,5,100,90.909,100,100,0,100,8,25,25,6,6,600,600,5,30
988.311,48,12,11,6,6,6,5,100,90.909,100,100,0,100,8,25,25,6,6,600,600,2,30
989.31,48,12,11,6,6,6,5,100,90.909,100,100,0,100,8,25,25,6,6,600,600,4,30
990.31,48,12,11,6,6,6,5,100,90.909,100,100,0,100,8,25,25,6,6,600,600,3,30
991.31,48,12,11,6,6,6,5,100,90.909,100,100,0,100,8,25,25,6,6,600,600,5,30
992.31,48,12,11,6,6,6,5,100,90.909,100,100,0,100,8,25,25,6,6,600,600,4,30
993.31,48,12,11,6,6,6,5,100,90.909,100,100,0,100,8,25,25,6,6,600,600,3,30
994.31,48,12,11,6,6,6,5,100,90.909,100,100,0,100,8,25,25,6,6,600,600,6,30
995.31,48,12,11,6,6,6,5,100,90.909,100,100,0,100,8,25,25,6,6,600,600,3,30
996.31,48,12,11,6,6,6,5,100,90.909,100,100,0,100,8,25,25,6,6,600,600,4,30
997.31,48,12,11,6,6,6,5,100,90.909,100,100,0,100,8,25,25,6,6,600,600,4,30
998.31,48,12,11,6,6,6,5,100,90.909,100,100,0,100,8,25,25,6,6,600,600,4,30
999.31,48,12,11,6,6,6,5,100,90.909,100,100,0,100,8,25,25,6,6,600,600,5,30
1000.31,48,12,11,6,6,6,5,100,90.909,100,100,0,100,8,25,25,6,6,600,600,5,30
1001.31,48,12,11,6,6,6,5,100,90.909,100,100,0,100,8,25,25,6,6,600,600,6,30
1002.31,48,12,11,6,6,6,5,100,90.909,100,100,0,100,8,25,25,6,6,600,600,6,30
1003.31,48,12,11,6,6,6,5,100,90.909,100,100,0,100,8,25,25,6,6,600,600,4,30
1004.31,48,12,11,6,6,6,5,100,90.909,100,100,0,100,8,25,25,6,6,600,600,2,30
1005.309,48,12,11,6,6,6,5,100,90.909,100,100,0,100,8,25,25,6,6,600,600,5,30
1006.309,48,12,11,6,6,6,5,100,90.909,100,100,0,100,8,25,25,6,6,600,600,4,30
1007.309,48,12,11,6,6,6,5,100,90.909,100,100,0,100,8,25,25,6,6,600,600,2,30
1008.309,48,12,11,6,6,6,5,100,90.909,100,100,0,100,8,25,25,6,6,600,600,4,30
1009.309,48,12,11,6,6,6,5,100,90.909,100,100,0,100,8,25,25,6,6,600,600,3,30
1010.309,48,12,11,6,6,6,5,100,90.909,100,100,0,100,8,25,25,6,6,600,600,2,30
1011.309,48,12,11,6,6,6,5,100,90.909,100,100,0,100,8,25,25,6,6,600,600,4,30
1012.309,48,12,11,6,6,6,5,100,90.909,100,100,0,100,8,25,25,6,6,600,600,3,30
1013.309,48,12,11,6,6,6,5,100,90.909,100,100,0,100,8,25,25,6,6,600,600,3,30
1014.309,48,12,11,6,6,6,5,100,90.909,100,100,0,100,8,25,25,6,6,600,600,5,30
1015.309,48,12,11,6,6,6,5,100,90.909,100,100,0,100,8,25,25,6,6,600,600,5,30
1016.309,48,12,11,6,6,6,5,100,90.909,100,100,0,100,8,25,25,6,6,600,600,3,30
1017.309,48,12,11,6,6,6,5,100,90.909,100,100,0,100,8,25,25,6,6,600,600,3,30
1018.309,48,12,11,6,6,6,5,100,90.909,100,100,0,100,8,25,25,6,6,600,600,4,30
1019.309,48,12,11,6,6,6,5,100,90.909,100,100,0,100,8,25,25,6,6,600,600,3,30
1020.309,48,12,11,6,6,6,5,100,90.909,100,100,0,100,8,25,25,6,6,600,600,5,30
1021.308,48,12,11,6,6,6,5,100,90.909,100,100,0,100,8,25,25,6,6,600,600,4,30
1022.308,48,12,11,6,6,6,5,100,90.909,100,100,0,100,8,25,25,6,6,600,600,5,30
1023.308,48,12,11,6,6,6,5,100,90.909,100,100,0,100,8,25,25,6,6,600,600,6,30
1024.308,48,12,11,6,6,6,5,100,90.909,100,100,0,100,8,25,25,6,6,600,600,4,30
1025.308,48,12,11,6,6,6,5,100,90.909,100,100,0,100,8,25,25,6,6,600,600,3,30
1026.309,48,12,11,6,6,6,5,100,90.909,100,100,0,100,8,25,25,6,6,600,600,3,30
1027.309,48,12,11,6,6,6,5,100,90.909,100,100,0,100,8,25,25,6,6,600,600,2,30
1028.309,48,12,11,6,6,6,5,100,90.909,100,100,0,100,8,25,25,6,6,600,600,3,30
1029.309,48,12,11,6,6,6,5,100,90.909,100,100,0,100,8,25,25,6,6,600,600,4,30
1030.309,48,12,11,6,6,6,5,100,90.909,100,100,0,100,8,25,25,6,6,600,600,2,30
1031.309,48,12,11,6,6,6,5,100,90.909,100,100,0,100,8,25,25,6,6,600,600,3,30
1032.309,48,12,11,6,6,6,5,100,90.909,100,100,0,100,8,25,25,6,6,600,600,2,30
1033.309,48,12,11,6,6,6,5,100,90.909,100,100,0,100,8,25,25,6,6,600,600,4,30
1034.31,48,12,11,6,6,6,5,100,90.909,100,100,0,100,8,25,25,6,6,600,600,4,30
1035.31,48,12,11,6,6,6,5,100,90.909,100,100,0,100,8,25,25,6,6,600,600,4,30
1036.31,48,12,11,6,6,6,5,100,90.909,100,100,0,100,8,25,25,6,6,600,600,3,30
1037.31,48,12,11,6,6,6,5,100,90.909,100,100,0,100,8,25,25,6,6,600,600,3,30
1038.31,48,12,11,6,6,6,5,100,90.909,100,100,0,100,8,25,25,6,6,600,600,3,30
1039.31,48,12,11,6,6,6,5,100,90.909,100,100,0,100,8,25,25,6,6,600,600,3,30
1040.31,48,12,11,6,6,6,5,100,90.909,100,100,0,100,8,25,25,6,6,600,600,3,30
1041.31,48,12,11,6,6,6,5,100,90.909,100,100,0,100,8,25,25,6,6,600,600,4,30
1042.311,48,12,11,6,6,6,5,100,90.909,100,100,0,100,8,25,25,6,6,600,600,6,30
1043.311,48,12,11,6,6,6,5,100,90.909,100,100,0,100,8,25,25,6,6,600,600,4,30
1044.311,48,12,11,6,6,6,5,100,90.909,100,100,0,100,8,25,25,6,6,600,600,4,30
1045.311,48,12,11,6,6,6,5,100,90.909,100,100,0,100,8,25,25,6,6,600,600,6,30
1046.311,48,12,11,6,6,6,5,100,90.909,100,100,0,100,8,25,25,6,6,600,600,4,30
1047.311,48,12,11,6,6,6,5,100,90.909,100,100,0,100,8,25,25,6,6,600,600,4,30
1048.311,48,12,11,6,6,6,5,100,90.909,100,100,0,100,8,25,25,6,6,600,600,4,30
1049.311,48,12,11,6,6,6,5,100,90.909,100,100,0,100,8,25,25,6,6,600,600,2,30
1050.312,48,12,11,6,6,6,5,100,90.909,100,100,0,100,8,25,25,6,6,600,600,2,30
1051.312,48,12,11,6,6,6,5,100,90.909,100,100,0,100,8,25,25,6,6,600,600,4,30
1052.312,48,12,11,6,6,6,5,100,90.909,100,100,0,100,8,25,25,6,6,600,600,2,30
1053.312,48,12,11,6,6,6,5,100,90.909,100,100,0,100,8,25,25,6,6,600,600,2,30
1054.312,48,12,11,6,6,6,5,100,90.909,100,100,0,100,8,25,25,6,6,600,600,3,30
1055.312,48,12,11,6,6,6,5,100,90.909,100,100,0,100,8,25,25,6,6,600,600,3,30
1056.312,48,12,11,6,6,6,5,100,90.909,100,100,0,100,8,25,25,6,6,600,600,4,30
1057.312,48,12,11,6,6,6,5,100,90.909,100,100,0,100,8,25,25,6,6,600,600,2,30
1058.313,48,12,11,6,6,6,5,100,90.909,100,100,0,100,8,25,25,6,6,600,600,2,30
1059.313,48,12,11,6,6,6,5,100,90.909,100,100,0,100,8,25,25,6,6,600,600,2,30
1060.313,48,12,11,6,6,6,5,100,90.909,100,100,0,100,8,25,25,6,6,600,600,2,30
1061.313,48,12,11,6,6,6,5,100,90.909,100,100,0,100,8,25,25,6,6,600,600,3,30
1062.313,48,12,11,6,6,6,5,100,90.909,100,100,0,100,8,25,25,6,6,600,600,2,30
1063.313,48,12,11,6,6,6,5,100,90.909,100,100,0,100,8,25,25,6,6,600,600,2,30
1064.313,48,12,11,6,6,6,5,100,90.909,100,100,0,100,8,25,25,6,6,600,600,3,30
1065.313,48,12,11,6,6,6,5,100,90.909,100,100,0,100,8,25,25,6,6,600,600,3,30
1066.313,48,12,11,6,6,6,5,100,90.909,100,100,0,100,8,25,25,6,6,600,600,3,30
1067.314,48,12,11,6,6,6,5,100,90.909,100,100,0,100,8,25,25,6,6,600,600,2,30
1068.314,48,12,11,6,6,6,5,100,90.909,100,100,0,100,8,25,25,6,6,600,600,3,30
1069.314,48,12,11,6,6,6,5,100,90.909,100,100,0,100,8,25,25,6,6,600,600,2,30
1070.314,48,12,11,6,6,6,5,100,90.909,100,100,0,100,8,25,25,6,6,600,600,3,30
1071.314,48,12,11,6,6,6,5,100,90.909,100,100,0,100,8,25,25,6,6,600,600,4,30
1072.314,48,12,11,6,6,6,5,100,90.909,100,100,0,100,8,25,25,6,6,600,600,4,30
1073.314,48,12,11,6,6,6,5,100,90.909,100,100,0,100,8,25,25,6,6,600,600,3,30
1074.314,48,12,11,6,6,6,5,100,90.909,100,100,0,100,8,25,25,6,6,600,600,2,30
1075.315,48,12,11,6,6,6,5,100,90.909,100,100,0,100,8,25,25,6,6,600,600,3,30
1076.315,48,12,11,6,6,6,5,100,90.909,100,100,0,100,8,25,25,6,6,600,600,2,30
1077.315,48,12,11,6,6,6,5,100,90.909,100,100,0,100,8,25,25,6,6,600,600,3,30
1078.315,48,12,11,6,6,6,5,100,90.909,100,100,0,100,8,25,25,6,6,600,600,3,30
1079.315,48,12,11,6,6,6,5,100,90.909,100,100,0,100,8,25,25,6,6,600,600,2,30
1080.315,48,12,11,6,6,6,5,100,90.909,100,100,0,100,8,25,25,6,6,600,600,4,30
1081.315,48,12,11,6,6,6,5,100,90.909,100,100,0,100,8,25,25,6,6,600,600,3,30
1082.315,48,12,11,6,6,6,5,100,90.909,100,100,0,100,8,25,25,6,6,600,600,4,30
1083.316,48,12,11,6,6,6,5,100,90.909,100,100,0,100,8,25,25,6,6,600,600,3,30
1084.316,48,12,11,6,6,6,5,100,90.909,100,100,0,100,8,25,25,6,6,600,600,3,30
1085.316,48,12,11,6,6,6,5,100,90.909,100,100,0,100,8,25,25,6,6,600,600,4,30
1086.316,48,12,11,6,6,6,5,100,90.909,100,100,0,100,8,25,25,6,6,600,600,2,30
1087.316,48,12,11,6,6,6,5,100,90.909,100,100,0,100,8,25,25,6,6,600,600,3,30
1088.316,48,12,11,6,6,6,5,100,90.909,100,100,0,100,8,25,25,6,6,600,600,4,30
1089.316,48,12,11,6,6,6,5,100,90.909,100,100,0,100,8,25,25,6,6,600,600,3,30
1090.316,48,12,11,6,6,6,5,100,90.909,100,100,0,100,8,25,25,6,6,600,600,4,30
1091.317,48,12,11,6,6,6,5,100,90.909,100,100,0,100,8,25,25,6,6,600,600,4,30
1092.317,48,12,11,6,6,6,5,100,90.909,100,100,0,100,8,25,25,6,6,600,600,4,30
1093.317,48,12,11,6,6,6,5,100,90.909,100,100,0,100,8,25,25,6,6,600,600,4,30
1094.317,48,12,11,6,6,6,5,100,90.909,100,100,0,100,8,25,25,6,6,600,600,4,30
1095.317,48,12,11,6,6,6,5,100,90.909,100,100,0,100,8,25,25,6,6,600,600,5,30
1096.317,48,12,11,6,6,6,5,100,90.909,100,100,0,100,8,25,25,6,6,600,600,4,30
1097.317,48,12,11,6,6,6,5,100,90.909,100,100,0,100,8,25,25,6,6,600,600,4,30
1098.317,48,12,11,6,6,6,5,100,90.909,100,100,0,100,8,25,25,6,6,600,600,3,30
1099.318,48,12,11,6,6,6,5,100,90.909,100,100,0,100,8,25,25,6,6,600,600,4,30
1100.318,48,12,11,6,6,6,5,100,90.909,100,100,0,100,8,25,25,6,6,600,600,3,30
1101.318,48,12,11,6,6,6,5,100,90.909,100,100,0,100,8,25,25,6,6,600,600,3,30
1102.318,48,12,11,6,6,6,5,100,90.909,100,100,0,100,8,25,25,6,6,600,600,2,30
1103.318,48,12,11,6,6,6,5,100,90.909,100,100,0,100,8,25,25,6,6,600,600,2,30
1104.318,48,12,11,6,6,6,5,100,90.909,100,100,0,100,8,25,25,6,6,600,600,2,30
1105.318,48,12,11,6,6,6,5,100,90.909,100,100,0,100,8,25,25,6,6,600,600,3,30
1106.318,48,12,11,6,6,6,5,100,90.909,100,100,0,100,8,25,25,6,6,600,600,5,30
1107.318,48,12,11,6,6,6,5,100,90.909,100,100,0,100,8,25,25,6,6,600,600,3,30
1108.319,48,12,11,6,6,6,5,100,90.909,100,100,0,100,8,25,25,6,6,600,600,3,30
1109.319,48,12,11,6,6,6,5,100,90.909,100,100,0,100,8,25,25,6,6,600,600,3,30
1110.319,48,12,11,6,6,6,5,100,90.909,100,100,0,100,8,25,25,6,6,600,600,3,30
1111.319,48,12,11,6,6,6,5,100,90.909,100,100,0,100,8,25,25,6,6,600,600,2,30
1112.319,48,12,11,6,6,6,5,100,90.909,100,100,0,100,8,25,25,6,6,600,600,3,30
1113.319,48,12,11,6,6,6,5,100,90.909,100,100,0,100,8,25,25,6,6,600,600,4,30
1114.319,48,12,11,6,6,6,5,100,90.909,100,100,0,100,8,25,25,6,6,600,600,2,30
1115.319,48,12,11,6,6,6,5,100,90.909,100,100,0,100,8,25,25,6,6,600,600,4,30
1116.32,48,12,11,6,6,6,5,100,90.909,100,100,0,100,8,25,25,6,6,600,600,2,30
1117.32,48,12,11,6,6,6,5,100,90.909,100,100,0,100,8,25,25,6,6,600,600,2,30
1118.32,48,12,11,6,6,6,5,100,90.909,100,100,0,100,8,25,25,6,6,600,600,4,30
1119.32,48,12,11,6,6,6,5,100,90.909,100,100,0,100,8,25,25,6,6,600,600,2,30
1120.32,48,12,11,6,6,6,5,100,90.909,100,100,0,100,8,25,25,6,6,600,600,2,30
1121.32,48,12,11,6,6,6,5,100,90.909,100,100,0,100,8,25,25,6,6,600,600,2,30
1122.32,48,12,11,6,6,6,5,100,90.909,100,100,0,100,8,25,25,6,6,600,600,3,30
1123.32,48,12,11,6,6,6,5,100,90.909,100,100,0,100,8,25,25,6,6,600,600,4,30
1124.321,48,12,11,6,6,6,5,100,90.909,100,100,0,100,8,25,25,6,6,600,600,5,30
1125.321,48,12,11,6,6,6,5,100,90.909,100,100,0,100,8,25,25,6,6,600,600,5,30
1126.321,48,12,11,6,6,6,5,100,90.909,100,100,0,100,8,25,25,6,6,600,600,4,30
1127.321,48,12,11,6,6,6,5,100,90.909,100,100,0,100,8,25,25,6,6,600,600,4,30
1128.321,48,12,11,6,6,6,5,100,90.909,100,100,0,100,8,25,25,6,6,600,600,3,30
1129.321,48,12,11,6,6,6,5,100,90.909,100,100,0,100,8,25,25,6,6,600,600,2,30
1130.321,48,12,11,6,6,6,5,100,90.909,100,100,0,100,8,25,25,6,6,600,600,3,30
1131.321,48,12,11,6,6,6,5,100,90.909,100,100,0,100,8,25,25,6,6,600,600,2,30
1132.322,48,12,11,6,6,6,5,100,90.909,100,100,0,100,8,25,25,6,6,600,600,2,30
1133.322,48,12,11,6,6,6,5,100,90.909,100,100,0,100,8,25,25,6,6,600,600,3,30
1134.322,48,12,11,6,6,6,5,100,90.909,100,100,0,100,8,25,25,6,6,600,600,5,30
1135.322,48,12,11,6,6,6,5,100,90.909,100,100,0,100,8,25,25,6,6,600,600,4,30
1136.322,48,12,11,6,6,6,5,100,90.909,100,100,0,100,8,25,25,6,6,600,600,4,30
1137.322,48,12,11,6,6,6,5,100,90.909,100,100,0,100,8,25,25,6,6,600,600,4,30
1138.322,48,12,11,6,6,6,5,100,90.909,100,100,0,100,8,25,25,6,6,600,600,4,30
1139.322,48,12,11,6,6,6,5,100,90.909,100,100,0,100,8,25,25,6,6,600,600,3,30
1140.323,48,12,11,6,6,6,5,100,90.909,100,100,0,100,8,25,25,6,6,600,600,4,30
1141.323,48,12,11,6,6,6,5,100,90.909,100,100,0,100,8,25,25,6,6,600,600,4,30
1142.323,48,12,11,6,6,6,5,100,90.909,100,100,0,100,8,25,25,6,6,600,600,2,30
1143.323,48,12,11,6,6,6,5,100,90.909,100,100,0,100,8,25,25,6,6,600,600,3,30
1144.323,48,12,11,6,6,6,5,100,90.909,100,100,0,100,8,25,25,6,6,600,600,3,30
1145.323,48,12,11,6,6,6,5,100,90.909,100,100,0,100,8,25,25,6,6,600,600,2,30
1146.323,48,12,11,6,6,6,5,100,90.909,100,100,0,100,8,25,25,6,6,600,600,2,30
1147.323,48,12,11,6,6,6,5,100,90.909,100,100,0,100,8,25,25,6,6,600,600,3,30
1148.323,48,12,11,6,6,6,5,100,90.909,100,100,0,100,8,25,25,6,6,600,600,2,30
1149.324,48,12,11,6,6,6,5,100,90.909,100,100,0,100,8,25,25,6,6,600,600,2,30
1150.324,48,12,11,6,6,6,5,100,90.909,100,100,0,100,8,25,25,6,6,600,600,2,30
1151.324,48,12,11,6,6,6,5,100,90.909,100,100,0,100,8,25,25,6,6,600,600,4,30
1152.324,48,12,11,6,6,6,5,100,90.909,100,100,0,100,8,25,25,6,6,600,600,4,30
1153.324,48,12,11,6,6,6,5,100,90.909,100,100,0,100,8,25,25,6,6,600,600,5,30
1154.324,48,12,11,6,6,6,5,100,90.909,100,100,0,100,8,25,25,6,6,600,600,4,30
1155.324,48,12,11,6,6,6,5,100,90.909,100,100,0,100,8,25,25,6,6,600,600,3,30
1156.324,48,12,11,6,6,6,5,100,90.909,100,100,0,100,8,25,25,6,6,600,600,4,30
1157.325,48,12,11,6,6,6,5,100,90.909,100,100,0,100,8,25,25,6,6,600,600,3,30
1158.325,48,12,11,6,6,6,5,100,90.909,100,100,0,100,8,25,25,6,6,600,600,3,30
1159.325,48,12,11,6,6,6,5,100,90.909,100,100,0,100,8,25,25,6,6,600,600,4,30
1160.325,48,12,11,6,6,6,5,100,90.909,100,100,0,100,8,25,25,6,6,600,600,2,30
1161.325,48,12,11,6,6,6,5,100,90.909,100,100,0,100,8,25,25,6,6,600,600,3,30
1162.325,48,12,11,6,6,6,5,100,90.909,100,100,0,100,8,25,25,6,6,600,600,4,30
1163.325,48,12,11,6,6,6,5,100,90.909,100,100,0,100,8,25,25,6,6,600,600,3,30
1164.325,48,12,11,6,6,6,5,100,90.909,100,100,0,100,8,25,25,6,6,600,600,4,30
1165.326,48,12,11,6,6,6,5,100,90.909,100,100,0,100,8,25,25,6,6,600,600,4,30
1166.326,48,12,11,6,6,6,5,100,90.909,100,100,0,100,8,25,25,6,6,600,600,4,30
1167.326,48,12,11,6,6,6,5,100,90.909,100,100,0,100,8,25,25,6,6,600,600,2,30
1168.326,48,12,11,6,6,6,5,100,90.909,100,100,0,100,8,25,25,6,6,600,600,2,30
1169.326,48,12,11,6,6,6,5,100,90.909,100,100,0,100,8,25,25,6,6,600,600,2,30
1170.326,48,12,11,6,6,6,5,100,90.909,100,100,0,100,8,25,25,6,6,600,600,4,30
1171.326,48,12,11,6,6,6,5,100,90.909,100,100,0,100,8,25,25,6,6,600,600,5,30
1172.326,48,12,11,6,6,6,5,100,90.909,100,100,0,100,8,25,25,6,6,600,600,4,30
1173.327,48,12,11,6,6,6,5,100,90.909,100,100,0,100,8,25,25,6,6,600,600,4,30
1174.327,48,12,11,6,6,6,5,100,90.909,100,100,0,100,8,25,25,6,6,600,600,4,30
1175.327,48,12,11,6,6,6,5,100,90.909,100,100,0,100,8,25,25,6,6,600,600,3,30
1176.327,48,12,11,6,6,6,5,100,90.909,100,100,0,100,8,25,25,6,6,600,600,4,30
1177.327,48,12,11,6,6,6,5,100,90.909,100,100,0,100,8,25,25,6,6,600,600,5,30
1178.327,48,12,11,6,6,6,5,100,90.909,100,100,0,100,8,25,25,6,6,600,600,4,30
1179.327,48,12,11,6,6,6,5,100,90.909,100,100,0,100,8,25,25,6,6,600,600,3,30
1180.327,48,12,11,6,6,6,5,100,90.909,100,100,0,100,8,25,25,6,6,600,600,3,30
1181.328,48,12,11,6,6,6,5,100,90.909,100,100,0,100,8,25,25,6,6,600,600,3,30
1182.328,48,12,11,6,6,6,5,100,90.909,100,100,0,100,8,25,25,6,6,600,600,3,30
1183.328,48,12,11,6,6,6,5,100,90.909,100,100,0,100,8,25,25,6,6,600,600,3,30
1184.328,48,12,11,6,6,6,5,100,90.909,100,100,0,100,8,25,25,6,6,600,600,2,30
1185.328,48,12,11,6,6,6,5,100,90.909,100,100,0,100,8,25,25,6,6,600,600,2,30
1186.328,48,12,11,6,6,6,5,100,90.909,100,100,0,100,8,25,25,6,6,600,600,2,30
1187.328,48,12,11,6,6,6,5,100,90.909,100,100,0,100,8,25,25,6,6,600,600,2,30
1188.328,48,12,11,6,6,6,5,100,90.909,100,100,0,100,8,25,25,6,6,600,600,3,30
1189.328,48,12,11,6,6,6,5,100,90.909,100,100,0,100,8,25,25,6,6,600,600,2,30
1190.329,48,12,11,6,6,6,5,100,90.909,100,100,0,100,8,25,25,6,6,600,600,4,30
1191.329,48,12,11,6,6,6,5,100,90.909,100,100,0,100,8,25,25,6,6,600,600,3,30
1192.329,48,12,11,6,6,6,5,100,90.909,100,100,0,100,8,25,25,6,6,600,600,3,30
1193.329,48,12,11,6,6,6,5,100,90.909,100,100,0,100,8,25,25,6,6,600,600,2,30
1194.329,48,12,11,6,6,6,5,100,90.909,100,100,0,100,8,25,25,6,6,600,600,4,30
1195.329,48,12,11,6,6,6,5,100,90.909,100,100,0,100,8,25,25,6,6,600,600,3,30
1196.329,48,12,11,6,6,6,5,100,90.909,100,100,0,100,8,25,25,6,6,600,600,3,30
1197.329,48,12,11,6,6,6,5,100,90.909,100,100,0,100,8,25,25,6,6,600,600,5,30
1198.33,48,12,11,6,6,6,5,100,90.909,100,100,0,100,8,25,25,6,6,600,600,4,30
1199.33,48,12,11,6,6,6,5,100,90.909,100,100,0,100,8,25,25,6,6,600,600,6,30
1200.33,48,12,11,6,6,6,5,100,90.909,100,100,0,100,8,25,25,6,6,600,600,3,30
1201.33,48,12,11,6,6,6,5,100,90.909,100,100,0,100,8,25,25,6,6,600,600,3,30
1202.33,48,12,11,6,6,6,5,100,90.909,100,100,0,100,8,25,25,6,6,600,600,5,30
1203.33,48,12,11,6,6,6,5,100,90.909,100,100,0,100,8,25,25,6,6,600,600,3,30
1204.33,48,12,11,6,6,6,5,100,90.909,100,100,0,100,8,25,25,6,6,600,600,3,30
1205.33,48,12,11,6,6,6,5,100,90.909,100,100,0,100,8,25,25,6,6,600,600,5,30
1206.331,48,12,11,6,6,6,5,100,90.909,100,100,0,100,8,25,25,6,6,600,600,5,30
1207.331,48,12,11,6,6,6,5,100,90.909,100,100,0,100,8,25,25,6,6,600,600,4,30
1208.331,48,12,11,6,6,6,5,100,90.909,100,100,0,100,8,25,25,6,6,600,600,3,30
1209.331,48,12,11,6,6,6,5,100,90.909,100,100,0,100,8,25,25,6,6,600,600,3,30
1210.331,48,12,11,6,6,6,5,100,90.909,100,100,0,100,8,25,25,6,6,600,600,5,30
1211.331,48,12,11,6,6,6,5,100,90.909,100,100,0,100,8,25,25,6,6,600,600,3,30
1212.331,48,12,11,6,6,6,5,100,90.909,100,100,0,100,8,25,25,6,6,600,600,5,30
1213.331,48,12,11,6,6,6,5,100,90.909,100,100,0,100,8,25,25,6,6,600,600,4,30
1214.332,48,12,11,6,6,6,5,100,90.909,100,100,0,100,8,25,25,6,6,600,600,5,30
1215.332,48,12,11,6,6,6,5,100,90.909,100,100,0,100,8,25,25,6,6,600,600,4,30
1216.332,48,12,11,6,6,6,5,100,90.909,100,100,0,100,8,25,25,6,6,600,600,4,30
1217.332,48,12,11,6,6,6,5,100,90.909,100,100,0,100,8,25,25,6,6,600,600,4,30
1218.332,48,12,11,6,6,6,5,100,90.909,100,100,0,100,8,25,25,6,6,600,600,3,30
1219.332,48,12,11,6,6,6,5,100,90.909,100,100,0,100,8,25,25,6,6,600,600,3,30
1220.332,48,12,11,6,6,6,5,100,90.909,100,100,0,100,8,25,25,6,6,600,600,5,30
1221.332,48,12,11,6,6,6,5,100,90.909,100,100,0,100,8,25,25,6,6,600,600,3,30
1222.333,48,12,11,6,6,6,5,100,90.909,100,100,0,100,8,25,25,6,6,600,600,4,30
1223.333,48,12,11,6,6,6,5,100,90.909,100,100,0,100,8,25,25,6,6,600,600,3,30
1224.333,48,12,11,6,6,6,5,100,90.909,100,100,0,100,8,25,25,6,6,600,600,4,30
1225.333,48,12,11,6,6,6,5,100,90.909,100,100,0,100,8,25,25,6,6,600,600,4,30
1226.333,48,12,11,6,6,6,5,100,90.909,100,100,0,100,8,25,25,6,6,600,600,3,30
1227.333,48,12,11,6,6,6,5,100,90.909,100,100,0,100,8,25,25,6,6,600,600,2,30
1228.333,48,12,11,6,6,6,5,100,90.909,100,100,0,100,8,25,25,6,6,600,600,3,30
1229.333,48,12,11,6,6,6,5,100,90.909,100,100,0,100,8,25,25,6,6,600,600,2,30
1230.333,48,12,11,6,6,6,5,100,90.909,100,100,0,100,8,25,25,6,6,600,600,5,30
1231.334,48,12,11,6,6,6,5,100,90.909,100,100,0,100,8,25,25,6,6,600,600,4,30
1232.334,48,12,11,6,6,6,5,100,90.909,100,100,0,100,8,25,25,6,6,600,600,5,30
1233.334,48,12,11,6,6,6,5,100,90.909,100,100,0,100,8,25,25,6,6,600,600,3,30
1234.334,48,12,11,6,6,6,5,100,90.909,100,100,0,100,8,25,25,6,6,600,600,4,30
1235.334,48,12,11,6,6,6,5,100,90.909,100,100,0,100,8,25,25,6,6,600,600,3,30
1236.334,48,12,11,6,6,6,5,100,90.909,100,100,0,100,8,25,25,6,6,600,600,3,30
1237.334,48,12,11,6,6,6,5,100,90.909,100,100,0,100,8,25,25,6,6,600,600,3,30
1238.334,48,12,11,6,6,6,5,100,90.909,100,100,0,100,8,25,25,6,6,600,600,2,30
1239.335,48,12,11,6,6,6,5,100,90.909,100,100,0,100,8,25,25,6,6,600,600,2,30
1240.335,48,12,11,6,6,6,5,100,90.909,100,100,0,100,8,25,25,6,6,600,600,2,30
1241.335,48,12,11,6,6,6,5,100,90.909,100,100,0,100,8,25,25,6,6,600,600,2,30
1242.335,48,12,11,6,6,6,5,100,90.909,100,100,0,100,8,25,25,6,6,600,600,3,30
1243.335,48,12,11,6,6,6,5,100,90.909,100,100,0,100,8,25,25,6,6,600,600,2,30
1244.335,48,12,11,6,6,6,5,100,90.909,100,100,0,100,8,25,25,6,6,600,600,2,30
1245.335,48,12,11,6,6,6,5,100,90.909,100,100,0,100,8,25,25,6,6,600,600,3,30
1246.335,48,12,11,6,6,6,5,100,90.909,100,100,0,100,8,25,25,6,6,600,600,3,30
1247.336,48,12,11,6,6,6,5,100,90.909,100,100,0,100,8,25,25,6,6,600,600,4,30
1248.336,48,12,11,6,6,6,5,100,90.909,100,100,0,100,8,25,25,6,6,600,600,3,30
1249.336,48,12,11,6,6,6,5,100,90.909,100,100,0,100,8,25,25,6,6,600,600,3,30
1250.336,48,12,11,6,6,6,5,100,90.909,100,100,0,100,8,25,25,6,6,600,600,3,30
1251.336,48,12,11,6,6,6,5,100,90.909,100,100,0,100,8,25,25,6,6,600,600,3,30
1252.336,48,12,11,6,6,6,5,100,90.909,100,100,0,100,8,25,25,6,6,600,600,2,30
1253.336,48,12,11,6,6,6,5,100,90.909,100,100,0,100,8,25,25,6,6,600,600,3,30
1254.336,48,12,11,6,6,6,5,100,90.909,100,100,0,100,8,25,25,6,6,600,600,3,30
1255.337,48,12,11,6,6,6,5,100,90.909,100,100,0,100,8,25,25,6,6,600,600,3,30
1256.337,48,12,11,6,6,6,5,100,90.909,100,100,0,100,8,25,25,6,6,600,600,2,30
1257.337,48,12,11,6,6,6,5,100,90.909,100,100,0,100,8,25,25,6,6,600,600,3,30
1258.337,48,12,11,6,6,6,5,100,90.909,100,100,0,100,8,25,25,6,6,600,600,3,30
1259.337,48,12,11,6,6,6,5,100,90.909,100,100,0,100,8,25,25,6,6,600,600,6,30
1260.337,48,12,11,6,6,6,5,100,90.909,100,100,0,100,8,25,25,6,6,600,600,4,30
1261.337,48,12,11,6,6,6,5,100,90.909,100,100,0,100,8,25,25,6,6,600,600,3,30
1262.337,48,12,11,6,6,6,5,100,90.909,100,100,0,100,8,25,25,6,6,600,600,4,30
1263.338,48,12,11,6,6,6,5,100,90.909,100,100,0,100,8,25,25,6,6,600,600,4,30
1264.338,48,12,11,6,6,6,5,100,90.909,100,100,0,100,8,25,25,6,6,600,600,2,30
1265.338,48,12,11,6,6,6,5,100,90.909,100,100,0,100,8,25,25,6,6,600,600,3,30
1266.338,48,12,11,6,6,6,5,100,90.909,100,100,0,100,8,25,25,6,6,600,600,3,30
1267.338,48,12,11,6,6,6,5,100,90.909,100,100,0,100,8,25,25,6,6,600,600,3,30
1268.338,48,12,11,6,6,6,5,100,90.909,100,100,0,100,8,25,25,6,6,600,600,4,30
1269.338,48,12,11,6,6,6,5,100,90.909,100,100,0,100,8,25,25,6,6,600,600,6,30
1270.338,48,12,11,6,6,6,5,100,90.909,100,100,0,100,8,25,25,6,6,600,600,3,30
1271.339,48,12,11,6,6,6,5,100,90.909,100,100,0,100,8,25,25,6,6,600,600,3,30
1272.339,48,12,11,6,6,6,5,100,90.909,100,100,0,100,8,25,25,6,6,600,600,3,30
1273.339,48,12,11,6,6,6,5,100,90.909,100,100,0,100,8,25,25,6,6,600,600,3,30
1274.339,48,12,11,6,6,6,5,100,90.909,100,100,0,100,8,25,25,6,6,600,600,3,30
1275.339,48,12,11,6,6,6,5,100,90.909,100,100,0,100,8,25,25,6,6,600,600,6,30
1276.339,48,12,11,6,6,6,5,100,90.909,100,100,0,100,8,25,25,6,6,600,600,4,30
1277.339,48,12,11,6,6,6,5,100,90.909,100,100,0,100,8,25,25,6,6,600,600,3,30
1278.339,48,12,11,6,6,6,5,100,90.909,100,100,0,100,8,25,25,6,6,600,600,5,30
1279.339,48,12,11,6,6,6,5,100,90.909,100,100,0,100,8,25,25,6,6,600,600,2,30
1280.34,48,12,11,6,6,6,5,100,90.909,100,100,0,100,8,25,25,6,6,600,600,3,30
1281.34,48,12,11,6,6,6,5,100,90.909,100,100,0,100,8,25,25,6,6,600,600,1,30
1282.34,48,12,11,6,6,6,5,100,90.909,100,100,0,100,8,25,25,6,6,600,600,3,30
1283.34,48,12,11,6,6,6,5,100,90.909,100,100,0,100,8,25,25,6,6,600,600,5,30
1284.34,48,12,11,6,6,6,5,100,90.909,100,100,0,100,8,25,25,6,6,600,600,2,30
1285.34,48,12,11,6,6,6,5,100,90.909,100,100,0,100,8,25,25,6,6,600,600,4,30
1286.34,48,12,11,6,6,6,5,100,90.909,100,100,0,100,8,25,25,6,6,600,600,2,30
1287.34,48,12,11,6,6,6,5,100,90.909,100,100,0,100,8,25,25,6,6,600,600,3,30
1288.341,48,12,11,6,6,6,5,100,90.909,100,100,0,100,8,25,25,6,6,600,600,2,30
1289.341,48,12,11,6,6,6,5,100,90.909,100,100,0,100,8,25,25,6,6,600,600,2,30
1290.341,48,12,11,6,6,6,5,100,90.909,100,100,0,100,8,25,25,6,6,600,600,2,30
1291.341,48,12,11,6,6,6,5,100,90.909,100,100,0,100,8,25,25,6,6,600,600,2,30
1292.341,48,12,11,6,6,6,5,100,90.909,100,100,0,100,8,25,25,6,6,600,600,3,30
1293.341,48,12,11,6,6,6,5,100,90.909,100,100,0,100,8,25,25,6,6,600,600,2,30
1294.341,48,12,11,6,6,6,5,100,90.909,100,100,0,100,8,25,25,6,6,600,600,2,30
1295.341,48,12,11,6,6,6,5,100,90.909,100,100,0,100,8,25,25,6,6,600,600,3,30
1296.342,48,12,11,6,6,6,5,100,90.909,100,100,0,100,8,25,25,6,6,600,600,4,30
1297.342,48,12,11,6,6,6,5,100,90.909,100,100,0,100,8,25,25,6,6,600,600,3,30
1298.342,48,12,11,6,6,6,5,100,90.909,100,100,0,100,8,25,25,6,6,600,600,4,30
1299.342,48,12,11,6,6,6,5,100,90.909,100,100,0,100,8,25,25,6,6,600,600,4,30
1300.342,48,12,11,6,6,6,5,100,90.909,100,100,0,100,8,25,25,6,6,600,600,4,30
1301.342,48,12,11,6,6,6,5,100,90.909,100,100,0,100,8,25,25,6,6,600,600,2,30
1302.342,48,12,11,6,6,6,5,100,90.909,100,100,0,100,8,25,25,6,6,600,600,4,30
1303.342,48,12,11,6,6,6,5,100,90.909,100,100,0,100,8,25,25,6,6,600,600,2,30
1304.343,48,12,11,6,6,6,5,100,90.909,100,100,0,100,8,25,25,6,6,600,600,4,30
1305.343,48,12,11,6,6,6,5,100,90.909,100,100,0,100,8,25,25,6,6,600,600,3,30
1306.343,48,12,11,6,6,6,5,100,90.909,100,100,0,100,8,25,25,6,6,600,600,2,30
1307.343,48,12,11,6,6,6,5,100,90.909,100,100,0,100,8,25,25,6,6,600,600,3,30
1308.343,48,12,11,6,6,6,5,100,90.909,100,100,0,100,8,25,25,6,6,600,600,2,30
1309.343,48,12,11,6,6,6,5,100,90.909,100,100,0,100,8,25,25,6,6,600,600,3,30
1310.343,48,12,11,6,6,6,5,100,90.909,100,100,0,100,8,25,25,6,6,600,600,4,30
1311.343,48,12,11,6,6,6,5,100,90.909,100,100,0,100,8,25,25,6,6,600,600,4,30
1312.344,48,12,11,6,6,6,5,100,90.909,100,100,0,100,8,25,25,6,6,600,600,2,30
1313.344,48,12,11,6,6,6,5,100,90.909,100,100,0,100,8,25,25,6,6,600,600,2,30
1314.344,48,12,11,6,6,6,5,100,90.909,100,100,0,100,8,25,25,6,6,600,600,3,30
1315.344,48,12,11,6,6,6,5,100,90.909,100,100,0,100,8,25,25,6,6,600,600,2,30
1316.344,48,12,11,6,6,6,5,100,90.909,100,100,0,100,8,25,25,6,6,600,600,2,30
1317.344,48,12,11,6,6,6,5,100,90.909,100,100,0,100,8,25,25,6,6,600,600,2,30
1318.344,48,12,11,6,6,6,5,100,90.909,100,100,0,100,8,25,25,6,6,600,600,3,30
1319.344,48,12,11,6,6,6,5,100,90.909,100,100,0,100,8,25,25,6,6,600,600,4,30
1320.344,48,12,11,6,6,6,5,100,90.909,100,100,0,100,8,25,25,6,6,600,600,4,30
1321.345,48,12,11,6,6,6,5,100,90.909,100,100,0,100,8,25,25,6,6,600,600,3,30
1322.345,48,12,11,6,6,6,5,100,90.909,100,100,0,100,8,25,25,6,6,600,600,5,30
1323.345,48,12,11,6,6,6,5,100,90.909,100,100,0,100,8,25,25,6,6,600,600,4,30
1324.345,48,12,11,6,6,6,5,100,90.909,100,100,0,100,8,25,25,6,6,600,600,2,30
1325.345,48,12,11,6,6,6,5,100,90.909,100,100,0,100,8,25,25,6,6,600,600,5,30
1326.345,48,12,11,6,6,6,5,100,90.909,100,100,0,100,8,25,25,6,6,600,600,5,30
1327.345,48,12,11,6,6,6,5,100,90.909,100,100,0,100,8,25,25,6,6,600,600,3,30
1328.345,48,12,11,6,6,6,5,100,90.909,100,100,0,100,8,25,25,6,6,600,600,4,30
1329.346,48,12,11,6,6,6,5,100,90.909,100,100,0,100,8,25,25,6,6,600,600,4,30
1330.346,48,12,11,6,6,6,5,100,90.909,100,100,0,100,8,25,25,6,6,600,600,3,30
1331.346,48,12,11,6,6,6,5,100,90.909,100,100,0,100,8,25,25,6,6,600,600,2,30
1332.346,48,12,11,6,6,6,5,100,90.909,100,100,0,100,8,25,25,6,6,600,600,2,30
1333.346,48,12,11,6,6,6,5,100,90.909,100,100,0,100,8,25,25,6,6,600,600,2,30
1334.346,48,12,11,6,6,6,5,100,90.909,100,100,0,100,8,25,25,6,6,600,600,4,30
1335.346,48,12,11,6,6,6,5,100,90.909,100,100,0,100,8,25,25,6,6,600,600,3,30
1336.346,48,12,11,6,6,6,5,100,90.909,100,100,0,100,8,25,25,6,6,600,600,4,30
1337.347,48,12,11,6,6,6,5,100,90.909,100,100,0,100,8,25,25,6,6,600,600,2,30
1338.347,48,12,11,6,6,6,5,100,90.909,100,100,0,100,8,25,25,6,6,600,600,3,30
1339.347,48,12,11,6,6,6,5,100,90.909,100,100,0,100,8,25,25,6,6,600,600,2,30
1340.347,48,12,11,6,6,6,5,100,90.909,100,100,0,100,8,25,25,6,6,600,600,3,30
1341.347,48,12,11,6,6,6,5,100,90.909,100,100,0,100,8,25,25,6,6,600,600,3,30
1342.347,48,12,11,6,6,6,5,100,90.909,100,100,0,100,8,25,25,6,6,600,600,4,30
1343.347,48,12,11,6,6,6,5,100,90.909,100,100,0,100,8,25,25,6,6,600,600,3,30
1344.347,48,12,11,6,6,6,5,100,90.909,100,100,0,100,8,25,25,6,6,600,600,3,30
1345.348,48,12,11,6,6,6,5,100,90.909,100,100,0,100,8,25,25,6,6,600,600,4,30
1346.348,48,12,11,6,6,6,5,100,90.909,100,100,0,100,8,25,25,6,6,600,600,3,30
1347.348,48,12,11,6,6,6,5,100,90.909,100,100,0,100,8,25,25,6,6,600,600,2,30
1348.348,48,12,11,6,6,6,5,100,90.909,100,100,0,100,8,25,25,6,6,600,600,3,30
1349.348,48,12,11,6,6,6,5,100,90.909,100,100,0,100,8,25,25,6,6,600,600,2,30
1350.348,48,12,11,6,6,6,5,100,90.909,100,100,0,100,8,25,25,6,6,600,600,4,30
1351.348,48,12,11,6,6,6,5,100,90.909,100,100,0,100,8,25,25,6,6,600,600,2,30
1352.348,48,12,11,6,6,6,5,100,90.909,100,100,0,100,8,25,25,6,6,600,600,3,30
1353.349,48,12,11,6,6,6,5,100,90.909,100,100,0,100,8,25,25,6,6,600,600,2,30
1354.349,48,12,11,6,6,6,5,100,90.909,100,100,0,100,8,25,25,6,6,600,600,3,30
1355.349,48,12,11,6,6,6,5,100,90.909,100,100,0,100,8,25,25,6,6,600,600,2,30
1356.349,48,12,11,6,6,6,5,100,90.909,100,100,0,100,8,25,25,6,6,600,600,2,30
1357.349,48,12,11,6,6,6,5,100,90.909,100,100,0,100,8,25,25,6,6,600,600,3,30
1358.349,48,12,11,6,6,6,5,100,90.909,100,100,0,100,8,25,25,6,6,600,600,4,30
1359.349,48,12,11,6,6,6,5,100,90.909,100,100,0,100,8,25,25,6,6,600,600,5,30
1360.349,48,12,11,6,6,6,5,100,90.909,100,100,0,100,8,25,25,6,6,600,600,5,30
1361.349,48,12,11,6,6,6,5,100,90.909,100,100,0,100,8,25,25,6,6,600,600,3,30
1362.35,48,12,11,6,6,6,5,100,90.909,100,100,0,100,8,25,25,6,6,600,600,4,30
1363.35,48,12,11,6,6,6,5,100,90.909,100,100,0,100,8,25,25,6,6,600,600,2,30
1364.35,48,12,11,6,6,6,5,100,90.909,100,100,0,100,8,25,25,6,6,600,600,5,30
1365.35,48,12,11,6,6,6,5,100,90.909,100,100,0,100,8,25,25,6,6,600,600,4,30
1366.35,48,12,11,6,6,6,5,100,90.909,100,100,0,100,8,25,25,6,6,600,600,4,30
1367.35,48,12,11,6,6,6,5,100,90.909,100,100,0,100,8,25,25,6,6,600,600,2,30
1368.35,48,12,11,6,6,6,5,100,90.909,100,100,0,100,8,25,25,6,6,600,600,2,30
1369.35,48,12,11,6,6,6,5,100,90.909,100,100,0,100,8,25,25,6,6,600,600,2,30
1370.351,48,12,11,6,6,6,5,100,90.909,100,100,0,100,8,25,25,6,6,600,600,2,30
1371.351,48,12,11,6,6,6,5,100,90.909,100,100,0,100,8,25,25,6,6,600,600,4,30
1372.351,48,12,11,6,6,6,5,100,90.909,100,100,0,100,8,25,25,6,6,600,600,3,30
1373.351,48,12,11,6,6,6,5,100,90.909,100,100,0,100,8,25,25,6,6,600,600,3,30
1374.351,48,12,11,6,6,6,5,100,90.909,100,100,0,100,8,25,25,6,6,600,600,2,30
1375.351,48,12,11,6,6,6,5,100,90.909,100,100,0,100,8,25,25,6,6,600,600,3,30
1376.351,48,12,11,6,6,6,5,100,90.909,100,100,0,100,8,25,25,6,6,600,600,3,30
1377.351,48,12,11,6,6,6,5,100,90.909,100,100,0,100,8,25,25,6,6,600,600,2,30
1378.352,48,12,11,6,6,6,5,100,90.909,100,100,0,100,8,25,25,6,6,600,600,2,30
1379.352,48,12,11,6,6,6,5,100,90.909,100,100,0,100,8,25,25,6,6,600,600,2,30
1380.352,48,12,11,6,6,6,5,100,90.909,100,100,0,100,8,25,25,6,6,600,600,2,30
1381.352,48,12,11,6,6,6,5,100,90.909,100,100,0,100,8,25,25,6,6,600,600,3,30
1382.352,48,12,11,6,6,6,5,100,90.909,100,100,0,100,8,25,25,6,6,600,600,2,30
1383.352,48,12,11,6,6,6,5,100,90.909,100,100,0,100,8,25,25,6,6,600,600,4,30
1384.352,48,12,11,6,6,6,5,100,90.909,100,100,0,100,8,25,25,6,6,600,600,2,30
1385.352,48,12,11,6,6,6,5,100,90.909,100,100,0,100,8,25,25,6,6,600,600,2,30
1386.353,48,12,11,6,6,6,5,100,90.909,100,100,0,100,8,25,25,6,6,600,600,3,30
1387.353,48,12,11,6,6,6,5,100,90.909,100,100,0,100,8,25,25,6,6,600,600,3,30
1388.353,48,12,11,6,6,6,5,100,90.909,100,100,0,100,8,25,25,6,6,600,600,3,30
1389.353,48,12,11,6,6,6,5,100,90.909,100,100,0,100,8,25,25,6,6,600,600,4,30
1390.353,48,12,11,6,6,6,5,100,90.909,100,100,0,100,8,25,25,6,6,600,600,3,30
1391.353,48,12,11,6,6,6,5,100,90.909,100,100,0,100,8,25,25,6,6,600,600,4,30
1392.353,48,12,11,6,6,6,5,100,90.909,100,100,0,100,8,25,25,6,6,600,600,5,30
1393.353,48,12,11,6,6,6,5,100,90.909,100,100,0,100,8,25,25,6,6,600,600,3,30
1394.354,48,12,11,6,6,6,5,100,90.909,100,100,0,100,8,25,25,6,6,600,600,4,30
1395.354,48,12,11,6,6,6,5,100,90.909,100,100,0,100,8,25,25,6,6,600,600,4,30
1396.354,48,12,11,6,6,6,5,100,90.909,100,100,0,100,8,25,25,6,6,600,600,3,30
1397.354,48,12,11,6,6,6,5,100,90.909,100,100,0,100,8,25,25,6,6,600,600,3,30
1398.354,48,12,11,6,6,6,5,100,90.909,100,100,0,100,8,25,25,6,6,600,600,5,30
1399.354,48,12,11,6,6,6,5,100,90.909,100,100,0,100,8,25,25,6,6,600,600,4,30
1400.354,48,12,11,6,6,6,5,100,90.909,100,100,0,100,8,25,25,6,6,600,600,3,30
1401.354,48,12,11,6,6,6,5,100,90.909,100,100,0,100,8,25,25,6,6,600,600,4,30
1402.354,48,12,11,6,6,6,5,100,90.909,100,100,0,100,8,25,25,6,6,600,600,4,30
1403.355,48,12,11,6,6,6,5,100,90.909,100,100,0,100,8,25,25,6,6,600,600,3,30
1404.355,48,12,11,6,6,6,5,100,90.909,100,100,0,100,8,25,25,6,6,600,600,6,30
1405.355,48,12,11,6,6,6,5,100,90.909,100,100,0,100,8,25,25,6,6,600,600,4,30
1406.355,48,12,11,6,6,6,5,100,90.909,100,100,0,100,8,25,25,6,6,600,600,2,30
1407.355,48,12,11,6,6,6,5,100,90.909,100,100,0,100,8,25,25,6,6,600,600,3,30
1408.355,48,12,11,6,6,6,5,100,90.909,100,100,0,100,8,25,25,6,6,600,600,2,30
1409.355,48,12,11,6,6,6,5,100,90.909,100,100,0,100,8,25,25,6,6,600,600,3,30
1410.355,48,12,11,6,6,6,5,100,90.909,100,100,0,100,8,25,25,6,6,600,600,4,30
1411.356,48,12,11,6,6,6,5,100,90.909,100,100,0,100,8,25,25,6,6,600,600,4,30
1412.356,48,12,11,6,6,6,5,100,90.909,100,100,0,100,8,25,25,6,6,600,600,3,30
1413.356,48,12,11,6,6,6,5,100,90.909,100,100,0,100,8,25,25,6,6,600,600,3,30
1414.356,48,12,11,6,6,6,5,100,90.909,100,100,0,100,8,25,25,6,6,600,600,3,30
1415.356,48,12,11,6,6,6,5,100,90.909,100,100,0,100,8,25,25,6,6,600,600,3,30
1416.356,48,12,11,6,6,6,5,100,90.909,100,100,0,100,8,25,25,6,6,600,600,4,30
1417.356,48,12,11,6,6,6,5,100,90.909,100,100,0,100,8,25,25,6,6,600,600,3,30
1418.356,48,12,11,6,6,6,5,100,90.909,100,100,0,100,8,25,25,6,6,600,600,4,30
1419.357,48,12,11,6,6,6,5,100,90.909,100,100,0,100,8,25,25,6,6,600,600,3,30
1420.357,48,12,11,6,6,6,5,100,90.909,100,100,0,100,8,25,25,6,6,600,600,4,30
1421.357,48,12,11,6,6,6,5,100,90.909,100,100,0,100,8,25,25,6,6,600,600,2,30
1422.357,48,12,11,6,6,6,5,100,90.909,100,100,0,100,8,25,25,6,6,600,600,3,30
1423.357,48,12,11,6,6,6,5,100,90.909,100,100,0,100,8,25,25,6,6,600,600,4,30
1424.357,48,12,11,6,6,6,5,100,90.909,100,100,0,100,8,25,25,6,6,600,600,4,30
1425.357,48,12,11,6,6,6,5,100,90.909,100,100,0,100,8,25,25,6,6,600,600,3,30
1426.357,48,12,11,6,6,6,5,100,90.909,100,100,0,100,8,25,25,6,6,600,600,4,30
1427.358,48,12,11,6,6,6,5,100,90.909,100,100,0,100,8,25,25,6,6,600,600,2,30
1428.358,48,12,11,6,6,6,5,100,90.909,100,100,0,100,8,25,25,6,6,600,600,3,30
1429.358,48,12,11,6,6,6,5,100,90.909,100,100,0,100,8,25,25,6,6,600,600,3,30
1430.358,48,12,11,6,6,6,5,100,90.909,100,100,0,100,8,25,25,6,6,600,600,5,30
1431.358,48,12,11,6,6,6,5,100,90.909,100,100,0,100,8,25,25,6,6,600,600,3,30
1432.358,48,12,11,6,6,6,5,100,90.909,100,100,0,100,8,25,25,6,6,600,600,3,30
1433.358,48,12,11,6,6,6,5,100,90.909,100,100,0,100,8,25,25,6,6,600,600,4,30
1434.358,48,12,11,6,6,6,5,100,90.909,100,100,0,100,8,25,25,6,6,600,600,2,30
1435.359,48,12,11,6,6,6,5,100,90.909,100,100,0,100,8,25,25,6,6,600,600,3,30
1436.359,48,12,11,6,6,6,5,100,90.909,100,100,0,100,8,25,25,6,6,600,600,2,30
1437.359,48,12,11,6,6,6,5,100,90.909,100,100,0,100,8,25,25,6,6,600,600,3,30
1438.359,48,12,11,6,6,6,5,100,90.909,100,100,0,100,8,25,25,6,6,600,600,2,30
1439.359,48,12,11,6,6,6,5,100,90.909,100,100,0,100,8,25,25,6,6,600,600,6,30
1440.359,48,12,11,6,6,6,5,100,90.909,100,100,0,100,8,25,25,6,6,600,600,4,30
1441.359,48,12,11,6,6,6,5,100,90.909,100,100,0,100,8,25,25,6,6,600,600,4,30
1442.359,48,12,11,6,6,6,5,100,90.909,100,100,0,100,8,25,25,6,6,600,600,4,30
1443.359,48,12,11,6,6,6,5,100,90.909,100,100,0,100,8,25,25,6,6,600,600,4,30
1444.36,48,12,11,6,6,6,5,100,90.909,100,100,0,100,8,25,25,6,6,600,600,4,30
1445.36,48,12,11,6,6,6,5,100,90.909,100,100,0,100,8,25,25,6,6,600,600,2,30
1446.36,48,12,11,6,6,6,5,100,90.909,100,100,0,100,8,25,25,6,6,600,600,3,30
1447.36,48,12,11,6,6,6,5,100,90.909,100,100,0,100,8,25,25,6,6,600,600,6,30
1448.36,48,12,11,6,6,6,5,100,90.909,100,100,0,100,8,25,25,6,6,600,600,6,30
1449.36,48,12,11,6,6,6,5,100,90.909,100,100,0,100,8,25,25,6,6,600,600,5,30
1450.36,48,12,11,6,6,6,5,100,90.909,100,100,0,100,8,25,25,6,6,600,600,3,30
1451.36,48,12,11,6,6,6,5,100,90.909,100,100,0,100,8,25,25,6,6,600,600,2,30
1452.361,48,12,11,6,6,6,5,100,90.909,100,100,0,100,8,25,25,6,6,600,600,3,30
1453.361,48,12,11,6,6,6,5,100,90.909,100,100,0,100,8,25,25,6,6,600,600,4,30
1454.361,48,12,11,6,6,6,5,100,90.909,100,100,0,100,8,25,25,6,6,600,600,2,30
1455.361,48,12,11,6,6,6,5,100,90.909,100,100,0,100,8,25,25,6,6,600,600,3,30
1456.361,48,12,11,6,6,6,5,100,90.909,100,100,0,100,8,25,25,6,6,600,600,4,30
1457.361,48,12,11,6,6,6,5,100,90.909,100,100,0,100,8,25,25,6,6,600,600,2,30
1458.361,48,12,11,6,6,6,5,100,90.909,100,100,0,100,8,25,25,6,6,600,600,5,30
1459.361,48,12,11,6,6,6,5,100,90.909,100,100,0,100,8,25,25,6,6,600,600,3,30
1460.362,48,12,11,6,6,6,5,100,90.909,100,100,0,100,8,25,25,6,6,600,600,3,30
1461.362,48,11,11,5,6,6,5,100,90.909,100,100,0,100,8,26,26,6,6,600,600,2,30
1462.362,48,11,11,5,6,6,5,100,90.909,100,100,0,100,8,26,26,6,6,600,600,2,30
1463.362,48,11,11,5,6,6,5,100,90.909,100,100,0,100,8,26,26,6,6,600,600,3,30
1464.362,48,10,11,4,6,6,5,100,90.909,100,100,0,100,8,27,27,6,6,600,600,2,30
1465.362,48,10,11,4,6,6,5,100,90.909,100,100,0,100,8,27,27,6,6,600,600,2,30
1466.362,48,10,11,4,6,6,5,100,90.909,100,100,0,100,8,27,27,6,6,600,600,2,30
1467.362,48,9,11,3,6,6,5,100,90.909,100,100,0,100,8,28,28,6,6,600,600,2,30
1468.363,48,8,11,2,6,6,5,100,90.909,100,100,0,100,8,29,29,6,6,600,600,2,30
1469.363,48,7,11,2,5,6,5,100,90.909,100,100,0,100,8,30,30,6,6,600,600,3,30
1470.363,48,6,11,2,4,6,5,100,90.909,100,100,0,100,8,31,31,6,6,600,600,3,30
1471.363,48,6,11,2,4,6,5,100,90.909,100,100,0,100,8,31,31,6,6,600,600,2,30
1472.363,48,6,11,2,4,6,5,100,90.909,100,100,0,100,8,31,31,6,6,600,600,2,30
1473.363,48,6,11,2,4,6,5,100,90.909,100,100,0,100,8,31,31,6,6,600,600,2,30
1474.363,48,6,11,2,4,6,5,100,90.909,100,100,0,100,8,31,31,6,6,600,600,2,30
1475.363,48,6,11,2,4,6,5,100,90.909,100,100,0,100,8,31,31,6,6,600,600,2,30
1476.364,48,6,11,2,4,6,5,100,90.909,100,100,0,100,8,31,31,6,6,600,600,2,30
1477.364,48,6,11,2,4,6,5,100,90.909,100,100,0,100,8,31,31,6,6,600,600,2,30
1478.364,48,6,11,2,4,6,5,100,90.909,100,100,0,100,8,31,31,6,6,600,600,2,30
1479.364,48,6,11,2,4,6,5,100,90.909,100,100,0,100,8,31,31,6,6,600,600,2,30
1480.364,48,6,11,2,4,6,5,100,90.909,100,100,0,100,8,31,31,6,6,600,600,2,30
1481.364,48,6,11,2,4,6,5,100,90.909,100,100,0,100,8,31,31,6,6,600,600,2,30
1482.364,48,6,11,2,4,6,5,100,90.909,100,100,0,100,8,31,31,6,6,600,600,2,30
1483.364,48,6,11,2,4,6,5,100,90.909,100,100,0,100,8,31,31,6,6,600,600,3,30
1484.365,48,6,11,2,4,6,5,100,90.909,100,100,0,100,8,31,31,6,6,600,600,3,30
1485.365,48,6,11,2,4,6,5,100,90.909,100,100,0,100,8,31,31,6,6,600,600,3,30
1486.365,48,6,11,2,4,6,5,100,90.909,100,100,0,100,8,31,31,6,6,600,600,2,30
1487.365,48,6,11,2,4,6,5,100,90.909,100,100,0,100,8,31,31,6,6,600,600,2,30
1488.365,48,6,11,2,4,6,5,100,90.909,100,100,0,100,8,31,31,6,6,600,600,2,30
1489.365,48,6,11,2,4,6,5,100,90.909,100,100,0,100,8,31,31,6,6,600,600,3,30
1490.365,48,6,11,2,4,6,5,100,90.909,100,100,0,100,8,31,31,6,6,600,600,3,30
1491.365,48,6,11,2,4,6,5,100,90.909,100,100,0,100,8,31,31,6,6,600,600,2,30
1492.365,48,6,11,2,4,6,5,100,90.909,100,100,0,100,8,31,31,6,6,600,600,2,30
1493.366,48,6,11,2,4,6,5,100,90.909,100,100,0,100,8,31,31,6,6,600,600,3,30
1494.366,48,6,11,2,4,6,5,100,90.909,100,100,0,100,8,31,31,6,6,600,600,2,30
1495.366,48,6,11,2,4,6,5,100,90.909,100,100,0,100,8,31,31,6,6,600,600,2,30
1496.366,48,6,11,2,4,6,5,100,90.909,100,100,0,100,8,31,31,6,6,600,600,2,30
1497.366,48,6,11,2,4,6,5,100,90.909,100,100,0,100,8,31,31,6,6,600,600,3,30
1498.366,48,6,11,2,4,6,5,100,90.909,100,100,0,100,8,31,31,6,6,600,600,3,30
1499.366,48,6,11,2,4,6,5,100,90.909,100,100,0,100,8,31,31,6,6,600,600,2,30
1500.366,48,6,11,2,4,6,5,100,90.909,100,100,0,100,8,31,31,6,6,600,600,3,30
1501.367,48,6,11,2,4,6,5,100,90.909,100,100,0,100,8,31,31,6,6,600,600,2,30
1502.367,48,6,11,2,4,6,5,100,90.909,100,100,0,100,8,31,31,6,6,600,600,2,30
1503.367,48,6,11,2,4,6,5,100,90.909,100,100,0,100,8,31,31,6,6,600,600,2,30
1504.367,48,6,11,2,4,6,5,100,90.909,100,100,0,100,8,31,31,6,6,600,600,3,30
1505.367,48,6,11,2,4,6,5,100,90.909,100,100,0,100,8,31,31,6,6,600,600,3,30
1506.367,48,6,11,2,4,6,5,100,90.909,100,100,0,100,8,31,31,6,6,600,600,2,30
1507.367,48,6,11,2,4,6,5,100,90.909,100,100,0,100,8,31,31,6,6,600,600,2,30
1508.367,48,6,11,2,4,6,5,100,90.909,100,100,0,100,8,31,31,6,6,600,600,2,30
1509.368,48,6,11,2,4,6,5,100,90.909,100,100,0,100,8,31,31,6,6,600,600,2,30
1510.368,48,6,11,2,4,6,5,100,90.909,100,100,0,100,8,31,31,6,6,600,600,2,30
1511.368,48,6,11,2,4,6,5,100,90.909,100,100,0,100,8,31,31,6,6,600,600,2,30
1512.368,48,6,11,2,4,6,5,100,90.909,100,100,0,100,8,31,31,6,6,600,600,2,30
1513.368,48,6,11,2,4,6,5,100,90.909,100,100,0,100,8,31,31,6,6,600,600,2,30
1514.368,48,6,11,2,4,6,5,100,90.909,100,100,0,100,8,31,31,6,6,600,600,2,30
1515.368,48,6,11,2,4,6,5,100,90.909,100,100,0,100,8,31,31,6,6,600,600,3,30
1516.368,48,6,11,2,4,6,5,100,90.909,100,100,0,100,8,31,31,6,6,600,600,2,30
1517.369,48,6,11,2,4,6,5,100,90.909,100,100,0,100,8,31,31,6,6,600,600,2,30
1518.369,48,6,11,2,4,6,5,100,90.909,100,100,0,100,8,31,31,6,6,600,600,2,30
1519.369,48,6,11,2,4,6,5,100,90.909,100,100,0,100,8,31,31,6,6,600,600,2,30
1520.369,48,6,11,2,4,6,5,100,90.909,100,100,0,100,8,31,31,6,6,600,600,2,30
1521.369,48,6,11,2,4,6,5,100,90.909,100,100,0,100,8,31,31,6,6,600,600,2,30
1522.369,48,6,11,2,4,6,5,100,90.909,100,100,0,100,8,31,31,6,6,600,600,2,30
1523.369,48,6,11,2,4,6,5,100,90.909,100,100,0,100,8,31,31,6,6,600,600,2,30
1524.369,48,6,11,2,4,6,5,100,90.909,100,100,0,100,8,31,31,6,6,600,600,3,30
1525.37,48,6,11,2,4,6,5,100,90.909,100,100,0,100,8,31,31,6,6,600,600,2,30
1526.37,48,6,11,2,4,6,5,100,90.909,100,100,0,100,8,31,31,6,6,600,600,3,30
1527.37,48,6,11,2,4,6,5,100,90.909,100,100,0,100,8,31,31,6,6,600,600,2,30
1528.37,48,6,11,2,4,6,5,100,90.909,100,100,0,100,8,31,31,6,6,600,600,2,30
1529.37,48,6,11,2,4,6,5,100,90.909,100,100,0,100,8,31,31,6,6,600,600,3,30
1530.37,48,6,11,2,4,6,5,100,90.909,100,100,0,100,8,31,31,6,6,600,600,2,30
1531.37,48,6,11,2,4,6,5,100,90.909,100,100,0,100,8,31,31,6,6,600,600,2,30
1532.37,48,6,11,2,4,6,5,100,90.909,100,100,0,100,8,31,31,6,6,600,600,2,30
1533.37,48,6,11,2,4,6,5,100,90.909,100,100,0,100,8,31,31,6,6,600,600,2,30
1534.371,48,6,11,2,4,6,5,100,90.909,100,100,0,100,8,31,31,6,6,600,600,2,30
1535.371,48,6,11,2,4,6,5,100,90.909,100,100,0,100,8,31,31,6,6,600,600,2,30
1536.371,48,6,11,2,4,6,5,100,90.909,100,100,0,100,8,31,31,6,6,600,600,2,30
1537.371,48,6,11,2,4,6,5,100,90.909,100,100,0,100,8,31,31,6,6,600,600,2,30
1538.371,48,6,11,2,4,6,5,100,90.909,100,100,0,100,8,31,31,6,6,600,600,2,30
1539.371,48,6,11,2,4,6,5,100,90.909,100,100,0,100,8,31,31,6,6,600,600,2,30
1540.371,48,6,11,2,4,6,5,100,90.909,100,100,0,100,8,31,31,6,6,600,600,2,30
1541.371,48,6,11,2,4,6,5,100,90.909,100,100,0,100,8,31,31,6,6,600,600,2,30
1542.372,48,6,11,2,4,6,5,100,90.909,100,100,0,100,8,31,31,6,6,600,600,2,30
1543.372,48,6,11,2,4,6,5,100,90.909,100,100,0,100,8,31,31,6,6,600,600,2,30
1544.372,48,6,11,2,4,6,5,100,90.909,100,100,0,100,8,31,31,6,6,600,600,2,30
1545.372,48,6,11,2,4,6,5,100,90.909,100,100,0,100,8,31,31,6,6,600,600,2,30
1546.372,48,6,11,2,4,6,5,100,90.909,100,100,0,100,8,31,31,6,6,600,600,2,30
1547.372,48,6,11,2,4,6,5,100,90.909,100,100,0,100,8,31,31,6,6,600,600,2,30
1548.372,48,6,11,2,4,6,5,100,90.909,100,100,0,100,8,31,31,6,6,600,600,3,30
1549.372,48,6,11,2,4,6,5,100,90.909,100,100,0,100,8,31,31,6,6,600,600,2,30
1550.373,48,6,11,2,4,6,5,100,90.909,100,100,0,100,8,31,31,6,6,600,600,2,30
1551.373,48,6,11,2,4,6,5,100,90.909,100,100,0,100,8,31,31,6,6,600,600,2,30
1552.373,48,6,11,2,4,6,5,100,90.909,100,100,0,100,8,31,31,6,6,600,600,3,30
1553.373,48,6,11,2,4,6,5,100,90.909,100,100,0,100,8,31,31,6,6,600,600,2,30
1554.373,48,6,11,2,4,6,5,100,90.909,100,100,0,100,8,31,31,6,6,600,600,2,30
1555.373,48,6,11,2,4,6,5,100,90.909,100,100,0,100,8,31,31,6,6,600,600,2,30
1556.373,48,6,11,2,4,6,5,100,90.909,100,100,0,100,8,31,31,6,6,600,600,5,30
1557.373,48,6,11,2,4,6,5,100,90.909,100,100,0,100,8,31,31,6,6,600,600,3,30
1558.374,48,6,11,2,4,6,5,100,90.909,100,100,0,100,8,31,31,6,6,600,600,2,30
1559.374,48,6,11,2,4,6,5,100,90.909,100,100,0,100,8,31,31,6,6,600,600,3,30
1560.374,48,6,11,2,4,6,5,100,90.909,100,100,0,100,8,31,31,6,6,600,600,3,30
1561.374,48,6,11,2,4,6,5,100,90.909,100,100,0,100,8,31,31,6,6,600,600,2,30
1562.374,48,6,11,2,4,6,5,100,90.909,100,100,0,100,8,31,31,6,6,600,600,2,30
1563.374,48,6,11,2,4,6,5,100,90.909,100,100,0,100,8,31,31,6,6,600,600,2,30
1564.374,48,6,11,2,4,6,5,100,90.909,100,100,0,100,8,31,31,6,6,600,600,2,30
1565.374,48,6,11,2,4,6,5,100,90.909,100,100,0,100,8,31,31,6,6,600,600,3,30
1566.375,48,6,11,2,4,6,5,100,90.909,100,100,0,100,8,31,31,6,6,600,600,3,30
1567.375,48,6,11,2,4,6,5,100,90.909,100,100,0,100,8,31,31,6,6,600,600,2,30
1568.375,48,6,11,2,4,6,5,100,90.909,100,100,0,100,8,31,31,6,6,600,600,2,30
1569.375,48,6,11,2,4,6,5,100,90.909,100,100,0,100,8,31,31,6,6,600,600,4,30
1570.375,48,6,11,2,4,6,5,100,90.909,100,100,0,100,8,31,31,6,6,600,600,2,30
1571.375,48,6,11,2,4,6,5,100,90.909,100,100,0,100,8,31,31,6,6,600,600,2,30
1572.375,48,6,11,2,4,6,5,100,90.909,100,100,0,100,8,31,31,6,6,600,600,2,30
1573.375,48,6,11,2,4,6,5,100,90.909,100,100,0,100,8,31,31,6,6,600,600,2,30
1574.375,48,6,11,2,4,6,5,100,90.909,100,100,0,100,8,31,31,6,6,600,600,3,30
1575.376,48,6,11,2,4,6,5,100,90.909,100,100,0,100,8,31,31,6,6,600,600,4,30
1576.376,48,6,11,2,4,6,5,100,90.909,100,100,0,100,8,31,31,6,6,600,600,3,30
1577.376,48,6,11,2,4,6,5,100,90.909,100,100,0,100,8,31,31,6,6,600,600,2,30
1578.376,48,6,11,2,4,6,5,100,90.909,100,100,0,100,8,31,31,6,6,600,600,3,30
1579.376,48,6,11,2,4,6,5,100,90.909,100,100,0,100,8,31,31,6,6,600,600,2,30
1580.376,48,6,11,2,4,6,5,100,90.909,100,100,0,100,8,31,31,6,6,600,600,2,30
1581.376,48,6,11,2,4,6,5,100,90.909,100,100,0,100,8,31,31,6,6,600,600,2,30
1582.376,48,6,11,2,4,6,5,100,90.909,100,100,0,100,8,31,31,6,6,600,600,2,30
1583.377,48,6,11,2,4,6,5,100,90.909,100,100,0,100,8,31,31,6,6,600,600,2,30
1584.377,48,6,11,2,4,6,5,100,90.909,100,100,0,100,8,31,31,6,6,600,600,2,30
1585.377,48,6,11,2,4,6,5,100,90.909,100,100,0,100,8,31,31,6,6,600,600,3,30
1586.377,48,6,11,2,4,6,5,100,90.909,100,100,0,100,8,31,31,6,6,600,600,3,30
1587.377,48,6,11,2,4,6,5,100,90.909,100,100,0,100,8,31,31,6,6,600,600,3,30
1588.377,48,6,11,2,4,6,5,100,90.909,100,100,0,100,8,31,31,6,6,600,600,3,30
1589.377,48,6,11,2,4,6,5,100,90.909,100,100,0,100,8,31,31,6,6,600,600,2,30
1590.377,48,6,11,2,4,6,5,100,90.909,100,100,0,100,8,31,31,6,6,600,600,2,30
1591.378,48,6,11,2,4,6,5,100,90.909,100,100,0,100,8,31,31,6,6,600,600,2,30
1592.378,48,6,11,2,4,6,5,100,90.909,100,100,0,100,8,31,31,6,6,600,600,2,30
1593.378,48,6,11,2,4,6,5,100,90.909,100,100,0,100,8,31,31,6,6,600,600,2,30
1594.378,48,6,11,2,4,6,5,100,90.909,100,100,0,100,8,31,31,6,6,600,600,2,30
1595.378,48,6,11,2,4,6,5,100,90.909,100,100,0,100,8,31,31,6,6,600,600,3,30
1596.378,48,6,11,2,4,6,5,100,90.909,100,100,0,100,8,31,31,6,6,600,600,2,30
1597.378,48,6,11,2,4,6,5,100,90.909,100,100,0,100,8,31,31,6,6,600,600,3,30
1598.378,48,6,11,2,4,6,5,100,90.909,100,100,0,100,8,31,31,6,6,600,600,3,30
1599.379,48,6,11,2,4,6,5,100,90.909,100,100,0,100,8,31,31,6,6,600,600,2,30
1600.379,48,6,11,2,4,6,5,100,90.909,100,100,0,100,8,31,31,6,6,600,600,2,30
1601.379,48,6,11,2,4,6,5,100,90.909,100,100,0,100,8,31,31,6,6,600,600,2,30
1602.379,48,6,11,2,4,6,5,100,90.909,100,100,0,100,8,31,31,6,6,600,600,2,30
1603.379,48,6,11,2,4,6,5,100,90.909,100,100,0,100,8,31,31,6,6,600,600,3,30
1604.379,48,6,11,2,4,6,5,100,90.909,100,100,0,100,8,31,31,6,6,600,600,2,30
1605.379,48,6,11,2,4,6,5,100,90.909,100,100,0,100,8,31,31,6,6,600,600,2,30
1606.379,48,6,11,2,4,6,5,100,90.909,100,100,0,100,8,31,31,6,6,600,600,2,30
1607.38,48,6,11,2,4,6,5,100,90.909,100,100,0,100,8,31,31,6,6,600,600,2,30
1608.38,48,6,11,2,4,6,5,100,90.909,100,100,0,100,8,31,31,6,6,600,600,2,30
1609.38,48,6,11,2,4,6,5,100,90.909,100,100,0,100,8,31,31,6,6,600,600,2,30
1610.38,48,6,11,2,4,6,5,100,90.909,100,100,0,100,8,31,31,6,6,600,600,2,30
1611.38,48,6,11,2,4,6,5,100,90.909,100,100,0,100,8,31,31,6,6,600,600,2,30
1612.38,48,6,11,2,4,6,5,100,90.909,100,100,0,100,8,31,31,6,6,600,600,2,30
1613.38,48,6,11,2,4,6,5,100,90.909,100,100,0,100,8,31,31,6,6,600,600,3,30
1614.38,48,6,11,2,4,6,5,100,90.909,100,100,0,100,8,31,31,6,6,600,600,2,30
1615.38,48,6,11,2,4,6,5,100,90.909,100,100,0,100,8,31,31,6,6,600,600,2,30
1616.381,48,6,11,2,4,6,5,100,90.909,100,100,0,100,8,31,31,6,6,600,600,2,30
1617.381,48,6,11,2,4,6,5,100,90.909,100,100,0,100,8,31,31,6,6,600,600,2,30
1618.381,48,6,11,2,4,6,5,100,90.909,100,100,0,100,8,31,31,6,6,600,600,2,30
1619.381,48,6,11,2,4,6,5,100,90.909,100,100,0,100,8,31,31,6,6,600,600,2,30
1620.381,48,6,11,2,4,6,5,100,90.909,100,100,0,100,8,31,31,6,6,600,600,2,30
1621.381,48,6,11,2,4,6,5,100,90.909,100,100,0,100,8,31,31,6,6,600,600,2,30
1622.381,48,6,11,2,4,6,5,100,90.909,100,100,0,100,8,31,31,6,6,600,600,2,30
1623.381,48,6,11,2,4,6,5,100,90.909,100,100,0,100,8,31,31,6,6,600,600,2,30
1624.382,48,6,11,2,4,6,5,100,90.909,100,100,0,100,8,31,31,6,6,600,600,2,30
1625.382,48,6,11,2,4,6,5,100,90.909,100,100,0,100,8,31,31,6,6,600,600,2,30
1626.382,48,6,11,2,4,6,5,100,90.909,100,100,0,100,8,31,31,6,6,600,600,2,30
1627.382,48,6,11,2,4,6,5,100,90.909,100,100,0,100,8,31,31,6,6,600,600,3,30
1628.382,48,6,11,2,4,6,5,100,90.909,100,100,0,100,8,31,31,6,6,600,600,3,30
1629.382,48,6,11,2,4,6,5,100,90.909,100,100,0,100,8,31,31,6,6,600,600,3,30
1630.382,48,6,11,2,4,6,5,100,90.909,100,100,0,100,8,31,31,6,6,600,600,2,30
1631.382,48,6,11,2,4,6,5,100,90.909,100,100,0,100,8,31,31,6,6,600,600,2,30
1632.383,48,6,11,2,4,6,5,100,90.909,100,100,0,100,8,31,31,6,6,600,600,2,30
1633.383,48,6,11,2,4,6,5,100,90.909,100,100,0,100,8,31,31,6,6,600,600,3,30
1634.383,48,6,11,2,4,6,5,100,90.909,100,100,0,100,8,31,31,6,6,600,600,2,30
1635.383,48,6,11,2,4,6,5,100,90.909,100,100,0,100,8,31,31,6,6,600,600,2,30
1636.383,48,6,11,2,4,6,5,100,90.909,100,100,0,100,8,31,31,6,6,600,600,4,30
1637.383,48,6,11,2,4,6,5,100,90.909,100,100,0,100,8,31,31,6,6,600,600,2,30
1638.383,48,6,11,2,4,6,5,100,90.909,100,100,0,100,8,31,31,6,6,600,600,2,30
1639.383,48,6,11,2,4,6,5,100,90.909,100,100,0,100,8,31,31,6,6,600,600,2,30
1640.384,48,6,11,2,4,6,5,100,90.909,100,100,0,100,8,31,31,6,6,600,600,2,30
1641.384,48,6,11,2,4,6,5,100,90.909,100,100,0,100,8,31,31,6,6,600,600,2,30
1642.384,48,6,11,2,4,6,5,100,90.909,100,100,0,100,8,31,31,6,6,600,600,2,30
1643.384,48,6,11,2,4,6,5,100,90.909,100,100,0,100,8,31,31,6,6,600,600,2,30
1644.384,48,6,11,2,4,6,5,100,90.909,100,100,0,100,8,31,31,6,6,600,600,3,30
1645.384,48,6,11,2,4,6,5,100,90.909,100,100,0,100,8,31,31,6,6,600,600,3,30
1646.384,48,6,11,2,4,6,5,100,90.909,100,100,0,100,8,31,31,6,6,600,600,4,30
1647.384,48,6,11,2,4,6,5,100,90.909,100,100,0,100,8,31,31,6,6,600,600,3,30
1648.385,48,6,11,2,4,6,5,100,90.909,100,100,0,100,8,31,31,6,6,600,600,2,30
1649.385,48,6,11,2,4,6,5,100,90.909,100,100,0,100,8,31,31,6,6,600,600,2,30
1650.385,48,6,11,2,4,6,5,100,90.909,100,100,0,100,8,31,31,6,6,600,600,2,30
1651.385,48,6,11,2,4,6,5,100,90.909,100,100,0,100,8,31,31,6,6,600,600,3,30
1652.385,48,6,11,2,4,6,5,100,90.909,100,100,0,100,8,31,31,6,6,600,600,2,30
1653.385,48,6,11,2,4,6,5,100,90.909,100,100,0,100,8,31,31,6,6,600,600,2,30
1654.385,48,6,11,2,4,6,5,100,90.909,100,100,0,100,8,31,31,6,6,600,600,2,30
1655.385,48,6,11,2,4,6,5,100,90.909,100,100,0,100,8,31,31,6,6,600,600,2,30
1656.385,48,6,11,2,4,6,5,100,90.909,100,100,0,100,8,31,31,6,6,600,600,3,30
1657.386,48,6,11,2,4,6,5,100,90.909,100,100,0,100,8,31,31,6,6,600,600,3,30
1658.386,48,6,11,2,4,6,5,100,90.909,100,100,0,100,8,31,31,6,6,600,600,2,30
1659.386,48,6,11,2,4,6,5,100,90.909,100,100,0,100,8,31,31,6,6,600,600,2,30
1660.386,48,6,11,2,4,6,5,100,90.909,100,100,0,100,8,31,31,6,6,600,600,2,30
1661.386,48,6,11,2,4,6,5,100,90.909,100,100,0,100,8,31,31,6,6,600,600,2,30
1662.386,48,6,11,2,4,6,5,100,90.909,100,100,0,100,8,31,31,6,6,600,600,2,30
1663.386,48,6,11,2,4,6,5,100,90.909,100,100,0,100,8,31,31,6,6,600,600,3,30
1664.386,48,6,11,2,4,6,5,100,90.909,100,100,0,100,8,31,31,6,6,600,600,3,30
1665.387,48,6,11,2,4,6,5,100,90.909,100,100,0,100,8,31,31,6,6,600,600,3,30
1666.387,48,6,11,2,4,6,5,100,90.909,100,100,0,100,8,31,31,6,6,600,600,2,30
1667.387,48,6,11,2,4,6,5,100,90.909,100,100,0,100,8,31,31,6,6,600,600,2,30
1668.387,48,6,11,2,4,6,5,100,90.909,100,100,0,100,8,31,31,6,6,600,600,3,30
1669.387,48,6,11,2,4,6,5,100,90.909,100,100,0,100,8,31,31,6,6,600,600,2,30
1670.387,48,6,11,2,4,6,5,100,90.909,100,100,0,100,8,31,31,6,6,600,600,2,30
1671.387,48,6,11,2,4,6,5,100,90.909,100,100,0,100,8,31,31,6,6,600,600,2,30
1672.387,48,6,11,2,4,6,5,100,90.909,100,100,0,100,8,31,31,6,6,600,600,2,30
1673.388,48,6,11,2,4,6,5,100,90.909,100,100,0,100,8,31,31,6,6,600,600,2,30
1674.388,48,6,11,2,4,6,5,100,90.909,100,100,0,100,8,31,31,6,6,600,600,2,30
1675.388,48,6,11,2,4,6,5,100,90.909,100,100,0,100,8,31,31,6,6,600,600,2,30
1676.388,48,6,11,2,4,6,5,100,90.909,100,100,0,100,8,31,31,6,6,600,600,2,30
1677.388,48,6,11,2,4,6,5,100,90.909,100,100,0,100,8,31,31,6,6,600,600,2,30
1678.388,48,6,11,2,4,6,5,100,90.909,100,100,0,100,8,31,31,6,6,600,600,3,30
1679.388,48,6,11,2,4,6,5,100,90.909,100,100,0,100,8,31,31,6,6,600,600,2,30
1680.388,48,6,11,2,4,6,5,100,90.909,100,100,0,100,8,31,31,6,6,600,600,3,30
1681.389,48,6,11,2,4,6,5,100,90.909,100,100,0,100,8,31,31,6,6,600,600,4,30
1682.389,48,6,11,2,4,6,5,100,90.909,100,100,0,100,8,31,31,6,6,600,600,2,30
1683.389,48,6,11,2,4,6,5,100,90.909,100,100,0,100,8,31,31,6,6,600,600,2,30
1684.389,48,6,11,2,4,6,5,100,90.909,100,100,0,100,8,31,31,6,6,600,600,4,30
1685.389,48,6,11,2,4,6,5,100,90.909,100,100,0,100,8,31,31,6,6,600,600,3,30
1686.389,48,6,11,2,4,6,5,100,90.909,100,100,0,100,8,31,31,6,6,600,600,2,30
1687.389,48,6,11,2,4,6,5,100,90.909,100,100,0,100,8,31,31,6,6,600,600,2,30
1688.389,48,6,11,2,4,6,5,100,90.909,100,100,0,100,8,31,31,6,6,600,600,2,30
1689.39,48,6,11,2,4,6,5,100,90.909,100,100,0,100,8,31,31,6,6,600,600,2,30
1690.39,48,6,11,2,4,6,5,100,90.909,100,100,0,100,8,31,31,6,6,600,600,2,30
1691.39,48,6,11,2,4,6,5,100,90.909,100,100,0,100,8,31,31,6,6,600,600,2,30
1692.39,48,6,11,2,4,6,5,100,90.909,100,100,0,100,8,31,31,6,6,600,600,2,30
1693.39,48,5,11,1,4,6,5,100,90.909,100,100,0,100,8,32,32,6,6,600,600,2,30
1694.39,48,4,11,0,4,6,5,100,90.909,100,100,0,100,8,33,33,6,6,600,600,2,30
1695.39,48,4,11,0,4,6,5,100,90.909,100,100,0,100,8,33,33,6,6,600,600,2,30
1696.39,48,3,11,0,3,6,5,100,90.909,100,100,0,100,8,34,34,6,6,600,600,2,30
1697.391,48,3,11,0,3,6,5,100,90.909,100,100,0,100,8,34,34,6,6,600,600,3,30
1698.391,48,3,11,0,3,6,5,100,90.909,100,100,0,100,8,34,34,6,6,600,600,2,30
1699.391,48,3,11,0,3,6,5,100,90.909,100,100,0,100,8,34,34,6,6,600,600,2,30
1700.391,48,3,11,0,3,6,5,100,90.909,100,100,0,100,8,34,34,6,6,600,600,2,30
1701.391,48,3,11,0,3,6,5,100,90.909,100,100,0,100,8,34,34,6,6,600,600,2,30
1702.391,48,3,11,0,3,6,5,100,90.909,100,100,0,100,8,34,34,6,6,600,600,2,30
1703.391,48,3,11,0,3,6,5,100,90.909,100,100,0,100,8,34,34,6,6,600,600,2,30
1704.391,48,3,11,0,3,6,5,100,90.909,100,100,0,100,8,34,34,6,6,600,600,2,30
1705.391,48,3,11,0,3,6,5,100,90.909,100,100,0,100,8,34,34,6,6,600,600,2,30
1706.392,48,3,11,0,3,6,5,100,90.909,100,100,0,100,8,34,34,6,6,600,600,2,30
1707.392,48,3,11,0,3,6,5,100,90.909,100,100,0,100,8,34,34,6,6,600,600,2,30
1708.392,48,3,11,0,3,6,5,100,90.909,100,100,0,100,8,34,34,6,6,600,600,2,30
1709.392,48,3,11,0,3,6,5,100,90.909,100,100,0,100,8,34,34,6,6,600,600,3,30
1710.392,48,3,11,0,3,6,5,100,90.909,100,100,0,100,8,34,34,6,6,600,600,2,30
1711.392,48,3,11,0,3,6,5,100,90.909,100,100,0,100,8,34,34,6,6,600,600,2,30
1712.392,48,3,11,0,3,6,5,100,90.909,100,100,0,100,8,34,34,6,6,600,600,1,30
1713.392,48,3,11,0,3,6,5,100,90.909,100,100,0,100,8,34,34,6,6,600,600,2,30
1714.393,48,3,11,0,3,6,5,100,90.909,100,100,0,100,8,34,34,6,6,600,600,2,30
1715.393,48,3,11,0,3,6,5,100,90.909,100,100,0,100,8,34,34,6,6,600,600,2,30
1716.393,48,3,11,0,3,6,5,100,90.909,100,100,0,100,8,34,34,6,6,600,600,2,30
1717.393,48,3,11,0,3,6,5,100,90.909,100,100,0,100,8,34,34,6,6,600,600,2,30
1718.393,48,3,11,0,3,6,5,100,90.909,100,100,0,100,8,34,34,6,6,600,600,2,30
1719.393,48,3,11,0,3,6,5,100,90.909,100,100,0,100,8,34,34,6,6,600,600,2,30
1720.393,48,3,11,0,3,6,5,100,90.909,100,100,0,100,8,34,34,6,6,600,600,2,30
1721.393,48,3,11,0,3,6,5,100,90.909,100,100,0,100,8,34,34,6,6,600,600,2,30
1722.394,48,3,11,0,3,6,5,100,90.909,100,100,0,100,8,34,34,6,6,600,600,2,30
1723.394,48,3,11,0,3,6,5,100,90.909,100,100,0,100,8,34,34,6,6,600,600,2,30
1724.394,48,3,11,0,3,6,5,100,90.909,100,100,0,100,8,34,34,6,6,600,600,2,30
1725.394,48,3,11,0,3,6,5,100,90.909,100,100,0,100,8,34,34,6,6,600,600,2,30
1726.394,48,3,11,0,3,6,5,100,90.909,100,100,0,100,8,34,34,6,6,600,600,2,30
1727.394,48,3,11,0,3,6,5,100,90.909,100,100,0,100,8,34,34,6,6,600,600,2,30
1728.394,48,3,11,0,3,6,5,100,90.909,100,100,0,100,8,34,34,6,6,600,600,2,30
1729.394,48,3,11,0,3,6,5,100,90.909,100,100,0,100,8,34,34,6,6,600,600,2,30
1730.395,48,3,11,0,3,6,5,100,90.909,100,100,0,100,8,34,34,6,6,600,600,2,30
1731.395,48,3,11,0,3,6,5,100,90.909,100,100,0,100,8,34,34,6,6,600,600,2,30
1732.395,48,3,11,0,3,6,5,100,90.909,100,100,0,100,8,34,34,6,6,600,600,2,30
1733.395,48,3,11,0,3,6,5,100,90.909,100,100,0,100,8,34,34,6,6,600,600,2,30
1734.395,48,3,11,0,3,6,5,100,90.909,100,100,0,100,8,34,34,6,6,600,600,2,30
1735.395,48,3,11,0,3,6,5,100,90.909,100,100,0,100,8,34,34,6,6,600,600,2,30
1736.395,48,3,11,0,3,6,5,100,90.909,100,100,0,100,8,34,34,6,6,600,600,2,30
1737.395,48,3,11,0,3,6,5,100,90.909,100,100,0,100,8,34,34,6,6,600,600,2,30
1738.396,48,3,11,0,3,6,5,100,90.909,100,100,0,100,8,34,34,6,6,600,600,2,30
1739.396,48,3,11,0,3,6,5,100,90.909,100,100,0,100,8,34,34,6,6,600,600,2,30
1740.396,48,3,11,0,3,6,5,100,90.909,100,100,0,100,8,34,34,6,6,600,600,2,30
1741.396,48,3,11,0,3,6,5,100,90.909,100,100,0,100,8,34,34,6,6,600,600,2,30
1742.396,48,3,11,0,3,6,5,100,90.909,100,100,0,100,8,34,34,6,6,600,600,2,30
1743.396,48,3,11,0,3,6,5,100,90.909,100,100,0,100,8,34,34,6,6,600,600,2,30
1744.396,48,3,11,0,3,6,5,100,90.909,100,100,0,100,8,34,34,6,6,600,600,2,30
1745.396,48,3,11,0,3,6,5,100,90.909,100,100,0,100,8,34,34,6,6,600,600,2,30
1746.396,48,3,11,0,3,6,5,100,90.909,100,100,0,100,8,34,34,6,6,600,600,2,30
1747.397,48,3,11,0,3,6,5,100,90.909,100,100,0,100,8,34,34,6,6,600,600,2,30
1748.397,48,3,11,0,3,6,5,100,90.909,100,100,0,100,8,34,34,6,6,600,600,2,30
1749.397,48,3,11,0,3,6,5,100,90.909,100,100,0,100,8,34,34,6,6,600,600,2,30
1750.397,48,3,11,0,3,6,5,100,90.909,100,100,0,100,8,34,34,6,6,600,600,2,30
1751.397,48,3,11,0,3,6,5,100,90.909,100,100,0,100,8,34,34,6,6,600,600,2,30
1752.397,48,3,11,0,3,6,5,100,90.909,100,100,0,100,8,34,34,6,6,600,600,2,30
1753.397,48,3,11,0,3,6,5,100,90.909,100,100,0,100,8,34,34,6,6,600,600,2,30
1754.397,48,3,11,0,3,6,5,100,90.909,100,100,0,100,8,34,34,6,6,600,600,2,30
1755.398,48,3,11,0,3,6,5,100,90.909,100,100,0,100,8,34,34,6,6,600,600,3,30
1756.398,48,3,11,0,3,6,5,100,90.909,100,100,0,100,8,34,34,6,6,600,600,2,30
1757.398,48,3,11,0,3,6,5,100,90.909,100,100,0,100,8,34,34,6,6,600,600,2,30
1758.398,48,3,11,0,3,6,5,100,90.909,100,100,0,100,8,34,34,6,6,600,600,2,30
1759.398,48,3,11,0,3,6,5,100,90.909,100,100,0,100,8,34,34,6,6,600,600,2,30
1760.398,48,3,11,0,3,6,5,100,90.909,100,100,0,100,8,34,34,6,6,600,600,2,30
1761.398,48,3,11,0,3,6,5,100,90.909,100,100,0,100,8,34,34,6,6,600,600,2,30
1762.398,48,3,11,0,3,6,5,100,90.909,100,100,0,100,8,34,34,6,6,600,600,2,30
1763.399,48,3,11,0,3,6,5,100,90.909,100,100,0,100,8,34,34,6,6,600,600,2,30
1764.399,48,3,11,0,3,6,5,100,90.909,100,100,0,100,8,34,34,6,6,600,600,2,30
1765.399,48,3,11,0,3,6,5,100,90.909,100,100,0,100,8,34,34,6,6,600,600,2,30
1766.399,48,3,11,0,3,6,5,100,90.909,100,100,0,100,8,34,34,6,6,600,600,2,30
1767.399,48,3,11,0,3,6,5,100,90.909,100,100,0,100,8,34,34,6,6,600,600,2,30
1768.399,48,3,11,0,3,6,5,100,90.909,100,100,0,100,8,34,34,6,6,600,600,2,30
1769.399,48,3,11,0,3,6,5,100,90.909,100,100,0,100,8,34,34,6,6,600,600,2,30
1770.399,48,3,11,0,3,6,5,100,90.909,100,100,0,100,8,34,34,6,6,600,600,2,30
1771.4,48,3,11,0,3,6,5,100,90.909,100,100,0,100,8,34,34,6,6,600,600,2,30
1772.4,48,3,11,0,3,6,5,100,90.909,100,100,0,100,8,34,34,6,6,600,600,2,30
1773.4,48,3,11,0,3,6,5,100,90.909,100,100,0,100,8,34,34,6,6,600,600,2,30
1774.4,48,3,11,0,3,6,5,100,90.909,100,100,0,100,8,34,34,6,6,600,600,2,30
1775.4,48,3,11,0,3,6,5,100,90.909,100,100,0,100,8,34,34,6,6,600,600,2,30
1776.4,48,3,11,0,3,6,5,100,90.909,100,100,0,100,8,34,34,6,6,600,600,2,30
1777.4,48,3,11,0,3,6,5,100,90.909,100,100,0,100,8,34,34,6,6,600,600,2,30
1778.4,48,3,11,0,3,6,5,100,90.909,100,100,0,100,8,34,34,6,6,600,600,2,30
1779.401,48,3,11,0,3,6,5,100,90.909,100,100,0,100,8,34,34,6,6,600,600,2,30
1780.401,48,3,11,0,3,6,5,100,90.909,100,100,0,100,8,34,34,6,6,600,600,2,30
1781.401,48,3,11,0,3,6,5,100,90.909,100,100,0,100,8,34,34,6,6,600,600,2,30
1782.401,48,3,11,0,3,6,5,100,90.909,100,100,0,100,8,34,34,6,6,600,600,2,30
1783.401,48,3,11,0,3,6,5,100,90.909,100,100,0,100,8,34,34,6,6,600,600,2,30
1784.401,48,3,11,0,3,6,5,100,90.909,100,100,0,100,8,34,34,6,6,600,600,2,30
1785.401,48,3,11,0,3,6,5,100,90.909,100,100,0,100,8,34,34,6,6,600,600,2,30
1786.401,48,3,11,0,3,6,5,100,90.909,100,100,0,100,8,34,34,6,6,600,600,2,30
1787.401,48,3,11,0,3,6,5,100,90.909,100,100,0,100,8,34,34,6,6,600,600,2,30
1788.402,48,3,11,0,3,6,5,100,90.909,100,100,0,100,8,34,34,6,6,600,600,2,30
1789.402,48,3,11,0,3,6,5,100,90.909,100,100,0,100,8,34,34,6,6,600,600,2,30
1790.402,48,3,11,0,3,6,5,100,90.909,100,100,0,100,8,34,34,6,6,600,600,2,30
1791.402,48,3,11,0,3,6,5,100,90.909,100,100,0,100,8,34,34,6,6,600,600,2,30
1792.402,48,3,11,0,3,6,5,100,90.909,100,100,0,100,8,34,34,6,6,600,600,3,30
1793.402,48,3,11,0,3,6,5,100,90.909,100,100,0,100,8,34,34,6,6,600,600,2,30
1794.402,48,3,11,0,3,6,5,100,90.909,100,100,0,100,8,34,34,6,6,600,600,2,30
1795.402,48,3,11,0,3,6,5,100,90.909,100,100,0,100,8,34,34,6,6,600,600,2,30
1796.403,48,3,11,0,3,6,5,100,90.909,100,100,0,100,8,34,34,6,6,600,600,2,30
1797.403,48,3,11,0,3,6,5,100,90.909,100,100,0,100,8,34,34,6,6,600,600,2,30
1798.403,48,3,11,0,3,6,5,100,90.909,100,100,0,100,8,34,34,6,6,600,600,2,30
1799.403,48,3,11,0,3,6,5,100,90.909,100,100,0,100,8,34,34,6,6,600,600,2,30
1800.403,48,3,11,0,3,6,5,100,90.909,100,100,0,100,8,34,34,6,6,600,600,2,30
1801.403,48,3,11,0,3,6,5,100,90.909,100,100,0,100,8,34,34,6,6,600,600,2,30
1802.403,48,3,11,0,3,6,5,100,90.909,100,100,0,100,8,34,34,6,6,600,600,2,30
1803.403,48,3,11,0,3,6,5,100,90.909,100,100,0,100,8,34,34,6,6,600,600,3,30
1804.404,48,3,11,0,3,6,5,100,90.909,100,100,0,100,8,34,34,6,6,600,600,2,30
1805.404,48,3,11,0,3,6,5,100,90.909,100,100,0,100,8,34,34,6,6,600,600,3,30
1806.404,48,3,11,0,3,6,5,100,90.909,100,100,0,100,8,34,34,6,6,600,600,2,30
1807.404,48,3,11,0,3,6,5,100,90.909,100,100,0,100,8,34,34,6,6,600,600,2,30
1808.404,48,3,11,0,3,6,5,100,90.909,100,100,0,100,8,34,34,6,6,600,600,2,30
1809.404,48,3,11,0,3,6,5,100,90.909,100,100,0,100,8,34,34,6,6,600,600,2,30
1810.404,48,3,11,0,3,6,5,100,90.909,100,100,0,100,8,34,34,6,6,600,600,2,30
1811.404,48,3,11,0,3,6,5,100,90.909,100,100,0,100,8,34,34,6,6,600,600,3,30
1812.405,48,3,11,0,3,6,5,100,90.909,100,100,0,100,8,34,34,6,6,600,600,2,30
1813.405,48,3,11,0,3,6,5,100,90.909,100,100,0,100,8,34,34,6,6,600,600,2,30
1814.405,48,3,11,0,3,6,5,100,90.909,100,100,0,100,8,34,34,6,6,600,600,2,30
1815.405,48,3,11,0,3,6,5,100,90.909,100,100,0,100,8,34,34,6,6,600,600,2,30
1816.405,48,3,11,0,3,6,5,100,90.909,100,100,0,100,8,34,34,6,6,600,600,2,30
1817.405,48,3,11,0,3,6,5,100,90.909,100,100,0,100,8,34,34,6,6,600,600,2,30
1818.405,48,3,11,0,3,6,5,100,90.909,100,100,0,100,8,34,34,6,6,600,600,2,30
1819.405,48,3,11,0,3,6,5,100,90.909,100,100,0,100,8,34,34,6,6,600,600,2,30
1820.406,48,3,11,0,3,6,5,100,90.909,100,100,0,100,8,34,34,6,6,600,600,2,30
1821.406,48,3,11,0,3,6,5,100,90.909,100,100,0,100,8,34,34,6,6,600,600,2,30
1822.406,48,3,11,0,3,6,5,100,90.909,100,100,0,100,8,34,34,6,6,600,600,2,30
1823.406,48,3,11,0,3,6,5,100,90.909,100,100,0,100,8,34,34,6,6,600,600,2,30
1824.406,48,3,11,0,3,6,5,100,90.909,100,100,0,100,8,34,34,6,6,600,600,2,30
1825.406,48,3,11,0,3,6,5,100,90.909,100,100,0,100,8,34,34,6,6,600,600,2,30
1826.406,48,3,11,0,3,6,5,100,90.909,100,100,0,100,8,34,34,6,6,600,600,2,30
1827.406,48,3,11,0,3,6,5,100,90.909,100,100,0,100,8,34,34,6,6,600,600,2,30
1828.406,48,3,11,0,3,6,5,100,90.909,100,100,0,100,8,34,34,6,6,600,600,2,30
1829.407,48,3,11,0,3,6,5,100,90.909,100,100,0,100,8,34,34,6,6,600,600,2,30
1830.407,48,3,11,0,3,6,5,100,90.909,100,100,0,100,8,34,34,6,6,600,600,2,30
1831.407,48,3,11,0,3,6,5,100,90.909,100,100,0,100,8,34,34,6,6,600,600,2,30
1832.407,48,3,11,0,3,6,5,100,90.909,100,100,0,100,8,34,34,6,6,600,600,2,30
1833.407,48,3,11,0,3,6,5,100,90.909,100,100,0,100,8,34,34,6,6,600,600,2,30
1834.407,48,3,11,0,3,6,5,100,90.909,100,100,0,100,8,34,34,6,6,600,600,2,30
1835.407,48,3,11,0,3,6,5,100,90.909,100,100,0,100,8,34,34,6,6,600,600,2,30
1836.407,48,3,11,0,3,6,5,100,90.909,100,100,0,100,8,34,34,6,6,600,600,2,30
1837.408,48,3,11,0,3,6,5,100,90.909,100,100,0,100,8,34,34,6,6,600,600,2,30
1838.408,48,3,11,0,3,6,5,100,90.909,100,100,0,100,8,34,34,6,6,600,600,2,30
1839.408,48,3,11,0,3,6,5,100,90.909,100,100,0,100,8,34,34,6,6,600,600,2,30
1840.408,48,3,11,0,3,6,5,100,90.909,100,100,0,100,8,34,34,6,6,600,600,2,30
1841.408,48,3,11,0,3,6,5,100,90.909,100,100,0,100,8,34,34,6,6,600,600,2,30
1842.408,48,3,11,0,3,6,5,100,90.909,100,100,0,100,8,34,34,6,6,600,600,2,30
1843.408,48,3,11,0,3,6,5,100,90.909,100,100,0,100,8,34,34,6,6,600,600,2,30
1844.408,48,3,11,0,3,6,5,100,90.909,100,100,0,100,8,34,34,6,6,600,600,2,30
1845.409,48,3,11,0,3,6,5,100,90.909,100,100,0,100,8,34,34,6,6,600,600,2,30
1846.409,48,3,11,0,3,6,5,100,90.909,100,100,0,100,8,34,34,6,6,600,600,2,30
1847.409,48,3,11,0,3,6,5,100,90.909,100,100,0,100,8,34,34,6,6,600,600,2,30
1848.409,48,3,11,0,3,6,5,100,90.909,100,100,0,100,8,34,34,6,6,600,600,2,30
1849.409,48,3,11,0,3,6,5,100,90.909,100,100,0,100,8,34,34,6,6,600,600,2,30
1850.409,48,3,11,0,3,6,5,100,90.909,100,100,0,100,8,34,34,6,6,600,600,2,30
1851.409,48,3,11,0,3,6,5,100,90.909,100,100,0,100,8,34,34,6,6,600,600,2,30
1852.409,48,3,11,0,3,6,5,100,90.909,100,100,0,100,8,34,34,6,6,600,600,2,30
1853.41,48,3,11,0,3,6,5,100,90.909,100,100,0,100,8,34,34,6,6,600,600,2,30
1854.41,48,3,11,0,3,6,5,100,90.909,100,100,0,100,8,34,34,6,6,600,600,3,30
1855.41,48,3,11,0,3,6,5,100,90.909,100,100,0,100,8,34,34,6,6,600,600,2,30
1856.41,48,3,11,0,3,6,5,100,90.909,100,100,0,100,8,34,34,6,6,600,600,2,30
1857.41,48,3,11,0,3,6,5,100,90.909,100,100,0,100,8,34,34,6,6,600,600,2,30
1858.41,48,3,11,0,3,6,5,100,90.909,100,100,0,100,8,34,34,6,6,600,600,2,30
1859.41,48,3,11,0,3,6,5,100,90.909,100,100,0,100,8,34,34,6,6,600,600,2,30
1860.41,48,3,11,0,3,6,5,100,90.909,100,100,0,100,8,34,34,6,6,600,600,2,30
1861.411,48,3,11,0,3,6,5,100,90.909,100,100,0,100,8,34,34,6,6,600,600,2,30
1862.411,48,3,11,0,3,6,5,100,90.909,100,100,0,100,8,34,34,6,6,600,600,3,30
1863.411,48,3,11,0,3,6,5,100,90.909,100,100,0,100,8,34,34,6,6,600,600,2,30
1864.411,48,3,11,0,3,6,5,100,90.909,100,100,0,100,8,34,34,6,6,600,600,2,30
1865.411,48,3,11,0,3,6,5,100,90.909,100,100,0,100,8,34,34,6,6,600,600,2,30
1866.411,48,3,11,0,3,6,5,100,90.909,100,100,0,100,8,34,34,6,6,600,600,2,30
1867.411,48,3,11,0,3,6,5,100,90.909,100,100,0,100,8,34,34,6,6,600,600,2,30
1868.411,48,3,11,0,3,6,5,100,90.909,100,100,0,100,8,34,34,6,6,600,600,2,30
1869.411,48,3,11,0,3,6,5,100,90.909,100,100,0,100,8,34,34,6,6,600,600,2,30
1870.412,48,3,11,0,3,6,5,100,90.909,100,100,0,100,8,34,34,6,6,600,600,2,30
1871.412,48,3,11,0,3,6,5,100,90.909,100,100,0,100,8,34,34,6,6,600,600,2,30
1872.412,48,3,11,0,3,6,5,100,90.909,100,100,0,100,8,34,34,6,6,600,600,2,30
1873.412,48,3,11,0,3,6,5,100,90.909,100,100,0,100,8,34,34,6,6,600,600,2,30
1874.412,48,3,11,0,3,6,5,100,90.909,100,100,0,100,8,34,34,6,6,600,600,2,30
1875.412,48,3,11,0,3,6,5,100,90.909,100,100,0,100,8,34,34,6,6,600,600,2,30
1876.412,48,3,11,0,3,6,5,100,90.909,100,100,0,100,8,34,34,6,6,600,600,2,30
1877.412,48,3,11,0,3,6,5,100,90.909,100,100,0,100,8,34,34,6,6,600,600,3,30
1878.413,48,3,11,0,3,6,5,100,90.909,100,100,0,100,8,34,34,6,6,600,600,2,30
1879.413,48,3,11,0,3,6,5,100,90.909,100,100,0,100,8,34,34,6,6,600,600,2,30
1880.413,48,3,11,0,3,6,5,100,90.909,100,100,0,100,8,34,34,6,6,600,600,2,30
1881.413,48,3,11,0,3,6,5,100,90.909,100,100,0,100,8,34,34,6,6,600,600,2,30
1882.413,48,3,11,0,3,6,5,100,90.909,100,100,0,100,8,34,34,6,6,600,600,2,30
1883.413,48,3,11,0,3,6,5,100,90.909,100,100,0,100,8,34,34,6,6,600,600,2,30
1884.413,48,3,11,0,3,6,5,100,90.909,100,100,0,100,8,34,34,6,6,600,600,2,30
1885.413,48,3,11,0,3,6,5,100,90.909,100,100,0,100,8,34,34,6,6,600,600,2,30
1886.414,48,3,11,0,3,6,5,100,90.909,100,100,0,100,8,34,34,6,6,600,600,2,30
1887.414,48,3,11,0,3,6,5,100,90.909,100,100,0,100,8,34,34,6,6,600,600,2,30
1888.414,48,3,11,0,3,6,5,100,90.909,100,100,0,100,8,34,34,6,6,600,600,2,30
1889.414,48,3,11,0,3,6,5,100,90.909,100,100,0,100,8,34,34,6,6,600,600,2,30
1890.414,48,3,11,0,3,6,5,100,90.909,100,100,0,100,8,34,34,6,6,600,600,2,30
1891.414,48,3,11,0,3,6,5,100,90.909,100,100,0,100,8,34,34,6,6,600,600,1,30
1892.414,48,3,11,0,3,6,5,100,90.909,100,100,0,100,8,34,34,6,6,600,600,2,30
1893.414,48,3,11,0,3,6,5,100,90.909,100,100,0,100,8,34,34,6,6,600,600,2,30
1894.415,48,3,11,0,3,6,5,100,90.909,100,100,0,100,8,34,34,6,6,600,600,2,30
1895.415,48,3,11,0,3,6,5,100,90.909,100,100,0,100,8,34,34,6,6,600,600,2,30
1896.415,48,3,11,0,3,6,5,100,90.909,100,100,0,100,8,34,34,6,6,600,600,2,30
1897.415,48,3,11,0,3,6,5,100,90.909,100,100,0,100,8,34,34,6,6,600,600,2,30
1898.415,48,3,11,0,3,6,5,100,90.909,100,100,0,100,8,34,34,6,6,600,600,2,30
1899.415,48,3,11,0,3,6,5,100,90.909,100,100,0,100,8,34,34,6,6,600,600,2,30
1900.415,48,3,11,0,3,6,5,100,90.909,100,100,0,100,8,34,34,6,6,600,600,2,30
1901.415,48,3,11,0,3,6,5,100,90.909,100,100,0,100,8,34,34,6,6,600,600,2,30
1902.416,48,3,11,0,3,6,5,100,90.909,100,100,0,100,8,34,34,6,6,600,600,2,30
1903.416,48,3,11,0,3,6,5,100,90.909,100,100,0,100,8,34,34,6,6,600,600,3,30
1904.416,48,3,11,0,3,6,5,100,90.909,100,100,0,100,8,34,34,6,6,600,600,2,30
1905.416,48,3,11,0,3,6,5,100,90.909,100,100,0,100,8,34,34,6,6,600,600,2,30
1906.416,48,3,11,0,3,6,5,100,90.909,100,100,0,100,8,34,34,6,6,600,600,2,30
1907.416,48,3,11,0,3,6,5,100,90.909,100,100,0,100,8,34,34,6,6,600,600,2,30
1908.416,48,3,11,0,3,6,5,100,90.909,100,100,0,100,8,34,34,6,6,600,600,2,30
1909.416,48,3,11,0,3,6,5,100,90.909,100,100,0,100,8,34,34,6,6,600,600,2,30
1910.417,48,3,11,0,3,6,5,100,90.909,100,100,0,100,8,34,34,6,6,600,600,2,30
1911.417,48,3,11,0,3,6,5,100,90.909,100,100,0,100,8,34,34,6,6,600,600,2,30
1912.417,48,3,11,0,3,6,5,100,90.909,100,100,0,100,8,34,34,6,6,600,600,2,30
1913.417,48,3,11,0,3,6,5,100,90.909,100,100,0,100,8,34,34,6,6,600,600,2,30
1914.417,48,3,11,0,3,6,5,100,90.909,100,100,0,100,8,34,34,6,6,600,600,2,30
1915.417,48,3,11,0,3,6,5,100,90.909,100,100,0,100,8,34,34,6,6,600,600,2,30
1916.417,48,3,11,0,3,6,5,100,90.909,100,100,0,100,8,34,34,6,6,600,600,2,30
1917.417,48,3,11,0,3,6,5,100,90.909,100,100,0,100,8,34,34,6,6,600,600,2,30
1918.417,48,3,11,0,3,6,5,100,90.909,100,100,0,100,8,34,34,6,6,600,600,2,30
1919.418,48,3,11,0,3,6,5,100,90.909,100,100,0,100,8,34,34,6,6,600,600,2,30
1920.418,48,3,11,0,3,6,5,100,90.909,100,100,0,100,8,34,34,6,6,600,600,2,30
1921.418,48,3,11,0,3,6,5,100,90.909,100,100,0,100,8,34,34,6,6,600,600,2,30
1922.418,48,3,11,0,3,6,5,100,90.909,100,100,0,100,8,34,34,6,6,600,600,2,30
1923.418,48,3,11,0,3,6,5,100,90.909,100,100,0,100,8,34,34,6,6,600,600,2,30
1924.418,48,3,11,0,3,6,5,100,90.909,100,100,0,100,8,34,34,6,6,600,600,2,30
1925.418,48,3,11,0,3,6,5,100,90.909,100,100,0,100,8,34,34,6,6,600,600,2,30
1926.418,48,3,11,0,3,6,5,100,90.909,100,100,0,100,8,34,34,6,6,600,600,3,30
1927.419,48,3,11,0,3,6,5,100,90.909,100,100,0,100,8,34,34,6,6,600,600,2,30
1928.419,48,3,11,0,3,6,5,100,90.909,100,100,0,100,8,34,34,6,6,600,600,2,30
1929.419,48,3,11,0,3,6,5,100,90.909,100,100,0,100,8,34,34,6,6,600,600,2,30
1930.419,48,3,11,0,3,6,5,100,90.909,100,100,0,100,8,34,34,6,6,600,600,3,30
1931.419,48,3,11,0,3,6,5,100,90.909,100,100,0,100,8,34,34,6,6,600,600,2,30
1932.419,48,3,11,0,3,6,5,100,90.909,100,100,0,100,8,34,34,6,6,600,600,3,30
1933.419,48,3,11,0,3,6,5,100,90.909,100,100,0,100,8,34,34,6,6,600,600,2,30
1934.419,48,3,11,0,3,6,5,100,90.909,100,100,0,100,8,34,34,6,6,600,600,2,30
1935.42,48,3,11,0,3,6,5,100,90.909,100,100,0,100,8,34,34,6,6,600,600,2,30
1936.42,48,3,11,0,3,6,5,100,90.909,100,100,0,100,8,34,34,6,6,600,600,2,30
1937.42,48,3,11,0,3,6,5,100,90.909,100,100,0,100,8,34,34,6,6,600,600,2,30
1938.42,48,3,11,0,3,6,5,100,90.909,100,100,0,100,8,34,34,6,6,600,600,2,30
1939.42,48,3,11,0,3,6,5,100,90.909,100,100,0,100,8,34,34,6,6,600,600,2,30
1940.42,48,3,11,0,3,6,5,100,90.909,100,100,0,100,8,34,34,6,6,600,600,2,30
1941.42,48,3,11,0,3,6,5,100,90.909,100,100,0,100,8,34,34,6,6,600,600,2,30
1942.42,48,3,11,0,3,6,5,100,90.909,100,100,0,100,8,34,34,6,6,600,600,2,30
1943.421,48,3,11,0,3,6,5,100,90.909,100,100,0,100,8,34,34,6,6,600,600,2,30
1944.421,48,3,11,0,3,6,5,100,90.909,100,100,0,100,8,34,34,6,6,600,600,2,30
1945.421,48,3,11,0,3,6,5,100,90.909,100,100,0,100,8,34,34,6,6,600,600,2,30
1946.421,48,3,11,0,3,6,5,100,90.909,100,100,0,100,8,34,34,6,6,600,600,2,30
1947.421,48,3,11,0,3,6,5,100,90.909,100,100,0,100,8,34,34,6,6,600,600,2,30
1948.421,48,3,11,0,3,6,5,100,90.909,100,100,0,100,8,34,34,6,6,600,600,2,30
1949.421,48,3,11,0,3,6,5,100,90.909,100,100,0,100,8,34,34,6,6,600,600,2,30
1950.421,48,3,11,0,3,6,5,100,90.909,100,100,0,100,8,34,34,6,6,600,600,2,30
1951.422,48,3,11,0,3,6,5,100,90.909,100,100,0,100,8,34,34,6,6,600,600,3,30
1952.422,48,3,11,0,3,6,5,100,90.909,100,100,0,100,8,34,34,6,6,600,600,2,30
1953.422,48,3,11,0,3,6,5,100,90.909,100,100,0,100,8,34,34,6,6,600,600,2,30
1954.422,48,3,11,0,3,6,5,100,90.909,100,100,0,100,8,34,34,6,6,600,600,3,30
1955.422,48,3,11,0,3,6,5,100,90.909,100,100,0,100,8,34,34,6,6,600,600,2,30
1956.422,48,3,11,0,3,6,5,100,90.909,100,100,0,100,8,34,34,6,6,600,600,3,30
1957.422,48,3,11,0,3,6,5,100,90.909,100,100,0,100,8,34,34,6,6,600,600,2,30
1958.422,48,3,11,0,3,6,5,100,90.909,100,100,0,100,8,34,34,6,6,600,600,2,30
1959.422,48,3,11,0,3,6,5,100,90.909,100,100,0,100,8,34,34,6,6,600,600,2,30
1960.423,48,3,11,0,3,6,5,100,90.909,100,100,0,100,8,34,34,6,6,600,600,2,30
1961.423,48,3,11,0,3,6,5,100,90.909,100,100,0,100,8,34,34,6,6,600,600,2,30
1962.423,48,3,11,0,3,6,5,100,90.909,100,100,0,100,8,34,34,6,6,600,600,2,30
1963.423,48,3,11,0,3,6,5,100,90.909,100,100,0,100,8,34,34,6,6,600,600,2,30
1964.423,48,3,11,0,3,6,5,100,90.909,100,100,0,100,8,34,34,6,6,600,600,2,30
1965.423,48,3,11,0,3,6,5,100,90.909,100,100,0,100,8,34,34,6,6,600,600,2,30
1966.423,48,3,11,0,3,6,5,100,90.909,100,100,0,100,8,34,34,6,6,600,600,2,30
1967.423,48,3,11,0,3,6,5,100,90.909,100,100,0,100,8,34,34,6,6,600,600,2,30
1968.424,48,3,11,0,3,6,5,100,90.909,100,100,0,100,8,34,34,6,6,600,600,2,30
1969.424,48,3,11,0,3,6,5,100,90.909,100,100,0,100,8,34,34,6,6,600,600,2,30
1970.424,48,3,11,0,3,6,5,100,90.909,100,100,0,100,8,34,34,6,6,600,600,2,30
1971.424,48,3,11,0,3,6,5,100,90.909,100,100,0,100,8,34,34,6,6,600,600,2,30
1972.424,48,3,11,0,3,6,5,100,90.909,100,100,0,100,8,34,34,6,6,600,600,2,30
1973.424,48,3,11,0,3,6,5,100,90.909,100,100,0,100,8,34,34,6,6,600,600,2,30
1974.424,48,3,11,0,3,6,5,100,90.909,100,100,0,100,8,34,34,6,6,600,600,2,30
1975.424,48,3,11,0,3,6,5,100,90.909,100,100,0,100,8,34,34,6,6,600,600,2,30
1976.425,48,3,11,0,3,6,5,100,90.909,100,100,0,100,8,34,34,6,6,600,600,1,30
1977.425,48,3,11,0,3,6,5,100,90.909,100,100,0,100,8,34,34,6,6,600,600,2,30
1978.425,48,3,11,0,3,6,5,100,90.909,100,100,0,100,8,34,34,6,6,600,600,2,30
1979.425,48,3,11,0,3,6,5,100,90.909,100,100,0,100,8,34,34,6,6,600,600,3,30
1980.425,48,3,11,0,3,6,5,100,90.909,100,100,0,100,8,34,34,6,6,600,600,2,30
1981.425,48,3,11,0,3,6,5,100,90.909,100,100,0,100,8,34,34,6,6,600,600,2,30
1982.425,48,3,11,0,3,6,5,100,90.909,100,100,0,100,8,34,34,6,6,600,600,2,30
1983.425,48,3,11,0,3,6,5,100,90.909,100,100,0,100,8,34,34,6,6,600,600,2,30
1984.426,48,3,11,0,3,6,5,100,90.909,100,100,0,100,8,34,34,6,6,600,600,3,30
1985.426,48,3,11,0,3,6,5,100,90.909,100,100,0,100,8,34,34,6,6,600,600,2,30
1986.426,48,3,11,0,3,6,5,100,90.909,100,100,0,100,8,34,34,6,6,600,600,2,30
1987.426,48,3,11,0,3,6,5,100,90.909,100,100,0,100,8,34,34,6,6,600,600,2,30
1988.426,48,3,11,0,3,6,5,100,90.909,100,100,0,100,8,34,34,6,6,600,600,2,30
1989.426,48,3,11,0,3,6,5,100,90.909,100,100,0,100,8,34,34,6,6,600,600,2,30
1990.426,48,3,11,0,3,6,5,100,90.909,100,100,0,100,8,34,34,6,6,600,600,2,30
1991.426,48,3,11,0,3,6,5,100,90.909,100,100,0,100,8,34,34,6,6,600,600,2,30
1992.427,48,3,11,0,3,6,5,100,90.909,100,100,0,100,8,34,34,6,6,600,600,2,30
1993.427,48,3,11,0,3,6,5,100,90.909,100,100,0,100,8,34,34,6,6,600,600,2,30
1994.427,48,3,11,0,3,6,5,100,90.909,100,100,0,100,8,34,34,6,6,600,600,3,30
1995.427,48,3,11,0,3,6,5,100,90.909,100,100,0,100,8,34,34,6,6,600,600,2,30
1996.427,48,3,11,0,3,6,5,100,90.909,100,100,0,100,8,34,34,6,6,600,600,2,30
1997.427,48,3,11,0,3,6,5,100,90.909,100,100,0,100,8,34,34,6,6,600,600,2,30
1998.427,48,3,11,0,3,6,5,100,90.909,100,100,0,100,8,34,34,6,6,600,600,2,30
1999.427,48,3,11,0,3,6,5,100,90.909,100,100,0,100,8,34,34,6,6,600,600,2,30
2000.427,48,3,11,0,3,6,5,100,90.909,100,100,0,100,8,34,34,6,6,600,600,2,30
2001.428,48,3,11,0,3,6,5,100,90.909,100,100,0,100,8,34,34,6,6,600,600,2,30
2002.428,48,3,11,0,3,6,5,100,90.909,100,100,0,100,8,34,34,6,6,600,600,2,30
2003.428,48,3,11,0,3,6,5,100,90.909,100,100,0,100,8,34,34,6,6,600,600,3,30
2004.428,48,3,11,0,3,6,5,100,90.909,100,100,0,100,8,34,34,6,6,600,600,2,30
2005.428,48,3,11,0,3,6,5,100,90.909,100,100,0,100,8,34,34,6,6,600,600,2,30
2006.428,48,3,11,0,3,6,5,100,90.909,100,100,0,100,8,34,34,6,6,600,600,2,30
2007.428,48,3,11,0,3,6,5,100,90.909,100,100,0,100,8,34,34,6,6,600,600,2,30
2008.428,48,3,11,0,3,6,5,100,90.909,100,100,0,100,8,34,34,6,6,600,600,2,30
2009.429,48,3,11,0,3,6,5,100,90.909,100,100,0,100,8,34,34,6,6,600,600,2,30
2010.429,48,3,11,0,3,6,5,100,90.909,100,100,0,100,8,34,34,6,6,600,600,2,30
2011.429,48,3,11,0,3,6,5,100,90.909,100,100,0,100,8,34,34,6,6,600,600,2,30
2012.429,48,3,11,0,3,6,5,100,90.909,100,100,0,100,8,34,34,6,6,600,600,2,30
2013.429,48,3,11,0,3,6,5,100,90.909,100,100,0,100,8,34,34,6,6,600,600,2,30
2014.429,48,3,11,0,3,6,5,100,90.909,100,100,0,100,8,34,34,6,6,600,600,2,30
2015.429,48,3,11,0,3,6,5,100,90.909,100,100,0,100,8,34,34,6,6,600,600,2,30
2016.429,48,3,11,0,3,6,5,100,90.909,100,100,0,100,8,34,34,6,6,600,600,2,30
2017.43,48,3,11,0,3,6,5,100,90.909,100,100,0,100,8,34,34,6,6,600,600,2,30
2018.43,48,3,11,0,3,6,5,100,90.909,100,100,0,100,8,34,34,6,6,600,600,2,30
2019.43,48,3,11,0,3,6,5,100,90.909,100,100,0,100,8,34,34,6,6,600,600,2,30
2020.43,48,3,11,0,3,6,5,100,90.909,100,100,0,100,8,34,34,6,6,600,600,2,30
2021.43,48,3,11,0,3,6,5,100,90.909,100,100,0,100,8,34,34,6,6,600,600,2,30
2022.43,48,3,11,0,3,6,5,100,90.909,100,100,0,100,8,34,34,6,6,600,600,2,30
2023.43,48,3,11,0,3,6,5,100,90.909,100,100,0,100,8,34,34,6,6,600,600,2,30
2024.43,48,3,11,0,3,6,5,100,90.909,100,100,0,100,8,34,34,6,6,600,600,2,30
2025.431,48,3,11,0,3,6,5,100,90.909,100,100,0,100,8,34,34,6,6,600,600,2,30
2026.431,48,3,11,0,3,6,5,100,90.909,100,100,0,100,8,34,34,6,6,600,600,2,30
2027.431,48,3,11,0,3,6,5,100,90.909,100,100,0,100,8,34,34,6,6,600,600,3,30
2028.431,48,3,11,0,3,6,5,100,90.909,100,100,0,100,8,34,34,6,6,600,600,2,30
2029.431,48,3,11,0,3,6,5,100,90.909,100,100,0,100,8,34,34,6,6,600,600,2,30
2030.431,48,3,11,0,3,6,5,100,90.909,100,100,0,100,8,34,34,6,6,600,600,2,30
2031.431,48,3,11,0,3,6,5,100,90.909,100,100,0,100,8,34,34,6,6,600,600,2,30
2032.431,48,3,11,0,3,6,5,100,90.909,100,100,0,100,8,34,34,6,6,600,600,2,30
2033.432,48,3,11,0,3,6,5,100,90.909,100,100,0,100,8,34,34,6,6,600,600,2,30
2034.432,48,3,11,0,3,6,5,100,90.909,100,100,0,100,8,34,34,6,6,600,600,2,30
2035.432,48,3,11,0,3,6,5,100,90.909,100,100,0,100,8,34,34,6,6,600,600,2,30
2036.432,48,3,11,0,3,6,5,100,90.909,100,100,0,100,8,34,34,6,6,600,600,2,30
2037.432,48,3,11,0,3,6,5,100,90.909,100,100,0,100,8,34,34,6,6,600,600,2,30
2038.432,48,3,11,0,3,6,5,100,90.909,100,100,0,100,8,34,34,6,6,600,600,2,30
2039.432,48,3,11,0,3,6,5,100,90.909,100,100,0,100,8,34,34,6,6,600,600,2,30
2040.432,48,3,11,0,3,6,5,100,90.909,100,100,0,100,8,34,34,6,6,600,600,2,30
2041.432,48,3,11,0,3,6,5,100,90.909,100,100,0,100,8,34,34,6,6,600,600,2,30
2042.433,48,3,11,0,3,6,5,100,90.909,100,100,0,100,8,34,34,6,6,600,600,2,30
2043.433,48,3,11,0,3,6,5,100,90.909,100,100,0,100,8,34,34,6,6,600,600,2,30
2044.433,48,3,11,0,3,6,5,100,90.909,100,100,0,100,8,34,34,6,6,600,600,2,30
2045.433,48,3,11,0,3,6,5,100,90.909,100,100,0,100,8,34,34,6,6,600,600,2,30
2046.433,48,3,11,0,3,6,5,100,90.909,100,100,0,100,8,34,34,6,6,600,600,2,30
2047.433,48,3,11,0,3,6,5,100,90.909,100,100,0,100,8,34,34,6,6,600,600,2,30
2048.433,48,3,11,0,3,6,5,100,90.909,100,100,0,100,8,34,34,6,6,600,600,2,30
2049.433,48,3,11,0,3,6,5,100,90.909,100,100,0,100,8,34,34,6,6,600,600,2,30
2050.433,48,3,11,0,3,6,5,100,90.909,100,100,0,100,8,34,34,6,6,600,600,2,30
2051.432,48,3,11,0,3,6,5,100,90.909,100,100,0,100,8,34,34,6,6,600,600,3,30
2052.432,48,3,11,0,3,6,5,100,90.909,100,100,0,100,8,34,34,6,6,600,600,2,30
2053.432,48,3,11,0,3,6,5,100,90.909,100,100,0,100,8,34,34,6,6,600,600,2,30
2054.432,48,3,11,0,3,6,5,100,90.909,100,100,0,100,8,34,34,6,6,600,600,2,30
2055.431,48,3,11,0,3,6,5,100,90.909,100,100,0,100,8,34,34,6,6,600,600,2,30
2056.431,48,3,11,0,3,6,5,100,90.909,100,100,0,100,8,34,34,6,6,600,600,2,30
2057.431,48,3,11,0,3,6,5,100,90.909,100,100,0,100,8,34,34,6,6,600,600,2,30
2058.431,48,3,11,0,3,6,5,100,90.909,100,100,0,100,8,34,34,6,6,600,600,2,30
2059.43,48,3,11,0,3,6,5,100,90.909,100,100,0,100,8,34,34,6,6,600,600,2,30
2060.43,48,3,11,0,3,6,5,100,90.909,100,100,0,100,8,34,34,6,6,600,600,2,30
2061.43,48,3,11,0,3,6,5,100,90.909,100,100,0,100,8,34,34,6,6,600,600,3,30
2062.43,48,3,11,0,3,6,5,100,90.909,100,100,0,100,8,34,34,6,6,600,600,2,30
2063.429,48,3,11,0,3,6,5,100,90.909,100,100,0,100,8,34,34,6,6,600,600,2,30
2064.429,48,3,11,0,3,6,5,100,90.909,100,100,0,100,8,34,34,6,6,600,600,2,30
2065.429,48,3,11,0,3,6,5,100,90.909,100,100,0,100,8,34,34,6,6,600,600,2,30
2066.429,48,3,11,0,3,6,5,100,90.909,100,100,0,100,8,34,34,6,6,600,600,2,30
2067.428,48,3,11,0,3,6,5,100,90.909,100,100,0,100,8,34,34,6,6,600,600,2,30
2068.428,48,3,11,0,3,6,5,100,90.909,100,100,0,100,8,34,34,6,6,600,600,2,30
2069.428,48,3,11,0,3,6,5,100,90.909,100,100,0,100,8,34,34,6,6,600,600,2,30
2070.428,48,3,11,0,3,6,5,100,90.909,100,100,0,100,8,34,34,6,6,600,600,2,30
2071.427,48,3,11,0,3,6,5,100,90.909,100,100,0,100,8,34,34,6,6,600,600,2,30
2072.427,48,3,11,0,3,6,5,100,90.909,100,100,0,100,8,34,34,6,6,600,600,2,30
2073.427,48,3,11,0,3,6,5,100,90.909,100,100,0,100,8,34,34,6,6,600,600,2,30
2074.427,48,3,11,0,3,6,5,100,90.909,100,100,0,100,8,34,34,6,6,600,600,2,30
2075.427,48,3,11,0,3,6,5,100,90.909,100,100,0,100,8,34,34,6,6,600,600,2,30
2076.426,48,3,11,0,3,6,5,100,90.909,100,100,0,100,8,34,34,6,6,600,600,3,30
2077.426,48,3,11,0,3,6,5,100,90.909,100,100,0,100,8,34,34,6,6,600,600,2,30
2078.426,48,3,11,0,3,6,5,100,90.909,100,100,0,100,8,34,34,6,6,600,600,2,30
2079.426,48,3,11,0,3,6,5,100,90.909,100,100,0,100,8,34,34,6,6,600,600,2,30
2080.425,48,3,11,0,3,6,5,100,90.909,100,100,0,100,8,34,34,6,6,600,600,2,30
2081.425,48,3,11,0,3,6,5,100,90.909,100,100,0,100,8,34,34,6,6,600,600,2,30
2082.425,48,3,11,0,3,6,5,100,90.909,100,100,0,100,8,34,34,6,6,600,600,2,30
2083.425,48,3,11,0,3,6,5,100,90.909,100,100,0,100,8,34,34,6,6,600,600,2,30
2084.424,48,3,11,0,3,6,5,100,90.909,100,100,0,100,8,34,34,6,6,600,600,2,30
2085.424,48,3,11,0,3,6,5,100,90.909,100,100,0,100,8,34,34,6,6,600,600,2,30
2086.424,48,3,11,0,3,6,5,100,90.909,100,100,0,100,8,34,34,6,6,600,600,2,30
2087.424,48,3,11,0,3,6,5,100,90.909,100,100,0,100,8,34,34,6,6,600,600,2,30
2088.423,48,3,11,0,3,6,5,100,90.909,100,100,0,100,8,34,34,6,6,600,600,2,30
2089.423,48,3,11,0,3,6,5,100,90.909,100,100,0,100,8,34,34,6,6,600,600,3,30
2090.423,48,3,11,0,3,6,5,100,90.909,100,100,0,100,8,34,34,6,6,600,600,2,30
2091.423,48,3,11,0,3,6,5,100,90.909,100,100,0,100,8,34,34,6,6,600,600,2,30
2092.422,48,3,11,0,3,6,5,100,90.909,100,100,0,100,8,34,34,6,6,600,600,2,30
2093.422,48,3,11,0,3,6,5,100,90.909,100,100,0,100,8,34,34,6,6,600,600,3,30
2094.422,48,3,11,0,3,6,5,100,90.909,100,100,0,100,8,34,34,6,6,600,600,2,30
2095.422,48,3,11,0,3,6,5,100,90.909,100,100,0,100,8,34,34,6,6,600,600,2,30
2096.421,48,3,11,0,3,6,5,100,90.909,100,100,0,100,8,34,34,6,6,600,600,2,30
2097.421,48,3,11,0,3,6,5,100,90.909,100,100,0,100,8,34,34,6,6,600,600,2,30
2098.421,48,3,11,0,3,6,5,100,90.909,100,100,0,100,8,34,34,6,6,600,600,2,30
2099.421,48,3,11,0,3,6,5,100,90.909,100,100,0,100,8,34,34,6,6,600,600,2,30
2100.42,48,3,11,0,3,6,5,100,90.909,100,100,0,100,8,34,34,6,6,600,600,2,30
2101.42,48,3,11,0,3,6,5,100,90.909,100,100,0,100,8,34,34,6,6,600,600,2,30
2102.42,48,3,11,0,3,6,5,100,90.909,100,100,0,100,8,34,34,6,6,600,600,2,30
2103.42,48,3,11,0,3,6,5,100,90.909,100,100,0,100,8,34,34,6,6,600,600,2,30
2104.419,48,3,11,0,3,6,5,100,90.909,100,100,0,100,8,34,34,6,6,600,600,2,30
2105.419,48,3,11,0,3,6,5,100,90.909,100,100,0,100,8,34,34,6,6,600,600,2,30
2106.419,48,3,11,0,3,6,5,100,90.909,100,100,0,100,8,34,34,6,6,600,600,2,30
2107.419,48,3,11,0,3,6,5,100,90.909,100,100,0,100,8,34,34,6,6,600,600,2,30
2108.418,48,3,11,0,3,6,5,100,90.909,100,100,0,100,8,34,34,6,6,600,600,2,30
2109.418,48,3,11,0,3,6,5,100,90.909,100,100,0,100,8,34,34,6,6,600,600,2,30
2110.418,48,3,11,0,3,6,5,100,90.909,100,100,0,100,8,34,34,6,6,600,600,2,30
2111.418,48,3,11,0,3,6,5,100,90.909,100,100,0,100,8,34,34,6,6,600,600,2,30
2112.417,48,3,11,0,3,6,5,100,90.909,100,100,0,100,8,34,34,6,6,600,600,2,30
2113.417,48,3,11,0,3,6,5,100,90.909,100,100,0,100,8,34,34,6,6,600,600,2,30
2114.417,48,3,11,0,3,6,5,100,90.909,100,100,0,100,8,34,34,6,6,600,600,2,30
2115.417,48,3,11,0,3,6,5,100,90.909,100,100,0,100,8,34,34,6,6,600,600,2,30
2116.417,48,3,11,0,3,6,5,100,90.909,100,100,0,100,8,34,34,6,6,600,600,2,30
2117.416,48,3,11,0,3,6,5,100,90.909,100,100,0,100,8,34,34,6,6,600,600,2,30
2118.416,48,3,11,0,3,6,5,100,90.909,100,100,0,100,8,34,34,6,6,600,600,3,30
2119.416,48,3,11,0,3,6,5,100,90.909,100,100,0,100,8,34,34,6,6,600,600,2,30
2120.416,48,3,11,0,3,6,5,100,90.909,100,100,0,100,8,34,34,6,6,600,600,2,30
2121.415,48,3,11,0,3,6,5,100,90.909,100,100,0,100,8,34,34,6,6,600,600,2,30
2122.415,48,3,11,0,3,6,5,100,90.909,100,100,0,100,8,34,34,6,6,600,600,2,30
2123.415,48,3,11,0,3,6,5,100,90.909,100,100,0,100,8,34,34,6,6,600,600,2,30
2124.415,48,3,11,0,3,6,5,100,90.909,100,100,0,100,8,34,34,6,6,600,600,2,30
2125.414,48,3,11,0,3,6,5,100,90.909,100,100,0,100,8,34,34,6,6,600,600,2,30
2126.414,48,3,11,0,3,6,5,100,90.909,100,100,0,100,8,34,34,6,6,600,600,2,30
2127.414,48,3,11,0,3,6,5,100,90.909,100,100,0,100,8,34,34,6,6,600,600,2,30
2128.414,48,3,11,0,3,6,5,100,90.909,100,100,0,100,8,34,34,6,6,600,600,2,30
2129.413,48,3,11,0,3,6,5,100,90.909,100,100,0,100,8,34,34,6,6,600,600,3,30
2130.413,48,3,11,0,3,6,5,100,90.909,100,100,0,100,8,34,34,6,6,600,600,2,30
2131.413,48,3,11,0,3,6,5,100,90.909,100,100,0,100,8,34,34,6,6,600,600,2,30
2132.413,48,3,11,0,3,6,5,100,90.909,100,100,0,100,8,34,34,6,6,600,600,2,30
2133.412,48,3,11,0,3,6,5,100,90.909,100,100,0,100,8,34,34,6,6,600,600,2,30
2134.412,48,3,11,0,3,6,5,100,90.909,100,100,0,100,8,34,34,6,6,600,600,2,30
2135.412,48,3,11,0,3,6,5,100,90.909,100,100,0,100,8,34,34,6,6,600,600,2,30
2136.412,48,3,11,0,3,6,5,100,90.909,100,100,0,100,8,34,34,6,6,600,600,2,30
2137.411,48,3,11,0,3,6,5,100,90.909,100,100,0,100,8,34,34,6,6,600,600,2,30
2138.411,48,3,11,0,3,6,5,100,90.909,100,100,0,100,8,34,34,6,6,600,600,2,30
2139.411,48,3,11,0,3,6,5,100,90.909,100,100,0,100,8,34,34,6,6,600,600,2,30
2140.411,48,3,11,0,3,6,5,100,90.909,100,100,0,100,8,34,34,6,6,600,600,2,30
2141.41,48,3,11,0,3,6,5,100,90.909,100,100,0,100,8,34,34,6,6,600,600,2,30
2142.41,48,3,11,0,3,6,5,100,90.909,100,100,0,100,8,34,34,6,6,600,600,2,30
2143.41,48,3,11,0,3,6,5,100,90.909,100,100,0,100,8,34,34,6,6,600,600,2,30
2144.41,48,3,11,0,3,6,5,100,90.909,100,100,0,100,8,34,34,6,6,600,600,2,30
2145.409,48,3,11,0,3,6,5,100,90.909,100,100,0,100,8,34,34,6,6,600,600,2,30
2146.409,48,3,11,0,3,6,5,100,90.909,100,100,0,100,8,34,34,6,6,600,600,2,30
2147.409,48,3,11,0,3,6,5,100,90.909,100,100,0,100,8,34,34,6,6,600,600,2,30
2148.409,48,3,11,0,3,6,5,100,90.909,100,100,0,100,8,34,34,6,6,600,600,2,30
2149.408,48,3,11,0,3,6,5,100,90.909,100,100,0,100,8,34,34,6,6,600,600,2,30
2150.408,48,3,11,0,3,6,5,100,90.909,100,100,0,100,8,34,34,6,6,600,600,2,30
2151.408,48,3,11,0,3,6,5,100,90.909,100,100,0,100,8,34,34,6,6,600,600,2,30
2152.408,48,3,11,0,3,6,5,100,90.909,100,100,0,100,8,34,34,6,6,600,600,2,30
2153.407,48,3,11,0,3,6,5,100,90.909,100,100,0,100,8,34,34,6,6,600,600,2,30
2154.407,48,3,11,0,3,6,5,100,90.909,100,100,0,100,8,34,34,6,6,600,600,2,30
2155.407,48,3,11,0,3,6,5,100,90.909,100,100,0,100,8,34,34,6,6,600,600,2,30
2156.407,48,3,11,0,3,6,5,100,90.909,100,100,0,100,8,34,34,6,6,600,600,3,30
2157.406,48,3,11,0,3,6,5,100,90.909,100,100,0,100,8,34,34,6,6,600,600,2,30
2158.406,48,3,11,0,3,6,5,100,90.909,100,100,0,100,8,34,34,6,6,600,600,2,30
2159.406,48,3,11,0,3,6,5,100,90.909,100,100,0,100,8,34,34,6,6,600,600,2,30
2160.406,48,3,11,0,3,6,5,100,90.909,100,100,0,100,8,34,34,6,6,600,600,2,30
2161.406,48,3,11,0,3,6,5,100,90.909,100,100,0,100,8,34,34,6,6,600,600,2,30
2162.405,48,3,11,0,3,6,5,100,90.909,100,100,0,100,8,34,34,6,6,600,600,2,30
2163.405,48,3,11,0,3,6,5,100,90.909,100,100,0,100,8,34,34,6,6,600,600,2,30
2164.405,48,3,11,0,3,6,5,100,90.909,100,100,0,100,8,34,34,6,6,600,600,2,30
2165.405,48,3,11,0,3,6,5,100,90.909,100,100,0,100,8,34,34,6,6,600,600,2,30
2166.404,48,3,11,0,3,6,5,100,90.909,100,100,0,100,8,34,34,6,6,600,600,2,30
2167.404,48,3,11,0,3,6,5,100,90.909,100,100,0,100,8,34,34,6,6,600,600,2,30
2168.404,48,3,11,0,3,6,5,100,90.909,100,100,0,100,8,34,34,6,6,600,600,2,30
2169.404,48,3,11,0,3,6,5,100,90.909,100,100,0,100,8,34,34,6,6,600,600,2,30
2170.403,48,3,11,0,3,6,5,100,90.909,100,100,0,100,8,34,34,6,6,600,600,2,30
2171.403,48,3,11,0,3,6,5,100,90.909,100,100,0,100,8,34,34,6,6,600,600,2,30
2172.403,48,3,11,0,3,6,5,100,90.909,100,100,0,100,8,34,34,6,6,600,600,2,30
2173.403,48,3,11,0,3,6,5,100,90.909,100,100,0,100,8,34,34,6,6,600,600,2,30
2174.402,48,3,11,0,3,6,5,100,90.909,100,100,0,100,8,34,34,6,6,600,600,2,30
2175.402,48,3,11,0,3,6,5,100,90.909,100,100,0,100,8,34,34,6,6,600,600,3,30
2176.402,48,3,11,0,3,6,5,100,90.909,100,100,0,100,8,34,34,6,6,600,600,2,30
2177.402,48,3,11,0,3,6,5,100,90.909,100,100,0,100,8,34,34,6,6,600,600,2,30
2178.401,48,3,11,0,3,6,5,100,90.909,100,100,0,100,8,34,34,6,6,600,600,2,30
2179.401,48,3,11,0,3,6,5,100,90.909,100,100,0,100,8,34,34,6,6,600,600,2,30
2180.401,48,3,11,0,3,6,5,100,90.909,100,100,0,100,8,34,34,6,6,600,600,2,30
2181.401,48,3,11,0,3,6,5,100,90.909,100,100,0,100,8,34,34,6,6,600,600,2,30
2182.4,48,3,11,0,3,6,5,100,90.909,100,100,0,100,8,34,34,6,6,600,600,2,30
2183.4,48,3,11,0,3,6,5,100,90.909,100,100,0,100,8,34,34,6,6,600,600,2,30
2184.4,48,3,11,0,3,6,5,100,90.909,100,100,0,100,8,34,34,6,6,600,600,2,30
2185.4,48,3,11,0,3,6,5,100,90.909,100,100,0,100,8,34,34,6,6,600,600,2,30
2186.399,48,3,11,0,3,6,5,100,90.909,100,100,0,100,8,34,34,6,6,600,600,2,30
2187.399,48,3,11,0,3,6,5,100,90.909,100,100,0,100,8,34,34,6,6,600,600,2,30
2188.399,48,3,11,0,3,6,5,100,90.909,100,100,0,100,8,34,34,6,6,600,600,2,30
2189.399,48,3,11,0,3,6,5,100,90.909,100,100,0,100,8,34,34,6,6,600,600,2,30
2190.398,48,3,11,0,3,6,5,100,90.909,100,100,0,100,8,34,34,6,6,600,600,2,30
2191.398,48,3,11,0,3,6,5,100,90.909,100,100,0,100,8,34,34,6,6,600,600,2,30
2192.398,48,3,11,0,3,6,5,100,90.909,100,100,0,100,8,34,34,6,6,600,600,2,30
2193.398,48,3,11,0,3,6,5,100,90.909,100,100,0,100,8,34,34,6,6,600,600,2,30
2194.397,48,3,11,0,3,6,5,100,90.909,100,100,0,100,8,34,34,6,6,600,600,2,30
2195.397,48,3,11,0,3,6,5,100,90.909,100,100,0,100,8,34,34,6,6,600,600,2,30
2196.397,48,3,11,0,3,6,5,100,90.909,100,100,0,100,8,34,34,6,6,600,600,2,30
2197.397,48,3,11,0,3,6,5,100,90.909,100,100,0,100,8,34,34,6,6,600,600,2,30
2198.396,48,3,11,0,3,6,5,100,90.909,100,100,0,100,8,34,34,6,6,600,600,2,30
2199.396,48,3,11,0,3,6,5,100,90.909,100,100,0,100,8,34,34,6,6,600,600,2,30
2200.396,48,3,11,0,3,6,5,100,90.909,100,100,0,100,8,34,34,6,6,600,600,2,30
2201.396,48,3,11,0,3,6,5,100,90.909,100,100,0,100,8,34,34,6,6,600,600,2,30
2202.396,48,3,11,0,3,6,5,100,90.909,100,100,0,100,8,34,34,6,6,600,600,2,30
2203.395,48,3,11,0,3,6,5,100,90.909,100,100,0,100,8,34,34,6,6,600,600,2,30
2204.395,48,3,11,0,3,6,5,100,90.909,100,100,0,100,8,34,34,6,6,600,600,2,30
2205.395,48,3,11,0,3,6,5,100,90.909,100,100,0,100,8,34,34,6,6,600,600,2,30
2206.395,48,3,11,0,3,6,5,100,90.909,100,100,0,100,8,34,34,6,6,600,600,2,30
2207.394,48,3,11,0,3,6,5,100,90.909,100,100,0,100,8,34,34,6,6,600,600,2,30
2208.394,48,3,11,0,3,6,5,100,90.909,100,100,0,100,8,34,34,6,6,600,600,2,30
2209.394,48,3,11,0,3,6,5,100,90.909,100,100,0,100,8,34,34,6,6,600,600,2,30
2210.394,48,3,11,0,3,6,5,100,90.909,100,100,0,100,8,34,34,6,6,600,600,2,30
2211.393,48,3,11,0,3,6,5,100,90.909,100,100,0,100,8,34,34,6,6,600,600,2,30
2212.393,48,3,11,0,3,6,5,100,90.909,100,100,0,100,8,34,34,6,6,600,600,2,30
2213.393,48,3,11,0,3,6,5,100,90.909,100,100,0,100,8,34,34,6,6,600,600,2,30
2214.393,48,3,11,0,3,6,5,100,90.909,100,100,0,100,8,34,34,6,6,600,600,2,30
2215.392,48,3,11,0,3,6,5,100,90.909,100,100,0,100,8,34,34,6,6,600,600,2,30
2216.392,48,3,11,0,3,6,5,100,90.909,100,100,0,100,8,34,34,6,6,600,600,2,30
2217.392,48,3,11,0,3,6,5,100,90.909,100,100,0,100,8,34,34,6,6,600,600,2,30
2218.392,48,3,11,0,3,6,5,100,90.909,100,100,0,100,8,34,34,6,6,600,600,2,30
2219.391,48,3,11,0,3,6,5,100,90.909,100,100,0,100,8,34,34,6,6,600,600,2,30
2220.391,48,3,11,0,3,6,5,100,90.909,100,100,0,100,8,34,34,6,6,600,600,2,30
2221.391,48,3,11,0,3,6,5,100,90.909,100,100,0,100,8,34,34,6,6,600,600,2,30
2222.391,48,3,11,0,3,6,5,100,90.909,100,100,0,100,8,34,34,6,6,600,600,2,30
2223.39,48,3,11,0,3,6,5,100,90.909,100,100,0,100,8,34,34,6,6,600,600,2,30
2224.39,48,3,11,0,3,6,5,100,90.909,100,100,0,100,8,34,34,6,6,600,600,2,30
2225.39,48,3,11,0,3,6,5,100,90.909,100,100,0,100,8,34,34,6,6,600,600,2,30
2226.39,48,3,11,0,3,6,5,100,90.909,100,100,0,100,8,34,34,6,6,600,600,2,30
2227.389,48,3,11,0,3,6,5,100,90.909,100,100,0,100,8,34,34,6,6,600,600,2,30
2228.389,48,3,11,0,3,6,5,100,90.909,100,100,0,100,8,34,34,6,6,600,600,2,30
2229.389,48,3,11,0,3,6,5,100,90.909,100,100,0,100,8,34,34,6,6,600,600,2,30
2230.389,48,3,11,0,3,6,5,100,90.909,100,100,0,100,8,34,34,6,6,600,600,2,30
2231.388,48,3,11,0,3,6,5,100,90.909,100,100,0,100,8,34,34,6,6,600,600,2,30
2232.388,48,3,11,0,3,6,5,100,90.909,100,100,0,100,8,34,34,6,6,600,600,2,30
2233.388,48,3,11,0,3,6,5,100,90.909,100,100,0,100,8,34,34,6,6,600,600,2,30
2234.388,48,3,11,0,3,6,5,100,90.909,100,100,0,100,8,34,34,6,6,600,600,2,30
2235.387,48,3,11,0,3,6,5,100,90.909,100,100,0,100,8,34,34,6,6,600,600,2,30
2236.387,48,3,11,0,3,6,5,100,90.909,100,100,0,100,8,34,34,6,6,600,600,2,30
2237.387,48,3,11,0,3,6,5,100,90.909,100,100,0,100,8,34,34,6,6,600,600,2,30
2238.387,48,3,11,0,3,6,5,100,90.909,100,100,0,100,8,34,34,6,6,600,600,3,30
2239.386,48,3,11,0,3,6,5,100,90.909,100,100,0,100,8,34,34,6,6,600,600,2,30
2240.386,48,3,11,0,3,6,5,100,90.909,100,100,0,100,8,34,34,6,6,600,600,2,30
2241.386,48,3,11,0,3,6,5,100,90.909,100,100,0,100,8,34,34,6,6,600,600,2,30
2242.386,48,3,11,0,3,6,5,100,90.909,100,100,0,100,8,34,34,6,6,600,600,2,30
2243.385,48,3,11,0,3,6,5,100,90.909,100,100,0,100,8,34,34,6,6,600,600,2,30
2244.385,48,3,11,0,3,6,5,100,90.909,100,100,0,100,8,34,34,6,6,600,600,2,30
2245.385,48,3,11,0,3,6,5,100,90.909,100,100,0,100,8,34,34,6,6,600,600,2,30
2246.385,48,3,11,0,3,6,5,100,90.909,100,100,0,100,8,34,34,6,6,600,600,2,30
2247.385,48,3,11,0,3,6,5,100,90.909,100,100,0,100,8,34,34,6,6,600,600,2,30
2248.384,48,3,11,0,3,6,5,100,90.909,100,100,0,100,8,34,34,6,6,600,600,2,30
2249.384,48,3,11,0,3,6,5,100,90.909,100,100,0,100,8,34,34,6,6,600,600,2,30
2250.384,48,3,11,0,3,6,5,100,90.909,100,100,0,100,8,34,34,6,6,600,600,2,30
2251.384,48,3,11,0,3,6,5,100,90.909,100,100,0,100,8,34,34,6,6,600,600,2,30
2252.383,48,3,11,0,3,6,5,100,90.909,100,100,0,100,8,34,34,6,6,600,600,2,30
2253.383,48,3,11,0,3,6,5,100,90.909,100,100,0,100,8,34,34,6,6,600,600,2,30
2254.383,48,3,11,0,3,6,5,100,90.909,100,100,0,100,8,34,34,6,6,600,600,2,30
2255.383,48,3,11,0,3,6,5,100,90.909,100,100,0,100,8,34,34,6,6,600,600,2,30
2256.382,48,3,11,0,3,6,5,100,90.909,100,100,0,100,8,34,34,6,6,600,600,2,30
2257.382,48,3,11,0,3,6,5,100,90.909,100,100,0,100,8,34,34,6,6,600,600,2,30
2258.382,48,3,11,0,3,6,5,100,90.909,100,100,0,100,8,34,34,6,6,600,600,2,30
2259.382,48,3,11,0,3,6,5,100,90.909,100,100,0,100,8,34,34,6,6,600,600,2,30
2260.381,48,3,11,0,3,6,5,100,90.909,100,100,0,100,8,34,34,6,6,600,600,2,30
2261.381,48,3,11,0,3,6,5,100,90.909,100,100,0,100,8,34,34,6,6,600,600,2,30
2262.381,48,3,11,0,3,6,5,100,90.909,100,100,0,100,8,34,34,6,6,600,600,2,30
2263.381,48,3,11,0,3,6,5,100,90.909,100,100,0,100,8,34,34,6,6,600,600,2,30
2264.38,48,3,11,0,3,6,5,100,90.909,100,100,0,100,8,34,34,6,6,600,600,2,30
2265.38,48,3,11,0,3,6,5,100,90.909,100,100,0,100,8,34,34,6,6,600,600,2,30
2266.38,48,3,11,0,3,6,5,100,90.909,100,100,0,100,8,34,34,6,6,600,600,2,30
2267.38,48,3,11,0,3,6,5,100,90.909,100,100,0,100,8,34,34,6,6,600,600,2,30
2268.379,48,3,11,0,3,6,5,100,90.909,100,100,0,100,8,34,34,6,6,600,600,2,30
2269.379,48,3,11,0,3,6,5,100,90.909,100,100,0,100,8,34,34,6,6,600,600,2,30
2270.379,48,3,11,0,3,6,5,100,90.909,100,100,0,100,8,34,34,6,6,600,600,2,30
2271.379,48,3,11,0,3,6,5,100,90.909,100,100,0,100,8,34,34,6,6,600,600,2,30
2272.378,48,3,11,0,3,6,5,100,90.909,100,100,0,100,8,34,34,6,6,600,600,2,30
2273.378,48,3,11,0,3,6,5,100,90.909,100,100,0,100,8,34,34,6,6,600,600,2,30
2274.378,48,3,11,0,3,6,5,100,90.909,100,100,0,100,8,34,34,6,6,600,600,2,30
2275.378,48,3,11,0,3,6,5,100,90.909,100,100,0,100,8,34,34,6,6,600,600,2,30
2276.377,48,3,11,0,3,6,5,100,90.909,100,100,0,100,8,34,34,6,6,600,600,2,30
2277.377,48,3,11,0,3,6,5,100,90.909,100,100,0,100,8,34,34,6,6,600,600,2,30
2278.377,48,3,11,0,3,6,5,100,90.909,100,100,0,100,8,34,34,6,6,600,600,2,30
2279.377,48,3,11,0,3,6,5,100,90.909,100,100,0,100,8,34,34,6,6,600,600,2,30
2280.376,48,3,11,0,3,6,5,100,90.909,100,100,0,100,8,34,34,6,6,600,600,2,30
2281.376,48,3,11,0,3,6,5,100,90.909,100,100,0,100,8,34,34,6,6,600,600,2,30
2282.376,48,3,11,0,3,6,5,100,90.909,100,100,0,100,8,34,34,6,6,600,600,2,30
2283.376,48,3,11,0,3,6,5,100,90.909,100,100,0,100,8,34,34,6,6,600,600,2,30
2284.375,48,3,11,0,3,6,5,100,90.909,100,100,0,100,8,34,34,6,6,600,600,2,30
2285.375,48,3,11,0,3,6,5,100,90.909,100,100,0,100,8,34,34,6,6,600,600,2,30
2286.375,48,3,11,0,3,6,5,100,90.909,100,100,0,100,8,34,34,6,6,600,600,2,30
2287.375,48,3,11,0,3,6,5,100,90.909,100,100,0,100,8,34,34,6,6,600,600,2,30
2288.375,48,3,11,0,3,6,5,100,90.909,100,100,0,100,8,34,34,6,6,600,600,2,30
2289.374,48,3,11,0,3,6,5,100,90.909,100,100,0,100,8,34,34,6,6,600,600,2,30
2290.374,48,3,11,0,3,6,5,100,90.909,100,100,0,100,8,34,34,6,6,600,600,2,30
2291.374,48,3,11,0,3,6,5,100,90.909,100,100,0,100,8,34,34,6,6,600,600,2,30
2292.374,48,3,11,0,3,6,5,100,90.909,100,100,0,100,8,34,34,6,6,600,600,2,30
2293.373,48,3,11,0,3,6,5,100,90.909,100,100,0,100,8,34,34,6,6,600,600,2,30
2294.373,48,3,11,0,3,6,5,100,90.909,100,100,0,100,8,34,34,6,6,600,600,2,30
2295.373,48,3,11,0,3,6,5,100,90.909,100,100,0,100,8,34,34,6,6,600,600,2,30
2296.373,48,3,11,0,3,6,5,100,90.909,100,100,0,100,8,34,34,6,6,600,600,2,30
2297.372,48,3,11,0,3,6,5,100,90.909,100,100,0,100,8,34,34,6,6,600,600,2,30
2298.372,48,3,11,0,3,6,5,100,90.909,100,100,0,100,8,34,34,6,6,600,600,2,30
2299.372,48,3,11,0,3,6,5,100,90.909,100,100,0,100,8,34,34,6,6,600,600,2,30
2300.372,48,3,11,0,3,6,5,100,90.909,100,100,0,100,8,34,34,6,6,600,600,2,30
2301.371,48,3,11,0,3,6,5,100,90.909,100,100,0,100,8,34,34,6,6,600,600,2,30
2302.371,48,3,11,0,3,6,5,100,90.909,100,100,0,100,8,34,34,6,6,600,600,2,30
2303.371,48,3,11,0,3,6,5,100,90.909,100,100,0,100,8,34,34,6,6,600,600,2,30
2304.371,48,3,11,0,3,6,5,100,90.909,100,100,0,100,8,34,34,6,6,600,600,2,30
2305.37,48,3,11,0,3,6,5,100,90.909,100,100,0,100,8,34,34,6,6,600,600,2,30
2306.37,48,3,11,0,3,6,5,100,90.909,100,100,0,100,8,34,34,6,6,600,600,2,30
2307.37,48,3,11,0,3,6,5,100,90.909,100,100,0,100,8,34,34,6,6,600,600,2,30
2308.37,48,3,11,0,3,6,5,100,90.909,100,100,0,100,8,34,34,6,6,600,600,2,30
2309.369,48,3,11,0,3,6,5,100,90.909,100,100,0,100,8,34,34,6,6,600,600,2,30
2310.369,48,3,11,0,3,6,5,100,90.909,100,100,0,100,8,34,34,6,6,600,600,2,30
2311.369,48,3,11,0,3,6,5,100,90.909,100,100,0,100,8,34,34,6,6,600,600,2,30
2312.369,48,3,11,0,3,6,5,100,90.909,100,100,0,100,8,34,34,6,6,600,600,2,30
2313.368,48,3,11,0,3,6,5,100,90.909,100,100,0,100,8,34,34,6,6,600,600,2,30
2314.368,48,3,11,0,3,6,5,100,90.909,100,100,0,100,8,34,34,6,6,600,600,2,30
2315.368,48,3,11,0,3,6,5,100,90.909,100,100,0,100,8,34,34,6,6,600,600,2,30
2316.368,48,3,11,0,3,6,5,100,90.909,100,100,0,100,8,34,34,6,6,600,600,2,30
2317.367,48,3,11,0,3,6,5,100,90.909,100,100,0,100,8,34,34,6,6,600,600,2,30
2318.367,48,3,11,0,3,6,5,100,90.909,100,100,0,100,8,34,34,6,6,600,600,2,30
2319.367,48,3,11,0,3,6,5,100,90.909,100,100,0,100,8,34,34,6,6,600,600,2,30
2320.367,48,3,11,0,3,6,5,100,90.909,100,100,0,100,8,34,34,6,6,600,600,2,30
2321.366,48,3,11,0,3,6,5,100,90.909,100,100,0,100,8,34,34,6,6,600,600,2,30
2322.366,48,3,11,0,3,6,5,100,90.909,100,100,0,100,8,34,34,6,6,600,600,2,30
2323.366,48,3,11,0,3,6,5,100,90.909,100,100,0,100,8,34,34,6,6,600,600,2,30
2324.366,48,3,11,0,3,6,5,100,90.909,100,100,0,100,8,34,34,6,6,600,600,2,30
2325.365,48,3,11,0,3,6,5,100,90.909,100,100,0,100,8,34,34,6,6,600,600,2,30
2326.365,48,3,11,0,3,6,5,100,90.909,100,100,0,100,8,34,34,6,6,600,600,2,30
2327.365,48,3,11,0,3,6,5,100,90.909,100,100,0,100,8,34,34,6,6,600,600,2,30
2328.365,48,3,11,0,3,6,5,100,90.909,100,100,0,100,8,34,34,6,6,600,600,2,30
2329.365,48,3,11,0,3,6,5,100,90.909,100,100,0,100,8,34,34,6,6,600,600,2,30
2330.364,48,3,11,0,3,6,5,100,90.909,100,100,0,100,8,34,34,6,6,600,600,2,30
2331.364,48,3,11,0,3,6,5,100,90.909,100,100,0,100,8,34,34,6,6,600,600,2,30
2332.364,48,3,11,0,3,6,5,100,90.909,100,100,0,100,8,34,34,6,6,600,600,2,30
2333.364,48,3,11,0,3,6,5,100,90.909,100,100,0,100,8,34,34,6,6,600,600,3,30
2334.363,48,3,11,0,3,6,5,100,90.909,100,100,0,100,8,34,34,6,6,600,600,2,30
2335.363,48,3,11,0,3,6,5,100,90.909,100,100,0,100,8,34,34,6,6,600,600,2,30
2336.363,48,3,11,0,3,6,5,100,90.909,100,100,0,100,8,34,34,6,6,600,600,3,30
2337.363,48,3,11,0,3,6,5,100,90.909,100,100,0,100,8,34,34,6,6,600,600,2,30
2338.362,48,3,11,0,3,6,5,100,90.909,100,100,0,100,8,34,34,6,6,600,600,2,30
2339.362,48,3,11,0,3,6,5,100,90.909,100,100,0,100,8,34,34,6,6,600,600,2,30
2340.362,48,3,11,0,3,6,5,100,90.909,100,100,0,100,8,34,34,6,6,600,600,2,30
2341.362,48,3,11,0,3,6,5,100,90.909,100,100,0,100,8,34,34,6,6,600,600,2,30
2342.361,48,3,11,0,3,6,5,100,90.909,100,100,0,100,8,34,34,6,6,600,600,2,30
2343.361,48,3,11,0,3,6,5,100,90.909,100,100,0,100,8,34,34,6,6,600,600,2,30
2344.361,48,3,11,0,3,6,5,100,90.909,100,100,0,100,8,34,34,6,6,600,600,2,30
2345.361,48,3,11,0,3,6,5,100,90.909,100,100,0,100,8,34,34,6,6,600,600,2,30
2346.36,48,3,11,0,3,6,5,100,90.909,100,100,0,100,8,34,34,6,6,600,600,3,30
2347.36,48,3,11,0,3,6,5,100,90.909,100,100,0,100,8,34,34,6,6,600,600,2,30
2348.36,48,3,11,0,3,6,5,100,90.909,100,100,0,100,8,34,34,6,6,600,600,2,30
2349.36,48,3,11,0,3,6,5,100,90.909,100,100,0,100,8,34,34,6,6,600,600,2,30
2350.359,48,3,11,0,3,6,5,100,90.909,100,100,0,100,8,34,34,6,6,600,600,2,30
2351.359,48,3,11,0,3,6,5,100,90.909,100,100,0,100,8,34,34,6,6,600,600,2,30
2352.359,48,3,11,0,3,6,5,100,90.909,100,100,0,100,8,34,34,6,6,600,600,2,30
2353.359,48,3,11,0,3,6,5,100,90.909,100,100,0,100,8,34,34,6,6,600,600,2,30
2354.358,48,3,11,0,3,6,5,100,90.909,100,100,0,100,8,34,34,6,6,600,600,2,30
2355.358,48,3,11,0,3,6,5,100,90.909,100,100,0,100,8,34,34,6,6,600,600,2,30
2356.358,48,3,11,0,3,6,5,100,90.909,100,100,0,100,8,34,34,6,6,600,600,2,30
2357.358,48,3,11,0,3,6,5,100,90.909,100,100,0,100,8,34,34,6,6,600,600,2,30
2358.357,48,3,11,0,3,6,5,100,90.909,100,100,0,100,8,34,34,6,6,600,600,3,30
2359.357,48,3,11,0,3,6,5,100,90.909,100,100,0,100,8,34,34,6,6,600,600,2,30
2360.357,48,3,11,0,3,6,5,100,90.909,100,100,0,100,8,34,34,6,6,600,600,2,30
2361.357,48,3,11,0,3,6,5,100,90.909,100,100,0,100,8,34,34,6,6,600,600,2,30
2362.356,48,3,11,0,3,6,5,100,90.909,100,100,0,100,8,34,34,6,6,600,600,2,30
2363.356,48,3,11,0,3,6,5,100,90.909,100,100,0,100,8,34,34,6,6,600,600,2,30
2364.356,48,3,11,0,3,6,5,100,90.909,100,100,0,100,8,34,34,6,6,600,600,2,30
2365.356,48,3,11,0,3,6,5,100,90.909,100,100,0,100,8,34,34,6,6,600,600,2,30
2366.355,48,3,11,0,3,6,5,100,90.909,100,100,0,100,8,34,34,6,6,600,600,3,30
2367.355,48,3,11,0,3,6,5,100,90.909,100,100,0,100,8,34,34,6,6,600,600,2,30
2368.355,48,3,11,0,3,6,5,100,90.909,100,100,0,100,8,34,34,6,6,600,600,2,30
2369.355,48,3,11,0,3,6,5,100,90.909,100,100,0,100,8,34,34,6,6,600,600,2,30
2370.354,48,3,11,0,3,6,5,100,90.909,100,100,0,100,8,34,34,6,6,600,600,2,30
2371.354,48,3,11,0,3,6,5,100,90.909,100,100,0,100,8,34,34,6,6,600,600,2,30
2372.354,48,3,11,0,3,6,5,100,90.909,100,100,0,100,8,34,34,6,6,600,600,2,30
2373.354,48,3,11,0,3,6,5,100,90.909,100,100,0,100,8,34,34,6,6,600,600,2,30
2374.354,48,3,11,0,3,6,5,100,90.909,100,100,0,100,8,34,34,6,6,600,600,2,30
2375.353,48,3,11,0,3,6,5,100,90.909,100,100,0,100,8,34,34,6,6,600,600,2,30
2376.353,48,3,11,0,3,6,5,100,90.909,100,100,0,100,8,34,34,6,6,600,600,2,30
2377.353,48,3,11,0,3,6,5,100,90.909,100,100,0,100,8,34,34,6,6,600,600,2,30
2378.353,48,3,11,0,3,6,5,100,90.909,100,100,0,100,8,34,34,6,6,600,600,2,30
2379.352,48,3,11,0,3,6,5,100,90.909,100,100,0,100,8,34,34,6,6,600,600,2,30
2380.352,48,3,11,0,3,6,5,100,90.909,100,100,0,100,8,34,34,6,6,600,600,2,30
2381.352,48,3,11,0,3,6,5,100,90.909,100,100,0,100,8,34,34,6,6,600,600,2,30
2382.352,48,3,11,0,3,6,5,100,90.909,100,100,0,100,8,34,34,6,6,600,600,2,30
2383.351,48,3,11,0,3,6,5,100,90.909,100,100,0,100,8,34,34,6,6,600,600,2,30
2384.351,48,3,11,0,3,6,5,100,90.909,100,100,0,100,8,34,34,6,6,600,600,1,30
2385.351,48,3,11,0,3,6,5,100,90.909,100,100,0,100,8,34,34,6,6,600,600,2,30
2386.351,48,3,11,0,3,6,5,100,90.909,100,100,0,100,8,34,34,6,6,600,600,2,30
2387.35,48,3,11,0,3,6,5,100,90.909,100,100,0,100,8,34,34,6,6,600,600,2,30
2388.35,48,3,11,0,3,6,5,100,90.909,100,100,0,100,8,34,34,6,6,600,600,2,30
2389.35,48,3,11,0,3,6,5,100,90.909,100,100,0,100,8,34,34,6,6,600,600,2,30
2390.35,48,3,11,0,3,6,5,100,90.909,100,100,0,100,8,34,34,6,6,600,600,2,30
2391.349,48,3,11,0,3,6,5,100,90.909,100,100,0,100,8,34,34,6,6,600,600,2,30
2392.349,48,3,11,0,3,6,5,100,90.909,100,100,0,100,8,34,34,6,6,600,600,2,30
2393.349,48,3,11,0,3,6,5,100,90.909,100,100,0,100,8,34,34,6,6,600,600,2,30
2394.349,48,3,11,0,3,6,5,100,90.909,100,100,0,100,8,34,34,6,6,600,600,3,30
2395.348,48,3,11,0,3,6,5,100,90.909,100,100,0,100,8,34,34,6,6,600,600,2,30
2396.348,48,3,11,0,3,6,5,100,90.909,100,100,0,100,8,34,34,6,6,600,600,2,30
2397.348,48,3,11,0,3,6,5,100,90.909,100,100,0,100,8,34,34,6,6,600,600,2,30
2398.348,48,3,11,0,3,6,5,100,90.909,100,100,0,100,8,34,34,6,6,600,600,2,30
2399.347,48,3,11,0,3,6,5,100,90.909,100,100,0,100,8,34,34,6,6,600,600,2,30
2400.347,48,3,11,0,3,6,5,100,90.909,100,100,0,100,8,34,34,6,6,600,600,3,30
2401.347,48,3,11,0,3,6,5,100,90.909,100,100,0,100,8,34,34,6,6,600,600,2,30
2402.347,48,3,11,0,3,6,5,100,90.909,100,100,0,100,8,34,34,6,6,600,600,3,30
2403.346,48,3,11,0,3,6,5,100,90.909,100,100,0,100,8,34,34,6,6,600,600,2,30
2404.346,48,3,11,0,3,6,5,100,90.909,100,100,0,100,8,34,34,6,6,600,600,3,30
2405.346,48,3,11,0,3,6,5,100,90.909,100,100,0,100,8,34,34,6,6,600,600,2,30
2406.346,48,3,11,0,3,6,5,100,90.909,100,100,0,100,8,34,34,6,6,600,600,2,30
2407.345,48,2,11,0,2,6,5,100,90.909,100,100,0,100,8,35,35,6,6,600,600,2,30
2408.345,48,2,11,0,2,6,5,100,90.909,100,100,0,100,8,35,35,6,6,600,600,2,30
2409.345,48,2,11,0,2,6,5,100,90.909,100,100,0,100,8,35,35,6,6,600,600,2,30
2410.345,48,2,11,0,2,6,5,100,90.909,100,100,0,100,8,35,35,6,6,600,600,2,30
2411.344,48,2,11,0,2,6,5,100,90.909,100,100,0,100,8,35,35,6,6,600,600,2,30
2412.344,48,2,11,0,2,6,5,100,90.909,100,100,0,100,8,35,35,6,6,600,600,2,30
2413.344,48,2,11,0,2,6,5,100,90.909,100,100,0,100,8,35,35,6,6,600,600,2,30
2414.344,48,2,11,0,2,6,5,100,90.909,100,100,0,100,8,35,35,6,6,600,600,2,30
2415.344,48,2,11,0,2,6,5,100,90.909,100,100,0,100,8,35,35,6,6,600,600,2,30
2416.343,48,2,11,0,2,6,5,100,90.909,100,100,0,100,8,35,35,6,6,600,600,2,30
2417.343,48,2,11,0,2,6,5,100,90.909,100,100,0,100,8,35,35,6,6,600,600,2,30
2418.343,48,2,11,0,2,6,5,100,90.909,100,100,0,100,8,35,35,6,6,600,600,2,30
2419.343,48,2,11,0,2,6,5,100,90.909,100,100,0,100,8,35,35,6,6,600,600,2,30
2420.342,48,2,11,0,2,6,5,100,90.909,100,100,0,100,8,35,35,6,6,600,600,2,30
2421.342,48,2,11,0,2,6,5,100,90.909,100,100,0,100,8,35,35,6,6,600,600,2,30
2422.342,48,2,11,0,2,6,5,100,90.909,100,100,0,100,8,35,35,6,6,600,600,2,30
2423.342,48,2,11,0,2,6,5,100,90.909,100,100,0,100,8,35,35,6,6,600,600,2,30
2424.341,48,2,11,0,2,6,5,100,90.909,100,100,0,100,8,35,35,6,6,600,600,2,30
2425.341,48,2,11,0,2,6,5,100,90.909,100,100,0,100,8,35,35,6,6,600,600,2,30
2426.341,48,2,11,0,2,6,5,100,90.909,100,100,0,100,8,35,35,6,6,600,600,2,30
2427.341,48,2,11,0,2,6,5,100,90.909,100,100,0,100,8,35,35,6,6,600,600,2,30
2428.34,48,2,11,0,2,6,5,100,90.909,100,100,0,100,8,35,35,6,6,600,600,2,30
2429.34,48,2,11,0,2,6,5,100,90.909,100,100,0,100,8,35,35,6,6,600,600,2,30
2430.34,48,2,11,0,2,6,5,100,90.909,100,100,0,100,8,35,35,6,6,600,600,2,30
2431.34,48,2,11,0,2,6,5,100,90.909,100,100,0,100,8,35,35,6,6,600,600,2,30
2432.339,48,2,11,0,2,6,5,100,90.909,100,100,0,100,8,35,35,6,6,600,600,2,30
2433.339,48,2,11,0,2,6,5,100,90.909,100,100,0,100,8,35,35,6,6,600,600,2,30
2434.339,48,2,11,0,2,6,5,100,90.909,100,100,0,100,8,35,35,6,6,600,600,2,30
2435.339,48,2,11,0,2,6,5,100,90.909,100,100,0,100,8,35,35,6,6,600,600,2,30
2436.338,48,2,11,0,2,6,5,100,90.909,100,100,0,100,8,35,35,6,6,600,600,2,30
2437.338,48,2,11,0,2,6,5,100,90.909,100,100,0,100,8,35,35,6,6,600,600,2,30
2438.338,48,2,11,0,2,6,5,100,90.909,100,100,0,100,8,35,35,6,6,600,600,2,30
2439.338,48,2,11,0,2,6,5,100,90.909,100,100,0,100,8,35,35,6,6,600,600,2,30
2440.337,48,2,11,0,2,6,5,100,90.909,100,100,0,100,8,35,35,6,6,600,600,2,30
2441.337,48,2,11,0,2,6,5,100,90.909,100,100,0,100,8,35,35,6,6,600,600,2,30
2442.337,48,2,11,0,2,6,5,100,90.909,100,100,0,100,8,35,35,6,6,600,600,2,30
2443.337,48,2,11,0,2,6,5,100,90.909,100,100,0,100,8,35,35,6,6,600,600,2,30
2444.336,48,2,11,0,2,6,5,100,90.909,100,100,0,100,8,35,35,6,6,600,600,2,30
2445.336,48,2,11,0,2,6,5,100,90.909,100,100,0,100,8,35,35,6,6,600,600,2,30
2446.336,48,2,11,0,2,6,5,100,90.909,100,100,0,100,8,35,35,6,6,600,600,2,30
2447.336,48,2,11,0,2,6,5,100,90.909,100,100,0,100,8,35,35,6,6,600,600,2,30
2448.335,48,2,11,0,2,6,5,100,90.909,100,100,0,100,8,35,35,6,6,600,600,2,30
2449.335,48,2,11,0,2,6,5,100,90.909,100,100,0,100,8,35,35,6,6,600,600,2,30
2450.335,48,2,11,0,2,6,5,100,90.909,100,100,0,100,8,35,35,6,6,600,600,2,30
2451.335,48,2,11,0,2,6,5,100,90.909,100,100,0,100,8,35,35,6,6,600,600,2,30
2452.334,48,2,11,0,2,6,5,100,90.909,100,100,0,100,8,35,35,6,6,600,600,2,30
2453.334,48,2,11,0,2,6,5,100,90.909,100,100,0,100,8,35,35,6,6,600,600,2,30
2454.334,48,2,11,0,2,6,5,100,90.909,100,100,0,100,8,35,35,6,6,600,600,2,30
2455.334,48,2,11,0,2,6,5,100,90.909,100,100,0,100,8,35,35,6,6,600,600,2,30
2456.333,48,2,11,0,2,6,5,100,90.909,100,100,0,100,8,35,35,6,6,600,600,2,30
2457.333,48,2,11,0,2,6,5,100,90.909,100,100,0,100,8,35,35,6,6,600,600,2,30
2458.333,48,2,11,0,2,6,5,100,90.909,100,100,0,100,8,35,35,6,6,600,600,2,30
2459.333,48,2,11,0,2,6,5,100,90.909,100,100,0,100,8,35,35,6,6,600,600,2,30
2460.333,48,2,11,0,2,6,5,100,90.909,100,100,0,100,8,35,35,6,6,600,600,2,30
2461.332,48,2,11,0,2,6,5,100,90.909,100,100,0,100,8,35,35,6,6,600,600,2,30
2462.332,48,2,11,0,2,6,5,100,90.909,100,100,0,100,8,35,35,6,6,600,600,2,30
2463.332,48,2,11,0,2,6,5,100,90.909,100,100,0,100,8,35,35,6,6,600,600,2,30
2464.332,48,2,11,0,2,6,5,100,90.909,100,100,0,100,8,35,35,6,6,600,600,2,30
2465.331,48,2,11,0,2,6,5,100,90.909,100,100,0,100,8,35,35,6,6,600,600,2,30
2466.331,48,2,11,0,2,6,5,100,90.909,100,100,0,100,8,35,35,6,6,600,600,2,30
2467.331,48,2,11,0,2,6,5,100,90.909,100,100,0,100,8,35,35,6,6,600,600,2,30
2468.331,48,2,11,0,2,6,5,100,90.909,100,100,0,100,8,35,35,6,6,600,600,2,30
2469.33,48,2,11,0,2,6,5,100,90.909,100,100,0,100,8,35,35,6,6,600,600,2,30
2470.33,48,2,11,0,2,6,5,100,90.909,100,100,0,100,8,35,35,6,6,600,600,2,30
2471.33,48,2,11,0,2,6,5,100,90.909,100,100,0,100,8,35,35,6,6,600,600,2,30
2472.33,48,2,11,0,2,6,5,100,90.909,100,100,0,100,8,35,35,6,6,600,600,2,30
2473.329,48,2,11,0,2,6,5,100,90.909,100,100,0,100,8,35,35,6,6,600,600,2,30
2474.329,48,2,11,0,2,6,5,100,90.909,100,100,0,100,8,35,35,6,6,600,600,2,30
2475.329,48,2,11,0,2,6,5,100,90.909,100,100,0,100,8,35,35,6,6,600,600,2,30
2476.329,48,2,11,0,2,6,5,100,90.909,100,100,0,100,8,35,35,6,6,600,600,2,30
2477.328,48,2,11,0,2,6,5,100,90.909,100,100,0,100,8,35,35,6,6,600,600,2,30
2478.328,48,2,11,0,2,6,5,100,90.909,100,100,0,100,8,35,35,6,6,600,600,2,30
2479.328,48,2,11,0,2,6,5,100,90.909,100,100,0,100,8,35,35,6,6,600,600,2,30
2480.328,48,2,11,0,2,6,5,100,90.909,100,100,0,100,8,35,35,6,6,600,600,2,30
2481.327,48,2,11,0,2,6,5,100,90.909,100,100,0,100,8,35,35,6,6,600,600,2,30
2482.327,48,2,11,0,2,6,5,100,90.909,100,100,0,100,8,35,35,6,6,600,600,2,30
2483.327,48,2,11,0,2,6,5,100,90.909,100,100,0,100,8,35,35,6,6,600,600,2,30
2484.327,48,2,11,0,2,6,5,100,90.909,100,100,0,100,8,35,35,6,6,600,600,2,30
2485.326,48,2,11,0,2,6,5,100,90.909,100,100,0,100,8,35,35,6,6,600,600,2,30
2486.326,48,2,11,0,2,6,5,100,90.909,100,100,0,100,8,35,35,6,6,600,600,2,30
2487.326,48,2,11,0,2,6,5,100,90.909,100,100,0,100,8,35,35,6,6,600,600,2,30
2488.326,48,2,11,0,2,6,5,100,90.909,100,100,0,100,8,35,35,6,6,600,600,2,30
2489.325,48,2,11,0,2,6,5,100,90.909,100,100,0,100,8,35,35,6,6,600,600,2,30
2490.325,48,2,11,0,2,6,5,100,90.909,100,100,0,100,8,35,35,6,6,600,600,2,30
2491.325,48,2,11,0,2,6,5,100,90.909,100,100,0,100,8,35,35,6,6,600,600,2,30
2492.325,48,2,11,0,2,6,5,100,90.909,100,100,0,100,8,35,35,6,6,600,600,2,30
2493.324,48,2,11,0,2,6,5,100,90.909,100,100,0,100,8,35,35,6,6,600,600,2,30
2494.324,48,2,11,0,2,6,5,100,90.909,100,100,0,100,8,35,35,6,6,600,600,2,30
2495.324,48,2,11,0,2,6,5,100,90.909,100,100,0,100,8,35,35,6,6,600,600,2,30
2496.324,48,2,11,0,2,6,5,100,90.909,100,100,0,100,8,35,35,6,6,600,600,2,30
2497.323,48,2,11,0,2,6,5,100,90.909,100,100,0,100,8,35,35,6,6,600,600,2,30
2498.323,48,2,11,0,2,6,5,100,90.909,100,100,0,100,8,35,35,6,6,600,600,2,30
2499.323,48,2,11,0,2,6,5,100,90.909,100,100,0,100,8,35,35,6,6,600,600,2,30
2500.323,48,2,11,0,2,6,5,100,90.909,100,100,0,100,8,35,35,6,6,600,600,2,30
2501.323,48,2,11,0,2,6,5,100,90.909,100,100,0,100,8,35,35,6,6,600,600,2,30
2502.322,48,2,11,0,2,6,5,100,90.909,100,100,0,100,8,35,35,6,6,600,600,2,30
2503.322,48,2,11,0,2,6,5,100,90.909,100,100,0,100,8,35,35,6,6,600,600,2,30
2504.322,48,2,11,0,2,6,5,100,90.909,100,100,0,100,8,35,35,6,6,600,600,2,30
2505.322,48,2,11,0,2,6,5,100,90.909,100,100,0,100,8,35,35,6,6,600,600,2,30
2506.321,48,2,11,0,2,6,5,100,90.909,100,100,0,100,8,35,35,6,6,600,600,2,30
2507.321,48,2,11,0,2,6,5,100,90.909,100,100,0,100,8,35,35,6,6,600,600,2,30
2508.321,48,2,11,0,2,6,5,100,90.909,100,100,0,100,8,35,35,6,6,600,600,2,30
2509.321,48,2,11,0,2,6,5,100,90.909,100,100,0,100,8,35,35,6,6,600,600,2,30
2510.32,48,2,11,0,2,6,5,100,90.909,100,100,0,100,8,35,35,6,6,600,600,2,30
2511.32,48,2,11,0,2,6,5,100,90.909,100,100,0,100,8,35,35,6,6,600,600,2,30
2512.32,48,2,11,0,2,6,5,100,90.909,100,100,0,100,8,35,35,6,6,600,600,2,30
2513.32,48,2,11,0,2,6,5,100,90.909,100,100,0,100,8,35,35,6,6,600,600,2,30
2514.319,48,2,11,0,2,6,5,100,90.909,100,100,0,100,8,35,35,6,6,600,600,2,30
2515.319,48,2,11,0,2,6,5,100,90.909,100,100,0,100,8,35,35,6,6,600,600,2,30
2516.319,48,2,11,0,2,6,5,100,90.909,100,100,0,100,8,35,35,6,6,600,600,2,30
2517.319,48,2,11,0,2,6,5,100,90.909,100,100,0,100,8,35,35,6,6,600,600,2,30
2518.318,48,2,11,0,2,6,5,100,90.909,100,100,0,100,8,35,35,6,6,600,600,2,30
2519.318,48,2,11,0,2,6,5,100,90.909,100,100,0,100,8,35,35,6,6,600,600,2,30
2520.318,48,2,11,0,2,6,5,100,90.909,100,100,0,100,8,35,35,6,6,600,600,2,30
2521.318,48,2,11,0,2,6,5,100,90.909,100,100,0,100,8,35,35,6,6,600,600,2,30
2522.317,48,2,11,0,2,6,5,100,90.909,100,100,0,100,8,35,35,6,6,600,600,2,30
2523.317,48,2,11,0,2,6,5,100,90.909,100,100,0,100,8,35,35,6,6,600,600,2,30
2524.317,48,2,11,0,2,6,5,100,90.909,100,100,0,100,8,35,35,6,6,600,600,2,30
2525.317,48,2,11,0,2,6,5,100,90.909,100,100,0,100,8,35,35,6,6,600,600,2,30
2526.316,48,2,11,0,2,6,5,100,90.909,100,100,0,100,8,35,35,6,6,600,600,2,30
2527.316,48,2,11,0,2,6,5,100,90.909,100,100,0,100,8,35,35,6,6,600,600,2,30
2528.316,48,2,11,0,2,6,5,100,90.909,100,100,0,100,8,35,35,6,6,600,600,2,30
2529.316,48,2,11,0,2,6,5,100,90.909,100,100,0,100,8,35,35,6,6,600,600,2,30
2530.315,48,2,11,0,2,6,5,100,90.909,100,100,0,100,8,35,35,6,6,600,600,2,30
2531.315,48,2,11,0,2,6,5,100,90.909,100,100,0,100,8,35,35,6,6,600,600,2,30
2532.315,48,2,11,0,2,6,5,100,90.909,100,100,0,100,8,35,35,6,6,600,600,2,30
2533.315,48,2,11,0,2,6,5,100,90.909,100,100,0,100,8,35,35,6,6,600,600,2,30
2534.314,48,2,11,0,2,6,5,100,90.909,100,100,0,100,8,35,35,6,6,600,600,2,30
2535.314,48,2,11,0,2,6,5,100,90.909,100,100,0,100,8,35,35,6,6,600,600,2,30
2536.314,48,2,11,0,2,6,5,100,90.909,100,100,0,100,8,35,35,6,6,600,600,2,30
2537.314,48,2,11,0,2,6,5,100,90.909,100,100,0,100,8,35,35,6,6,600,600,2,30
2538.313,48,2,11,0,2,6,5,100,90.909,100,100,0,100,8,35,35,6,6,600,600,2,30
2539.313,48,2,11,0,2,6,5,100,90.909,100,100,0,100,8,35,35,6,6,600,600,2,30
2540.313,48,2,11,0,2,6,5,100,90.909,100,100,0,100,8,35,35,6,6,600,600,2,30
2541.313,48,2,11,0,2,6,5,100,90.909,100,100,0,100,8,35,35,6,6,600,600,2,30
2542.313,48,2,11,0,2,6,5,100,90.909,100,100,0,100,8,35,35,6,6,600,600,2,30
2543.312,48,2,11,0,2,6,5,100,90.909,100,100,0,100,8,35,35,6,6,600,600,2,30
2544.312,48,2,11,0,2,6,5,100,90.909,100,100,0,100,8,35,35,6,6,600,600,2,30
2545.312,48,2,11,0,2,6,5,100,90.909,100,100,0,100,8,35,35,6,6,600,600,2,30
2546.312,48,2,11,0,2,6,5,100,90.909,100,100,0,100,8,35,35,6,6,600,600,2,30
2547.311,48,2,11,0,2,6,5,100,90.909,100,100,0,100,8,35,35,6,6,600,600,2,30
2548.311,48,2,11,0,2,6,5,100,90.909,100,100,0,100,8,35,35,6,6,600,600,2,30
2549.311,48,2,11,0,2,6,5,100,90.909,100,100,0,100,8,35,35,6,6,600,600,2,30
2550.311,48,2,11,0,2,6,5,100,90.909,100,100,0,100,8,35,35,6,6,600,600,2,30
2551.31,48,2,11,0,2,6,5,100,90.909,100,100,0,100,8,35,35,6,6,600,600,2,30
2552.31,48,2,11,0,2,6,5,100,90.909,100,100,0,100,8,35,35,6,6,600,600,2,30
2553.31,48,2,11,0,2,6,5,100,90.909,100,100,0,100,8,35,35,6,6,600,600,2,30
2554.31,48,2,11,0,2,6,5,100,90.909,100,100,0,100,8,35,35,6,6,600,600,2,30
2555.309,48,2,11,0,2,6,5,100,90.909,100,100,0,100,8,35,35,6,6,600,600,2,30
2556.309,48,2,11,0,2,6,5,100,90.909,100,100,0,100,8,35,35,6,6,600,600,2,30
2557.309,48,2,11,0,2,6,5,100,90.909,100,100,0,100,8,35,35,6,6,600,600,2,30
2558.309,48,2,11,0,2,6,5,100,90.909,100,100,0,100,8,35,35,6,6,600,600,2,30
2559.308,48,2,11,0,2,6,5,100,90.909,100,100,0,100,8,35,35,6,6,600,600,2,30
2560.308,48,2,11,0,2,6,5,100,90.909,100,100,0,100,8,35,35,6,6,600,600,2,30
2561.308,48,2,11,0,2,6,5,100,90.909,100,100,0,100,8,35,35,6,6,600,600,2,30
2562.308,48,2,11,0,2,6,5,100,90.909,100,100,0,100,8,35,35,6,6,600,600,2,30
2563.307,48,2,11,0,2,6,5,100,90.909,100,100,0,100,8,35,35,6,6,600,600,2,30
2564.307,48,2,11,0,2,6,5,100,90.909,100,100,0,100,8,35,35,6,6,600,600,2,30
2565.307,48,2,11,0,2,6,5,100,90.909,100,100,0,100,8,35,35,6,6,600,600,2,30
2566.307,48,2,11,0,2,6,5,100,90.909,100,100,0,100,8,35,35,6,6,600,600,2,30
2567.306,48,2,11,0,2,6,5,100,90.909,100,100,0,100,8,35,35,6,6,600,600,2,30
2568.306,48,2,11,0,2,6,5,100,90.909,100,100,0,100,8,35,35,6,6,600,600,2,30
2569.306,48,2,11,0,2,6,5,100,90.909,100,100,0,100,8,35,35,6,6,600,600,2,30
2570.306,48,2,11,0,2,6,5,100,90.909,100,100,0,100,8,35,35,6,6,600,600,2,30
2571.305,48,2,11,0,2,6,5,100,90.909,100,100,0,100,8,35,35,6,6,600,600,2,30
2572.305,48,2,11,0,2,6,5,100,90.909,100,100,0,100,8,35,35,6,6,600,600,2,30
2573.305,48,2,11,0,2,6,5,100,90.909,100,100,0,100,8,35,35,6,6,600,600,2,30
2574.305,48,2,11,0,2,6,5,100,90.909,100,100,0,100,8,35,35,6,6,600,600,2,30
2575.304,48,2,11,0,2,6,5,100,90.909,100,100,0,100,8,35,35,6,6,600,600,2,30
2576.304,48,2,11,0,2,6,5,100,90.909,100,100,0,100,8,35,35,6,6,600,600,2,30
2577.304,48,2,11,0,2,6,5,100,90.909,100,100,0,100,8,35,35,6,6,600,600,2,30
2578.304,48,2,11,0,2,6,5,100,90.909,100,100,0,100,8,35,35,6,6,600,600,2,30
2579.303,48,2,11,0,2,6,5,100,90.909,100,100,0,100,8,35,35,6,6,600,600,2,30
2580.303,48,2,11,0,2,6,5,100,90.909,100,100,0,100,8,35,35,6,6,600,600,2,30
2581.303,48,2,11,0,2,6,5,100,90.909,100,100,0,100,8,35,35,6,6,600,600,2,30
2582.303,48,2,11,0,2,6,5,100,90.909,100,100,0,100,8,35,35,6,6,600,600,2,30
2583.302,48,2,11,0,2,6,5,100,90.909,100,100,0,100,8,35,35,6,6,600,600,2,30
2584.302,48,2,11,0,2,6,5,100,90.909,100,100,0,100,8,35,35,6,6,600,600,2,30
2585.302,48,2,11,0,2,6,5,100,90.909,100,100,0,100,8,35,35,6,6,600,600,2,30
2586.302,48,2,11,0,2,6,5,100,90.909,100,100,0,100,8,35,35,6,6,600,600,2,30
2587.302,48,2,11,0,2,6,5,100,90.909,100,100,0,100,8,35,35,6,6,600,600,2,30
2588.301,48,2,11,0,2,6,5,100,90.909,100,100,0,100,8,35,35,6,6,600,600,2,30
2589.301,48,2,11,0,2,6,5,100,90.909,100,100,0,100,8,35,35,6,6,600,600,2,30
2590.301,48,2,11,0,2,6,5,100,90.909,100,100,0,100,8,35,35,6,6,600,600,2,30
2591.301,48,2,11,0,2,6,5,100,90.909,100,100,0,100,8,35,35,6,6,600,600,2,30
2592.3,48,2,11,0,2,6,5,100,90.909,100,100,0,100,8,35,35,6,6,600,600,2,30
2593.3,48,2,11,0,2,6,5,100,90.909,100,100,0,100,8,35,35,6,6,600,600,2,30
2594.3,48,2,11,0,2,6,5,100,90.909,100,100,0,100,8,35,35,6,6,600,600,2,30
2595.3,48,2,11,0,2,6,5,100,90.909,100,100,0,100,8,35,35,6,6,600,600,2,30
2596.299,48,2,11,0,2,6,5,100,90.909,100,100,0,100,8,35,35,6,6,600,600,2,30
2597.299,48,2,11,0,2,6,5,100,90.909,100,100,0,100,8,35,35,6,6,600,600,2,30
2598.299,48,2,11,0,2,6,5,100,90.909,100,100,0,100,8,35,35,6,6,600,600,2,30
2599.299,48,2,11,0,2,6,5,100,90.909,100,100,0,100,8,35,35,6,6,600,600,2,30
2600.298,48,2,11,0,2,6,5,100,90.909,100,100,0,100,8,35,35,6,6,600,600,2,30
2601.298,48,2,11,0,2,6,5,100,90.909,100,100,0,100,8,35,35,6,6,600,600,2,30
2602.298,48,2,11,0,2,6,5,100,90.909,100,100,0,100,8,35,35,6,6,600,600,2,30
2603.298,48,2,11,0,2,6,5,100,90.909,100,100,0,100,8,35,35,6,6,600,600,2,30
2604.297,48,2,11,0,2,6,5,100,90.909,100,100,0,100,8,35,35,6,6,600,600,2,30
2605.297,48,2,11,0,2,6,5,100,90.909,100,100,0,100,8,35,35,6,6,600,600,2,30
2606.297,48,2,11,0,2,6,5,100,90.909,100,100,0,100,8,35,35,6,6,600,600,2,30
2607.297,48,2,11,0,2,6,5,100,90.909,100,100,0,100,8,35,35,6,6,600,600,2,30
2608.296,48,2,11,0,2,6,5,100,90.909,100,100,0,100,8,35,35,6,6,600,600,2,30
2609.296,48,2,11,0,2,6,5,100,90.909,100,100,0,100,8,35,35,6,6,600,600,2,30
2610.296,48,2,11,0,2,6,5,100,90.909,100,100,0,100,8,35,35,6,6,600,600,2,30
2611.296,48,2,11,0,2,6,5,100,90.909,100,100,0,100,8,35,35,6,6,600,600,2,30
2612.295,48,2,11,0,2,6,5,100,90.909,100,100,0,100,8,35,35,6,6,600,600,2,30
2613.295,48,2,11,0,2,6,5,100,90.909,100,100,0,100,8,35,35,6,6,600,600,2,30
2614.295,48,2,11,0,2,6,5,100,90.909,100,100,0,100,8,35,35,6,6,600,600,2,30
2615.295,48,2,11,0,2,6,5,100,90.909,100,100,0,100,8,35,35,6,6,600,600,2,30
2616.294,48,2,11,0,2,6,5,100,90.909,100,100,0,100,8,35,35,6,6,600,600,2,30
2617.294,48,2,11,0,2,6,5,100,90.909,100,100,0,100,8,35,35,6,6,600,600,2,30
2618.294,48,2,11,0,2,6,5,100,90.909,100,100,0,100,8,35,35,6,6,600,600,2,30
2619.294,48,2,11,0,2,6,5,100,90.909,100,100,0,100,8,35,35,6,6,600,600,2,30
2620.293,48,2,11,0,2,6,5,100,90.909,100,100,0,100,8,35,35,6,6,600,600,2,30
2621.293,48,2,11,0,2,6,5,100,90.909,100,100,0,100,8,35,35,6,6,600,600,2,30
2622.293,48,2,11,0,2,6,5,100,90.909,100,100,0,100,8,35,35,6,6,600,600,2,30
2623.293,48,2,11,0,2,6,5,100,90.909,100,100,0,100,8,35,35,6,6,600,600,2,30
2624.292,48,2,11,0,2,6,5,100,90.909,100,100,0,100,8,35,35,6,6,600,600,2,30
2625.292,48,2,11,0,2,6,5,100,90.909,100,100,0,100,8,35,35,6,6,600,600,2,30
2626.292,48,2,11,0,2,6,5,100,90.909,100,100,0,100,8,35,35,6,6,600,600,2,30
2627.292,48,2,11,0,2,6,5,100,90.909,100,100,0,100,8,35,35,6,6,600,600,2,30
2628.292,48,2,11,0,2,6,5,100,90.909,100,100,0,100,8,35,35,6,6,600,600,2,30
2629.291,48,2,11,0,2,6,5,100,90.909,100,100,0,100,8,35,35,6,6,600,600,2,30
2630.291,48,2,11,0,2,6,5,100,90.909,100,100,0,100,8,35,35,6,6,600,600,2,30
2631.291,48,2,11,0,2,6,5,100,90.909,100,100,0,100,8,35,35,6,6,600,600,2,30
2632.291,48,2,11,0,2,6,5,100,90.909,100,100,0,100,8,35,35,6,6,600,600,2,30
2633.29,48,2,11,0,2,6,5,100,90.909,100,100,0,100,8,35,35,6,6,600,600,2,30
2634.29,48,2,11,0,2,6,5,100,90.909,100,100,0,100,8,35,35,6,6,600,600,2,30
2635.29,48,2,11,0,2,6,5,100,90.909,100,100,0,100,8,35,35,6,6,600,600,2,30
2636.29,48,2,11,0,2,6,5,100,90.909,100,100,0,100,8,35,35,6,6,600,600,2,30
2637.289,48,2,11,0,2,6,5,100,90.909,100,100,0,100,8,35,35,6,6,600,600,2,30
2638.289,48,2,11,0,2,6,5,100,90.909,100,100,0,100,8,35,35,6,6,600,600,2,30
2639.289,48,2,11,0,2,6,5,100,90.909,100,100,0,100,8,35,35,6,6,600,600,2,30
2640.289,48,2,11,0,2,6,5,100,90.909,100,100,0,100,8,35,35,6,6,600,600,2,30
2641.288,48,2,11,0,2,6,5,100,90.909,100,100,0,100,8,35,35,6,6,600,600,2,30
2642.288,48,2,11,0,2,6,5,100,90.909,100,100,0,100,8,35,35,6,6,600,600,2,30
2643.288,48,2,11,0,2,6,5,100,90.909,100,100,0,100,8,35,35,6,6,600,600,2,30
2644.288,48,2,11,0,2,6,5,100,90.909,100,100,0,100,8,35,35,6,6,600,600,2,30
2645.287,48,2,11,0,2,6,5,100,90.909,100,100,0,100,8,35,35,6,6,600,600,2,30
2646.287,48,2,11,0,2,6,5,100,90.909,100,100,0,100,8,35,35,6,6,600,600,2,30
2647.287,48,2,11,0,2,6,5,100,90.909,100,100,0,100,8,35,35,6,6,600,600,2,30
2648.287,48,2,11,0,2,6,5,100,90.909,100,100,0,100,8,35,35,6,6,600,600,2,30
2649.286,48,2,11,0,2,6,5,100,90.909,100,100,0,100,8,35,35,6,6,600,600,2,30
2650.286,48,2,11,0,2,6,5,100,90.909,100,100,0,100,8,35,35,6,6,600,600,2,30
2651.286,48,2,11,0,2,6,5,100,90.909,100,100,0,100,8,35,35,6,6,600,600,2,30
2652.286,48,2,11,0,2,6,5,100,90.909,100,100,0,100,8,35,35,6,6,600,600,2,30
2653.285,48,2,11,0,2,6,5,100,90.909,100,100,0,100,8,35,35,6,6,600,600,2,30
2654.285,48,2,11,0,2,6,5,100,90.909,100,100,0,100,8,35,35,6,6,600,600,2,30
2655.285,48,2,11,0,2,6,5,100,90.909,100,100,0,100,8,35,35,6,6,600,600,2,30
2656.285,48,2,11,0,2,6,5,100,90.909,100,100,0,100,8,35,35,6,6,600,600,2,30
2657.284,48,2,11,0,2,6,5,100,90.909,100,100,0,100,8,35,35,6,6,600,600,2,30
2658.284,48,2,11,0,2,6,5,100,90.909,100,100,0,100,8,35,35,6,6,600,600,2,30
2659.284,48,2,11,0,2,6,5,100,90.909,100,100,0,100,8,35,35,6,6,600,600,2,30
2660.284,48,2,11,0,2,6,5,100,90.909,100,100,0,100,8,35,35,6,6,600,600,2,30
2661.283,48,2,11,0,2,6,5,100,90.909,100,100,0,100,8,35,35,6,6,600,600,2,30
2662.283,48,2,11,0,2,6,5,100,90.909,100,100,0,100,8,35,35,6,6,600,600,2,30
2663.283,48,2,11,0,2,6,5,100,90.909,100,100,0,100,8,35,35,6,6,600,600,2,30
2664.283,48,2,11,0,2,6,5,100,90.909,100,100,0,100,8,35,35,6,6,600,600,2,30
2665.282,48,2,11,0,2,6,5,100,90.909,100,100,0,100,8,35,35,6,6,600,600,2,30
2666.282,48,2,11,0,2,6,5,100,90.909,100,100,0,100,8,35,35,6,6,600,600,2,30
2667.282,48,2,11,0,2,6,5,100,90.909,100,100,0,100,8,35,35,6,6,600,600,2,30
2668.282,48,2,11,0,2,6,5,100,90.909,100,100,0,100,8,35,35,6,6,600,600,2,30
2669.281,48,2,11,0,2,6,5,100,90.909,100,100,0,100,8,35,35,6,6,600,600,2,30
2670.281,48,2,11,0,2,6,5,100,90.909,100,100,0,100,8,35,35,6,6,600,600,2,30
2671.281,48,2,11,0,2,6,5,100,90.909,100,100,0,100,8,35,35,6,6,600,600,2,30
2672.281,48,2,11,0,2,6,5,100,90.909,100,100,0,100,8,35,35,6,6,600,600,2,30
2673.281,48,2,11,0,2,6,5,100,90.909,100,100,0,100,8,35,35,6,6,600,600,2,30
2674.28,48,2,11,0,2,6,5,100,90.909,100,100,0,100,8,35,35,6,6,600,600,2,30
2675.28,48,2,11,0,2,6,5,100,90.909,100,100,0,100,8,35,35,6,6,600,600,2,30
2676.28,48,2,11,0,2,6,5,100,90.909,100,100,0,100,8,35,35,6,6,600,600,2,30
2677.28,48,2,11,0,2,6,5,100,90.909,100,100,0,100,8,35,35,6,6,600,600,2,30
2678.279,48,2,11,0,2,6,5,100,90.909,100,100,0,100,8,35,35,6,6,600,600,2,30
2679.279,48,2,11,0,2,6,5,100,90.909,100,100,0,100,8,35,35,6,6,600,600,2,30
2680.279,48,2,11,0,2,6,5,100,90.909,100,100,0,100,8,35,35,6,6,600,600,2,30
2681.279,48,2,11,0,2,6,5,100,90.909,100,100,0,100,8,35,35,6,6,600,600,2,30
2682.278,48,2,11,0,2,6,5,100,90.909,100,100,0,100,8,35,35,6,6,600,600,2,30
2683.278,48,2,11,0,2,6,5,100,90.909,100,100,0,100,8,35,35,6,6,600,600,2,30
2684.278,48,2,11,0,2,6,5,100,90.909,100,100,0,100,8,35,35,6,6,600,600,2,30
2685.278,48,2,11,0,2,6,5,100,90.909,100,100,0,100,8,35,35,6,6,600,600,2,30
2686.277,48,2,11,0,2,6,5,100,90.909,100,100,0,100,8,35,35,6,6,600,600,2,30
2687.277,48,2,11,0,2,6,5,100,90.909,100,100,0,100,8,35,35,6,6,600,600,2,30
2688.277,48,2,11,0,2,6,5,100,90.909,100,100,0,100,8,35,35,6,6,600,600,2,30
2689.277,48,2,11,0,2,6,5,100,90.909,100,100,0,100,8,35,35,6,6,600,600,2,30
2690.276,48,2,11,0,2,6,5,100,90.909,100,100,0,100,8,35,35,6,6,600,600,2,30
2691.276,48,2,11,0,2,6,5,100,90.909,100,100,0,100,8,35,35,6,6,600,600,2,30
2692.276,48,2,11,0,2,6,5,100,90.909,100,100,0,100,8,35,35,6,6,600,600,2,30
2693.276,48,2,11,0,2,6,5,100,90.909,100,100,0,100,8,35,35,6,6,600,600,2,30
2694.275,48,2,11,0,2,6,5,100,90.909,100,100,0,100,8,35,35,6,6,600,600,2,30
2695.275,48,2,11,0,2,6,5,100,90.909,100,100,0,100,8,35,35,6,6,600,600,2,30
2696.275,48,2,11,0,2,6,5,100,90.909,100,100,0,100,8,35,35,6,6,600,600,2,30
2697.275,48,2,11,0,2,6,5,100,90.909,100,100,0,100,8,35,35,6,6,600,600,2,30
2698.274,48,2,11,0,2,6,5,100,90.909,100,100,0,100,8,35,35,6,6,600,600,2,30
2699.274,48,2,11,0,2,6,5,100,90.909,100,100,0,100,8,35,35,6,6,600,600,2,30
2700.274,48,2,11,0,2,6,5,100,90.909,100,100,0,100,8,35,35,6,6,600,600,2,30
2701.274,48,2,11,0,2,6,5,100,90.909,100,100,0,100,8,35,35,6,6,600,600,2,30
2702.273,48,2,11,0,2,6,5,100,90.909,100,100,0,100,8,35,35,6,6,600,600,2,30
2703.273,48,2,11,0,2,6,5,100,90.909,100,100,0,100,8,35,35,6,6,600,600,2,30
2704.273,48,2,11,0,2,6,5,100,90.909,100,100,0,100,8,35,35,6,6,600,600,2,30
2705.273,48,2,11,0,2,6,5,100,90.909,100,100,0,100,8,35,35,6,6,600,600,2,30
2706.272,48,2,11,0,2,6,5,100,90.909,100,100,0,100,8,35,35,6,6,600,600,2,30
2707.272,48,2,11,0,2,6,5,100,90.909,100,100,0,100,8,35,35,6,6,600,600,2,30
2708.272,48,2,11,0,2,6,5,100,90.909,100,100,0,100,8,35,35,6,6,600,600,2,30
2709.272,48,2,11,0,2,6,5,100,90.909,100,100,0,100,8,35,35,6,6,600,600,2,30
2710.271,48,2,11,0,2,6,5,100,90.909,100,100,0,100,8,35,35,6,6,600,600,2,30
2711.271,48,2,11,0,2,6,5,100,90.909,100,100,0,100,8,35,35,6,6,600,600,2,30
2712.271,48,2,11,0,2,6,5,100,90.909,100,100,0,100,8,35,35,6,6,600,600,2,30
2713.271,48,2,11,0,2,6,5,100,90.909,100,100,0,100,8,35,35,6,6,600,600,2,30
2714.271,48,2,11,0,2,6,5,100,90.909,100,100,0,100,8,35,35,6,6,600,600,2,30
2715.27,48,2,11,0,2,6,5,100,90.909,100,100,0,100,8,35,35,6,6,600,600,2,30
2716.27,48,2,11,0,2,6,5,100,90.909,100,100,0,100,8,35,35,6,6,600,600,2,30
2717.27,48,2,11,0,2,6,5,100,90.909,100,100,0,100,8,35,35,6,6,600,600,2,30
2718.27,48,2,11,0,2,6,5,100,90.909,100,100,0,100,8,35,35,6,6,600,600,2,30
2719.269,48,2,11,0,2,6,5,100,90.909,100,100,0,100,8,35,35,6,6,600,600,2,30
2720.269,48,2,11,0,2,6,5,100,90.909,100,100,0,100,8,35,35,6,6,600,600,2,30
2721.269,48,2,11,0,2,6,5,100,90.909,100,100,0,100,8,35,35,6,6,600,600,2,30
2722.269,48,2,11,0,2,6,5,100,90.909,100,100,0,100,8,35,35,6,6,600,600,2,30
2723.268,48,2,11,0,2,6,5,100,90.909,100,100,0,100,8,35,35,6,6,600,600,2,30
2724.268,48,2,11,0,2,6,5,100,90.909,100,100,0,100,8,35,35,6,6,600,600,2,30
2725.268,48,2,11,0,2,6,5,100,90.909,100,100,0,100,8,35,35,6,6,600,600,2,30
2726.268,48,2,11,0,2,6,5,100,90.909,100,100,0,100,8,35,35,6,6,600,600,2,30
2727.267,48,2,11,0,2,6,5,100,90.909,100,100,0,100,8,35,35,6,6,600,600,2,30
2728.267,48,2,11,0,2,6,5,100,90.909,100,100,0,100,8,35,35,6,6,600,600,2,30
2729.267,48,2,11,0,2,6,5,100,90.909,100,100,0,100,8,35,35,6,6,600,600,2,30
2730.267,48,2,11,0,2,6,5,100,90.909,100,100,0,100,8,35,35,6,6,600,600,2,30
2731.266,48,2,11,0,2,6,5,100,90.909,100,100,0,100,8,35,35,6,6,600,600,2,30
2732.266,48,2,11,0,2,6,5,100,90.909,100,100,0,100,8,35,35,6,6,600,600,2,30
2733.266,48,2,11,0,2,6,5,100,90.909,100,100,0,100,8,35,35,6,6,600,600,2,30
2734.266,48,2,11,0,2,6,5,100,90.909,100,100,0,100,8,35,35,6,6,600,600,2,30
2735.265,48,2,11,0,2,6,5,100,90.909,100,100,0,100,8,35,35,6,6,600,600,2,30
2736.265,48,2,11,0,2,6,5,100,90.909,100,100,0,100,8,35,35,6,6,600,600,2,30
2737.265,48,2,11,0,2,6,5,100,90.909,100,100,0,100,8,35,35,6,6,600,600,2,30
2738.265,48,2,11,0,2,6,5,100,90.909,100,100,0,100,8,35,35,6,6,600,600,2,30
2739.264,48,2,11,0,2,6,5,100,90.909,100,100,0,100,8,35,35,6,6,600,600,2,30
2740.264,48,2,11,0,2,6,5,100,90.909,100,100,0,100,8,35,35,6,6,600,600,2,30
2741.264,48,2,11,0,2,6,5,100,90.909,100,100,0,100,8,35,35,6,6,600,600,2,30
2742.264,48,2,11,0,2,6,5,100,90.909,100,100,0,100,8,35,35,6,6,600,600,2,30
2743.263,48,2,11,0,2,6,5,100,90.909,100,100,0,100,8,35,35,6,6,600,600,2,30
2744.263,48,2,11,0,2,6,5,100,90.909,100,100,0,100,8,35,35,6,6,600,600,2,30
2745.263,48,2,11,0,2,6,5,100,90.909,100,100,0,100,8,35,35,6,6,600,600,2,30
2746.263,48,2,11,0,2,6,5,100,90.909,100,100,0,100,8,35,35,6,6,600,600,2,30
2747.262,48,2,11,0,2,6,5,100,90.909,100,100,0,100,8,35,35,6,6,600,600,2,30
2748.262,48,2,11,0,2,6,5,100,90.909,100,100,0,100,8,35,35,6,6,600,600,2,30
2749.262,48,2,11,0,2,6,5,100,90.909,100,100,0,100,8,35,35,6,6,600,600,2,30
2750.262,48,2,11,0,2,6,5,100,90.909,100,100,0,100,8,35,35,6,6,600,600,2,30
2751.261,48,2,11,0,2,6,5,100,90.909,100,100,0,100,8,35,35,6,6,600,600,2,30
2752.261,48,2,11,0,2,6,5,100,90.909,100,100,0,100,8,35,35,6,6,600,600,2,30
2753.261,48,2,11,0,2,6,5,100,90.909,100,100,0,100,8,35,35,6,6,600,600,2,30
2754.261,48,2,11,0,2,6,5,100,90.909,100,100,0,100,8,35,35,6,6,600,600,2,30
2755.26,48,2,11,0,2,6,5,100,90.909,100,100,0,100,8,35,35,6,6,600,600,2,30
2756.26,48,2,11,0,2,6,5,100,90.909,100,100,0,100,8,35,35,6,6,600,600,2,30
2757.26,48,2,11,0,2,6,5,100,90.909,100,100,0,100,8,35,35,6,6,600,600,2,30
2758.26,48,2,11,0,2,6,5,100,90.909,100,100,0,100,8,35,35,6,6,600,600,2,30
2759.26,48,2,11,0,2,6,5,100,90.909,100,100,0,100,8,35,35,6,6,600,600,2,30
2760.259,48,2,11,0,2,6,5,100,90.909,100,100,0,100,8,35,35,6,6,600,600,2,30
2761.259,48,2,11,0,2,6,5,100,90.909,100,100,0,100,8,35,35,6,6,600,600,2,30
2762.259,48,2,11,0,2,6,5,100,90.909,100,100,0,100,8,35,35,6,6,600,600,2,30
2763.259,48,2,11,0,2,6,5,100,90.909,100,100,0,100,8,35,35,6,6,600,600,2,30
2764.258,48,2,11,0,2,6,5,100,90.909,100,100,0,100,8,35,35,6,6,600,600,2,30
2765.258,48,2,11,0,2,6,5,100,90.909,100,100,0,100,8,35,35,6,6,600,600,2,30
2766.258,48,2,11,0,2,6,5,100,90.909,100,100,0,100,8,35,35,6,6,600,600,2,30
2767.258,48,2,11,0,2,6,5,100,90.909,100,100,0,100,8,35,35,6,6,600,600,2,30
2768.257,48,2,11,0,2,6,5,100,90.909,100,100,0,100,8,35,35,6,6,600,600,2,30
2769.257,48,2,11,0,2,6,5,100,90.909,100,100,0,100,8,35,35,6,6,600,600,2,30
2770.257,48,2,11,0,2,6,5,100,90.909,100,100,0,100,8,35,35,6,6,600,600,2,30
2771.257,48,2,11,0,2,6,5,100,90.909,100,100,0,100,8,35,35,6,6,600,600,2,30
2772.256,48,2,11,0,2,6,5,100,90.909,100,100,0,100,8,35,35,6,6,600,600,2,30
2773.256,48,2,11,0,2,6,5,100,90.909,100,100,0,100,8,35,35,6,6,600,600,2,30
2774.256,48,2,11,0,2,6,5,100,90.909,100,100,0,100,8,35,35,6,6,600,600,2,30
2775.256,48,2,11,0,2,6,5,100,90.909,100,100,0,100,8,35,35,6,6,600,600,2,30
2776.255,48,2,11,0,2,6,5,100,90.909,100,100,0,100,8,35,35,6,6,600,600,2,30
2777.255,48,2,11,0,2,6,5,100,90.909,100,100,0,100,8,35,35,6,6,600,600,2,30
2778.255,48,2,11,0,2,6,5,100,90.909,100,100,0,100,8,35,35,6,6,600,600,2,30
2779.255,48,2,11,0,2,6,5,100,90.909,100,100,0,100,8,35,35,6,6,600,600,2,30
2780.254,48,2,11,0,2,6,5,100,90.909,100,100,0,100,8,35,35,6,6,600,600,2,30
2781.254,48,2,11,0,2,6,5,100,90.909,100,100,0,100,8,35,35,6,6,600,600,2,30
2782.254,48,2,11,0,2,6,5,100,90.909,100,100,0,100,8,35,35,6,6,600,600,2,30
2783.254,48,2,11,0,2,6,5,100,90.909,100,100,0,100,8,35,35,6,6,600,600,2,30
2784.253,48,2,11,0,2,6,5,100,90.909,100,100,0,100,8,35,35,6,6,600,600,2,30
2785.253,48,2,11,0,2,6,5,100,90.909,100,100,0,100,8,35,35,6,6,600,600,2,30
2786.253,48,2,11,0,2,6,5,100,90.909,100,100,0,100,8,35,35,6,6,600,600,2,30
2787.253,48,2,11,0,2,6,5,100,90.909,100,100,0,100,8,35,35,6,6,600,600,2,30
2788.252,48,2,11,0,2,6,5,100,90.909,100,100,0,100,8,35,35,6,6,600,600,2,30
2789.252,48,2,11,0,2,6,5,100,90.909,100,100,0,100,8,35,35,6,6,600,600,2,30
2790.252,48,2,11,0,2,6,5,100,90.909,100,100,0,100,8,35,35,6,6,600,600,2,30
2791.252,48,2,11,0,2,6,5,100,90.909,100,100,0,100,8,35,35,6,6,600,600,2,30
2792.251,48,2,11,0,2,6,5,100,90.909,100,100,0,100,8,35,35,6,6,600,600,2,30
2793.251,48,2,11,0,2,6,5,100,90.909,100,100,0,100,8,35,35,6,6,600,600,2,30
2794.251,48,2,11,0,2,6,5,100,90.909,100,100,0,100,8,35,35,6,6,600,600,2,30
2795.251,48,2,11,0,2,6,5,100,90.909,100,100,0,100,8,35,35,6,6,600,600,2,30
2796.25,48,2,11,0,2,6,5,100,90.909,100,100,0,100,8,35,35,6,6,600,600,2,30
2797.25,48,2,11,0,2,6,5,100,90.909,100,100,0,100,8,35,35,6,6,600,600,2,30
2798.25,48,2,11,0,2,6,5,100,90.909,100,100,0,100,8,35,35,6,6,600,600,2,30
2799.25,48,2,11,0,2,6,5,100,90.909,100,100,0,100,8,35,35,6,6,600,600,2,30
2800.25,48,2,11,0,2,6,5,100,90.909,100,100,0,100,8,35,35,6,6,600,600,2,30
2801.249,48,2,11,0,2,6,5,100,90.909,100,100,0,100,8,35,35,6,6,600,600,2,30
2802.249,48,2,11,0,2,6,5,100,90.909,100,100,0,100,8,35,35,6,6,600,600,2,30
2803.249,48,2,11,0,2,6,5,100,90.909,100,100,0,100,8,35,35,6,6,600,600,2,30
2804.249,48,2,11,0,2,6,5,100,90.909,100,100,0,100,8,35,35,6,6,600,600,2,30
2805.248,48,2,11,0,2,6,5,100,90.909,100,100,0,100,8,35,35,6,6,600,600,2,30
2806.248,48,2,11,0,2,6,5,100,90.909,100,100,0,100,8,35,35,6,6,600,600,2,30
2807.248,48,2,11,0,2,6,5,100,90.909,100,100,0,100,8,35,35,6,6,600,600,2,30
2808.248,48,2,11,0,2,6,5,100,90.909,100,100,0,100,8,35,35,6,6,600,600,2,30
2809.247,48,2,11,0,2,6,5,100,90.909,100,100,0,100,8,35,35,6,6,600,600,2,30
2810.247,48,2,11,0,2,6,5,100,90.909,100,100,0,100,8,35,35,6,6,600,600,2,30
2811.247,48,2,11,0,2,6,5,100,90.909,100,100,0,100,8,35,35,6,6,600,600,2,30
2812.247,48,2,11,0,2,6,5,100,90.909,100,100,0,100,8,35,35,6,6,600,600,2,30
2813.246,48,2,11,0,2,6,5,100,90.909,100,100,0,100,8,35,35,6,6,600,600,2,30
2814.246,48,2,11,0,2,6,5,100,90.909,100,100,0,100,8,35,35,6,6,600,600,2,30
2815.246,48,2,11,0,2,6,5,100,90.909,100,100,0,100,8,35,35,6,6,600,600,2,30
2816.246,48,2,11,0,2,6,5,100,90.909,100,100,0,100,8,35,35,6,6,600,600,2,30
2817.245,48,2,11,0,2,6,5,100,90.909,100,100,0,100,8,35,35,6,6,600,600,2,30
2818.245,48,2,11,0,2,6,5,100,90.909,100,100,0,100,8,35,35,6,6,600,600,2,30
2819.245,48,2,11,0,2,6,5,100,90.909,100,100,0,100,8,35,35,6,6,600,600,2,30
2820.245,48,2,11,0,2,6,5,100,90.909,100,100,0,100,8,35,35,6,6,600,600,2,30
2821.244,48,2,11,0,2,6,5,100,90.909,100,100,0,100,8,35,35,6,6,600,600,2,30
2822.244,48,2,11,0,2,6,5,100,90.909,100,100,0,100,8,35,35,6,6,600,600,2,30
2823.244,48,2,11,0,2,6,5,100,90.909,100,100,0,100,8,35,35,6,6,600,600,2,30
2824.244,48,2,11,0,2,6,5,100,90.909,100,100,0,100,8,35,35,6,6,600,600,2,30
2825.243,48,2,11,0,2,6,5,100,90.909,100,100,0,100,8,35,35,6,6,600,600,2,30
2826.243,48,2,11,0,2,6,5,100,90.909,100,100,0,100,8,35,35,6,6,600,600,2,30
2827.243,48,2,11,0,2,6,5,100,90.909,100,100,0,100,8,35,35,6,6,600,600,2,30
2828.243,48,2,11,0,2,6,5,100,90.909,100,100,0,100,8,35,35,6,6,600,600,2,30
2829.242,48,2,11,0,2,6,5,100,90.909,100,100,0,100,8,35,35,6,6,600,600,2,30
2830.242,48,2,11,0,2,6,5,100,90.909,100,100,0,100,8,35,35,6,6,600,600,2,30
2831.242,48,2,11,0,2,6,5,100,90.909,100,100,0,100,8,35,35,6,6,600,600,2,30
2832.242,48,2,11,0,2,6,5,100,90.909,100,100,0,100,8,35,35,6,6,600,600,2,30
2833.241,48,2,11,0,2,6,5,100,90.909,100,100,0,100,8,35,35,6,6,600,600,2,30
2834.241,48,2,11,0,2,6,5,100,90.909,100,100,0,100,8,35,35,6,6,600,600,2,30
2835.241,48,2,11,0,2,6,5,100,90.909,100,100,0,100,8,35,35,6,6,600,600,2,30
2836.241,48,2,11,0,2,6,5,100,90.909,100,100,0,100,8,35,35,6,6,600,600,2,30
2837.24,48,2,11,0,2,6,5,100,90.909,100,100,0,100,8,35,35,6,6,600,600,2,30
2838.24,48,2,11,0,2,6,5,100,90.909,100,100,0,100,8,35,35,6,6,600,600,2,30
2839.24,48,2,11,0,2,6,5,100,90.909,100,100,0,100,8,35,35,6,6,600,600,2,30
2840.24,48,2,11,0,2,6,5,100,90.909,100,100,0,100,8,35,35,6,6,600,600,2,30
2841.24,48,2,11,0,2,6,5,100,90.909,100,100,0,100,8,35,35,6,6,600,600,2,30
2842.239,48,2,11,0,2,6,5,100,90.909,100,100,0,100,8,35,35,6,6,600,600,2,30
2843.239,48,2,11,0,2,6,5,100,90.909,100,100,0,100,8,35,35,6,6,600,600,2,30
2844.239,48,2,11,0,2,6,5,100,90.909,100,100,0,100,8,35,35,6,6,600,600,2,30
2845.239,48,2,11,0,2,6,5,100,90.909,100,100,0,100,8,35,35,6,6,600,600,2,30
2846.238,48,2,11,0,2,6,5,100,90.909,100,100,0,100,8,35,35,6,6,600,600,2,30
2847.238,48,2,11,0,2,6,5,100,90.909,100,100,0,100,8,35,35,6,6,600,600,2,30
2848.238,48,2,11,0,2,6,5,100,90.909,100,100,0,100,8,35,35,6,6,600,600,2,30
2849.238,48,2,11,0,2,6,5,100,90.909,100,100,0,100,8,35,35,6,6,600,600,2,30
2850.237,48,2,11,0,2,6,5,100,90.909,100,100,0,100,8,35,35,6,6,600,600,2,30
2851.237,48,2,11,0,2,6,5,100,90.909,100,100,0,100,8,35,35,6,6,600,600,2,30
2852.237,48,2,11,0,2,6,5,100,90.909,100,100,0,100,8,35,35,6,6,600,600,2,30
2853.237,48,2,11,0,2,6,5,100,90.909,100,100,0,100,8,35,35,6,6,600,600,2,30
2854.236,48,2,11,0,2,6,5,100,90.909,100,100,0,100,8,35,35,6,6,600,600,2,30
2855.236,48,2,11,0,2,6,5,100,90.909,100,100,0,100,8,35,35,6,6,600,600,2,30
2856.236,48,2,11,0,2,6,5,100,90.909,100,100,0,100,8,35,35,6,6,600,600,2,30
2857.236,48,2,11,0,2,6,5,100,90.909,100,100,0,100,8,35,35,6,6,600,600,2,30
2858.235,48,2,11,0,2,6,5,100,90.909,100,100,0,100,8,35,35,6,6,600,600,2,30
2859.235,48,2,11,0,2,6,5,100,90.909,100,100,0,100,8,35,35,6,6,600,600,2,30
2860.235,48,2,11,0,2,6,5,100,90.909,100,100,0,100,8,35,35,6,6,600,600,2,30
2861.235,48,2,11,0,2,6,5,100,90.909,100,100,0,100,8,35,35,6,6,600,600,2,30
2862.234,48,2,11,0,2,6,5,100,90.909,100,100,0,100,8,35,35,6,6,600,600,2,30
2863.234,48,2,11,0,2,6,5,100,90.909,100,100,0,100,8,35,35,6,6,600,600,2,30
2864.234,48,2,11,0,2,6,5,100,90.909,100,100,0,100,8,35,35,6,6,600,600,2,30
2865.234,48,2,11,0,2,6,5,100,90.909,100,100,0,100,8,35,35,6,6,600,600,2,30
2866.233,48,2,11,0,2,6,5,100,90.909,100,100,0,100,8,35,35,6,6,600,600,2,30
2867.233,48,2,11,0,2,6,5,100,90.909,100,100,0,100,8,35,35,6,6,600,600,2,30
2868.233,48,2,11,0,2,6,5,100,90.909,100,100,0,100,8,35,35,6,6,600,600,2,30
2869.233,48,2,11,0,2,6,5,100,90.909,100,100,0,100,8,35,35,6,6,600,600,2,30
2870.232,48,2,11,0,2,6,5,100,90.909,100,100,0,100,8,35,35,6,6,600,600,2,30
2871.232,48,2,11,0,2,6,5,100,90.909,100,100,0,100,8,35,35,6,6,600,600,2,30
2872.232,48,2,11,0,2,6,5,100,90.909,100,100,0,100,8,35,35,6,6,600,600,2,30
2873.232,48,2,11,0,2,6,5,100,90.909,100,100,0,100,8,35,35,6,6,600,600,2,30
2874.231,48,2,11,0,2,6,5,100,90.909,100,100,0,100,8,35,35,6,6,600,600,2,30
2875.231,48,2,11,0,2,6,5,100,90.909,100,100,0,100,8,35,35,6,6,600,600,2,30
2876.231,48,2,11,0,2,6,5,100,90.909,100,100,0,100,8,35,35,6,6,600,600,2,30
2877.231,48,2,11,0,2,6,5,100,90.909,100,100,0,100,8,35,35,6,6,600,600,2,30
2878.23,48,2,11,0,2,6,5,100,90.909,100,100,0,100,8,35,35,6,6,600,600,2,30
2879.23,48,2,11,0,2,6,5,100,90.909,100,100,0,100,8,35,35,6,6,600,600,2,30
2880.23,48,2,11,0,2,6,5,100,90.909,100,100,0,100,8,35,35,6,6,600,600,2,30
2881.23,48,2,11,0,2,6,5,100,90.909,100,100,0,100,8,35,35,6,6,600,600,2,30
2882.229,48,2,11,0,2,6,5,100,90.909,100,100,0,100,8,35,35,6,6,600,600,2,30
2883.229,48,2,11,0,2,6,5,100,90.909,100,100,0,100,8,35,35,6,6,600,600,2,30
2884.229,48,2,11,0,2,6,5,100,90.909,100,100,0,100,8,35,35,6,6,600,600,2,30
2885.229,48,2,11,0,2,6,5,100,90.909,100,100,0,100,8,35,35,6,6,600,600,2,30
2886.229,48,2,11,0,2,6,5,100,90.909,100,100,0,100,8,35,35,6,6,600,600,2,30
2887.228,48,2,11,0,2,6,5,100,90.909,100,100,0,100,8,35,35,6,6,600,600,2,30
2888.228,48,2,11,0,2,6,5,100,90.909,100,100,0,100,8,35,35,6,6,600,600,2,30
2889.228,48,2,11,0,2,6,5,100,90.909,100,100,0,100,8,35,35,6,6,600,600,2,30
2890.228,48,2,11,0,2,6,5,100,90.909,100,100,0,100,8,35,35,6,6,600,600,2,30
2891.227,48,2,11,0,2,6,5,100,90.909,100,100,0,100,8,35,35,6,6,600,600,2,30
2892.227,48,2,11,0,2,6,5,100,90.909,100,100,0,100,8,35,35,6,6,600,600,2,30
2893.227,48,2,11,0,2,6,5,100,90.909,100,100,0,100,8,35,35,6,6,600,600,2,30
2894.227,48,2,11,0,2,6,5,100,90.909,100,100,0,100,8,35,35,6,6,600,600,2,30
2895.226,48,2,11,0,2,6,5,100,90.909,100,100,0,100,8,35,35,6,6,600,600,2,30
2896.226,48,2,11,0,2,6,5,100,90.909,100,100,0,100,8,35,35,6,6,600,600,2,30
2897.226,48,2,11,0,2,6,5,100,90.909,100,100,0,100,8,35,35,6,6,600,600,2,30
2898.226,48,2,11,0,2,6,5,100,90.909,100,100,0,100,8,35,35,6,6,600,600,2,30
2899.225,48,2,11,0,2,6,5,100,90.909,100,100,0,100,8,35,35,6,6,600,600,2,30
2900.225,48,2,11,0,2,6,5,100,90.909,100,100,0,100,8,35,35,6,6,600,600,2,30
2901.225,48,2,11,0,2,6,5,100,90.909,100,100,0,100,8,35,35,6,6,600,600,2,30
2902.225,48,2,11,0,2,6,5,100,90.909,100,100,0,100,8,35,35,6,6,600,600,2,30
2903.224,48,2,11,0,2,6,5,100,90.909,100,100,0,100,8,35,35,6,6,600,600,2,30
2904.224,48,2,11,0,2,6,5,100,90.909,100,100,0,100,8,35,35,6,6,600,600,2,30
2905.224,48,2,11,0,2,6,5,100,90.909,100,100,0,100,8,35,35,6,6,600,600,2,30
2906.224,48,2,11,0,2,6,5,100,90.909,100,100,0,100,8,35,35,6,6,600,600,2,30
2907.223,48,2,11,0,2,6,5,100,90.909,100,100,0,100,8,35,35,6,6,600,600,2,30
2908.223,48,2,11,0,2,6,5,100,90.909,100,100,0,100,8,35,35,6,6,600,600,2,30
2909.223,48,2,11,0,2,6,5,100,90.909,100,100,0,100,8,35,35,6,6,600,600,2,30
2910.223,48,2,11,0,2,6,5,100,90.909,100,100,0,100,8,35,35,6,6,600,600,2,30
2911.222,48,2,11,0,2,6,5,100,90.909,100,100,0,100,8,35,35,6,6,600,600,2,30
2912.222,48,2,11,0,2,6,5,100,90.909,100,100,0,100,8,35,35,6,6,600,600,2,30
2913.222,48,2,11,0,2,6,5,100,90.909,100,100,0,100,8,35,35,6,6,600,600,2,30
2914.222,48,2,11,0,2,6,5,100,90.909,100,100,0,100,8,35,35,6,6,600,600,2,30
2915.221,48,2,11,0,2,6,5,100,90.909,100,100,0,100,8,35,35,6,6,600,600,2,30
2916.221,48,2,11,0,2,6,5,100,90.909,100,100,0,100,8,35,35,6,6,600,600,2,30
2917.221,48,2,11,0,2,6,5,100,90.909,100,100,0,100,8,35,35,6,6,600,600,2,30
2918.221,48,2,11,0,2,6,5,100,90.909,100,100,0,100,8,35,35,6,6,600,600,2,30
2919.22,48,2,11,0,2,6,5,100,90.909,100,100,0,100,8,35,35,6,6,600,600,2,30
